日期,ETF代號,ETF名稱,成分股代號,成分股名稱,權重,持有股數,收盤價,產業,來源
2026-06-20,00990A,主動元大AI新經濟,1068,N/AN/AN/AN/AN/AN/AN/AN/AN/AN/Aåºæºææ¸æ¼²è·å¹,21.21,0.0,0.0,未分類,https://www.moneydj.com/ETF/X/Basic/Basic0009.xdjhtm?etfid=00990A.TW
2026-06-20,00990A,主動元大AI新經濟,2808,-,14.43,1.16,0.0,未分類,https://www.moneydj.com/ETF/X/Basic/Basic0009.xdjhtm?etfid=00990A.TW
2026-06-20,00990A,主動元大AI新經濟,4053,-,12.62,11.44,0.0,未分類,https://www.moneydj.com/ETF/X/Basic/Basic0009.xdjhtm?etfid=00990A.TW
2026-06-20,00990A,主動元大AI新經濟,1097,N/AN/AN/AN/AN/AN/AN/Aåºæºææ¸æ¼²è·å¹,12.45,13.3,0.0,未分類,https://www.moneydj.com/ETF/X/Basic/Basic0009.xdjhtm?etfid=00990A.TW
2026-06-20,00990A,主動元大AI新經濟,0800,-,6.0,0.0,0.0,未分類,https://www.moneydj.com/ETF/X/Basic/Basic0009.xdjhtm?etfid=00990A.TW
2026-06-20,00990A,主動元大AI新經濟,2023,Q,2.0,0.0,0.0,鋼鐵工業,https://www.moneydj.com/ETF/X/Basic/Basic0009.xdjhtm?etfid=00990A.TW
2026-06-20,00990A,主動元大AI新經濟,1171,-,1.83,0.0,0.0,未分類,https://www.moneydj.com/ETF/X/Basic/Basic0009.xdjhtm?etfid=00990A.TW
2026-06-20,00990A,主動元大AI新經濟,1029,-,0.23,1.81,0.0,未分類,https://www.moneydj.com/ETF/X/Basic/Basic0009.xdjhtm?etfid=00990A.TW
2026-06-22,00400A,主動國泰動能高息,2454,è¯ç¼ç§,8.39,440000.0,0.0,半導體業,https://www.moneydj.com/ETF/X/Basic/Basic0007.xdjhtm?etfid=00400A.TW&topc=
2026-06-22,00400A,主動國泰動能高息,2330,å°ç©é»,8.26,770000.0,0.0,半導體業,https://www.moneydj.com/ETF/X/Basic/Basic0007.xdjhtm?etfid=00400A.TW&topc=
2026-06-22,00400A,主動國泰動能高息,2383,å°åé»,8.26,332000.0,0.0,電子零組件業,https://www.moneydj.com/ETF/X/Basic/Basic0007.xdjhtm?etfid=00400A.TW&topc=
2026-06-22,00400A,主動國泰動能高息,2308,å°éé»,4.22,459000.0,0.0,電子零組件業,https://www.moneydj.com/ETF/X/Basic/Basic0007.xdjhtm?etfid=00400A.TW&topc=
2026-06-22,00400A,主動國泰動能高息,2327,åå·¨*,4.09,898000.0,0.0,電子零組件業,https://www.moneydj.com/ETF/X/Basic/Basic0007.xdjhtm?etfid=00400A.TW&topc=
2026-06-22,00400A,主動國泰動能高息,6488,ç°çæ¶,4.06,853000.0,0.0,半導體業,https://www.moneydj.com/ETF/X/Basic/Basic0007.xdjhtm?etfid=00400A.TW&topc=
2026-06-22,00400A,主動國泰動能高息,2360,è´è,3.99,404000.0,0.0,其他電子業,https://www.moneydj.com/ETF/X/Basic/Basic0007.xdjhtm?etfid=00400A.TW&topc=
2026-06-22,00400A,主動國泰動能高息,3037,æ¬£è,3.65,850000.0,0.0,電子零組件業,https://www.moneydj.com/ETF/X/Basic/Basic0007.xdjhtm?etfid=00400A.TW&topc=
2026-06-22,00400A,主動國泰動能高息,6669,ç·¯ç©,2.9,140000.0,0.0,電腦及週邊設備業,https://www.moneydj.com/ETF/X/Basic/Basic0007.xdjhtm?etfid=00400A.TW&topc=
2026-06-22,00400A,主動國泰動能高息,2345,æºé¦,2.88,260000.0,0.0,通信網路業,https://www.moneydj.com/ETF/X/Basic/Basic0007.xdjhtm?etfid=00400A.TW&topc=
2026-06-22,00980A,主動野村臺灣優選,2330,å°ç©é»,9.58,704000.0,0.0,半導體業,https://www.moneydj.com/ETF/X/Basic/Basic0007.xdjhtm?etfid=00980A.TW&topc=
2026-06-22,00980A,主動野村臺灣優選,2308,å°éé»,5.54,475000.0,0.0,電子零組件業,https://www.moneydj.com/ETF/X/Basic/Basic0007.xdjhtm?etfid=00980A.TW&topc=
2026-06-22,00980A,主動野村臺灣優選,2454,è¯ç¼ç§,4.55,188000.0,0.0,半導體業,https://www.moneydj.com/ETF/X/Basic/Basic0007.xdjhtm?etfid=00980A.TW&topc=
2026-06-22,00980A,主動野村臺灣優選,2059,å·æ¹,4.5,110000.0,0.0,電子零組件業,https://www.moneydj.com/ETF/X/Basic/Basic0007.xdjhtm?etfid=00980A.TW&topc=
2026-06-22,00980A,主動野村臺灣優選,2383,å°åé»,4.23,134000.0,0.0,電子零組件業,https://www.moneydj.com/ETF/X/Basic/Basic0007.xdjhtm?etfid=00980A.TW&topc=
2026-06-22,00980A,主動野村臺灣優選,7769,é´»å,3.49,93000.0,0.0,半導體業,https://www.moneydj.com/ETF/X/Basic/Basic0007.xdjhtm?etfid=00980A.TW&topc=
2026-06-22,00980A,主動野村臺灣優選,3037,æ¬£è,3.06,562000.0,0.0,電子零組件業,https://www.moneydj.com/ETF/X/Basic/Basic0007.xdjhtm?etfid=00980A.TW&topc=
2026-06-22,00980A,主動野村臺灣優選,2368,éåé»,2.97,393000.0,0.0,電子零組件業,https://www.moneydj.com/ETF/X/Basic/Basic0007.xdjhtm?etfid=00980A.TW&topc=
2026-06-22,00980A,主動野村臺灣優選,6223,æºç½,2.93,84000.0,0.0,半導體業,https://www.moneydj.com/ETF/X/Basic/Basic0007.xdjhtm?etfid=00980A.TW&topc=
2026-06-22,00980A,主動野村臺灣優選,2345,æºé¦,2.73,194000.0,0.0,通信網路業,https://www.moneydj.com/ETF/X/Basic/Basic0007.xdjhtm?etfid=00980A.TW&topc=
2026-06-22,00982A,主動群益台灣強棒,2330,台積電,8.92,1967000.0,0.0,半導體業,https://www.capitalfund.com.tw/etf/product/detail/399/buyback
2026-06-22,00982A,主動群益台灣強棒,5536,聖暉*,8.68,3754000.0,0.0,其他電子業,https://www.capitalfund.com.tw/etf/product/detail/399/buyback
2026-06-22,00982A,主動群益台灣強棒,2454,聯發科,6.99,867000.0,0.0,半導體業,https://www.capitalfund.com.tw/etf/product/detail/399/buyback
2026-06-22,00982A,主動群益台灣強棒,6139,亞翔,4.3,2941000.0,0.0,其他電子業,https://www.capitalfund.com.tw/etf/product/detail/399/buyback
2026-06-22,00982A,主動群益台灣強棒,3105,穩懋,4.05,4143000.0,0.0,半導體業,https://www.capitalfund.com.tw/etf/product/detail/399/buyback
2026-06-22,00982A,主動群益台灣強棒,2345,智邦,3.77,804000.0,0.0,通信網路業,https://www.capitalfund.com.tw/etf/product/detail/399/buyback
2026-06-22,00982A,主動群益台灣強棒,6223,旺矽,3.56,307000.0,0.0,半導體業,https://www.capitalfund.com.tw/etf/product/detail/399/buyback
2026-06-22,00982A,主動群益台灣強棒,4958,臻鼎-KY,3.53,3147000.0,0.0,電子零組件業,https://www.capitalfund.com.tw/etf/product/detail/399/buyback
2026-06-22,00982A,主動群益台灣強棒,2383,台光電,3.47,330000.0,0.0,電子零組件業,https://www.capitalfund.com.tw/etf/product/detail/399/buyback
2026-06-22,00982A,主動群益台灣強棒,2360,致茂,3.43,823000.0,0.0,其他電子業,https://www.capitalfund.com.tw/etf/product/detail/399/buyback
2026-06-22,00985A,主動野村台灣50,2330,å°ç©é»,24.6,1096000.0,0.0,半導體業,https://www.moneydj.com/ETF/X/Basic/Basic0007.xdjhtm?etfid=00985A.TW&topc=
2026-06-22,00985A,主動野村台灣50,3131,å¼å¡,2.79,87000.0,0.0,其他電子業,https://www.moneydj.com/ETF/X/Basic/Basic0007.xdjhtm?etfid=00985A.TW&topc=
2026-06-22,00985A,主動野村台灣50,2059,å·æ¹,2.57,38000.0,0.0,電子零組件業,https://www.moneydj.com/ETF/X/Basic/Basic0007.xdjhtm?etfid=00985A.TW&topc=
2026-06-22,00985A,主動野村台灣50,3081,è¯äº,2.46,116000.0,0.0,通信網路業,https://www.moneydj.com/ETF/X/Basic/Basic0007.xdjhtm?etfid=00985A.TW&topc=
2026-06-22,00985A,主動野村台灣50,2360,è´è,2.44,118000.0,0.0,其他電子業,https://www.moneydj.com/ETF/X/Basic/Basic0007.xdjhtm?etfid=00985A.TW&topc=
2026-06-22,00985A,主動野村台灣50,3661,ä¸è¯-KY,2.44,63000.0,0.0,半導體業,https://www.moneydj.com/ETF/X/Basic/Basic0007.xdjhtm?etfid=00985A.TW&topc=
2026-06-22,00985A,主動野村台灣50,3653,å¥ç­,2.4,70000.0,0.0,電子零組件業,https://www.moneydj.com/ETF/X/Basic/Basic0007.xdjhtm?etfid=00985A.TW&topc=
2026-06-22,00985A,主動野村台灣50,4958,è»é¼-KY,2.38,428000.0,0.0,電子零組件業,https://www.moneydj.com/ETF/X/Basic/Basic0007.xdjhtm?etfid=00985A.TW&topc=
2026-06-22,00985A,主動野村台灣50,2412,ä¸­è¯é»,2.3,1778000.0,0.0,通信網路業,https://www.moneydj.com/ETF/X/Basic/Basic0007.xdjhtm?etfid=00985A.TW&topc=
2026-06-22,00985A,主動野村台灣50,6223,æºç½,2.3,40000.0,0.0,半導體業,https://www.moneydj.com/ETF/X/Basic/Basic0007.xdjhtm?etfid=00985A.TW&topc=
2026-06-22,00988A,主動統一全球創新,MUUS,MICRON TECHNOLOGY INC,6.12,110500.0,0.0,未分類,https://www.ezmoney.com.tw/ETF/Transaction/PCF?fundCode=61YTW
2026-06-22,00988A,主動統一全球創新,009150KS,Samsung Electro-Mechanics co(009150 ks),5.68,80000.0,0.0,未分類,https://www.ezmoney.com.tw/ETF/Transaction/PCF?fundCode=61YTW
2026-06-22,00988A,主動統一全球創新,285AJP,KIOXIA HOLDINGS CORP,5.35,168000.0,0.0,未分類,https://www.ezmoney.com.tw/ETF/Transaction/PCF?fundCode=61YTW
2026-06-22,00988A,主動統一全球創新,AMDUS,ADVANCED MICRO DEVICES.amd us(超微半導體公司),5.04,185000.0,0.0,未分類,https://www.ezmoney.com.tw/ETF/Transaction/PCF?fundCode=61YTW
2026-06-22,00988A,主動統一全球創新,SNDKUS,SANDISK CORP,4.06,39000.0,0.0,未分類,https://www.ezmoney.com.tw/ETF/Transaction/PCF?fundCode=61YTW
2026-06-22,00988A,主動統一全球創新,MRVLUS,MARVELL TECHNOLOGY INC,3.54,230000.0,0.0,未分類,https://www.ezmoney.com.tw/ETF/Transaction/PCF?fundCode=61YTW
2026-06-22,00988A,主動統一全球創新,6981JP,MURATA MANUFACTURING CO LTD,3.46,960000.0,0.0,未分類,https://www.ezmoney.com.tw/ETF/Transaction/PCF?fundCode=61YTW
2026-06-22,00988A,主動統一全球創新,2454,聯發科,3.08,410000.0,0.0,半導體業,https://www.ezmoney.com.tw/ETF/Transaction/PCF?fundCode=61YTW
2026-06-22,00988A,主動統一全球創新,2383,台光電,2.89,330000.0,0.0,電子零組件業,https://www.ezmoney.com.tw/ETF/Transaction/PCF?fundCode=61YTW
2026-06-22,00988A,主動統一全球創新,LITEUS,LUMENTUM HOLDINGS INC,2.86,62000.0,0.0,未分類,https://www.ezmoney.com.tw/ETF/Transaction/PCF?fundCode=61YTW
2026-06-22,00988A,主動統一全球創新,3037,欣興,2.74,1650000.0,0.0,電子零組件業,https://www.ezmoney.com.tw/ETF/Transaction/PCF?fundCode=61YTW
2026-06-22,00988A,主動統一全球創新,WDCUS,WESTERN DIGITAL CORP,2.72,72000.0,0.0,未分類,https://www.ezmoney.com.tw/ETF/Transaction/PCF?fundCode=61YTW
2026-06-22,00988A,主動統一全球創新,IFXGY,INFINEON TECHNOLOGIES AG,2.65,557550.0,0.0,未分類,https://www.ezmoney.com.tw/ETF/Transaction/PCF?fundCode=61YTW
2026-06-22,00988A,主動統一全球創新,6976JP,TAIYO YUDEN CO LTD,2.63,380000.0,0.0,未分類,https://www.ezmoney.com.tw/ETF/Transaction/PCF?fundCode=61YTW
2026-06-22,00988A,主動統一全球創新,BEUS,BLOOM ENERGY CORP- A,2.57,170000.0,0.0,未分類,https://www.ezmoney.com.tw/ETF/Transaction/PCF?fundCode=61YTW
2026-06-22,00988A,主動統一全球創新,6997JP,NIPPON CHEMI-CON CORP,2.21,1275100.0,0.0,未分類,https://www.ezmoney.com.tw/ETF/Transaction/PCF?fundCode=61YTW
2026-06-22,00988A,主動統一全球創新,4062JP,IBIDEN CO LTD,2.19,275000.0,0.0,未分類,https://www.ezmoney.com.tw/ETF/Transaction/PCF?fundCode=61YTW
2026-06-22,00988A,主動統一全球創新,6787JP,MEIKO ELECTRONICS CO LTD,2.07,175000.0,0.0,未分類,https://www.ezmoney.com.tw/ETF/Transaction/PCF?fundCode=61YTW
2026-06-22,00988A,主動統一全球創新,5706JP,Mitsui Mining ＆ Smelting Co,2.05,130000.0,0.0,未分類,https://www.ezmoney.com.tw/ETF/Transaction/PCF?fundCode=61YTW
2026-06-22,00988A,主動統一全球創新,VSHUS,VISHAY INTERTECHNOLOGY INC,1.86,580429.0,0.0,未分類,https://www.ezmoney.com.tw/ETF/Transaction/PCF?fundCode=61YTW
2026-06-22,00988A,主動統一全球創新,BESINA,BE SEMICONDUCTOR INDUSTRIES,1.72,90000.0,0.0,未分類,https://www.ezmoney.com.tw/ETF/Transaction/PCF?fundCode=61YTW
2026-06-22,00988A,主動統一全球創新,2330,台積電,1.6,400000.0,0.0,半導體業,https://www.ezmoney.com.tw/ETF/Transaction/PCF?fundCode=61YTW
2026-06-22,00988A,主動統一全球創新,NOKUS,NOKIA CORP-SPON ADR,1.54,2100000.0,0.0,未分類,https://www.ezmoney.com.tw/ETF/Transaction/PCF?fundCode=61YTW
2026-06-22,00988A,主動統一全球創新,ARMUS,ARM HOLDINGS PLC,1.46,65518.0,0.0,未分類,https://www.ezmoney.com.tw/ETF/Transaction/PCF?fundCode=61YTW
2026-06-22,00988A,主動統一全球創新,STMUS,STMICROELECTRONICS NV-NY SHS,1.46,375000.0,0.0,未分類,https://www.ezmoney.com.tw/ETF/Transaction/PCF?fundCode=61YTW
2026-06-22,00988A,主動統一全球創新,5274,信驊,1.43,46000.0,0.0,半導體業,https://www.ezmoney.com.tw/ETF/Transaction/PCF?fundCode=61YTW
2026-06-22,00988A,主動統一全球創新,AIXAGY,AIXTRON SE,1.41,380000.0,0.0,未分類,https://www.ezmoney.com.tw/ETF/Transaction/PCF?fundCode=61YTW
2026-06-22,00988A,主動統一全球創新,6515,穎崴,1.4,88000.0,0.0,半導體業,https://www.ezmoney.com.tw/ETF/Transaction/PCF?fundCode=61YTW
2026-06-22,00988A,主動統一全球創新,CRDOUS,CREDO TECHNOLOGY GROUP HOLDI,1.28,97000.0,0.0,未分類,https://www.ezmoney.com.tw/ETF/Transaction/PCF?fundCode=61YTW
2026-06-22,00988A,主動統一全球創新,2308,台達電,1.27,350000.0,0.0,電子零組件業,https://www.ezmoney.com.tw/ETF/Transaction/PCF?fundCode=61YTW
2026-06-22,00988A,主動統一全球創新,6920JP,LASERTEC CORP,1.27,72500.0,0.0,未分類,https://www.ezmoney.com.tw/ETF/Transaction/PCF?fundCode=61YTW
2026-06-22,00988A,主動統一全球創新,6223,旺矽,1.24,115000.0,0.0,半導體業,https://www.ezmoney.com.tw/ETF/Transaction/PCF?fundCode=61YTW
2026-06-22,00988A,主動統一全球創新,3436JP,SUMCO CORP,1.2,875400.0,0.0,未分類,https://www.ezmoney.com.tw/ETF/Transaction/PCF?fundCode=61YTW
2026-06-22,00988A,主動統一全球創新,603256CH,GRACE FABRIC TECHNOLOGY CO-A,1.18,580000.0,0.0,未分類,https://www.ezmoney.com.tw/ETF/Transaction/PCF?fundCode=61YTW
2026-06-22,00988A,主動統一全球創新,7826JP,FURUYA METAL CO LTD,1.14,374300.0,0.0,未分類,https://www.ezmoney.com.tw/ETF/Transaction/PCF?fundCode=61YTW
2026-06-22,00988A,主動統一全球創新,8035JP,TOKYO ELECTRON LTD,1.11,46000.0,0.0,未分類,https://www.ezmoney.com.tw/ETF/Transaction/PCF?fundCode=61YTW
2026-06-22,00988A,主動統一全球創新,COHRUS,COHERENT INC,1.11,55000.0,0.0,未分類,https://www.ezmoney.com.tw/ETF/Transaction/PCF?fundCode=61YTW
2026-06-22,00988A,主動統一全球創新,3711,日月光投控,1.1,1100000.0,0.0,半導體業,https://www.ezmoney.com.tw/ETF/Transaction/PCF?fundCode=61YTW
2026-06-22,00988A,主動統一全球創新,CRWDUS,CROWDSTRIKE HOLDINGS INC - A,1.02,28000.0,0.0,未分類,https://www.ezmoney.com.tw/ETF/Transaction/PCF?fundCode=61YTW
2026-06-22,00988A,主動統一全球創新,2303,聯電,0.94,4000000.0,0.0,半導體業,https://www.ezmoney.com.tw/ETF/Transaction/PCF?fundCode=61YTW
2026-06-22,00988A,主動統一全球創新,3017,奇鋐,0.86,215000.0,0.0,電腦及週邊設備業,https://www.ezmoney.com.tw/ETF/Transaction/PCF?fundCode=61YTW
2026-06-22,00988A,主動統一全球創新,NVDAUS,NVIDIA CORP(輝達公司),0.82,75000.0,0.0,未分類,https://www.ezmoney.com.tw/ETF/Transaction/PCF?fundCode=61YTW
2026-06-22,00988A,主動統一全球創新,6278JP,UNION TOOL CO,0.78,90000.0,0.0,未分類,https://www.ezmoney.com.tw/ETF/Transaction/PCF?fundCode=61YTW
2026-06-22,00988A,主動統一全球創新,2360,致茂,0.75,200000.0,0.0,其他電子業,https://www.ezmoney.com.tw/ETF/Transaction/PCF?fundCode=61YTW
2026-06-22,00988A,主動統一全球創新,DDOGUS,DATADOG INC - CLASS A,0.72,60000.0,0.0,未分類,https://www.ezmoney.com.tw/ETF/Transaction/PCF?fundCode=61YTW
2026-06-22,00988A,主動統一全球創新,SOIFP,S.O.I.T.E.C.,0.69,90000.0,0.0,未分類,https://www.ezmoney.com.tw/ETF/Transaction/PCF?fundCode=61YTW
2026-06-22,00988A,主動統一全球創新,AXTIUS,AXT INC,0.68,140000.0,0.0,未分類,https://www.ezmoney.com.tw/ETF/Transaction/PCF?fundCode=61YTW
2026-06-22,00988A,主動統一全球創新,6274,台燿,0.65,230000.0,0.0,電子零組件業,https://www.ezmoney.com.tw/ETF/Transaction/PCF?fundCode=61YTW
2026-06-22,00988A,主動統一全球創新,7769,鴻勁,0.44,36000.0,0.0,半導體業,https://www.ezmoney.com.tw/ETF/Transaction/PCF?fundCode=61YTW
2026-06-22,00992A,主動群益科技創新,2330,台積電,7.4,1406000.0,0.0,半導體業,https://www.capitalfund.com.tw/etf/product/detail/500/buyback
2026-06-22,00992A,主動群益科技創新,2383,台光電,6.88,563000.0,0.0,電子零組件業,https://www.capitalfund.com.tw/etf/product/detail/500/buyback
2026-06-22,00992A,主動群益科技創新,2345,智邦,5.32,977000.0,0.0,通信網路業,https://www.capitalfund.com.tw/etf/product/detail/500/buyback
2026-06-22,00992A,主動群益科技創新,8996,高力,5.32,1630000.0,0.0,電機機械,https://www.capitalfund.com.tw/etf/product/detail/500/buyback
2026-06-22,00992A,主動群益科技創新,3017,奇鋐,5.12,1009000.0,0.0,電腦及週邊設備業,https://www.capitalfund.com.tw/etf/product/detail/500/buyback
2026-06-22,00992A,主動群益科技創新,2059,川湖,4.64,293000.0,0.0,電子零組件業,https://www.capitalfund.com.tw/etf/product/detail/500/buyback
2026-06-22,00992A,主動群益科技創新,3037,欣興,4.42,2097000.0,0.0,電子零組件業,https://www.capitalfund.com.tw/etf/product/detail/500/buyback
2026-06-22,00992A,主動群益科技創新,6223,旺矽,4.39,326000.0,0.0,半導體業,https://www.capitalfund.com.tw/etf/product/detail/500/buyback
2026-06-22,00992A,主動群益科技創新,3008,大立光,4.13,380000.0,0.0,光電業,https://www.capitalfund.com.tw/etf/product/detail/500/buyback
2026-06-22,00992A,主動群益科技創新,3665,貿聯-KY,3.99,955000.0,0.0,其他電子業,https://www.capitalfund.com.tw/etf/product/detail/500/buyback
2026-06-22,00993A,主動安聯台灣,2330,å°ç©é»,9.42,445000.0,0.0,半導體業,https://www.moneydj.com/ETF/X/Basic/Basic0007.xdjhtm?etfid=00993A.TW&topc=
2026-06-22,00993A,主動安聯台灣,2454,è¯ç¼ç§,7.17,190000.0,0.0,半導體業,https://www.moneydj.com/ETF/X/Basic/Basic0007.xdjhtm?etfid=00993A.TW&topc=
2026-06-22,00993A,主動安聯台灣,6223,æºç½,6.03,111000.0,0.0,半導體業,https://www.moneydj.com/ETF/X/Basic/Basic0007.xdjhtm?etfid=00993A.TW&topc=
2026-06-22,00993A,主動安聯台灣,2383,å°åé»,5.66,115000.0,0.0,電子零組件業,https://www.moneydj.com/ETF/X/Basic/Basic0007.xdjhtm?etfid=00993A.TW&topc=
2026-06-22,00993A,主動安聯台灣,6274,å°ç¿,5.17,322000.0,0.0,電子零組件業,https://www.moneydj.com/ETF/X/Basic/Basic0007.xdjhtm?etfid=00993A.TW&topc=
2026-06-22,00993A,主動安聯台灣,2327,åå·¨*,5.1,567000.0,0.0,電子零組件業,https://www.moneydj.com/ETF/X/Basic/Basic0007.xdjhtm?etfid=00993A.TW&topc=
2026-06-22,00993A,主動安聯台灣,2344,è¯é¦é»,4.51,2402000.0,0.0,半導體業,https://www.moneydj.com/ETF/X/Basic/Basic0007.xdjhtm?etfid=00993A.TW&topc=
2026-06-22,00993A,主動安聯台灣,2308,å°éé»,4.2,231000.0,0.0,電子零組件業,https://www.moneydj.com/ETF/X/Basic/Basic0007.xdjhtm?etfid=00993A.TW&topc=
2026-06-22,00993A,主動安聯台灣,6515,ç©å´´,3.6,45000.0,0.0,半導體業,https://www.moneydj.com/ETF/X/Basic/Basic0007.xdjhtm?etfid=00993A.TW&topc=
2026-06-22,00993A,主動安聯台灣,5274,ä¿¡é©,3.42,21000.0,0.0,半導體業,https://www.moneydj.com/ETF/X/Basic/Basic0007.xdjhtm?etfid=00993A.TW&topc=
2026-06-22,00999A,主動野村臺灣高息,2330,å°ç©é»,7.91,484000.0,0.0,半導體業,https://www.moneydj.com/ETF/X/Basic/Basic0007.xdjhtm?etfid=00999A.TW&topc=
2026-06-22,00999A,主動野村臺灣高息,2308,å°éé»,4.09,292000.0,0.0,電子零組件業,https://www.moneydj.com/ETF/X/Basic/Basic0007.xdjhtm?etfid=00999A.TW&topc=
2026-06-22,00999A,主動野村臺灣高息,2383,å°åé»,3.75,99000.0,0.0,電子零組件業,https://www.moneydj.com/ETF/X/Basic/Basic0007.xdjhtm?etfid=00999A.TW&topc=
2026-06-22,00999A,主動野村臺灣高息,2357,è¯ç¢©,3.03,590000.0,0.0,電腦及週邊設備業,https://www.moneydj.com/ETF/X/Basic/Basic0007.xdjhtm?etfid=00999A.TW&topc=
2026-06-22,00999A,主動野村臺灣高息,7769,é´»å,2.61,58000.0,0.0,半導體業,https://www.moneydj.com/ETF/X/Basic/Basic0007.xdjhtm?etfid=00999A.TW&topc=
2026-06-22,00999A,主動野村臺灣高息,2408,åäºç§,2.59,789000.0,0.0,半導體業,https://www.moneydj.com/ETF/X/Basic/Basic0007.xdjhtm?etfid=00999A.TW&topc=
2026-06-22,00999A,主動野村臺灣高息,2368,éåé»,2.54,280000.0,0.0,電子零組件業,https://www.moneydj.com/ETF/X/Basic/Basic0007.xdjhtm?etfid=00999A.TW&topc=
2026-06-22,00999A,主動野村臺灣高息,2618,é·æ¦®èª,2.17,8019000.0,0.0,航運業,https://www.moneydj.com/ETF/X/Basic/Basic0007.xdjhtm?etfid=00999A.TW&topc=
2026-06-22,00999A,主動野村臺灣高息,3653,å¥ç­,2.13,85000.0,0.0,電子零組件業,https://www.moneydj.com/ETF/X/Basic/Basic0007.xdjhtm?etfid=00999A.TW&topc=
2026-06-22,00999A,主動野村臺灣高息,2059,å·æ¹,2.11,43000.0,0.0,電子零組件業,https://www.moneydj.com/ETF/X/Basic/Basic0007.xdjhtm?etfid=00999A.TW&topc=
2026-06-23,00400A,主動國泰動能高息,2454,è¯ç¼ç§,8.49,440000.0,0.0,半導體業,https://www.moneydj.com/ETF/X/Basic/Basic0007.xdjhtm?etfid=00400A.TW&topc=
2026-06-23,00400A,主動國泰動能高息,2330,å°ç©é»,8.15,770000.0,0.0,半導體業,https://www.moneydj.com/ETF/X/Basic/Basic0007.xdjhtm?etfid=00400A.TW&topc=
2026-06-23,00400A,主動國泰動能高息,2383,å°åé»,8.05,332000.0,0.0,電子零組件業,https://www.moneydj.com/ETF/X/Basic/Basic0007.xdjhtm?etfid=00400A.TW&topc=
2026-06-23,00400A,主動國泰動能高息,2308,å°éé»,4.06,459000.0,0.0,電子零組件業,https://www.moneydj.com/ETF/X/Basic/Basic0007.xdjhtm?etfid=00400A.TW&topc=
2026-06-23,00400A,主動國泰動能高息,2327,åå·¨*,3.9,898000.0,0.0,電子零組件業,https://www.moneydj.com/ETF/X/Basic/Basic0007.xdjhtm?etfid=00400A.TW&topc=
2026-06-23,00400A,主動國泰動能高息,2360,è´è,3.89,404000.0,0.0,其他電子業,https://www.moneydj.com/ETF/X/Basic/Basic0007.xdjhtm?etfid=00400A.TW&topc=
2026-06-23,00400A,主動國泰動能高息,6488,ç°çæ¶,3.66,853000.0,0.0,半導體業,https://www.moneydj.com/ETF/X/Basic/Basic0007.xdjhtm?etfid=00400A.TW&topc=
2026-06-23,00400A,主動國泰動能高息,3037,æ¬£è,3.52,850000.0,0.0,電子零組件業,https://www.moneydj.com/ETF/X/Basic/Basic0007.xdjhtm?etfid=00400A.TW&topc=
2026-06-23,00400A,主動國泰動能高息,6223,æºç½,2.93,103000.0,0.0,半導體業,https://www.moneydj.com/ETF/X/Basic/Basic0007.xdjhtm?etfid=00400A.TW&topc=
2026-06-23,00400A,主動國泰動能高息,6669,ç·¯ç©,2.78,140000.0,0.0,電腦及週邊設備業,https://www.moneydj.com/ETF/X/Basic/Basic0007.xdjhtm?etfid=00400A.TW&topc=
2026-06-23,00980A,主動野村臺灣優選,2330,å°ç©é»,9.79,704000.0,0.0,半導體業,https://www.moneydj.com/ETF/X/Basic/Basic0007.xdjhtm?etfid=00980A.TW&topc=
2026-06-23,00980A,主動野村臺灣優選,2308,å°éé»,5.52,475000.0,0.0,電子零組件業,https://www.moneydj.com/ETF/X/Basic/Basic0007.xdjhtm?etfid=00980A.TW&topc=
2026-06-23,00980A,主動野村臺灣優選,2454,è¯ç¼ç§,4.76,188000.0,0.0,半導體業,https://www.moneydj.com/ETF/X/Basic/Basic0007.xdjhtm?etfid=00980A.TW&topc=
2026-06-23,00980A,主動野村臺灣優選,2059,å·æ¹,4.59,110000.0,0.0,電子零組件業,https://www.moneydj.com/ETF/X/Basic/Basic0007.xdjhtm?etfid=00980A.TW&topc=
2026-06-23,00980A,主動野村臺灣優選,2383,å°åé»,4.27,134000.0,0.0,電子零組件業,https://www.moneydj.com/ETF/X/Basic/Basic0007.xdjhtm?etfid=00980A.TW&topc=
2026-06-23,00980A,主動野村臺灣優選,7769,é´»å,3.54,93000.0,0.0,半導體業,https://www.moneydj.com/ETF/X/Basic/Basic0007.xdjhtm?etfid=00980A.TW&topc=
2026-06-23,00980A,主動野村臺灣優選,6223,æºç½,3.13,84000.0,0.0,半導體業,https://www.moneydj.com/ETF/X/Basic/Basic0007.xdjhtm?etfid=00980A.TW&topc=
2026-06-23,00980A,主動野村臺灣優選,3037,æ¬£è,3.06,562000.0,0.0,電子零組件業,https://www.moneydj.com/ETF/X/Basic/Basic0007.xdjhtm?etfid=00980A.TW&topc=
2026-06-23,00980A,主動野村臺灣優選,2368,éåé»,2.78,393000.0,0.0,電子零組件業,https://www.moneydj.com/ETF/X/Basic/Basic0007.xdjhtm?etfid=00980A.TW&topc=
2026-06-23,00980A,主動野村臺灣優選,2345,æºé¦,2.64,194000.0,0.0,通信網路業,https://www.moneydj.com/ETF/X/Basic/Basic0007.xdjhtm?etfid=00980A.TW&topc=
2026-06-23,00985A,主動野村台灣50,2330,å°ç©é»,24.85,1096000.0,0.0,半導體業,https://www.moneydj.com/ETF/X/Basic/Basic0007.xdjhtm?etfid=00985A.TW&topc=
2026-06-23,00985A,主動野村台灣50,3131,å¼å¡,2.77,87000.0,0.0,其他電子業,https://www.moneydj.com/ETF/X/Basic/Basic0007.xdjhtm?etfid=00985A.TW&topc=
2026-06-23,00985A,主動野村台灣50,2059,å·æ¹,2.59,38000.0,0.0,電子零組件業,https://www.moneydj.com/ETF/X/Basic/Basic0007.xdjhtm?etfid=00985A.TW&topc=
2026-06-23,00985A,主動野村台灣50,3661,ä¸è¯-KY,2.51,63000.0,0.0,半導體業,https://www.moneydj.com/ETF/X/Basic/Basic0007.xdjhtm?etfid=00985A.TW&topc=
2026-06-23,00985A,主動野村台灣50,3653,å¥ç­,2.45,70000.0,0.0,電子零組件業,https://www.moneydj.com/ETF/X/Basic/Basic0007.xdjhtm?etfid=00985A.TW&topc=
2026-06-23,00985A,主動野村台灣50,2360,è´è,2.43,118000.0,0.0,其他電子業,https://www.moneydj.com/ETF/X/Basic/Basic0007.xdjhtm?etfid=00985A.TW&topc=
2026-06-23,00985A,主動野村台灣50,6223,æºç½,2.43,40000.0,0.0,半導體業,https://www.moneydj.com/ETF/X/Basic/Basic0007.xdjhtm?etfid=00985A.TW&topc=
2026-06-23,00985A,主動野村台灣50,3081,è¯äº,2.41,116000.0,0.0,通信網路業,https://www.moneydj.com/ETF/X/Basic/Basic0007.xdjhtm?etfid=00985A.TW&topc=
2026-06-23,00985A,主動野村台灣50,2412,ä¸­è¯é»,2.33,1778000.0,0.0,通信網路業,https://www.moneydj.com/ETF/X/Basic/Basic0007.xdjhtm?etfid=00985A.TW&topc=
2026-06-23,00985A,主動野村台灣50,4958,è»é¼-KY,2.29,428000.0,0.0,電子零組件業,https://www.moneydj.com/ETF/X/Basic/Basic0007.xdjhtm?etfid=00985A.TW&topc=
2026-06-23,00991A,主動復華未來50,BMPSIM,義大利西恩那銀行股份公司,4.853,430000.0,0.0,未分類,https://www.fhtrust.com.tw/ETF/etf_detail/ETF24#nav
2026-06-23,00991A,主動復華未來50,TPEIRGA,Piraeus Bank SA,4.542,470000.0,0.0,未分類,https://www.fhtrust.com.tw/ETF/etf_detail/ETF24#nav
2026-06-23,00991A,主動復華未來50,UNIIM,Unipol保險股份公司,4.273,170000.0,0.0,未分類,https://www.fhtrust.com.tw/ETF/etf_detail/ETF24#nav
2026-06-23,00991A,主動復華未來50,ABNNA,荷蘭銀行公眾有限公司,4.207,109800.0,0.0,未分類,https://www.fhtrust.com.tw/ETF/etf_detail/ETF24#nav
2026-06-23,00991A,主動復華未來50,AGNNA,荷蘭保險公司,3.847,500000.0,0.0,未分類,https://www.fhtrust.com.tw/ETF/etf_detail/ETF24#nav
2026-06-23,00991A,主動復華未來50,CUS,花旗集團公司,3.828,30000.0,0.0,未分類,https://www.fhtrust.com.tw/ETF/etf_detail/ETF24#nav
2026-06-23,00991A,主動復華未來50,HSBALN,匯豐控股有限公司,3.766,220000.0,0.0,未分類,https://www.fhtrust.com.tw/ETF/etf_detail/ETF24#nav
2026-06-23,00991A,主動復華未來50,MSUS,摩根士丹利,3.594,18000.0,0.0,未分類,https://www.fhtrust.com.tw/ETF/etf_detail/ETF24#nav
2026-06-23,00991A,主動復華未來50,AGSBB,Ageas,3.49,50000.0,0.0,未分類,https://www.fhtrust.com.tw/ETF/etf_detail/ETF24#nav
2026-06-23,00991A,主動復華未來50,AMUNFP,東方匯理資產管理有限責任公司,3.49,40000.0,0.0,未分類,https://www.fhtrust.com.tw/ETF/etf_detail/ETF24#nav
2026-06-23,00993A,主動安聯台灣,2330,å°ç©é»,9.61,447000.0,0.0,半導體業,https://www.moneydj.com/ETF/X/Basic/Basic0007.xdjhtm?etfid=00993A.TW&topc=
2026-06-23,00993A,主動安聯台灣,6223,æºç½,6.48,112000.0,0.0,半導體業,https://www.moneydj.com/ETF/X/Basic/Basic0007.xdjhtm?etfid=00993A.TW&topc=
2026-06-23,00993A,主動安聯台灣,2454,è¯ç¼ç§,6.4,163000.0,0.0,半導體業,https://www.moneydj.com/ETF/X/Basic/Basic0007.xdjhtm?etfid=00993A.TW&topc=
2026-06-23,00993A,主動安聯台灣,2383,å°åé»,5.67,115000.0,0.0,電子零組件業,https://www.moneydj.com/ETF/X/Basic/Basic0007.xdjhtm?etfid=00993A.TW&topc=
2026-06-23,00993A,主動安聯台灣,2327,åå·¨*,5.33,604000.0,0.0,電子零組件業,https://www.moneydj.com/ETF/X/Basic/Basic0007.xdjhtm?etfid=00993A.TW&topc=
2026-06-23,00993A,主動安聯台灣,6274,å°ç¿,4.78,318000.0,0.0,電子零組件業,https://www.moneydj.com/ETF/X/Basic/Basic0007.xdjhtm?etfid=00993A.TW&topc=
2026-06-23,00993A,主動安聯台灣,2344,è¯é¦é»,4.55,2484000.0,0.0,半導體業,https://www.moneydj.com/ETF/X/Basic/Basic0007.xdjhtm?etfid=00993A.TW&topc=
2026-06-23,00993A,主動安聯台灣,2308,å°éé»,3.85,214000.0,0.0,電子零組件業,https://www.moneydj.com/ETF/X/Basic/Basic0007.xdjhtm?etfid=00993A.TW&topc=
2026-06-23,00993A,主動安聯台灣,6515,ç©å´´,3.68,45000.0,0.0,半導體業,https://www.moneydj.com/ETF/X/Basic/Basic0007.xdjhtm?etfid=00993A.TW&topc=
2026-06-23,00993A,主動安聯台灣,5274,ä¿¡é©,3.36,21000.0,0.0,半導體業,https://www.moneydj.com/ETF/X/Basic/Basic0007.xdjhtm?etfid=00993A.TW&topc=
2026-06-23,00998A,主動復華金融股息,BMPSIM,義大利西恩那銀行股份公司,4.853,430000.0,0.0,未分類,https://www.fhtrust.com.tw/ETF/etf_detail/ETF24#nav
2026-06-23,00998A,主動復華金融股息,TPEIRGA,Piraeus Bank SA,4.542,470000.0,0.0,未分類,https://www.fhtrust.com.tw/ETF/etf_detail/ETF24#nav
2026-06-23,00998A,主動復華金融股息,UNIIM,Unipol保險股份公司,4.273,170000.0,0.0,未分類,https://www.fhtrust.com.tw/ETF/etf_detail/ETF24#nav
2026-06-23,00998A,主動復華金融股息,ABNNA,荷蘭銀行公眾有限公司,4.207,109800.0,0.0,未分類,https://www.fhtrust.com.tw/ETF/etf_detail/ETF24#nav
2026-06-23,00998A,主動復華金融股息,AGNNA,荷蘭保險公司,3.847,500000.0,0.0,未分類,https://www.fhtrust.com.tw/ETF/etf_detail/ETF24#nav
2026-06-23,00998A,主動復華金融股息,CUS,花旗集團公司,3.828,30000.0,0.0,未分類,https://www.fhtrust.com.tw/ETF/etf_detail/ETF24#nav
2026-06-23,00998A,主動復華金融股息,HSBALN,匯豐控股有限公司,3.766,220000.0,0.0,未分類,https://www.fhtrust.com.tw/ETF/etf_detail/ETF24#nav
2026-06-23,00998A,主動復華金融股息,MSUS,摩根士丹利,3.594,18000.0,0.0,未分類,https://www.fhtrust.com.tw/ETF/etf_detail/ETF24#nav
2026-06-23,00998A,主動復華金融股息,AGSBB,Ageas,3.49,50000.0,0.0,未分類,https://www.fhtrust.com.tw/ETF/etf_detail/ETF24#nav
2026-06-23,00998A,主動復華金融股息,AMUNFP,東方匯理資產管理有限責任公司,3.49,40000.0,0.0,未分類,https://www.fhtrust.com.tw/ETF/etf_detail/ETF24#nav
2026-06-23,00999A,主動野村臺灣高息,2330,å°ç©é»,8.06,484000.0,0.0,半導體業,https://www.moneydj.com/ETF/X/Basic/Basic0007.xdjhtm?etfid=00999A.TW&topc=
2026-06-23,00999A,主動野村臺灣高息,2308,å°éé»,4.06,292000.0,0.0,電子零組件業,https://www.moneydj.com/ETF/X/Basic/Basic0007.xdjhtm?etfid=00999A.TW&topc=
2026-06-23,00999A,主動野村臺灣高息,2383,å°åé»,3.77,99000.0,0.0,電子零組件業,https://www.moneydj.com/ETF/X/Basic/Basic0007.xdjhtm?etfid=00999A.TW&topc=
2026-06-23,00999A,主動野村臺灣高息,2357,è¯ç¢©,3.1,590000.0,0.0,電腦及週邊設備業,https://www.moneydj.com/ETF/X/Basic/Basic0007.xdjhtm?etfid=00999A.TW&topc=
2026-06-23,00999A,主動野村臺灣高息,7769,é´»å,2.64,58000.0,0.0,半導體業,https://www.moneydj.com/ETF/X/Basic/Basic0007.xdjhtm?etfid=00999A.TW&topc=
2026-06-23,00999A,主動野村臺灣高息,2408,åäºç§,2.4,789000.0,0.0,半導體業,https://www.moneydj.com/ETF/X/Basic/Basic0007.xdjhtm?etfid=00999A.TW&topc=
2026-06-23,00999A,主動野村臺灣高息,2368,éåé»,2.37,280000.0,0.0,電子零組件業,https://www.moneydj.com/ETF/X/Basic/Basic0007.xdjhtm?etfid=00999A.TW&topc=
2026-06-23,00999A,主動野村臺灣高息,2618,é·æ¦®èª,2.3,8019000.0,0.0,航運業,https://www.moneydj.com/ETF/X/Basic/Basic0007.xdjhtm?etfid=00999A.TW&topc=
2026-06-23,00999A,主動野村臺灣高息,3653,å¥ç­,2.18,85000.0,0.0,電子零組件業,https://www.moneydj.com/ETF/X/Basic/Basic0007.xdjhtm?etfid=00999A.TW&topc=
2026-06-23,00999A,主動野村臺灣高息,2059,å·æ¹,2.15,43000.0,0.0,電子零組件業,https://www.moneydj.com/ETF/X/Basic/Basic0007.xdjhtm?etfid=00999A.TW&topc=
2026-06-24,00400A,主動國泰動能高息,2454,è¯ç¼ç§,7.93,440000.0,0.0,半導體業,https://www.moneydj.com/ETF/X/Basic/Basic0007.xdjhtm?etfid=00400A.TW&topc=
2026-06-24,00400A,主動國泰動能高息,2383,å°åé»,7.77,332000.0,0.0,電子零組件業,https://www.moneydj.com/ETF/X/Basic/Basic0007.xdjhtm?etfid=00400A.TW&topc=
2026-06-24,00400A,主動國泰動能高息,2330,å°ç©é»,7.74,770000.0,0.0,半導體業,https://www.moneydj.com/ETF/X/Basic/Basic0007.xdjhtm?etfid=00400A.TW&topc=
2026-06-24,00400A,主動國泰動能高息,2327,åå·¨*,3.97,898000.0,0.0,電子零組件業,https://www.moneydj.com/ETF/X/Basic/Basic0007.xdjhtm?etfid=00400A.TW&topc=
2026-06-24,00400A,主動國泰動能高息,2308,å°éé»,3.86,459000.0,0.0,電子零組件業,https://www.moneydj.com/ETF/X/Basic/Basic0007.xdjhtm?etfid=00400A.TW&topc=
2026-06-24,00400A,主動國泰動能高息,2360,è´è,3.67,404000.0,0.0,其他電子業,https://www.moneydj.com/ETF/X/Basic/Basic0007.xdjhtm?etfid=00400A.TW&topc=
2026-06-24,00400A,主動國泰動能高息,6488,ç°çæ¶,3.46,853000.0,0.0,半導體業,https://www.moneydj.com/ETF/X/Basic/Basic0007.xdjhtm?etfid=00400A.TW&topc=
2026-06-24,00400A,主動國泰動能高息,3037,æ¬£è,3.33,850000.0,0.0,電子零組件業,https://www.moneydj.com/ETF/X/Basic/Basic0007.xdjhtm?etfid=00400A.TW&topc=
2026-06-24,00400A,主動國泰動能高息,6223,æºç½,3.11,103000.0,0.0,半導體業,https://www.moneydj.com/ETF/X/Basic/Basic0007.xdjhtm?etfid=00400A.TW&topc=
2026-06-24,00400A,主動國泰動能高息,3017,å¥é,2.83,266000.0,0.0,電腦及週邊設備業,https://www.moneydj.com/ETF/X/Basic/Basic0007.xdjhtm?etfid=00400A.TW&topc=
2026-06-24,00980A,主動野村臺灣優選,2330,å°ç©é»,9.53,704000.0,0.0,半導體業,https://www.moneydj.com/ETF/X/Basic/Basic0007.xdjhtm?etfid=00980A.TW&topc=
2026-06-24,00980A,主動野村臺灣優選,2308,å°éé»,5.38,475000.0,0.0,電子零組件業,https://www.moneydj.com/ETF/X/Basic/Basic0007.xdjhtm?etfid=00980A.TW&topc=
2026-06-24,00980A,主動野村臺灣優選,2059,å·æ¹,4.67,110000.0,0.0,電子零組件業,https://www.moneydj.com/ETF/X/Basic/Basic0007.xdjhtm?etfid=00980A.TW&topc=
2026-06-24,00980A,主動野村臺灣優選,2454,è¯ç¼ç§,4.56,188000.0,0.0,半導體業,https://www.moneydj.com/ETF/X/Basic/Basic0007.xdjhtm?etfid=00980A.TW&topc=
2026-06-24,00980A,主動野村臺灣優選,2383,å°åé»,4.22,134000.0,0.0,電子零組件業,https://www.moneydj.com/ETF/X/Basic/Basic0007.xdjhtm?etfid=00980A.TW&topc=
2026-06-24,00980A,主動野村臺灣優選,7769,é´»å,3.56,93000.0,0.0,半導體業,https://www.moneydj.com/ETF/X/Basic/Basic0007.xdjhtm?etfid=00980A.TW&topc=
2026-06-24,00980A,主動野村臺灣優選,6223,æºç½,3.41,84000.0,0.0,半導體業,https://www.moneydj.com/ETF/X/Basic/Basic0007.xdjhtm?etfid=00980A.TW&topc=
2026-06-24,00980A,主動野村臺灣優選,3037,æ¬£è,2.96,562000.0,0.0,電子零組件業,https://www.moneydj.com/ETF/X/Basic/Basic0007.xdjhtm?etfid=00980A.TW&topc=
2026-06-24,00980A,主動野村臺灣優選,2368,éåé»,2.79,393000.0,0.0,電子零組件業,https://www.moneydj.com/ETF/X/Basic/Basic0007.xdjhtm?etfid=00980A.TW&topc=
2026-06-24,00980A,主動野村臺灣優選,2345,æºé¦,2.61,194000.0,0.0,通信網路業,https://www.moneydj.com/ETF/X/Basic/Basic0007.xdjhtm?etfid=00980A.TW&topc=
2026-06-24,00982A,主動群益台灣強棒,5536,èæ*,9.11,3736000.0,0.0,其他電子業,https://www.moneydj.com/ETF/X/Basic/Basic0007.xdjhtm?etfid=00982A.TW&topc=
2026-06-24,00982A,主動群益台灣強棒,2330,å°ç©é»,8.81,1967000.0,0.0,半導體業,https://www.moneydj.com/ETF/X/Basic/Basic0007.xdjhtm?etfid=00982A.TW&topc=
2026-06-24,00982A,主動群益台灣強棒,2454,è¯ç¼ç§,6.93,862000.0,0.0,半導體業,https://www.moneydj.com/ETF/X/Basic/Basic0007.xdjhtm?etfid=00982A.TW&topc=
2026-06-24,00982A,主動群益台灣強棒,6139,äºç¿,4.51,2941000.0,0.0,其他電子業,https://www.moneydj.com/ETF/X/Basic/Basic0007.xdjhtm?etfid=00982A.TW&topc=
2026-06-24,00982A,主動群益台灣強棒,6223,æºç½,4.13,307000.0,0.0,半導體業,https://www.moneydj.com/ETF/X/Basic/Basic0007.xdjhtm?etfid=00982A.TW&topc=
2026-06-24,00982A,主動群益台灣強棒,3105,ç©©æ,3.71,4143000.0,0.0,半導體業,https://www.moneydj.com/ETF/X/Basic/Basic0007.xdjhtm?etfid=00982A.TW&topc=
2026-06-24,00982A,主動群益台灣強棒,2345,æºé¦,3.56,799000.0,0.0,通信網路業,https://www.moneydj.com/ETF/X/Basic/Basic0007.xdjhtm?etfid=00982A.TW&topc=
2026-06-24,00982A,主動群益台灣強棒,4958,è»é¼-KY,3.46,3147000.0,0.0,電子零組件業,https://www.moneydj.com/ETF/X/Basic/Basic0007.xdjhtm?etfid=00982A.TW&topc=
2026-06-24,00982A,主動群益台灣強棒,2383,å°åé»,3.42,328000.0,0.0,電子零組件業,https://www.moneydj.com/ETF/X/Basic/Basic0007.xdjhtm?etfid=00982A.TW&topc=
2026-06-24,00982A,主動群益台灣強棒,2360,è´è,3.33,823000.0,0.0,其他電子業,https://www.moneydj.com/ETF/X/Basic/Basic0007.xdjhtm?etfid=00982A.TW&topc=
2026-06-24,00985A,主動野村台灣50,2330,å°ç©é»,24.6,1096000.0,0.0,半導體業,https://www.moneydj.com/ETF/X/Basic/Basic0007.xdjhtm?etfid=00985A.TW&topc=
2026-06-24,00985A,主動野村台灣50,3131,å¼å¡,2.84,84000.0,0.0,其他電子業,https://www.moneydj.com/ETF/X/Basic/Basic0007.xdjhtm?etfid=00985A.TW&topc=
2026-06-24,00985A,主動野村台灣50,6223,æºç½,2.7,40000.0,0.0,半導體業,https://www.moneydj.com/ETF/X/Basic/Basic0007.xdjhtm?etfid=00985A.TW&topc=
2026-06-24,00985A,主動野村台灣50,2059,å·æ¹,2.61,37000.0,0.0,電子零組件業,https://www.moneydj.com/ETF/X/Basic/Basic0007.xdjhtm?etfid=00985A.TW&topc=
2026-06-24,00985A,主動野村台灣50,3661,ä¸è¯-KY,2.48,61000.0,0.0,半導體業,https://www.moneydj.com/ETF/X/Basic/Basic0007.xdjhtm?etfid=00985A.TW&topc=
2026-06-24,00985A,主動野村台灣50,2412,ä¸­è¯é»,2.4,1778000.0,0.0,通信網路業,https://www.moneydj.com/ETF/X/Basic/Basic0007.xdjhtm?etfid=00985A.TW&topc=
2026-06-24,00985A,主動野村台灣50,3653,å¥ç­,2.32,68000.0,0.0,電子零組件業,https://www.moneydj.com/ETF/X/Basic/Basic0007.xdjhtm?etfid=00985A.TW&topc=
2026-06-24,00985A,主動野村台灣50,2360,è´è,2.31,114000.0,0.0,其他電子業,https://www.moneydj.com/ETF/X/Basic/Basic0007.xdjhtm?etfid=00985A.TW&topc=
2026-06-24,00985A,主動野村台灣50,2376,æå,2.3,723000.0,0.0,電腦及週邊設備業,https://www.moneydj.com/ETF/X/Basic/Basic0007.xdjhtm?etfid=00985A.TW&topc=
2026-06-24,00985A,主動野村台灣50,4958,è»é¼-KY,2.28,413000.0,0.0,電子零組件業,https://www.moneydj.com/ETF/X/Basic/Basic0007.xdjhtm?etfid=00985A.TW&topc=
2026-06-24,00991A,主動復華未來50,BMPSIM,義大利西恩那銀行股份公司,4.722,430000.0,0.0,未分類,https://www.fhtrust.com.tw/ETF/etf_detail/ETF24#nav
2026-06-24,00991A,主動復華未來50,TPEIRGA,Piraeus Bank SA,4.499,470000.0,0.0,未分類,https://www.fhtrust.com.tw/ETF/etf_detail/ETF24#nav
2026-06-24,00991A,主動復華未來50,ABNNA,荷蘭銀行公眾有限公司,4.263,109800.0,0.0,未分類,https://www.fhtrust.com.tw/ETF/etf_detail/ETF24#nav
2026-06-24,00991A,主動復華未來50,UNIIM,Unipol保險股份公司,4.23,170000.0,0.0,未分類,https://www.fhtrust.com.tw/ETF/etf_detail/ETF24#nav
2026-06-24,00991A,主動復華未來50,CUS,花旗集團公司,3.859,30000.0,0.0,未分類,https://www.fhtrust.com.tw/ETF/etf_detail/ETF24#nav
2026-06-24,00991A,主動復華未來50,HSBALN,匯豐控股有限公司,3.721,220000.0,0.0,未分類,https://www.fhtrust.com.tw/ETF/etf_detail/ETF24#nav
2026-06-24,00991A,主動復華未來50,MSUS,摩根士丹利,3.61,18000.0,0.0,未分類,https://www.fhtrust.com.tw/ETF/etf_detail/ETF24#nav
2026-06-24,00991A,主動復華未來50,AMUNFP,東方匯理資產管理有限責任公司,3.414,40000.0,0.0,未分類,https://www.fhtrust.com.tw/ETF/etf_detail/ETF24#nav
2026-06-24,00991A,主動復華未來50,NLYUS,安納利資本管理公司,3.327,170000.0,0.0,未分類,https://www.fhtrust.com.tw/ETF/etf_detail/ETF24#nav
2026-06-24,00991A,主動復華未來50,ETEGA,希臘國家銀行,3.015,190000.0,0.0,未分類,https://www.fhtrust.com.tw/ETF/etf_detail/ETF24#nav
2026-06-24,00992A,主動群益科技創新,2330,å°ç©é»,7.43,1406000.0,0.0,半導體業,https://www.moneydj.com/ETF/X/Basic/Basic0007.xdjhtm?etfid=00992A.TW&topc=
2026-06-24,00992A,主動群益科技創新,2383,å°åé»,6.92,563000.0,0.0,電子零組件業,https://www.moneydj.com/ETF/X/Basic/Basic0007.xdjhtm?etfid=00992A.TW&topc=
2026-06-24,00992A,主動群益科技創新,3017,å¥é,5.65,1009000.0,0.0,電腦及週邊設備業,https://www.moneydj.com/ETF/X/Basic/Basic0007.xdjhtm?etfid=00992A.TW&topc=
2026-06-24,00992A,主動群益科技創新,8996,é«å,5.23,1630000.0,0.0,電機機械,https://www.moneydj.com/ETF/X/Basic/Basic0007.xdjhtm?etfid=00992A.TW&topc=
2026-06-24,00992A,主動群益科技創新,6223,æºç½,5.17,326000.0,0.0,半導體業,https://www.moneydj.com/ETF/X/Basic/Basic0007.xdjhtm?etfid=00992A.TW&topc=
2026-06-24,00992A,主動群益科技創新,2345,æºé¦,5.13,977000.0,0.0,通信網路業,https://www.moneydj.com/ETF/X/Basic/Basic0007.xdjhtm?etfid=00992A.TW&topc=
2026-06-24,00992A,主動群益科技創新,2059,å·æ¹,4.86,293000.0,0.0,電子零組件業,https://www.moneydj.com/ETF/X/Basic/Basic0007.xdjhtm?etfid=00992A.TW&topc=
2026-06-24,00992A,主動群益科技創新,3037,æ¬£è,4.32,2097000.0,0.0,電子零組件業,https://www.moneydj.com/ETF/X/Basic/Basic0007.xdjhtm?etfid=00992A.TW&topc=
2026-06-24,00992A,主動群益科技創新,3665,è²¿è¯-KY,4.24,955000.0,0.0,其他電子業,https://www.moneydj.com/ETF/X/Basic/Basic0007.xdjhtm?etfid=00992A.TW&topc=
2026-06-24,00992A,主動群益科技創新,3008,å¤§ç«å,4.12,380000.0,0.0,光電業,https://www.moneydj.com/ETF/X/Basic/Basic0007.xdjhtm?etfid=00992A.TW&topc=
2026-06-24,00993A,主動安聯台灣,2330,å°ç©é»,9.41,452000.0,0.0,半導體業,https://www.moneydj.com/ETF/X/Basic/Basic0007.xdjhtm?etfid=00993A.TW&topc=
2026-06-24,00993A,主動安聯台灣,6223,æºç½,7.19,115000.0,0.0,半導體業,https://www.moneydj.com/ETF/X/Basic/Basic0007.xdjhtm?etfid=00993A.TW&topc=
2026-06-24,00993A,主動安聯台灣,2327,åå·¨*,5.75,628000.0,0.0,電子零組件業,https://www.moneydj.com/ETF/X/Basic/Basic0007.xdjhtm?etfid=00993A.TW&topc=
2026-06-24,00993A,主動安聯台灣,2383,å°åé»,5.57,115000.0,0.0,電子零組件業,https://www.moneydj.com/ETF/X/Basic/Basic0007.xdjhtm?etfid=00993A.TW&topc=
2026-06-24,00993A,主動安聯台灣,2454,è¯ç¼ç§,5.04,135000.0,0.0,半導體業,https://www.moneydj.com/ETF/X/Basic/Basic0007.xdjhtm?etfid=00993A.TW&topc=
2026-06-24,00993A,主動安聯台灣,2344,è¯é¦é»,4.55,2548000.0,0.0,半導體業,https://www.moneydj.com/ETF/X/Basic/Basic0007.xdjhtm?etfid=00993A.TW&topc=
2026-06-24,00993A,主動安聯台灣,6274,å°ç¿,4.45,289000.0,0.0,電子零組件業,https://www.moneydj.com/ETF/X/Basic/Basic0007.xdjhtm?etfid=00993A.TW&topc=
2026-06-24,00993A,主動安聯台灣,6515,ç©å´´,3.73,45000.0,0.0,半導體業,https://www.moneydj.com/ETF/X/Basic/Basic0007.xdjhtm?etfid=00993A.TW&topc=
2026-06-24,00993A,主動安聯台灣,2303,è¯é»,3.61,2327000.0,0.0,半導體業,https://www.moneydj.com/ETF/X/Basic/Basic0007.xdjhtm?etfid=00993A.TW&topc=
2026-06-24,00993A,主動安聯台灣,5274,ä¿¡é©,3.51,22000.0,0.0,半導體業,https://www.moneydj.com/ETF/X/Basic/Basic0007.xdjhtm?etfid=00993A.TW&topc=
2026-06-24,00999A,主動野村臺灣高息,2330,å°ç©é»,7.92,484000.0,0.0,半導體業,https://www.moneydj.com/ETF/X/Basic/Basic0007.xdjhtm?etfid=00999A.TW&topc=
2026-06-24,00999A,主動野村臺灣高息,2308,å°éé»,4.0,292000.0,0.0,電子零組件業,https://www.moneydj.com/ETF/X/Basic/Basic0007.xdjhtm?etfid=00999A.TW&topc=
2026-06-24,00999A,主動野村臺灣高息,2383,å°åé»,3.77,99000.0,0.0,電子零組件業,https://www.moneydj.com/ETF/X/Basic/Basic0007.xdjhtm?etfid=00999A.TW&topc=
2026-06-24,00999A,主動野村臺灣高息,2357,è¯ç¢©,3.11,590000.0,0.0,電腦及週邊設備業,https://www.moneydj.com/ETF/X/Basic/Basic0007.xdjhtm?etfid=00999A.TW&topc=
2026-06-24,00999A,主動野村臺灣高息,7769,é´»å,2.68,58000.0,0.0,半導體業,https://www.moneydj.com/ETF/X/Basic/Basic0007.xdjhtm?etfid=00999A.TW&topc=
2026-06-24,00999A,主動野村臺灣高息,2618,é·æ¦®èª,2.41,8019000.0,0.0,航運業,https://www.moneydj.com/ETF/X/Basic/Basic0007.xdjhtm?etfid=00999A.TW&topc=
2026-06-24,00999A,主動野村臺灣高息,2368,éåé»,2.4,280000.0,0.0,電子零組件業,https://www.moneydj.com/ETF/X/Basic/Basic0007.xdjhtm?etfid=00999A.TW&topc=
2026-06-24,00999A,主動野村臺灣高息,2408,åäºç§,2.39,789000.0,0.0,半導體業,https://www.moneydj.com/ETF/X/Basic/Basic0007.xdjhtm?etfid=00999A.TW&topc=
2026-06-24,00999A,主動野村臺灣高息,2059,å·æ¹,2.21,43000.0,0.0,電子零組件業,https://www.moneydj.com/ETF/X/Basic/Basic0007.xdjhtm?etfid=00999A.TW&topc=
2026-06-24,00999A,主動野村臺灣高息,6515,ç©å´´,2.15,33000.0,0.0,半導體業,https://www.moneydj.com/ETF/X/Basic/Basic0007.xdjhtm?etfid=00999A.TW&topc=
2026-06-25,00400A,主動國泰動能高息,2454,è¯ç¼ç§,7.92,440000.0,0.0,半導體業,https://www.moneydj.com/ETF/X/Basic/Basic0007.xdjhtm?etfid=00400A.TW&topc=
2026-06-25,00400A,主動國泰動能高息,2383,å°åé»,7.82,332000.0,0.0,電子零組件業,https://www.moneydj.com/ETF/X/Basic/Basic0007.xdjhtm?etfid=00400A.TW&topc=
2026-06-25,00400A,主動國泰動能高息,2330,å°ç©é»,7.68,770000.0,0.0,半導體業,https://www.moneydj.com/ETF/X/Basic/Basic0007.xdjhtm?etfid=00400A.TW&topc=
2026-06-25,00400A,主動國泰動能高息,2327,åå·¨*,4.22,898000.0,0.0,電子零組件業,https://www.moneydj.com/ETF/X/Basic/Basic0007.xdjhtm?etfid=00400A.TW&topc=
2026-06-25,00400A,主動國泰動能高息,2308,å°éé»,3.79,459000.0,0.0,電子零組件業,https://www.moneydj.com/ETF/X/Basic/Basic0007.xdjhtm?etfid=00400A.TW&topc=
2026-06-25,00400A,主動國泰動能高息,6488,ç°çæ¶,3.7,853000.0,0.0,半導體業,https://www.moneydj.com/ETF/X/Basic/Basic0007.xdjhtm?etfid=00400A.TW&topc=
2026-06-25,00400A,主動國泰動能高息,2360,è´è,3.68,404000.0,0.0,其他電子業,https://www.moneydj.com/ETF/X/Basic/Basic0007.xdjhtm?etfid=00400A.TW&topc=
2026-06-25,00400A,主動國泰動能高息,3037,æ¬£è,3.62,850000.0,0.0,電子零組件業,https://www.moneydj.com/ETF/X/Basic/Basic0007.xdjhtm?etfid=00400A.TW&topc=
2026-06-25,00400A,主動國泰動能高息,6223,æºç½,2.97,103000.0,0.0,半導體業,https://www.moneydj.com/ETF/X/Basic/Basic0007.xdjhtm?etfid=00400A.TW&topc=
2026-06-25,00400A,主動國泰動能高息,3017,å¥é,2.78,266000.0,0.0,電腦及週邊設備業,https://www.moneydj.com/ETF/X/Basic/Basic0007.xdjhtm?etfid=00400A.TW&topc=
2026-06-25,00983A,主動中信ARK創新,TSLA,Tesla,9.01,12517.0,0.0,未分類,https://www.moneydj.com/ETF/X/Basic/Basic0007.xdjhtm?etfid=00983A.TW&topc=
2026-06-25,00983A,主動中信ARK創新,AMD,AMD,8.48,8280.0,0.0,未分類,https://www.moneydj.com/ETF/X/Basic/Basic0007.xdjhtm?etfid=00983A.TW&topc=
2026-06-25,00983A,主動中信ARK創新,HOOD,Robinhood Markets,5.77,32101.0,0.0,未分類,https://www.moneydj.com/ETF/X/Basic/Basic0007.xdjhtm?etfid=00983A.TW&topc=
2026-06-25,00983A,主動中信ARK創新,TWST,Twist Bioscience,4.9,26387.0,0.0,未分類,https://www.moneydj.com/ETF/X/Basic/Basic0007.xdjhtm?etfid=00983A.TW&topc=
2026-06-25,00983A,主動中信ARK創新,TXG,10x Genomics,4.9,71290.0,0.0,未分類,https://www.moneydj.com/ETF/X/Basic/Basic0007.xdjhtm?etfid=00983A.TW&topc=
2026-06-25,00983A,主動中信ARK創新,BEAM,Beam Therapeutics,3.85,59012.0,0.0,未分類,https://www.moneydj.com/ETF/X/Basic/Basic0007.xdjhtm?etfid=00983A.TW&topc=
2026-06-25,00983A,主動中信ARK創新,NVDA,NVIDIA,3.7,9830.0,0.0,未分類,https://www.moneydj.com/ETF/X/Basic/Basic0007.xdjhtm?etfid=00983A.TW&topc=
2026-06-25,00983A,主動中信ARK創新,SPCX,SpaceX,3.67,12475.0,0.0,未分類,https://www.moneydj.com/ETF/X/Basic/Basic0007.xdjhtm?etfid=00983A.TW&topc=
2026-06-25,00983A,主動中信ARK創新,CRSP,CRISPR Therapeutics,3.44,33162.0,0.0,未分類,https://www.moneydj.com/ETF/X/Basic/Basic0007.xdjhtm?etfid=00983A.TW&topc=
2026-06-25,00986A,主動台新龍頭成長,MU,Micron,8.34,1400.0,0.0,未分類,https://www.moneydj.com/ETF/X/Basic/Basic0007.xdjhtm?etfid=00986A.TW&topc=
2026-06-25,00986A,主動台新龍頭成長,2330,å°ç©é»,8.11,22000.0,0.0,半導體業,https://www.moneydj.com/ETF/X/Basic/Basic0007.xdjhtm?etfid=00986A.TW&topc=
2026-06-25,00986A,主動台新龍頭成長,GOOGL,lphabet - Class A Common Stock,6.75,4000.0,0.0,未分類,https://www.moneydj.com/ETF/X/Basic/Basic0007.xdjhtm?etfid=00986A.TW&topc=
2026-06-25,00986A,主動台新龍頭成長,AVGO,Broadcom,6.14,3300.0,0.0,未分類,https://www.moneydj.com/ETF/X/Basic/Basic0007.xdjhtm?etfid=00986A.TW&topc=
2026-06-25,00986A,主動台新龍頭成長,NVDA,NVIDIA,5.96,6200.0,0.0,未分類,https://www.moneydj.com/ETF/X/Basic/Basic0007.xdjhtm?etfid=00986A.TW&topc=
2026-06-25,00986A,主動台新龍頭成長,LRCX,Lam Research,3.99,2021.0,0.0,未分類,https://www.moneydj.com/ETF/X/Basic/Basic0007.xdjhtm?etfid=00986A.TW&topc=
2026-06-25,00986A,主動台新龍頭成長,LITE,Lumentum,3.6,850.0,0.0,未分類,https://www.moneydj.com/ETF/X/Basic/Basic0007.xdjhtm?etfid=00986A.TW&topc=
2026-06-25,00986A,主動台新龍頭成長,GEV,GE Vernova,3.47,650.0,0.0,未分類,https://www.moneydj.com/ETF/X/Basic/Basic0007.xdjhtm?etfid=00986A.TW&topc=
2026-06-25,00986A,主動台新龍頭成長,CRWD,CrowdStrike Holdings,3.13,938.0,0.0,未分類,https://www.moneydj.com/ETF/X/Basic/Basic0007.xdjhtm?etfid=00986A.TW&topc=
2026-06-25,00989A,主動摩根美國科技,INTC,Intel,5.11,16987.0,0.0,未分類,https://www.moneydj.com/ETF/X/Basic/Basic0007.xdjhtm?etfid=00989A.TW&topc=
2026-06-25,00989A,主動摩根美國科技,LRCX,Lam Research,4.83,5301.0,0.0,未分類,https://www.moneydj.com/ETF/X/Basic/Basic0007.xdjhtm?etfid=00989A.TW&topc=
2026-06-25,00989A,主動摩根美國科技,GOOG,phabet - Class C Capital Stock,4.77,6153.0,0.0,未分類,https://www.moneydj.com/ETF/X/Basic/Basic0007.xdjhtm?etfid=00989A.TW&topc=
2026-06-25,00989A,主動摩根美國科技,NVDA,NVIDIA,3.47,7827.0,0.0,未分類,https://www.moneydj.com/ETF/X/Basic/Basic0007.xdjhtm?etfid=00989A.TW&topc=
2026-06-25,00989A,主動摩根美國科技,AMD,AMD,3.46,2868.0,0.0,未分類,https://www.moneydj.com/ETF/X/Basic/Basic0007.xdjhtm?etfid=00989A.TW&topc=
2026-06-25,00989A,主動摩根美國科技,TTWO,Take-Two,3.4,6295.0,0.0,未分類,https://www.moneydj.com/ETF/X/Basic/Basic0007.xdjhtm?etfid=00989A.TW&topc=
2026-06-25,00989A,主動摩根美國科技,PANW,Palo Alto,3.32,5001.0,0.0,未分類,https://www.moneydj.com/ETF/X/Basic/Basic0007.xdjhtm?etfid=00989A.TW&topc=
2026-06-25,00989A,主動摩根美國科技,AVGO,Broadcom,3.26,3795.0,0.0,未分類,https://www.moneydj.com/ETF/X/Basic/Basic0007.xdjhtm?etfid=00989A.TW&topc=
2026-06-25,00989A,主動摩根美國科技,ASML,ASML Holding,3.01,722.0,0.0,未分類,https://www.moneydj.com/ETF/X/Basic/Basic0007.xdjhtm?etfid=00989A.TW&topc=
2026-06-25,00989A,主動摩根美國科技,SNDK,Sandisk,2.93,553.0,0.0,未分類,https://www.moneydj.com/ETF/X/Basic/Basic0007.xdjhtm?etfid=00989A.TW&topc=
2026-06-25,00991A,主動復華未來50,NLYUS,安納利資本管理公司,4.735,230000.0,0.0,未分類,https://www.fhtrust.com.tw/ETF/etf_detail/ETF24#nav
2026-06-25,00991A,主動復華未來50,BMPSIM,義大利西恩那銀行股份公司,4.541,400000.0,0.0,未分類,https://www.fhtrust.com.tw/ETF/etf_detail/ETF24#nav
2026-06-25,00991A,主動復華未來50,UNIIM,Unipol保險股份公司,4.259,170000.0,0.0,未分類,https://www.fhtrust.com.tw/ETF/etf_detail/ETF24#nav
2026-06-25,00991A,主動復華未來50,CUS,花旗集團公司,3.969,30000.0,0.0,未分類,https://www.fhtrust.com.tw/ETF/etf_detail/ETF24#nav
2026-06-25,00991A,主動復華未來50,ABNNA,荷蘭銀行公眾有限公司,3.828,100000.0,0.0,未分類,https://www.fhtrust.com.tw/ETF/etf_detail/ETF24#nav
2026-06-25,00991A,主動復華未來50,HSBALN,匯豐控股有限公司,3.826,220000.0,0.0,未分類,https://www.fhtrust.com.tw/ETF/etf_detail/ETF24#nav
2026-06-25,00991A,主動復華未來50,TPEIRGA,Piraeus Bank SA,3.732,400000.0,0.0,未分類,https://www.fhtrust.com.tw/ETF/etf_detail/ETF24#nav
2026-06-25,00991A,主動復華未來50,MSUS,摩根士丹利,3.631,18000.0,0.0,未分類,https://www.fhtrust.com.tw/ETF/etf_detail/ETF24#nav
2026-06-25,00991A,主動復華未來50,AMUNFP,東方匯理資產管理有限責任公司,3.017,35000.0,0.0,未分類,https://www.fhtrust.com.tw/ETF/etf_detail/ETF24#nav
2026-06-25,00991A,主動復華未來50,STANLN,渣打集團有限公司,2.979,120000.0,0.0,未分類,https://www.fhtrust.com.tw/ETF/etf_detail/ETF24#nav
2026-06-25,00997A,主動群益美國增長,SNDK,Sandisk,7.51,15034.0,0.0,未分類,https://www.moneydj.com/ETF/X/Basic/Basic0007.xdjhtm?etfid=00997A.TW&topc=
2026-06-25,00997A,主動群益美國增長,MU,Micron,7.03,27074.0,0.0,未分類,https://www.moneydj.com/ETF/X/Basic/Basic0007.xdjhtm?etfid=00997A.TW&topc=
2026-06-25,00997A,主動群益美國增長,STX,Seagate,5.7,25967.0,0.0,未分類,https://www.moneydj.com/ETF/X/Basic/Basic0007.xdjhtm?etfid=00997A.TW&topc=
2026-06-25,00997A,主動群益美國增長,WDC,Western Digital,5.63,38940.0,0.0,未分類,https://www.moneydj.com/ETF/X/Basic/Basic0007.xdjhtm?etfid=00997A.TW&topc=
2026-06-25,00997A,主動群益美國增長,AMD,AMD,4.2,36807.0,0.0,未分類,https://www.moneydj.com/ETF/X/Basic/Basic0007.xdjhtm?etfid=00997A.TW&topc=
2026-06-25,00997A,主動群益美國增長,MRVL,Marvell,3.62,60132.0,0.0,未分類,https://www.moneydj.com/ETF/X/Basic/Basic0007.xdjhtm?etfid=00997A.TW&topc=
2026-06-25,00997A,主動群益美國增長,AMAT,Applied Materials,3.61,25264.0,0.0,未分類,https://www.moneydj.com/ETF/X/Basic/Basic0007.xdjhtm?etfid=00997A.TW&topc=
2026-06-25,00997A,主動群益美國增長,LRCX,Lam Research,3.28,38116.0,0.0,未分類,https://www.moneydj.com/ETF/X/Basic/Basic0007.xdjhtm?etfid=00997A.TW&topc=
2026-06-26,00400A,主動國泰動能高息,2330,å°ç©é»,7.73,770000.0,0.0,半導體業,https://www.moneydj.com/ETF/X/Basic/Basic0007.xdjhtm?etfid=00400A.TW&topc=
2026-06-26,00400A,主動國泰動能高息,2383,å°åé»,7.48,332000.0,0.0,電子零組件業,https://www.moneydj.com/ETF/X/Basic/Basic0007.xdjhtm?etfid=00400A.TW&topc=
2026-06-26,00400A,主動國泰動能高息,2454,è¯ç¼ç§,7.32,440000.0,0.0,半導體業,https://www.moneydj.com/ETF/X/Basic/Basic0007.xdjhtm?etfid=00400A.TW&topc=
2026-06-26,00400A,主動國泰動能高息,2327,åå·¨*,3.91,898000.0,0.0,電子零組件業,https://www.moneydj.com/ETF/X/Basic/Basic0007.xdjhtm?etfid=00400A.TW&topc=
2026-06-26,00400A,主動國泰動能高息,2308,å°éé»,3.56,459000.0,0.0,電子零組件業,https://www.moneydj.com/ETF/X/Basic/Basic0007.xdjhtm?etfid=00400A.TW&topc=
2026-06-26,00400A,主動國泰動能高息,3037,æ¬£è,3.55,850000.0,0.0,電子零組件業,https://www.moneydj.com/ETF/X/Basic/Basic0007.xdjhtm?etfid=00400A.TW&topc=
2026-06-26,00400A,主動國泰動能高息,6223,æºç½,3.54,127000.0,0.0,半導體業,https://www.moneydj.com/ETF/X/Basic/Basic0007.xdjhtm?etfid=00400A.TW&topc=
2026-06-26,00400A,主動國泰動能高息,2360,è´è,3.53,404000.0,0.0,其他電子業,https://www.moneydj.com/ETF/X/Basic/Basic0007.xdjhtm?etfid=00400A.TW&topc=
2026-06-26,00400A,主動國泰動能高息,6488,ç°çæ¶,3.42,853000.0,0.0,半導體業,https://www.moneydj.com/ETF/X/Basic/Basic0007.xdjhtm?etfid=00400A.TW&topc=
2026-06-26,00400A,主動國泰動能高息,3017,å¥é,3.21,332000.0,0.0,電腦及週邊設備業,https://www.moneydj.com/ETF/X/Basic/Basic0007.xdjhtm?etfid=00400A.TW&topc=
2026-06-26,00401A,主動摩根台灣鑫收,2330,å°ç©é»,8.81,121000.0,0.0,半導體業,https://www.moneydj.com/ETF/X/Basic/Basic0007.xdjhtm?etfid=00401A.TW&topc=
2026-06-26,00401A,主動摩根台灣鑫收,2454,è¯ç¼ç§,6.28,52000.0,0.0,半導體業,https://www.moneydj.com/ETF/X/Basic/Basic0007.xdjhtm?etfid=00401A.TW&topc=
2026-06-26,00401A,主動摩根台灣鑫收,2308,å°éé»,4.17,74000.0,0.0,電子零組件業,https://www.moneydj.com/ETF/X/Basic/Basic0007.xdjhtm?etfid=00401A.TW&topc=
2026-06-26,00401A,主動摩根台灣鑫收,7769,é´»å,2.83,14000.0,0.0,半導體業,https://www.moneydj.com/ETF/X/Basic/Basic0007.xdjhtm?etfid=00401A.TW&topc=
2026-06-26,00401A,主動摩根台灣鑫收,4958,è»é¼-KY,2.67,148000.0,0.0,電子零組件業,https://www.moneydj.com/ETF/X/Basic/Basic0007.xdjhtm?etfid=00401A.TW&topc=
2026-06-26,00401A,主動摩根台灣鑫收,6223,æºç½,2.63,13000.0,0.0,半導體業,https://www.moneydj.com/ETF/X/Basic/Basic0007.xdjhtm?etfid=00401A.TW&topc=
2026-06-26,00401A,主動摩根台灣鑫收,2891,ä¸­ä¿¡é,2.46,1124000.0,0.0,金融保險業,https://www.moneydj.com/ETF/X/Basic/Basic0007.xdjhtm?etfid=00401A.TW&topc=
2026-06-26,00401A,主動摩根台灣鑫收,3711,æ¥æåææ§,2.46,125000.0,0.0,半導體業,https://www.moneydj.com/ETF/X/Basic/Basic0007.xdjhtm?etfid=00401A.TW&topc=
2026-06-26,00401A,主動摩根台灣鑫收,2882,åæ³°é,2.39,726000.0,0.0,金融保險業,https://www.moneydj.com/ETF/X/Basic/Basic0007.xdjhtm?etfid=00401A.TW&topc=
2026-06-26,00401A,主動摩根台灣鑫收,2382,å»£é,2.38,211000.0,0.0,電腦及週邊設備業,https://www.moneydj.com/ETF/X/Basic/Basic0007.xdjhtm?etfid=00401A.TW&topc=
2026-06-26,00403A,主動統一升級50,2330,å°ç©é»,18.19,12900000.0,0.0,半導體業,https://www.moneydj.com/ETF/X/Basic/Basic0007.xdjhtm?etfid=00403A.TW&topc=
2026-06-26,00403A,主動統一升級50,2303,è¯é»,7.41,75000000.0,0.0,半導體業,https://www.moneydj.com/ETF/X/Basic/Basic0007.xdjhtm?etfid=00403A.TW&topc=
2026-06-26,00403A,主動統一升級50,2327,åå·¨*,6.15,10050000.0,0.0,電子零組件業,https://www.moneydj.com/ETF/X/Basic/Basic0007.xdjhtm?etfid=00403A.TW&topc=
2026-06-26,00403A,主動統一升級50,3037,æ¬£è,5.27,8960000.0,0.0,電子零組件業,https://www.moneydj.com/ETF/X/Basic/Basic0007.xdjhtm?etfid=00403A.TW&topc=
2026-06-26,00403A,主動統一升級50,2344,è¯é¦é»,4.83,38800000.0,0.0,半導體業,https://www.moneydj.com/ETF/X/Basic/Basic0007.xdjhtm?etfid=00403A.TW&topc=
2026-06-26,00403A,主動統一升級50,3017,å¥é,4.42,3250000.0,0.0,電腦及週邊設備業,https://www.moneydj.com/ETF/X/Basic/Basic0007.xdjhtm?etfid=00403A.TW&topc=
2026-06-26,00403A,主動統一升級50,2383,å°åé»,4.28,1350000.0,0.0,電子零組件業,https://www.moneydj.com/ETF/X/Basic/Basic0007.xdjhtm?etfid=00403A.TW&topc=
2026-06-26,00403A,主動統一升級50,6223,æºç½,3.68,940000.0,0.0,半導體業,https://www.moneydj.com/ETF/X/Basic/Basic0007.xdjhtm?etfid=00403A.TW&topc=
2026-06-26,00403A,主動統一升級50,2454,è¯ç¼ç§,3.36,1435000.0,0.0,半導體業,https://www.moneydj.com/ETF/X/Basic/Basic0007.xdjhtm?etfid=00403A.TW&topc=
2026-06-26,00403A,主動統一升級50,2345,æºé¦,3.01,2100000.0,0.0,通信網路業,https://www.moneydj.com/ETF/X/Basic/Basic0007.xdjhtm?etfid=00403A.TW&topc=
2026-06-26,00980A,主動野村臺灣優選,2330,å°ç©é»,9.83,704000.0,0.0,半導體業,https://www.moneydj.com/ETF/X/Basic/Basic0007.xdjhtm?etfid=00980A.TW&topc=
2026-06-26,00980A,主動野村臺灣優選,2454,è¯ç¼ç§,6.23,269000.0,0.0,半導體業,https://www.moneydj.com/ETF/X/Basic/Basic0007.xdjhtm?etfid=00980A.TW&topc=
2026-06-26,00980A,主動野村臺灣優選,2308,å°éé»,5.13,475000.0,0.0,電子零組件業,https://www.moneydj.com/ETF/X/Basic/Basic0007.xdjhtm?etfid=00980A.TW&topc=
2026-06-26,00980A,主動野村臺灣優選,2059,å·æ¹,4.59,110000.0,0.0,電子零組件業,https://www.moneydj.com/ETF/X/Basic/Basic0007.xdjhtm?etfid=00980A.TW&topc=
2026-06-26,00980A,主動野村臺灣優選,2383,å°åé»,4.2,134000.0,0.0,電子零組件業,https://www.moneydj.com/ETF/X/Basic/Basic0007.xdjhtm?etfid=00980A.TW&topc=
2026-06-26,00980A,主動野村臺灣優選,7769,é´»å,3.61,93000.0,0.0,半導體業,https://www.moneydj.com/ETF/X/Basic/Basic0007.xdjhtm?etfid=00980A.TW&topc=
2026-06-26,00980A,主動野村臺灣優選,3037,æ¬£è,3.27,562000.0,0.0,電子零組件業,https://www.moneydj.com/ETF/X/Basic/Basic0007.xdjhtm?etfid=00980A.TW&topc=
2026-06-26,00980A,主動野村臺灣優選,6223,æºç½,3.26,84000.0,0.0,半導體業,https://www.moneydj.com/ETF/X/Basic/Basic0007.xdjhtm?etfid=00980A.TW&topc=
2026-06-26,00980A,主動野村臺灣優選,3653,å¥ç­,3.07,151000.0,0.0,電子零組件業,https://www.moneydj.com/ETF/X/Basic/Basic0007.xdjhtm?etfid=00980A.TW&topc=
2026-06-26,00980A,主動野村臺灣優選,2368,éåé»,2.79,393000.0,0.0,電子零組件業,https://www.moneydj.com/ETF/X/Basic/Basic0007.xdjhtm?etfid=00980A.TW&topc=
2026-06-26,00981A,主動統一台股增長,2330,å°ç©é»,10.08,11960000.0,0.0,半導體業,https://www.moneydj.com/ETF/X/Basic/Basic0007.xdjhtm?etfid=00981A.TW&topc=
2026-06-26,00981A,主動統一台股增長,2327,åå·¨*,9.18,25098000.0,0.0,電子零組件業,https://www.moneydj.com/ETF/X/Basic/Basic0007.xdjhtm?etfid=00981A.TW&topc=
2026-06-26,00981A,主動統一台股增長,2383,å°åé»,8.49,4486000.0,0.0,電子零組件業,https://www.moneydj.com/ETF/X/Basic/Basic0007.xdjhtm?etfid=00981A.TW&topc=
2026-06-26,00981A,主動統一台股增長,2454,è¯ç¼ç§,7.04,5037000.0,0.0,半導體業,https://www.moneydj.com/ETF/X/Basic/Basic0007.xdjhtm?etfid=00981A.TW&topc=
2026-06-26,00981A,主動統一台股增長,6223,æºç½,5.51,2352000.0,0.0,半導體業,https://www.moneydj.com/ETF/X/Basic/Basic0007.xdjhtm?etfid=00981A.TW&topc=
2026-06-26,00981A,主動統一台股增長,2345,æºé¦,5.43,6334000.0,0.0,通信網路業,https://www.moneydj.com/ETF/X/Basic/Basic0007.xdjhtm?etfid=00981A.TW&topc=
2026-06-26,00981A,主動統一台股增長,3037,æ¬£è,5.17,14735000.0,0.0,電子零組件業,https://www.moneydj.com/ETF/X/Basic/Basic0007.xdjhtm?etfid=00981A.TW&topc=
2026-06-26,00981A,主動統一台股增長,2303,è¯é»,5.11,86550000.0,0.0,半導體業,https://www.moneydj.com/ETF/X/Basic/Basic0007.xdjhtm?etfid=00981A.TW&topc=
2026-06-26,00981A,主動統一台股增長,3017,å¥é,4.22,5191000.0,0.0,電腦及週邊設備業,https://www.moneydj.com/ETF/X/Basic/Basic0007.xdjhtm?etfid=00981A.TW&topc=
2026-06-26,00981A,主動統一台股增長,6669,ç·¯ç©,3.73,2417000.0,0.0,電腦及週邊設備業,https://www.moneydj.com/ETF/X/Basic/Basic0007.xdjhtm?etfid=00981A.TW&topc=
2026-06-26,00982A,主動群益台灣強棒,5536,聖暉*,9.55,3735000.0,0.0,其他電子業,https://www.capitalfund.com.tw/etf/product/detail/399/buyback
2026-06-26,00982A,主動群益台灣強棒,2330,台積電,9.02,1967000.0,0.0,半導體業,https://www.capitalfund.com.tw/etf/product/detail/399/buyback
2026-06-26,00982A,主動群益台灣強棒,2454,聯發科,6.55,862000.0,0.0,半導體業,https://www.capitalfund.com.tw/etf/product/detail/399/buyback
2026-06-26,00982A,主動群益台灣強棒,6139,亞翔,5.28,3067000.0,0.0,其他電子業,https://www.capitalfund.com.tw/etf/product/detail/399/buyback
2026-06-26,00982A,主動群益台灣強棒,6223,旺矽,3.91,307000.0,0.0,半導體業,https://www.capitalfund.com.tw/etf/product/detail/399/buyback
2026-06-26,00982A,主動群益台灣強棒,2345,智邦,3.73,799000.0,0.0,通信網路業,https://www.capitalfund.com.tw/etf/product/detail/399/buyback
2026-06-26,00982A,主動群益台灣強棒,4958,臻鼎-KY,3.58,3147000.0,0.0,電子零組件業,https://www.capitalfund.com.tw/etf/product/detail/399/buyback
2026-06-26,00982A,主動群益台灣強棒,3105,穩懋,3.44,4143000.0,0.0,半導體業,https://www.capitalfund.com.tw/etf/product/detail/399/buyback
2026-06-26,00982A,主動群益台灣強棒,2383,台光電,3.38,328000.0,0.0,電子零組件業,https://www.capitalfund.com.tw/etf/product/detail/399/buyback
2026-06-26,00982A,主動群益台灣強棒,2360,致茂,3.28,823000.0,0.0,其他電子業,https://www.capitalfund.com.tw/etf/product/detail/399/buyback
2026-06-26,00984A,主動安聯台灣高息,2382,å»£é,3.89,829000.0,0.0,電腦及週邊設備業,https://www.moneydj.com/ETF/X/Basic/Basic0007.xdjhtm?etfid=00984A.TW&topc=
2026-06-26,00984A,主動安聯台灣高息,2303,è¯é»,3.84,1822000.0,0.0,半導體業,https://www.moneydj.com/ETF/X/Basic/Basic0007.xdjhtm?etfid=00984A.TW&topc=
2026-06-26,00984A,主動安聯台灣高息,2881,å¯é¦é,2.9,1681025.0,0.0,金融保險業,https://www.moneydj.com/ETF/X/Basic/Basic0007.xdjhtm?etfid=00984A.TW&topc=
2026-06-26,00984A,主動安聯台灣高息,2330,å°ç©é»,2.74,91000.0,0.0,半導體業,https://www.moneydj.com/ETF/X/Basic/Basic0007.xdjhtm?etfid=00984A.TW&topc=
2026-06-26,00984A,主動安聯台灣高息,2882,åæ³°é,2.65,1943000.0,0.0,金融保險業,https://www.moneydj.com/ETF/X/Basic/Basic0007.xdjhtm?etfid=00984A.TW&topc=
2026-06-26,00984A,主動安聯台灣高息,2891,ä¸­ä¿¡é,2.63,2904000.0,0.0,金融保險業,https://www.moneydj.com/ETF/X/Basic/Basic0007.xdjhtm?etfid=00984A.TW&topc=
2026-06-26,00984A,主動安聯台灣高息,2357,è¯ç¢©,2.53,280000.0,0.0,電腦及週邊設備業,https://www.moneydj.com/ETF/X/Basic/Basic0007.xdjhtm?etfid=00984A.TW&topc=
2026-06-26,00984A,主動安聯台灣高息,3045,å°ç£å¤§,2.46,1613000.0,0.0,通信網路業,https://www.moneydj.com/ETF/X/Basic/Basic0007.xdjhtm?etfid=00984A.TW&topc=
2026-06-26,00984A,主動安聯台灣高息,2603,é·æ¦®,2.37,1017000.0,0.0,航運業,https://www.moneydj.com/ETF/X/Basic/Basic0007.xdjhtm?etfid=00984A.TW&topc=
2026-06-26,00984A,主動安聯台灣高息,3034,è¯è©,2.19,335000.0,0.0,半導體業,https://www.moneydj.com/ETF/X/Basic/Basic0007.xdjhtm?etfid=00984A.TW&topc=
2026-06-26,00985A,主動野村台灣50,2330,å°ç©é»,25.1,1096000.0,0.0,半導體業,https://www.moneydj.com/ETF/X/Basic/Basic0007.xdjhtm?etfid=00985A.TW&topc=
2026-06-26,00985A,主動野村台灣50,3131,å¼å¡,2.72,84000.0,0.0,其他電子業,https://www.moneydj.com/ETF/X/Basic/Basic0007.xdjhtm?etfid=00985A.TW&topc=
2026-06-26,00985A,主動野村台灣50,6223,æºç½,2.54,40000.0,0.0,半導體業,https://www.moneydj.com/ETF/X/Basic/Basic0007.xdjhtm?etfid=00985A.TW&topc=
2026-06-26,00985A,主動野村台灣50,2059,å·æ¹,2.53,37000.0,0.0,電子零組件業,https://www.moneydj.com/ETF/X/Basic/Basic0007.xdjhtm?etfid=00985A.TW&topc=
2026-06-26,00985A,主動野村台灣50,2412,ä¸­è¯é»,2.49,1778000.0,0.0,通信網路業,https://www.moneydj.com/ETF/X/Basic/Basic0007.xdjhtm?etfid=00985A.TW&topc=
2026-06-26,00985A,主動野村台灣50,8046,åé»,2.41,219000.0,0.0,電子零組件業,https://www.moneydj.com/ETF/X/Basic/Basic0007.xdjhtm?etfid=00985A.TW&topc=
2026-06-26,00985A,主動野村台灣50,4958,è»é¼-KY,2.34,413000.0,0.0,電子零組件業,https://www.moneydj.com/ETF/X/Basic/Basic0007.xdjhtm?etfid=00985A.TW&topc=
2026-06-26,00985A,主動野村台灣50,3661,ä¸è¯-KY,2.31,61000.0,0.0,半導體業,https://www.moneydj.com/ETF/X/Basic/Basic0007.xdjhtm?etfid=00985A.TW&topc=
2026-06-26,00985A,主動野村台灣50,2360,è´è,2.27,114000.0,0.0,其他電子業,https://www.moneydj.com/ETF/X/Basic/Basic0007.xdjhtm?etfid=00985A.TW&topc=
2026-06-26,00985A,主動野村台灣50,3653,å¥ç­,2.27,68000.0,0.0,電子零組件業,https://www.moneydj.com/ETF/X/Basic/Basic0007.xdjhtm?etfid=00985A.TW&topc=
2026-06-26,00987A,主動台新優勢成長,2330,å°ç©é»,7.39,90000.0,0.0,半導體業,https://www.moneydj.com/ETF/X/Basic/Basic0007.xdjhtm?etfid=00987A.TW&topc=
2026-06-26,00987A,主動台新優勢成長,3017,å¥é,6.8,86000.0,0.0,電腦及週邊設備業,https://www.moneydj.com/ETF/X/Basic/Basic0007.xdjhtm?etfid=00987A.TW&topc=
2026-06-26,00987A,主動台新優勢成長,3037,æ¬£è,6.5,190000.0,0.0,電子零組件業,https://www.moneydj.com/ETF/X/Basic/Basic0007.xdjhtm?etfid=00987A.TW&topc=
2026-06-26,00987A,主動台新優勢成長,2383,å°åé»,6.27,34000.0,0.0,電子零組件業,https://www.moneydj.com/ETF/X/Basic/Basic0007.xdjhtm?etfid=00987A.TW&topc=
2026-06-26,00987A,主動台新優勢成長,6223,æºç½,6.16,27000.0,0.0,半導體業,https://www.moneydj.com/ETF/X/Basic/Basic0007.xdjhtm?etfid=00987A.TW&topc=
2026-06-26,00987A,主動台新優勢成長,6187,è¬æ½¤,4.37,116000.0,0.0,半導體業,https://www.moneydj.com/ETF/X/Basic/Basic0007.xdjhtm?etfid=00987A.TW&topc=
2026-06-26,00987A,主動台新優勢成長,6805,å¯ä¸é,4.37,76000.0,0.0,電子零組件業,https://www.moneydj.com/ETF/X/Basic/Basic0007.xdjhtm?etfid=00987A.TW&topc=
2026-06-26,00987A,主動台新優勢成長,8996,é«å,4.18,87000.0,0.0,電機機械,https://www.moneydj.com/ETF/X/Basic/Basic0007.xdjhtm?etfid=00987A.TW&topc=
2026-06-26,00987A,主動台新優勢成長,6274,å°ç¿,4.16,75000.0,0.0,電子零組件業,https://www.moneydj.com/ETF/X/Basic/Basic0007.xdjhtm?etfid=00987A.TW&topc=
2026-06-26,00987A,主動台新優勢成長,8155,åæº,3.37,262000.0,0.0,電子零組件業,https://www.moneydj.com/ETF/X/Basic/Basic0007.xdjhtm?etfid=00987A.TW&topc=
2026-06-26,00991A,主動復華未來50,BMPSIM,義大利西恩那銀行股份公司,4.586,400000.0,0.0,未分類,https://www.fhtrust.com.tw/ETF/etf_detail/ETF24#nav
2026-06-26,00991A,主動復華未來50,NLYUS,安納利資本管理公司,4.552,220000.0,0.0,未分類,https://www.fhtrust.com.tw/ETF/etf_detail/ETF24#nav
2026-06-26,00991A,主動復華未來50,UNIIM,Unipol保險股份公司,4.307,170000.0,0.0,未分類,https://www.fhtrust.com.tw/ETF/etf_detail/ETF24#nav
2026-06-26,00991A,主動復華未來50,CUS,花旗集團公司,3.996,30000.0,0.0,未分類,https://www.fhtrust.com.tw/ETF/etf_detail/ETF24#nav
2026-06-26,00991A,主動復華未來50,ABNNA,荷蘭銀行公眾有限公司,3.857,100000.0,0.0,未分類,https://www.fhtrust.com.tw/ETF/etf_detail/ETF24#nav
2026-06-26,00991A,主動復華未來50,HSBALN,匯豐控股有限公司,3.846,220000.0,0.0,未分類,https://www.fhtrust.com.tw/ETF/etf_detail/ETF24#nav
2026-06-26,00991A,主動復華未來50,TPEIRGA,Piraeus Bank SA,3.841,400000.0,0.0,未分類,https://www.fhtrust.com.tw/ETF/etf_detail/ETF24#nav
2026-06-26,00991A,主動復華未來50,MSUS,摩根士丹利,3.671,18000.0,0.0,未分類,https://www.fhtrust.com.tw/ETF/etf_detail/ETF24#nav
2026-06-26,00991A,主動復華未來50,ETEGA,希臘國家銀行,3.085,190000.0,0.0,未分類,https://www.fhtrust.com.tw/ETF/etf_detail/ETF24#nav
2026-06-26,00991A,主動復華未來50,AMUNFP,東方匯理資產管理有限責任公司,3.057,35000.0,0.0,未分類,https://www.fhtrust.com.tw/ETF/etf_detail/ETF24#nav
2026-06-26,00992A,主動群益科技創新,2330,台積電,7.77,1406000.0,0.0,半導體業,https://www.capitalfund.com.tw/etf/product/detail/500/buyback
2026-06-26,00992A,主動群益科技創新,2383,台光電,6.99,563000.0,0.0,電子零組件業,https://www.capitalfund.com.tw/etf/product/detail/500/buyback
2026-06-26,00992A,主動群益科技創新,2345,智邦,5.49,977000.0,0.0,通信網路業,https://www.capitalfund.com.tw/etf/product/detail/500/buyback
2026-06-26,00992A,主動群益科技創新,3017,奇鋐,5.37,1009000.0,0.0,電腦及週邊設備業,https://www.capitalfund.com.tw/etf/product/detail/500/buyback
2026-06-26,00992A,主動群益科技創新,8996,高力,5.27,1630000.0,0.0,電機機械,https://www.capitalfund.com.tw/etf/product/detail/500/buyback
2026-06-26,00992A,主動群益科技創新,6223,旺矽,5.0,326000.0,0.0,半導體業,https://www.capitalfund.com.tw/etf/product/detail/500/buyback
2026-06-26,00992A,主動群益科技創新,2059,川湖,4.84,293000.0,0.0,電子零組件業,https://www.capitalfund.com.tw/etf/product/detail/500/buyback
2026-06-26,00992A,主動群益科技創新,3037,欣興,4.83,2097000.0,0.0,電子零組件業,https://www.capitalfund.com.tw/etf/product/detail/500/buyback
2026-06-26,00992A,主動群益科技創新,3008,大立光,4.24,380000.0,0.0,光電業,https://www.capitalfund.com.tw/etf/product/detail/500/buyback
2026-06-26,00992A,主動群益科技創新,3665,貿聯-KY,4.18,955000.0,0.0,其他電子業,https://www.capitalfund.com.tw/etf/product/detail/500/buyback
2026-06-26,00993A,主動安聯台灣,2330,å°ç©é»,9.83,452000.0,0.0,半導體業,https://www.moneydj.com/ETF/X/Basic/Basic0007.xdjhtm?etfid=00993A.TW&topc=
2026-06-26,00993A,主動安聯台灣,6223,æºç½,6.95,115000.0,0.0,半導體業,https://www.moneydj.com/ETF/X/Basic/Basic0007.xdjhtm?etfid=00993A.TW&topc=
2026-06-26,00993A,主動安聯台灣,2327,åå·¨*,5.92,628000.0,0.0,電子零組件業,https://www.moneydj.com/ETF/X/Basic/Basic0007.xdjhtm?etfid=00993A.TW&topc=
2026-06-26,00993A,主動安聯台灣,2383,å°åé»,5.62,115000.0,0.0,電子零組件業,https://www.moneydj.com/ETF/X/Basic/Basic0007.xdjhtm?etfid=00993A.TW&topc=
2026-06-26,00993A,主動安聯台灣,2344,è¯é¦é»,4.89,2548000.0,0.0,半導體業,https://www.moneydj.com/ETF/X/Basic/Basic0007.xdjhtm?etfid=00993A.TW&topc=
2026-06-26,00993A,主動安聯台灣,2454,è¯ç¼ç§,4.87,135000.0,0.0,半導體業,https://www.moneydj.com/ETF/X/Basic/Basic0007.xdjhtm?etfid=00993A.TW&topc=
2026-06-26,00993A,主動安聯台灣,6274,å°ç¿,4.24,289000.0,0.0,電子零組件業,https://www.moneydj.com/ETF/X/Basic/Basic0007.xdjhtm?etfid=00993A.TW&topc=
2026-06-26,00993A,主動安聯台灣,3037,æ¬£è,3.71,409000.0,0.0,電子零組件業,https://www.moneydj.com/ETF/X/Basic/Basic0007.xdjhtm?etfid=00993A.TW&topc=
2026-06-26,00993A,主動安聯台灣,2303,è¯é»,3.55,2327000.0,0.0,半導體業,https://www.moneydj.com/ETF/X/Basic/Basic0007.xdjhtm?etfid=00993A.TW&topc=
2026-06-26,00993A,主動安聯台灣,6515,ç©å´´,3.42,45000.0,0.0,半導體業,https://www.moneydj.com/ETF/X/Basic/Basic0007.xdjhtm?etfid=00993A.TW&topc=
2026-06-26,00994A,主動第一金台股優,2330,å°ç©é»,15.08,339999.0,0.0,半導體業,https://www.moneydj.com/ETF/X/Basic/Basic0007.xdjhtm?etfid=00994A.TW&topc=
2026-06-26,00994A,主動第一金台股優,2327,åå·¨*,7.06,367000.0,0.0,電子零組件業,https://www.moneydj.com/ETF/X/Basic/Basic0007.xdjhtm?etfid=00994A.TW&topc=
2026-06-26,00994A,主動第一金台股優,2383,å°åé»,6.97,70000.0,0.0,電子零組件業,https://www.moneydj.com/ETF/X/Basic/Basic0007.xdjhtm?etfid=00994A.TW&topc=
2026-06-26,00994A,主動第一金台股優,2454,è¯ç¼ç§,6.32,86000.0,0.0,半導體業,https://www.moneydj.com/ETF/X/Basic/Basic0007.xdjhtm?etfid=00994A.TW&topc=
2026-06-26,00994A,主動第一金台股優,3037,æ¬£è,5.78,313001.0,0.0,電子零組件業,https://www.moneydj.com/ETF/X/Basic/Basic0007.xdjhtm?etfid=00994A.TW&topc=
2026-06-26,00994A,主動第一金台股優,8046,åé»,5.01,235000.0,0.0,電子零組件業,https://www.moneydj.com/ETF/X/Basic/Basic0007.xdjhtm?etfid=00994A.TW&topc=
2026-06-26,00994A,主動第一金台股優,6274,å°ç¿,4.7,157000.0,0.0,電子零組件業,https://www.moneydj.com/ETF/X/Basic/Basic0007.xdjhtm?etfid=00994A.TW&topc=
2026-06-26,00994A,主動第一金台股優,6223,æºç½,4.54,36901.0,0.0,半導體業,https://www.moneydj.com/ETF/X/Basic/Basic0007.xdjhtm?etfid=00994A.TW&topc=
2026-06-26,00994A,主動第一金台股優,2345,æºé¦,4.15,92000.0,0.0,通信網路業,https://www.moneydj.com/ETF/X/Basic/Basic0007.xdjhtm?etfid=00994A.TW&topc=
2026-06-26,00994A,主動第一金台股優,2344,è¯é¦é»,3.4,870000.0,0.0,半導體業,https://www.moneydj.com/ETF/X/Basic/Basic0007.xdjhtm?etfid=00994A.TW&topc=
2026-06-26,00995A,主動中信台灣卓越,2330,å°ç©é»,9.65,217000.0,0.0,半導體業,https://www.moneydj.com/ETF/X/Basic/Basic0007.xdjhtm?etfid=00995A.TW&topc=
2026-06-26,00995A,主動中信台灣卓越,2383,å°åé»,7.69,77000.0,0.0,電子零組件業,https://www.moneydj.com/ETF/X/Basic/Basic0007.xdjhtm?etfid=00995A.TW&topc=
2026-06-26,00995A,主動中信台灣卓越,2454,è¯ç¼ç§,6.04,82000.0,0.0,半導體業,https://www.moneydj.com/ETF/X/Basic/Basic0007.xdjhtm?etfid=00995A.TW&topc=
2026-06-26,00995A,主動中信台灣卓越,2327,åå·¨*,5.65,293000.0,0.0,電子零組件業,https://www.moneydj.com/ETF/X/Basic/Basic0007.xdjhtm?etfid=00995A.TW&topc=
2026-06-26,00995A,主動中信台灣卓越,2345,æºé¦,5.38,119000.0,0.0,通信網路業,https://www.moneydj.com/ETF/X/Basic/Basic0007.xdjhtm?etfid=00995A.TW&topc=
2026-06-26,00995A,主動中信台灣卓越,6223,æºç½,4.44,36000.0,0.0,半導體業,https://www.moneydj.com/ETF/X/Basic/Basic0007.xdjhtm?etfid=00995A.TW&topc=
2026-06-26,00995A,主動中信台灣卓越,3037,æ¬£è,4.3,232000.0,0.0,電子零組件業,https://www.moneydj.com/ETF/X/Basic/Basic0007.xdjhtm?etfid=00995A.TW&topc=
2026-06-26,00995A,主動中信台灣卓越,2308,å°éé»,4.13,120000.0,0.0,電子零組件業,https://www.moneydj.com/ETF/X/Basic/Basic0007.xdjhtm?etfid=00995A.TW&topc=
2026-06-26,00995A,主動中信台灣卓越,3017,å¥é,3.64,85000.0,0.0,電腦及週邊設備業,https://www.moneydj.com/ETF/X/Basic/Basic0007.xdjhtm?etfid=00995A.TW&topc=
2026-06-26,00995A,主動中信台灣卓越,8046,åé»,3.63,170000.0,0.0,電子零組件業,https://www.moneydj.com/ETF/X/Basic/Basic0007.xdjhtm?etfid=00995A.TW&topc=
2026-06-26,00996A,主動兆豐台灣豐收,2330,å°ç©é»,8.52,179000.0,0.0,半導體業,https://www.moneydj.com/ETF/X/Basic/Basic0007.xdjhtm?etfid=00996A.TW&topc=
2026-06-26,00996A,主動兆豐台灣豐收,2327,åå·¨*,8.37,405000.0,0.0,電子零組件業,https://www.moneydj.com/ETF/X/Basic/Basic0007.xdjhtm?etfid=00996A.TW&topc=
2026-06-26,00996A,主動兆豐台灣豐收,4958,è»é¼-KY,7.21,611000.0,0.0,電子零組件業,https://www.moneydj.com/ETF/X/Basic/Basic0007.xdjhtm?etfid=00996A.TW&topc=
2026-06-26,00996A,主動兆豐台灣豐收,2454,è¯ç¼ç§,6.4,81000.0,0.0,半導體業,https://www.moneydj.com/ETF/X/Basic/Basic0007.xdjhtm?etfid=00996A.TW&topc=
2026-06-26,00996A,主動兆豐台灣豐收,2383,å°åé»,5.45,51000.0,0.0,電子零組件業,https://www.moneydj.com/ETF/X/Basic/Basic0007.xdjhtm?etfid=00996A.TW&topc=
2026-06-26,00996A,主動兆豐台灣豐收,2472,ç«éé»,4.6,601000.0,0.0,電子零組件業,https://www.moneydj.com/ETF/X/Basic/Basic0007.xdjhtm?etfid=00996A.TW&topc=
2026-06-26,00996A,主動兆豐台灣豐收,8046,åé»,4.01,175000.0,0.0,電子零組件業,https://www.moneydj.com/ETF/X/Basic/Basic0007.xdjhtm?etfid=00996A.TW&topc=
2026-06-26,00996A,主動兆豐台灣豐收,2308,å°éé»,3.87,105000.0,0.0,電子零組件業,https://www.moneydj.com/ETF/X/Basic/Basic0007.xdjhtm?etfid=00996A.TW&topc=
2026-06-26,00996A,主動兆豐台灣豐收,2344,è¯é¦é»,3.76,895000.0,0.0,半導體業,https://www.moneydj.com/ETF/X/Basic/Basic0007.xdjhtm?etfid=00996A.TW&topc=
2026-06-26,00996A,主動兆豐台灣豐收,6831,éç§,2.87,177000.0,0.0,電腦及週邊設備業,https://www.moneydj.com/ETF/X/Basic/Basic0007.xdjhtm?etfid=00996A.TW&topc=
2026-06-26,00998A,主動復華金融股息,2996,/-,5.96,0.0,0.0,未分類,https://www.fhtrust.com.tw/ETF
2026-06-26,00998A,主動復華金融股息,1975,/-,4.59,0.0,0.0,未分類,https://www.fhtrust.com.tw/ETF
2026-06-26,00998A,主動復華金融股息,4815,/-,3.8,0.0,0.0,未分類,https://www.fhtrust.com.tw/ETF
2026-06-26,00998A,主動復華金融股息,4800,漲跌/漲跌幅-,2.91,0.0,0.0,未分類,https://www.fhtrust.com.tw/ETF
2026-06-26,00998A,主動復華金融股息,8855,/-,2.64,0.0,0.0,未分類,https://www.fhtrust.com.tw/ETF
2026-06-26,00998A,主動復華金融股息,1370,/-,2.63,0.0,0.0,未分類,https://www.fhtrust.com.tw/ETF
2026-06-26,00998A,主動復華金融股息,2999,漲跌/漲跌幅-,1.96,0.0,0.0,未分類,https://www.fhtrust.com.tw/ETF
2026-06-26,00998A,主動復華金融股息,3139,/-,1.72,0.0,0.0,未分類,https://www.fhtrust.com.tw/ETF
2026-06-26,00998A,主動復華金融股息,1959,漲跌/漲跌幅-,1.13,0.0,0.0,未分類,https://www.fhtrust.com.tw/ETF
2026-06-26,00998A,主動復華金融股息,2028,/-,0.93,0.0,0.0,鋼鐵工業,https://www.fhtrust.com.tw/ETF
2026-06-26,00998A,主動復華金融股息,8370,日漲跌幅,0.57,0.0,0.0,未分類,https://www.fhtrust.com.tw/ETF
2026-06-26,00998A,主動復華金融股息,1669,/-,0.54,0.0,0.0,未分類,https://www.fhtrust.com.tw/ETF
2026-06-26,00998A,主動復華金融股息,2030,漲跌/漲跌幅-,0.21,0.0,0.0,鋼鐵工業,https://www.fhtrust.com.tw/ETF
2026-06-26,00998A,主動復華金融股息,5451,漲跌/漲跌幅,0.15,0.0,0.0,未分類,https://www.fhtrust.com.tw/ETF
2026-06-26,00998A,主動復華金融股息,1677,漲跌/漲跌幅,0.11,0.0,0.0,未分類,https://www.fhtrust.com.tw/ETF
2026-06-26,00998A,主動復華金融股息,3172,漲跌/漲跌幅,0.09,0.0,0.0,未分類,https://www.fhtrust.com.tw/ETF
2026-06-26,00998A,主動復華金融股息,1489,/-,0.07,0.0,0.0,未分類,https://www.fhtrust.com.tw/ETF
2026-06-26,00998A,主動復華金融股息,1893,漲跌/漲跌幅,0.05,0.0,0.0,未分類,https://www.fhtrust.com.tw/ETF
2026-06-26,00998A,主動復華金融股息,1495,漲跌/漲跌幅,0.04,0.0,0.0,未分類,https://www.fhtrust.com.tw/ETF
2026-06-26,00999A,主動野村臺灣高息,2330,å°ç©é»,8.22,484000.0,0.0,半導體業,https://www.moneydj.com/ETF/X/Basic/Basic0007.xdjhtm?etfid=00999A.TW&topc=
2026-06-26,00999A,主動野村臺灣高息,2308,å°éé»,3.83,292000.0,0.0,電子零組件業,https://www.moneydj.com/ETF/X/Basic/Basic0007.xdjhtm?etfid=00999A.TW&topc=
2026-06-26,00999A,主動野村臺灣高息,2383,å°åé»,3.77,99000.0,0.0,電子零組件業,https://www.moneydj.com/ETF/X/Basic/Basic0007.xdjhtm?etfid=00999A.TW&topc=
2026-06-26,00999A,主動野村臺灣高息,2357,è¯ç¢©,3.0,590000.0,0.0,電腦及週邊設備業,https://www.moneydj.com/ETF/X/Basic/Basic0007.xdjhtm?etfid=00999A.TW&topc=
2026-06-26,00999A,主動野村臺灣高息,7769,é´»å,2.92,62000.0,0.0,半導體業,https://www.moneydj.com/ETF/X/Basic/Basic0007.xdjhtm?etfid=00999A.TW&topc=
2026-06-26,00999A,主動野村臺灣高息,2408,åäºç§,2.57,789000.0,0.0,半導體業,https://www.moneydj.com/ETF/X/Basic/Basic0007.xdjhtm?etfid=00999A.TW&topc=
2026-06-26,00999A,主動野村臺灣高息,2454,è¯ç¼ç§,2.56,91000.0,0.0,半導體業,https://www.moneydj.com/ETF/X/Basic/Basic0007.xdjhtm?etfid=00999A.TW&topc=
2026-06-26,00999A,主動野村臺灣高息,2618,é·æ¦®èª,2.55,8019000.0,0.0,航運業,https://www.moneydj.com/ETF/X/Basic/Basic0007.xdjhtm?etfid=00999A.TW&topc=
2026-06-26,00999A,主動野村臺灣高息,2368,éåé»,2.42,280000.0,0.0,電子零組件業,https://www.moneydj.com/ETF/X/Basic/Basic0007.xdjhtm?etfid=00999A.TW&topc=
2026-06-26,00999A,主動野村臺灣高息,3653,å¥ç­,2.35,95000.0,0.0,電子零組件業,https://www.moneydj.com/ETF/X/Basic/Basic0007.xdjhtm?etfid=00999A.TW&topc=
2026-06-27,00990A,主動元大AI新經濟,1068,N/AN/AN/AN/AN/AN/AN/AN/AN/AN/Aåºæºææ¸æ¼²è·å¹,16.61,0.0,0.0,未分類,https://www.moneydj.com/ETF/X/Basic/Basic0009.xdjhtm?etfid=00990A.TW
2026-06-27,00990A,主動元大AI新經濟,2808,-,14.43,1.16,0.0,未分類,https://www.moneydj.com/ETF/X/Basic/Basic0009.xdjhtm?etfid=00990A.TW
2026-06-27,00990A,主動元大AI新經濟,4053,-,12.62,11.44,0.0,未分類,https://www.moneydj.com/ETF/X/Basic/Basic0009.xdjhtm?etfid=00990A.TW
2026-06-27,00990A,主動元大AI新經濟,1097,N/AN/AN/AN/AN/AN/AN/Aåºæºææ¸æ¼²è·å¹,12.45,13.3,0.0,未分類,https://www.moneydj.com/ETF/X/Basic/Basic0009.xdjhtm?etfid=00990A.TW
2026-06-27,00990A,主動元大AI新經濟,0800,-,6.0,0.0,0.0,未分類,https://www.moneydj.com/ETF/X/Basic/Basic0009.xdjhtm?etfid=00990A.TW
2026-06-27,00990A,主動元大AI新經濟,2023,Q,2.0,0.0,0.0,鋼鐵工業,https://www.moneydj.com/ETF/X/Basic/Basic0009.xdjhtm?etfid=00990A.TW
2026-06-27,00990A,主動元大AI新經濟,1171,-,1.83,0.0,0.0,未分類,https://www.moneydj.com/ETF/X/Basic/Basic0009.xdjhtm?etfid=00990A.TW
2026-06-27,00990A,主動元大AI新經濟,1029,-,0.23,1.81,0.0,未分類,https://www.moneydj.com/ETF/X/Basic/Basic0009.xdjhtm?etfid=00990A.TW
2026-06-29,00400A,主動國泰動能高息,2330,å°ç©é»,7.44,770000.0,0.0,半導體業,https://www.moneydj.com/ETF/X/Basic/Basic0007.xdjhtm?etfid=00400A.TW&topc=
2026-06-29,00400A,主動國泰動能高息,2383,å°åé»,7.38,332000.0,0.0,電子零組件業,https://www.moneydj.com/ETF/X/Basic/Basic0007.xdjhtm?etfid=00400A.TW&topc=
2026-06-29,00400A,主動國泰動能高息,2454,è¯ç¼ç§,7.02,440000.0,0.0,半導體業,https://www.moneydj.com/ETF/X/Basic/Basic0007.xdjhtm?etfid=00400A.TW&topc=
2026-06-29,00400A,主動國泰動能高息,2327,åå·¨*,3.81,898000.0,0.0,電子零組件業,https://www.moneydj.com/ETF/X/Basic/Basic0007.xdjhtm?etfid=00400A.TW&topc=
2026-06-29,00400A,主動國泰動能高息,6223,æºç½,3.76,152000.0,0.0,半導體業,https://www.moneydj.com/ETF/X/Basic/Basic0007.xdjhtm?etfid=00400A.TW&topc=
2026-06-29,00400A,主動國泰動能高息,3017,å¥é,3.58,382000.0,0.0,電腦及週邊設備業,https://www.moneydj.com/ETF/X/Basic/Basic0007.xdjhtm?etfid=00400A.TW&topc=
2026-06-29,00400A,主動國泰動能高息,2308,å°éé»,3.57,459000.0,0.0,電子零組件業,https://www.moneydj.com/ETF/X/Basic/Basic0007.xdjhtm?etfid=00400A.TW&topc=
2026-06-29,00400A,主動國泰動能高息,2360,è´è,3.43,404000.0,0.0,其他電子業,https://www.moneydj.com/ETF/X/Basic/Basic0007.xdjhtm?etfid=00400A.TW&topc=
2026-06-29,00400A,主動國泰動能高息,3037,æ¬£è,3.38,850000.0,0.0,電子零組件業,https://www.moneydj.com/ETF/X/Basic/Basic0007.xdjhtm?etfid=00400A.TW&topc=
2026-06-29,00400A,主動國泰動能高息,6488,ç°çæ¶,3.18,853000.0,0.0,半導體業,https://www.moneydj.com/ETF/X/Basic/Basic0007.xdjhtm?etfid=00400A.TW&topc=
2026-06-29,00980A,主動野村臺灣優選,2330,å°ç©é»,8.93,634000.0,0.0,半導體業,https://www.moneydj.com/ETF/X/Basic/Basic0007.xdjhtm?etfid=00980A.TW&topc=
2026-06-29,00980A,主動野村臺灣優選,2454,è¯ç¼ç§,6.25,269000.0,0.0,半導體業,https://www.moneydj.com/ETF/X/Basic/Basic0007.xdjhtm?etfid=00980A.TW&topc=
2026-06-29,00980A,主動野村臺灣優選,2308,å°éé»,5.38,475000.0,0.0,電子零組件業,https://www.moneydj.com/ETF/X/Basic/Basic0007.xdjhtm?etfid=00980A.TW&topc=
2026-06-29,00980A,主動野村臺灣優選,2059,å·æ¹,4.65,110000.0,0.0,電子零組件業,https://www.moneydj.com/ETF/X/Basic/Basic0007.xdjhtm?etfid=00980A.TW&topc=
2026-06-29,00980A,主動野村臺灣優選,2383,å°åé»,4.34,134000.0,0.0,電子零組件業,https://www.moneydj.com/ETF/X/Basic/Basic0007.xdjhtm?etfid=00980A.TW&topc=
2026-06-29,00980A,主動野村臺灣優選,7769,é´»å,3.53,93000.0,0.0,半導體業,https://www.moneydj.com/ETF/X/Basic/Basic0007.xdjhtm?etfid=00980A.TW&topc=
2026-06-29,00980A,主動野村臺灣優選,3037,æ¬£è,3.26,562000.0,0.0,電子零組件業,https://www.moneydj.com/ETF/X/Basic/Basic0007.xdjhtm?etfid=00980A.TW&topc=
2026-06-29,00980A,主動野村臺灣優選,3653,å¥ç­,2.98,151000.0,0.0,電子零組件業,https://www.moneydj.com/ETF/X/Basic/Basic0007.xdjhtm?etfid=00980A.TW&topc=
2026-06-29,00980A,主動野村臺灣優選,6223,æºç½,2.74,76000.0,0.0,半導體業,https://www.moneydj.com/ETF/X/Basic/Basic0007.xdjhtm?etfid=00980A.TW&topc=
2026-06-29,00980A,主動野村臺灣優選,2368,éåé»,2.7,393000.0,0.0,電子零組件業,https://www.moneydj.com/ETF/X/Basic/Basic0007.xdjhtm?etfid=00980A.TW&topc=
2026-06-29,00982A,主動群益台灣強棒,2330,台積電,9.09,1967000.0,0.0,半導體業,https://www.capitalfund.com.tw/etf/product/detail/399/buyback
2026-06-29,00982A,主動群益台灣強棒,5536,聖暉*,9.07,3734000.0,0.0,其他電子業,https://www.capitalfund.com.tw/etf/product/detail/399/buyback
2026-06-29,00982A,主動群益台灣強棒,2454,聯發科,6.57,862000.0,0.0,半導體業,https://www.capitalfund.com.tw/etf/product/detail/399/buyback
2026-06-29,00982A,主動群益台灣強棒,6139,亞翔,5.71,3067000.0,0.0,其他電子業,https://www.capitalfund.com.tw/etf/product/detail/399/buyback
2026-06-29,00982A,主動群益台灣強棒,2345,智邦,3.65,799000.0,0.0,通信網路業,https://www.capitalfund.com.tw/etf/product/detail/399/buyback
2026-06-29,00982A,主動群益台灣強棒,6223,旺矽,3.63,307000.0,0.0,半導體業,https://www.capitalfund.com.tw/etf/product/detail/399/buyback
2026-06-29,00982A,主動群益台灣強棒,4958,臻鼎-KY,3.52,3147000.0,0.0,電子零組件業,https://www.capitalfund.com.tw/etf/product/detail/399/buyback
2026-06-29,00982A,主動群益台灣強棒,2383,台光電,3.49,328000.0,0.0,電子零組件業,https://www.capitalfund.com.tw/etf/product/detail/399/buyback
2026-06-29,00982A,主動群益台灣強棒,2360,致茂,3.34,823000.0,0.0,其他電子業,https://www.capitalfund.com.tw/etf/product/detail/399/buyback
2026-06-29,00982A,主動群益台灣強棒,3105,穩懋,3.33,4143000.0,0.0,半導體業,https://www.capitalfund.com.tw/etf/product/detail/399/buyback
2026-06-29,00985A,主動野村台灣50,2330,å°ç©é»,25.28,1096000.0,0.0,半導體業,https://www.moneydj.com/ETF/X/Basic/Basic0007.xdjhtm?etfid=00985A.TW&topc=
2026-06-29,00985A,主動野村台灣50,3131,å¼å¡,2.91,84000.0,0.0,其他電子業,https://www.moneydj.com/ETF/X/Basic/Basic0007.xdjhtm?etfid=00985A.TW&topc=
2026-06-29,00985A,主動野村台灣50,2059,å·æ¹,2.56,37000.0,0.0,電子零組件業,https://www.moneydj.com/ETF/X/Basic/Basic0007.xdjhtm?etfid=00985A.TW&topc=
2026-06-29,00985A,主動野村台灣50,2412,ä¸­è¯é»,2.46,1778000.0,0.0,通信網路業,https://www.moneydj.com/ETF/X/Basic/Basic0007.xdjhtm?etfid=00985A.TW&topc=
2026-06-29,00985A,主動野村台灣50,3661,ä¸è¯-KY,2.37,61000.0,0.0,半導體業,https://www.moneydj.com/ETF/X/Basic/Basic0007.xdjhtm?etfid=00985A.TW&topc=
2026-06-29,00985A,主動野村台灣50,6223,æºç½,2.36,40000.0,0.0,半導體業,https://www.moneydj.com/ETF/X/Basic/Basic0007.xdjhtm?etfid=00985A.TW&topc=
2026-06-29,00985A,主動野村台灣50,2360,è´è,2.31,114000.0,0.0,其他電子業,https://www.moneydj.com/ETF/X/Basic/Basic0007.xdjhtm?etfid=00985A.TW&topc=
2026-06-29,00985A,主動野村台灣50,4958,è»é¼-KY,2.3,413000.0,0.0,電子零組件業,https://www.moneydj.com/ETF/X/Basic/Basic0007.xdjhtm?etfid=00985A.TW&topc=
2026-06-29,00985A,主動野村台灣50,8046,åé»,2.3,219000.0,0.0,電子零組件業,https://www.moneydj.com/ETF/X/Basic/Basic0007.xdjhtm?etfid=00985A.TW&topc=
2026-06-29,00985A,主動野村台灣50,2376,æå,2.29,723000.0,0.0,電腦及週邊設備業,https://www.moneydj.com/ETF/X/Basic/Basic0007.xdjhtm?etfid=00985A.TW&topc=
2026-06-29,00988A,主動統一全球創新,MUUS,MICRON TECHNOLOGY INC,7.03,116000.0,0.0,未分類,https://www.ezmoney.com.tw/ETF/Transaction/PCF?fundCode=61YTW
2026-06-29,00988A,主動統一全球創新,285AJP,KIOXIA HOLDINGS CORP,5.92,185000.0,0.0,未分類,https://www.ezmoney.com.tw/ETF/Transaction/PCF?fundCode=61YTW
2026-06-29,00988A,主動統一全球創新,SNDKUS,SANDISK CORP,5.24,45000.0,0.0,未分類,https://www.ezmoney.com.tw/ETF/Transaction/PCF?fundCode=61YTW
2026-06-29,00988A,主動統一全球創新,009150KS,Samsung Electro-Mechanics co(009150 ks),5.18,80000.0,0.0,未分類,https://www.ezmoney.com.tw/ETF/Transaction/PCF?fundCode=61YTW
2026-06-29,00988A,主動統一全球創新,AMDUS,ADVANCED MICRO DEVICES.amd us(超微半導體公司),5.18,195000.0,0.0,未分類,https://www.ezmoney.com.tw/ETF/Transaction/PCF?fundCode=61YTW
2026-06-29,00988A,主動統一全球創新,6981JP,MURATA MANUFACTURING CO LTD,3.89,1066000.0,0.0,未分類,https://www.ezmoney.com.tw/ETF/Transaction/PCF?fundCode=61YTW
2026-06-29,00988A,主動統一全球創新,BEUS,BLOOM ENERGY CORP- A,3.55,230000.0,0.0,未分類,https://www.ezmoney.com.tw/ETF/Transaction/PCF?fundCode=61YTW
2026-06-29,00988A,主動統一全球創新,MRVLUS,MARVELL TECHNOLOGY INC,3.23,230000.0,0.0,未分類,https://www.ezmoney.com.tw/ETF/Transaction/PCF?fundCode=61YTW
2026-06-29,00988A,主動統一全球創新,WDCUS,WESTERN DIGITAL CORP,3.03,90000.0,0.0,未分類,https://www.ezmoney.com.tw/ETF/Transaction/PCF?fundCode=61YTW
2026-06-29,00988A,主動統一全球創新,2454,聯發科,3.0,445000.0,0.0,半導體業,https://www.ezmoney.com.tw/ETF/Transaction/PCF?fundCode=61YTW
2026-06-29,00988A,主動統一全球創新,2383,台光電,2.92,330000.0,0.0,電子零組件業,https://www.ezmoney.com.tw/ETF/Transaction/PCF?fundCode=61YTW
2026-06-29,00988A,主動統一全球創新,IFXGY,INFINEON TECHNOLOGIES AG,2.9,625000.0,0.0,未分類,https://www.ezmoney.com.tw/ETF/Transaction/PCF?fundCode=61YTW
2026-06-29,00988A,主動統一全球創新,LITEUS,LUMENTUM HOLDINGS INC,2.67,62000.0,0.0,未分類,https://www.ezmoney.com.tw/ETF/Transaction/PCF?fundCode=61YTW
2026-06-29,00988A,主動統一全球創新,3037,欣興,2.64,1650000.0,0.0,電子零組件業,https://www.ezmoney.com.tw/ETF/Transaction/PCF?fundCode=61YTW
2026-06-29,00988A,主動統一全球創新,6976JP,TAIYO YUDEN CO LTD,2.41,415000.0,0.0,未分類,https://www.ezmoney.com.tw/ETF/Transaction/PCF?fundCode=61YTW
2026-06-29,00988A,主動統一全球創新,6997JP,NIPPON CHEMI-CON CORP,2.35,1275100.0,0.0,未分類,https://www.ezmoney.com.tw/ETF/Transaction/PCF?fundCode=61YTW
2026-06-29,00988A,主動統一全球創新,4062JP,IBIDEN CO LTD,2.24,275000.0,0.0,未分類,https://www.ezmoney.com.tw/ETF/Transaction/PCF?fundCode=61YTW
2026-06-29,00988A,主動統一全球創新,VSHUS,VISHAY INTERTECHNOLOGY INC,2.09,700429.0,0.0,未分類,https://www.ezmoney.com.tw/ETF/Transaction/PCF?fundCode=61YTW
2026-06-29,00988A,主動統一全球創新,8035JP,TOKYO ELECTRON LTD,2.04,88000.0,0.0,未分類,https://www.ezmoney.com.tw/ETF/Transaction/PCF?fundCode=61YTW
2026-06-29,00988A,主動統一全球創新,5706JP,Mitsui Mining ＆ Smelting Co,1.86,130000.0,0.0,未分類,https://www.ezmoney.com.tw/ETF/Transaction/PCF?fundCode=61YTW
2026-06-29,00988A,主動統一全球創新,STMUS,STMICROELECTRONICS NV-NY SHS,1.78,475000.0,0.0,未分類,https://www.ezmoney.com.tw/ETF/Transaction/PCF?fundCode=61YTW
2026-06-29,00988A,主動統一全球創新,2303,聯電,1.68,6000000.0,0.0,半導體業,https://www.ezmoney.com.tw/ETF/Transaction/PCF?fundCode=61YTW
2026-06-29,00988A,主動統一全球創新,CRDOUS,CREDO TECHNOLOGY GROUP HOLDI,1.61,120000.0,0.0,未分類,https://www.ezmoney.com.tw/ETF/Transaction/PCF?fundCode=61YTW
2026-06-29,00988A,主動統一全球創新,2330,台積電,1.5,400000.0,0.0,半導體業,https://www.ezmoney.com.tw/ETF/Transaction/PCF?fundCode=61YTW
2026-06-29,00988A,主動統一全球創新,6787JP,MEIKO ELECTRONICS CO LTD,1.5,150000.0,0.0,未分類,https://www.ezmoney.com.tw/ETF/Transaction/PCF?fundCode=61YTW
2026-06-29,00988A,主動統一全球創新,BESINA,BE SEMICONDUCTOR INDUSTRIES,1.47,90000.0,0.0,未分類,https://www.ezmoney.com.tw/ETF/Transaction/PCF?fundCode=61YTW
2026-06-29,00988A,主動統一全球創新,6920JP,LASERTEC CORP,1.43,87500.0,0.0,未分類,https://www.ezmoney.com.tw/ETF/Transaction/PCF?fundCode=61YTW
2026-06-29,00988A,主動統一全球創新,ARMUS,ARM HOLDINGS PLC,1.39,80000.0,0.0,未分類,https://www.ezmoney.com.tw/ETF/Transaction/PCF?fundCode=61YTW
2026-06-29,00988A,主動統一全球創新,5274,信驊,1.26,46000.0,0.0,半導體業,https://www.ezmoney.com.tw/ETF/Transaction/PCF?fundCode=61YTW
2026-06-29,00988A,主動統一全球創新,6515,穎崴,1.25,88000.0,0.0,半導體業,https://www.ezmoney.com.tw/ETF/Transaction/PCF?fundCode=61YTW
2026-06-29,00988A,主動統一全球創新,6223,旺矽,1.24,115000.0,0.0,半導體業,https://www.ezmoney.com.tw/ETF/Transaction/PCF?fundCode=61YTW
2026-06-29,00988A,主動統一全球創新,2327,國巨*,1.23,700000.0,0.0,電子零組件業,https://www.ezmoney.com.tw/ETF/Transaction/PCF?fundCode=61YTW
2026-06-29,00988A,主動統一全球創新,AIXAGY,AIXTRON SE,1.14,380000.0,0.0,未分類,https://www.ezmoney.com.tw/ETF/Transaction/PCF?fundCode=61YTW
2026-06-29,00988A,主動統一全球創新,COHRUS,COHERENT INC,1.12,55000.0,0.0,未分類,https://www.ezmoney.com.tw/ETF/Transaction/PCF?fundCode=61YTW
2026-06-29,00988A,主動統一全球創新,3711,日月光投控,1.1,1100000.0,0.0,半導體業,https://www.ezmoney.com.tw/ETF/Transaction/PCF?fundCode=61YTW
2026-06-29,00988A,主動統一全球創新,2308,台達電,1.09,350000.0,0.0,電子零組件業,https://www.ezmoney.com.tw/ETF/Transaction/PCF?fundCode=61YTW
2026-06-29,00988A,主動統一全球創新,7826JP,FURUYA METAL CO LTD,1.04,374300.0,0.0,未分類,https://www.ezmoney.com.tw/ETF/Transaction/PCF?fundCode=61YTW
2026-06-29,00988A,主動統一全球創新,3436JP,SUMCO CORP,1.02,875400.0,0.0,未分類,https://www.ezmoney.com.tw/ETF/Transaction/PCF?fundCode=61YTW
2026-06-29,00988A,主動統一全球創新,3017,奇鋐,0.84,215000.0,0.0,電腦及週邊設備業,https://www.ezmoney.com.tw/ETF/Transaction/PCF?fundCode=61YTW
2026-06-29,00988A,主動統一全球創新,6871JP,MICRONICS JAPAN CO LTD,0.76,140000.0,0.0,未分類,https://www.ezmoney.com.tw/ETF/Transaction/PCF?fundCode=61YTW
2026-06-29,00988A,主動統一全球創新,6274,台燿,0.65,244000.0,0.0,電子零組件業,https://www.ezmoney.com.tw/ETF/Transaction/PCF?fundCode=61YTW
2026-06-29,00988A,主動統一全球創新,6278JP,UNION TOOL CO,0.65,90000.0,0.0,未分類,https://www.ezmoney.com.tw/ETF/Transaction/PCF?fundCode=61YTW
2026-06-29,00988A,主動統一全球創新,688146CH,PERIC SPECIAL GASES CO LTD-A,0.57,200000.0,0.0,未分類,https://www.ezmoney.com.tw/ETF/Transaction/PCF?fundCode=61YTW
2026-06-29,00988A,主動統一全球創新,SOIFP,S.O.I.T.E.C.,0.36,57000.0,0.0,未分類,https://www.ezmoney.com.tw/ETF/Transaction/PCF?fundCode=61YTW
2026-06-29,00992A,主動群益科技創新,2330,台積電,7.88,1406000.0,0.0,半導體業,https://www.capitalfund.com.tw/etf/product/detail/500/buyback
2026-06-29,00992A,主動群益科技創新,2383,台光電,7.26,563000.0,0.0,電子零組件業,https://www.capitalfund.com.tw/etf/product/detail/500/buyback
2026-06-29,00992A,主動群益科技創新,8996,高力,5.69,1630000.0,0.0,電機機械,https://www.capitalfund.com.tw/etf/product/detail/500/buyback
2026-06-29,00992A,主動群益科技創新,3017,奇鋐,5.49,1009000.0,0.0,電腦及週邊設備業,https://www.capitalfund.com.tw/etf/product/detail/500/buyback
2026-06-29,00992A,主動群益科技創新,2345,智邦,5.41,977000.0,0.0,通信網路業,https://www.capitalfund.com.tw/etf/product/detail/500/buyback
2026-06-29,00992A,主動群益科技創新,2059,川湖,4.93,293000.0,0.0,電子零組件業,https://www.capitalfund.com.tw/etf/product/detail/500/buyback
2026-06-29,00992A,主動群益科技創新,3037,欣興,4.84,2097000.0,0.0,電子零組件業,https://www.capitalfund.com.tw/etf/product/detail/500/buyback
2026-06-29,00992A,主動群益科技創新,6223,旺矽,4.67,326000.0,0.0,半導體業,https://www.capitalfund.com.tw/etf/product/detail/500/buyback
2026-06-29,00992A,主動群益科技創新,3665,貿聯-KY,4.25,955000.0,0.0,其他電子業,https://www.capitalfund.com.tw/etf/product/detail/500/buyback
2026-06-29,00992A,主動群益科技創新,3008,大立光,3.94,380000.0,0.0,光電業,https://www.capitalfund.com.tw/etf/product/detail/500/buyback
2026-06-29,00993A,主動安聯台灣,2330,å°ç©é»,9.99,452000.0,0.0,半導體業,https://www.moneydj.com/ETF/X/Basic/Basic0007.xdjhtm?etfid=00993A.TW&topc=
2026-06-29,00993A,主動安聯台灣,6223,æºç½,6.48,115000.0,0.0,半導體業,https://www.moneydj.com/ETF/X/Basic/Basic0007.xdjhtm?etfid=00993A.TW&topc=
2026-06-29,00993A,主動安聯台灣,2327,åå·¨*,6.08,628000.0,0.0,電子零組件業,https://www.moneydj.com/ETF/X/Basic/Basic0007.xdjhtm?etfid=00993A.TW&topc=
2026-06-29,00993A,主動安聯台灣,2383,å°åé»,5.83,115000.0,0.0,電子零組件業,https://www.moneydj.com/ETF/X/Basic/Basic0007.xdjhtm?etfid=00993A.TW&topc=
2026-06-29,00993A,主動安聯台灣,2454,è¯ç¼ç§,4.91,135000.0,0.0,半導體業,https://www.moneydj.com/ETF/X/Basic/Basic0007.xdjhtm?etfid=00993A.TW&topc=
2026-06-29,00993A,主動安聯台灣,2344,è¯é¦é»,4.81,2548000.0,0.0,半導體業,https://www.moneydj.com/ETF/X/Basic/Basic0007.xdjhtm?etfid=00993A.TW&topc=
2026-06-29,00993A,主動安聯台灣,6274,å°ç¿,4.18,289000.0,0.0,電子零組件業,https://www.moneydj.com/ETF/X/Basic/Basic0007.xdjhtm?etfid=00993A.TW&topc=
2026-06-29,00993A,主動安聯台灣,3037,æ¬£è,3.71,409000.0,0.0,電子零組件業,https://www.moneydj.com/ETF/X/Basic/Basic0007.xdjhtm?etfid=00993A.TW&topc=
2026-06-29,00993A,主動安聯台灣,2303,è¯é»,3.55,2327000.0,0.0,半導體業,https://www.moneydj.com/ETF/X/Basic/Basic0007.xdjhtm?etfid=00993A.TW&topc=
2026-06-29,00993A,主動安聯台灣,2308,å°éé»,3.47,196000.0,0.0,電子零組件業,https://www.moneydj.com/ETF/X/Basic/Basic0007.xdjhtm?etfid=00993A.TW&topc=
2026-06-29,00999A,主動野村臺灣高息,2330,å°ç©é»,8.3,484000.0,0.0,半導體業,https://www.moneydj.com/ETF/X/Basic/Basic0007.xdjhtm?etfid=00999A.TW&topc=
2026-06-29,00999A,主動野村臺灣高息,2308,å°éé»,4.02,292000.0,0.0,電子零組件業,https://www.moneydj.com/ETF/X/Basic/Basic0007.xdjhtm?etfid=00999A.TW&topc=
2026-06-29,00999A,主動野村臺灣高息,2383,å°åé»,3.9,99000.0,0.0,電子零組件業,https://www.moneydj.com/ETF/X/Basic/Basic0007.xdjhtm?etfid=00999A.TW&topc=
2026-06-29,00999A,主動野村臺灣高息,2357,è¯ç¢©,3.0,590000.0,0.0,電腦及週邊設備業,https://www.moneydj.com/ETF/X/Basic/Basic0007.xdjhtm?etfid=00999A.TW&topc=
2026-06-29,00999A,主動野村臺灣高息,7769,é´»å,2.87,62000.0,0.0,半導體業,https://www.moneydj.com/ETF/X/Basic/Basic0007.xdjhtm?etfid=00999A.TW&topc=
2026-06-29,00999A,主動野村臺灣高息,2408,åäºç§,2.59,789000.0,0.0,半導體業,https://www.moneydj.com/ETF/X/Basic/Basic0007.xdjhtm?etfid=00999A.TW&topc=
2026-06-29,00999A,主動野村臺灣高息,2454,è¯ç¼ç§,2.57,91000.0,0.0,半導體業,https://www.moneydj.com/ETF/X/Basic/Basic0007.xdjhtm?etfid=00999A.TW&topc=
2026-06-29,00999A,主動野村臺灣高息,2618,é·æ¦®èª,2.55,8019000.0,0.0,航運業,https://www.moneydj.com/ETF/X/Basic/Basic0007.xdjhtm?etfid=00999A.TW&topc=
2026-06-29,00999A,主動野村臺灣高息,2368,éåé»,2.34,280000.0,0.0,電子零組件業,https://www.moneydj.com/ETF/X/Basic/Basic0007.xdjhtm?etfid=00999A.TW&topc=
2026-06-29,00999A,主動野村臺灣高息,3653,å¥ç­,2.28,95000.0,0.0,電子零組件業,https://www.moneydj.com/ETF/X/Basic/Basic0007.xdjhtm?etfid=00999A.TW&topc=
2026-06-30,00400A,主動國泰動能高息,2454,è¯ç¼ç§,7.33,440000.0,0.0,半導體業,https://www.moneydj.com/ETF/X/Basic/Basic0007.xdjhtm?etfid=00400A.TW&topc=
2026-06-30,00400A,主動國泰動能高息,2330,å°ç©é»,7.29,770000.0,0.0,半導體業,https://www.moneydj.com/ETF/X/Basic/Basic0007.xdjhtm?etfid=00400A.TW&topc=
2026-06-30,00400A,主動國泰動能高息,2383,å°åé»,7.03,332000.0,0.0,電子零組件業,https://www.moneydj.com/ETF/X/Basic/Basic0007.xdjhtm?etfid=00400A.TW&topc=
2026-06-30,00400A,主動國泰動能高息,6223,æºç½,4.09,171000.0,0.0,半導體業,https://www.moneydj.com/ETF/X/Basic/Basic0007.xdjhtm?etfid=00400A.TW&topc=
2026-06-30,00400A,主動國泰動能高息,2327,åå·¨*,4.02,898000.0,0.0,電子零組件業,https://www.moneydj.com/ETF/X/Basic/Basic0007.xdjhtm?etfid=00400A.TW&topc=
2026-06-30,00400A,主動國泰動能高息,3017,å¥é,3.95,398000.0,0.0,電腦及週邊設備業,https://www.moneydj.com/ETF/X/Basic/Basic0007.xdjhtm?etfid=00400A.TW&topc=
2026-06-30,00400A,主動國泰動能高息,3037,æ¬£è,3.57,850000.0,0.0,電子零組件業,https://www.moneydj.com/ETF/X/Basic/Basic0007.xdjhtm?etfid=00400A.TW&topc=
2026-06-30,00400A,主動國泰動能高息,2308,å°éé»,3.51,459000.0,0.0,電子零組件業,https://www.moneydj.com/ETF/X/Basic/Basic0007.xdjhtm?etfid=00400A.TW&topc=
2026-06-30,00400A,主動國泰動能高息,2360,è´è,3.43,404000.0,0.0,其他電子業,https://www.moneydj.com/ETF/X/Basic/Basic0007.xdjhtm?etfid=00400A.TW&topc=
2026-06-30,00400A,主動國泰動能高息,6488,ç°çæ¶,3.37,853000.0,0.0,半導體業,https://www.moneydj.com/ETF/X/Basic/Basic0007.xdjhtm?etfid=00400A.TW&topc=
2026-06-30,00980A,主動野村臺灣優選,2330,å°ç©é»,8.78,634000.0,0.0,半導體業,https://www.moneydj.com/ETF/X/Basic/Basic0007.xdjhtm?etfid=00980A.TW&topc=
2026-06-30,00980A,主動野村臺灣優選,2454,è¯ç¼ç§,6.56,269000.0,0.0,半導體業,https://www.moneydj.com/ETF/X/Basic/Basic0007.xdjhtm?etfid=00980A.TW&topc=
2026-06-30,00980A,主動野村臺灣優選,2308,å°éé»,5.32,475000.0,0.0,電子零組件業,https://www.moneydj.com/ETF/X/Basic/Basic0007.xdjhtm?etfid=00980A.TW&topc=
2026-06-30,00980A,主動野村臺灣優選,2059,å·æ¹,4.65,110000.0,0.0,電子零組件業,https://www.moneydj.com/ETF/X/Basic/Basic0007.xdjhtm?etfid=00980A.TW&topc=
2026-06-30,00980A,主動野村臺灣優選,2383,å°åé»,4.15,134000.0,0.0,電子零組件業,https://www.moneydj.com/ETF/X/Basic/Basic0007.xdjhtm?etfid=00980A.TW&topc=
2026-06-30,00980A,主動野村臺灣優選,3037,æ¬£è,3.46,562000.0,0.0,電子零組件業,https://www.moneydj.com/ETF/X/Basic/Basic0007.xdjhtm?etfid=00980A.TW&topc=
2026-06-30,00980A,主動野村臺灣優選,7769,é´»å,3.46,93000.0,0.0,半導體業,https://www.moneydj.com/ETF/X/Basic/Basic0007.xdjhtm?etfid=00980A.TW&topc=
2026-06-30,00980A,主動野村臺灣優選,3653,å¥ç­,2.98,151000.0,0.0,電子零組件業,https://www.moneydj.com/ETF/X/Basic/Basic0007.xdjhtm?etfid=00980A.TW&topc=
2026-06-30,00980A,主動野村臺灣優選,2368,éåé»,2.71,393000.0,0.0,電子零組件業,https://www.moneydj.com/ETF/X/Basic/Basic0007.xdjhtm?etfid=00980A.TW&topc=
2026-06-30,00980A,主動野村臺灣優選,6223,æºç½,2.66,76000.0,0.0,半導體業,https://www.moneydj.com/ETF/X/Basic/Basic0007.xdjhtm?etfid=00980A.TW&topc=
2026-06-30,00982A,主動群益台灣強棒,5536,聖暉*,9.05,3734000.0,0.0,其他電子業,https://www.capitalfund.com.tw/etf/product/detail/399/buyback
2026-06-30,00982A,主動群益台灣強棒,2330,台積電,8.9,1967000.0,0.0,半導體業,https://www.capitalfund.com.tw/etf/product/detail/399/buyback
2026-06-30,00982A,主動群益台灣強棒,2454,聯發科,6.87,862000.0,0.0,半導體業,https://www.capitalfund.com.tw/etf/product/detail/399/buyback
2026-06-30,00982A,主動群益台灣強棒,6139,亞翔,5.32,3067000.0,0.0,其他電子業,https://www.capitalfund.com.tw/etf/product/detail/399/buyback
2026-06-30,00982A,主動群益台灣強棒,2345,智邦,3.74,799000.0,0.0,通信網路業,https://www.capitalfund.com.tw/etf/product/detail/399/buyback
2026-06-30,00982A,主動群益台灣強棒,4958,臻鼎-KY,3.72,3147000.0,0.0,電子零組件業,https://www.capitalfund.com.tw/etf/product/detail/399/buyback
2026-06-30,00982A,主動群益台灣強棒,6223,旺矽,3.51,307000.0,0.0,半導體業,https://www.capitalfund.com.tw/etf/product/detail/399/buyback
2026-06-30,00982A,主動群益台灣強棒,2360,致茂,3.34,823000.0,0.0,其他電子業,https://www.capitalfund.com.tw/etf/product/detail/399/buyback
2026-06-30,00982A,主動群益台灣強棒,2383,台光電,3.32,328000.0,0.0,電子零組件業,https://www.capitalfund.com.tw/etf/product/detail/399/buyback
2026-06-30,00982A,主動群益台灣強棒,3105,穩懋,3.32,4143000.0,0.0,半導體業,https://www.capitalfund.com.tw/etf/product/detail/399/buyback
2026-06-30,00985A,主動野村台灣50,2330,å°ç©é»,25.1,1096000.0,0.0,半導體業,https://www.moneydj.com/ETF/X/Basic/Basic0007.xdjhtm?etfid=00985A.TW&topc=
2026-06-30,00985A,主動野村台灣50,3131,å¼å¡,2.9,84000.0,0.0,其他電子業,https://www.moneydj.com/ETF/X/Basic/Basic0007.xdjhtm?etfid=00985A.TW&topc=
2026-06-30,00985A,主動野村台灣50,2059,å·æ¹,2.59,37000.0,0.0,電子零組件業,https://www.moneydj.com/ETF/X/Basic/Basic0007.xdjhtm?etfid=00985A.TW&topc=
2026-06-30,00985A,主動野村台灣50,4958,è»é¼-KY,2.47,413000.0,0.0,電子零組件業,https://www.moneydj.com/ETF/X/Basic/Basic0007.xdjhtm?etfid=00985A.TW&topc=
2026-06-30,00985A,主動野村台灣50,8046,åé»,2.47,219000.0,0.0,電子零組件業,https://www.moneydj.com/ETF/X/Basic/Basic0007.xdjhtm?etfid=00985A.TW&topc=
2026-06-30,00985A,主動野村台灣50,3661,ä¸è¯-KY,2.42,61000.0,0.0,半導體業,https://www.moneydj.com/ETF/X/Basic/Basic0007.xdjhtm?etfid=00985A.TW&topc=
2026-06-30,00985A,主動野村台灣50,2412,ä¸­è¯é»,2.39,1778000.0,0.0,通信網路業,https://www.moneydj.com/ETF/X/Basic/Basic0007.xdjhtm?etfid=00985A.TW&topc=
2026-06-30,00985A,主動野村台灣50,2376,æå,2.36,723000.0,0.0,電腦及週邊設備業,https://www.moneydj.com/ETF/X/Basic/Basic0007.xdjhtm?etfid=00985A.TW&topc=
2026-06-30,00985A,主動野村台灣50,2360,è´è,2.34,114000.0,0.0,其他電子業,https://www.moneydj.com/ETF/X/Basic/Basic0007.xdjhtm?etfid=00985A.TW&topc=
2026-06-30,00985A,主動野村台灣50,6223,æºç½,2.31,40000.0,0.0,半導體業,https://www.moneydj.com/ETF/X/Basic/Basic0007.xdjhtm?etfid=00985A.TW&topc=
2026-06-30,00991A,主動復華未來50,NLYUS,安納利資本管理公司,4.863,230000.0,0.0,未分類,https://www.fhtrust.com.tw/ETF/etf_detail/ETF24#nav
2026-06-30,00991A,主動復華未來50,BMPSIM,義大利西恩那銀行股份公司,4.538,400000.0,0.0,未分類,https://www.fhtrust.com.tw/ETF/etf_detail/ETF24#nav
2026-06-30,00991A,主動復華未來50,UNIIM,Unipol保險股份公司,4.298,170000.0,0.0,未分類,https://www.fhtrust.com.tw/ETF/etf_detail/ETF24#nav
2026-06-30,00991A,主動復華未來50,CUS,花旗集團公司,3.918,30000.0,0.0,未分類,https://www.fhtrust.com.tw/ETF/etf_detail/ETF24#nav
2026-06-30,00991A,主動復華未來50,ABNNA,荷蘭銀行公眾有限公司,3.809,100000.0,0.0,未分類,https://www.fhtrust.com.tw/ETF/etf_detail/ETF24#nav
2026-06-30,00991A,主動復華未來50,HSBALN,匯豐控股有限公司,3.807,220000.0,0.0,未分類,https://www.fhtrust.com.tw/ETF/etf_detail/ETF24#nav
2026-06-30,00991A,主動復華未來50,TPEIRGA,Piraeus Bank SA,3.724,400000.0,0.0,未分類,https://www.fhtrust.com.tw/ETF/etf_detail/ETF24#nav
2026-06-30,00991A,主動復華未來50,MSUS,摩根士丹利,3.516,18000.0,0.0,未分類,https://www.fhtrust.com.tw/ETF/etf_detail/ETF24#nav
2026-06-30,00991A,主動復華未來50,AMUNFP,東方匯理資產管理有限責任公司,3.062,35000.0,0.0,未分類,https://www.fhtrust.com.tw/ETF/etf_detail/ETF24#nav
2026-06-30,00991A,主動復華未來50,ETEGA,希臘國家銀行,2.989,190000.0,0.0,未分類,https://www.fhtrust.com.tw/ETF/etf_detail/ETF24#nav
2026-06-30,00992A,主動群益科技創新,2330,台積電,7.74,1406000.0,0.0,半導體業,https://www.capitalfund.com.tw/etf/product/detail/500/buyback
2026-06-30,00992A,主動群益科技創新,2383,台光電,6.93,563000.0,0.0,電子零組件業,https://www.capitalfund.com.tw/etf/product/detail/500/buyback
2026-06-30,00992A,主動群益科技創新,3017,奇鋐,5.82,1009000.0,0.0,電腦及週邊設備業,https://www.capitalfund.com.tw/etf/product/detail/500/buyback
2026-06-30,00992A,主動群益科技創新,8996,高力,5.77,1630000.0,0.0,電機機械,https://www.capitalfund.com.tw/etf/product/detail/500/buyback
2026-06-30,00992A,主動群益科技創新,2345,智邦,5.57,977000.0,0.0,通信網路業,https://www.capitalfund.com.tw/etf/product/detail/500/buyback
2026-06-30,00992A,主動群益科技創新,3037,欣興,5.13,2097000.0,0.0,電子零組件業,https://www.capitalfund.com.tw/etf/product/detail/500/buyback
2026-06-30,00992A,主動群益科技創新,2059,川湖,4.93,293000.0,0.0,電子零組件業,https://www.capitalfund.com.tw/etf/product/detail/500/buyback
2026-06-30,00992A,主動群益科技創新,6223,旺矽,4.54,326000.0,0.0,半導體業,https://www.capitalfund.com.tw/etf/product/detail/500/buyback
2026-06-30,00992A,主動群益科技創新,3665,貿聯-KY,4.18,955000.0,0.0,其他電子業,https://www.capitalfund.com.tw/etf/product/detail/500/buyback
2026-06-30,00992A,主動群益科技創新,3008,大立光,4.12,420000.0,0.0,光電業,https://www.capitalfund.com.tw/etf/product/detail/500/buyback
2026-06-30,00993A,主動安聯台灣,2330,å°ç©é»,10.03,467000.0,0.0,半導體業,https://www.moneydj.com/ETF/X/Basic/Basic0007.xdjhtm?etfid=00993A.TW&topc=
2026-06-30,00993A,主動安聯台灣,2327,åå·¨*,6.4,628000.0,0.0,電子零組件業,https://www.moneydj.com/ETF/X/Basic/Basic0007.xdjhtm?etfid=00993A.TW&topc=
2026-06-30,00993A,主動安聯台灣,2454,è¯ç¼ç§,6.15,162000.0,0.0,半導體業,https://www.moneydj.com/ETF/X/Basic/Basic0007.xdjhtm?etfid=00993A.TW&topc=
2026-06-30,00993A,主動安聯台灣,2383,å°åé»,5.54,115000.0,0.0,電子零組件業,https://www.moneydj.com/ETF/X/Basic/Basic0007.xdjhtm?etfid=00993A.TW&topc=
2026-06-30,00993A,主動安聯台灣,6223,æºç½,4.19,77000.0,0.0,半導體業,https://www.moneydj.com/ETF/X/Basic/Basic0007.xdjhtm?etfid=00993A.TW&topc=
2026-06-30,00993A,主動安聯台灣,2308,å°éé»,3.83,220000.0,0.0,電子零組件業,https://www.moneydj.com/ETF/X/Basic/Basic0007.xdjhtm?etfid=00993A.TW&topc=
2026-06-30,00993A,主動安聯台灣,3017,å¥é,3.57,158000.0,0.0,電腦及週邊設備業,https://www.moneydj.com/ETF/X/Basic/Basic0007.xdjhtm?etfid=00993A.TW&topc=
2026-06-30,00993A,主動安聯台灣,3037,æ¬£è,3.52,368000.0,0.0,電子零組件業,https://www.moneydj.com/ETF/X/Basic/Basic0007.xdjhtm?etfid=00993A.TW&topc=
2026-06-30,00993A,主動安聯台灣,2344,è¯é¦é»,3.32,1792000.0,0.0,半導體業,https://www.moneydj.com/ETF/X/Basic/Basic0007.xdjhtm?etfid=00993A.TW&topc=
2026-06-30,00993A,主動安聯台灣,2303,è¯é»,3.27,2223000.0,0.0,半導體業,https://www.moneydj.com/ETF/X/Basic/Basic0007.xdjhtm?etfid=00993A.TW&topc=
2026-06-30,00999A,主動野村臺灣高息,2330,å°ç©é»,8.32,484000.0,0.0,半導體業,https://www.moneydj.com/ETF/X/Basic/Basic0007.xdjhtm?etfid=00999A.TW&topc=
2026-06-30,00999A,主動野村臺灣高息,2308,å°éé»,4.06,292000.0,0.0,電子零組件業,https://www.moneydj.com/ETF/X/Basic/Basic0007.xdjhtm?etfid=00999A.TW&topc=
2026-06-30,00999A,主動野村臺灣高息,2383,å°åé»,3.81,99000.0,0.0,電子零組件業,https://www.moneydj.com/ETF/X/Basic/Basic0007.xdjhtm?etfid=00999A.TW&topc=
2026-06-30,00999A,主動野村臺灣高息,2454,è¯ç¼ç§,3.66,121000.0,0.0,半導體業,https://www.moneydj.com/ETF/X/Basic/Basic0007.xdjhtm?etfid=00999A.TW&topc=
2026-06-30,00999A,主動野村臺灣高息,2059,å·æ¹,3.41,65000.0,0.0,電子零組件業,https://www.moneydj.com/ETF/X/Basic/Basic0007.xdjhtm?etfid=00999A.TW&topc=
2026-06-30,00999A,主動野村臺灣高息,2357,è¯ç¢©,2.95,590000.0,0.0,電腦及週邊設備業,https://www.moneydj.com/ETF/X/Basic/Basic0007.xdjhtm?etfid=00999A.TW&topc=
2026-06-30,00999A,主動野村臺灣高息,7769,é´»å,2.86,62000.0,0.0,半導體業,https://www.moneydj.com/ETF/X/Basic/Basic0007.xdjhtm?etfid=00999A.TW&topc=
2026-06-30,00999A,主動野村臺灣高息,2618,é·æ¦®èª,2.57,8019000.0,0.0,航運業,https://www.moneydj.com/ETF/X/Basic/Basic0007.xdjhtm?etfid=00999A.TW&topc=
2026-06-30,00999A,主動野村臺灣高息,2408,åäºç§,2.55,789000.0,0.0,半導體業,https://www.moneydj.com/ETF/X/Basic/Basic0007.xdjhtm?etfid=00999A.TW&topc=
2026-06-30,00999A,主動野村臺灣高息,2368,éåé»,2.4,280000.0,0.0,電子零組件業,https://www.moneydj.com/ETF/X/Basic/Basic0007.xdjhtm?etfid=00999A.TW&topc=
2026-07-01,00400A,主動國泰動能高息,2330,å°ç©é»,7.41,770000.0,0.0,半導體業,https://www.moneydj.com/ETF/X/Basic/Basic0007.xdjhtm?etfid=00400A.TW&topc=
2026-07-01,00400A,主動國泰動能高息,2454,è¯ç¼ç§,7.32,440000.0,0.0,半導體業,https://www.moneydj.com/ETF/X/Basic/Basic0007.xdjhtm?etfid=00400A.TW&topc=
2026-07-01,00400A,主動國泰動能高息,2383,å°åé»,7.06,332000.0,0.0,電子零組件業,https://www.moneydj.com/ETF/X/Basic/Basic0007.xdjhtm?etfid=00400A.TW&topc=
2026-07-01,00400A,主動國泰動能高息,6223,æºç½,4.4,171000.0,0.0,半導體業,https://www.moneydj.com/ETF/X/Basic/Basic0007.xdjhtm?etfid=00400A.TW&topc=
2026-07-01,00400A,主動國泰動能高息,3037,æ¬£è,4.28,1071000.0,0.0,電子零組件業,https://www.moneydj.com/ETF/X/Basic/Basic0007.xdjhtm?etfid=00400A.TW&topc=
2026-07-01,00400A,主動國泰動能高息,3017,å¥é,4.0,398000.0,0.0,電腦及週邊設備業,https://www.moneydj.com/ETF/X/Basic/Basic0007.xdjhtm?etfid=00400A.TW&topc=
2026-07-01,00400A,主動國泰動能高息,2327,åå·¨*,3.93,898000.0,0.0,電子零組件業,https://www.moneydj.com/ETF/X/Basic/Basic0007.xdjhtm?etfid=00400A.TW&topc=
2026-07-01,00400A,主動國泰動能高息,6488,ç°çæ¶,3.62,853000.0,0.0,半導體業,https://www.moneydj.com/ETF/X/Basic/Basic0007.xdjhtm?etfid=00400A.TW&topc=
2026-07-01,00400A,主動國泰動能高息,2360,è´è,3.52,404000.0,0.0,其他電子業,https://www.moneydj.com/ETF/X/Basic/Basic0007.xdjhtm?etfid=00400A.TW&topc=
2026-07-01,00400A,主動國泰動能高息,2308,å°éé»,3.51,459000.0,0.0,電子零組件業,https://www.moneydj.com/ETF/X/Basic/Basic0007.xdjhtm?etfid=00400A.TW&topc=
2026-07-01,00980A,主動野村臺灣優選,2330,å°ç©é»,8.96,634000.0,0.0,半導體業,https://www.moneydj.com/ETF/X/Basic/Basic0007.xdjhtm?etfid=00980A.TW&topc=
2026-07-01,00980A,主動野村臺灣優選,2454,è¯ç¼ç§,6.58,269000.0,0.0,半導體業,https://www.moneydj.com/ETF/X/Basic/Basic0007.xdjhtm?etfid=00980A.TW&topc=
2026-07-01,00980A,主動野村臺灣優選,2308,å°éé»,5.33,475000.0,0.0,電子零組件業,https://www.moneydj.com/ETF/X/Basic/Basic0007.xdjhtm?etfid=00980A.TW&topc=
2026-07-01,00980A,主動野村臺灣優選,2059,å·æ¹,4.75,110000.0,0.0,電子零組件業,https://www.moneydj.com/ETF/X/Basic/Basic0007.xdjhtm?etfid=00980A.TW&topc=
2026-07-01,00980A,主動野村臺灣優選,2383,å°åé»,4.18,134000.0,0.0,電子零組件業,https://www.moneydj.com/ETF/X/Basic/Basic0007.xdjhtm?etfid=00980A.TW&topc=
2026-07-01,00980A,主動野村臺灣優選,7769,é´»å,3.65,93000.0,0.0,半導體業,https://www.moneydj.com/ETF/X/Basic/Basic0007.xdjhtm?etfid=00980A.TW&topc=
2026-07-01,00980A,主動野村臺灣優選,3037,æ¬£è,3.3,562000.0,0.0,電子零組件業,https://www.moneydj.com/ETF/X/Basic/Basic0007.xdjhtm?etfid=00980A.TW&topc=
2026-07-01,00980A,主動野村臺灣優選,3653,å¥ç­,2.9,151000.0,0.0,電子零組件業,https://www.moneydj.com/ETF/X/Basic/Basic0007.xdjhtm?etfid=00980A.TW&topc=
2026-07-01,00980A,主動野村臺灣優選,6223,æºç½,2.87,76000.0,0.0,半導體業,https://www.moneydj.com/ETF/X/Basic/Basic0007.xdjhtm?etfid=00980A.TW&topc=
2026-07-01,00980A,主動野村臺灣優選,6515,ç©å´´,2.76,55000.0,0.0,半導體業,https://www.moneydj.com/ETF/X/Basic/Basic0007.xdjhtm?etfid=00980A.TW&topc=
2026-07-01,00982A,主動群益台灣強棒,5536,聖暉*,9.24,3734000.0,0.0,其他電子業,https://www.capitalfund.com.tw/etf/product/detail/399/buyback
2026-07-01,00982A,主動群益台灣強棒,2330,台積電,9.1,1967000.0,0.0,半導體業,https://www.capitalfund.com.tw/etf/product/detail/399/buyback
2026-07-01,00982A,主動群益台灣強棒,2454,聯發科,6.9,862000.0,0.0,半導體業,https://www.capitalfund.com.tw/etf/product/detail/399/buyback
2026-07-01,00982A,主動群益台灣強棒,6139,亞翔,5.16,3067000.0,0.0,其他電子業,https://www.capitalfund.com.tw/etf/product/detail/399/buyback
2026-07-01,00982A,主動群益台灣強棒,2345,智邦,3.92,799000.0,0.0,通信網路業,https://www.capitalfund.com.tw/etf/product/detail/399/buyback
2026-07-01,00982A,主動群益台灣強棒,6223,旺矽,3.79,307000.0,0.0,半導體業,https://www.capitalfund.com.tw/etf/product/detail/399/buyback
2026-07-01,00982A,主動群益台灣強棒,4958,臻鼎-KY,3.5,3147000.0,0.0,電子零組件業,https://www.capitalfund.com.tw/etf/product/detail/399/buyback
2026-07-01,00982A,主動群益台灣強棒,2360,致茂,3.45,823000.0,0.0,其他電子業,https://www.capitalfund.com.tw/etf/product/detail/399/buyback
2026-07-01,00982A,主動群益台灣強棒,2383,台光電,3.35,328000.0,0.0,電子零組件業,https://www.capitalfund.com.tw/etf/product/detail/399/buyback
2026-07-01,00982A,主動群益台灣強棒,3105,穩懋,3.19,4143000.0,0.0,半導體業,https://www.capitalfund.com.tw/etf/product/detail/399/buyback
2026-07-01,00985A,主動野村台灣50,2330,å°ç©é»,25.77,1096000.0,0.0,半導體業,https://www.moneydj.com/ETF/X/Basic/Basic0007.xdjhtm?etfid=00985A.TW&topc=
2026-07-01,00985A,主動野村台灣50,3661,ä¸è¯-KY,3.05,73000.0,0.0,半導體業,https://www.moneydj.com/ETF/X/Basic/Basic0007.xdjhtm?etfid=00985A.TW&topc=
2026-07-01,00985A,主動野村台灣50,2376,æå,2.92,922000.0,0.0,電腦及週邊設備業,https://www.moneydj.com/ETF/X/Basic/Basic0007.xdjhtm?etfid=00985A.TW&topc=
2026-07-01,00985A,主動野村台灣50,2059,å·æ¹,2.66,37000.0,0.0,電子零組件業,https://www.moneydj.com/ETF/X/Basic/Basic0007.xdjhtm?etfid=00985A.TW&topc=
2026-07-01,00985A,主動野村台灣50,2360,è´è,2.43,114000.0,0.0,其他電子業,https://www.moneydj.com/ETF/X/Basic/Basic0007.xdjhtm?etfid=00985A.TW&topc=
2026-07-01,00985A,主動野村台灣50,4958,è»é¼-KY,2.34,413000.0,0.0,電子零組件業,https://www.moneydj.com/ETF/X/Basic/Basic0007.xdjhtm?etfid=00985A.TW&topc=
2026-07-01,00985A,主動野村台灣50,2345,æºé¦,2.3,92000.0,0.0,通信網路業,https://www.moneydj.com/ETF/X/Basic/Basic0007.xdjhtm?etfid=00985A.TW&topc=
2026-07-01,00985A,主動野村台灣50,3131,å¼å¡,2.25,65000.0,0.0,其他電子業,https://www.moneydj.com/ETF/X/Basic/Basic0007.xdjhtm?etfid=00985A.TW&topc=
2026-07-01,00985A,主動野村台灣50,2383,å°åé»,2.13,41000.0,0.0,電子零組件業,https://www.moneydj.com/ETF/X/Basic/Basic0007.xdjhtm?etfid=00985A.TW&topc=
2026-07-01,00985A,主動野村台灣50,3017,å¥é,2.04,83000.0,0.0,電腦及週邊設備業,https://www.moneydj.com/ETF/X/Basic/Basic0007.xdjhtm?etfid=00985A.TW&topc=
2026-07-01,00990A,主動元大AI新經濟,5275,-0.94,29.37,919.0,0.0,未分類,https://www.moneydj.com/ETF/X/Basic/Basic0009.xdjhtm?etfid=00990A.TW
2026-07-01,00990A,主動元大AI新經濟,1068,N/AN/AN/AN/AN/AN/AN/AN/AN/AN/Aåºæºææ¸æ¼²è·å¹,22.92,0.0,0.0,未分類,https://www.moneydj.com/ETF/X/Basic/Basic0009.xdjhtm?etfid=00990A.TW
2026-07-01,00990A,主動元大AI新經濟,2808,-,14.43,1.16,0.0,未分類,https://www.moneydj.com/ETF/X/Basic/Basic0009.xdjhtm?etfid=00990A.TW
2026-07-01,00990A,主動元大AI新經濟,4053,-,12.62,11.44,0.0,未分類,https://www.moneydj.com/ETF/X/Basic/Basic0009.xdjhtm?etfid=00990A.TW
2026-07-01,00990A,主動元大AI新經濟,1097,N/AN/AN/AN/AN/AN/AN/Aåºæºææ¸æ¼²è·å¹,12.45,13.3,0.0,未分類,https://www.moneydj.com/ETF/X/Basic/Basic0009.xdjhtm?etfid=00990A.TW
2026-07-01,00990A,主動元大AI新經濟,0800,-,6.0,0.0,0.0,未分類,https://www.moneydj.com/ETF/X/Basic/Basic0009.xdjhtm?etfid=00990A.TW
2026-07-01,00990A,主動元大AI新經濟,2023,Q,2.0,0.0,0.0,鋼鐵工業,https://www.moneydj.com/ETF/X/Basic/Basic0009.xdjhtm?etfid=00990A.TW
2026-07-01,00990A,主動元大AI新經濟,1171,-,1.83,0.0,0.0,未分類,https://www.moneydj.com/ETF/X/Basic/Basic0009.xdjhtm?etfid=00990A.TW
2026-07-01,00990A,主動元大AI新經濟,3332,-,0.54,0.0,0.0,電子零組件業,https://www.moneydj.com/ETF/X/Basic/Basic0009.xdjhtm?etfid=00990A.TW
2026-07-01,00990A,主動元大AI新經濟,1029,-,0.23,1.81,0.0,未分類,https://www.moneydj.com/ETF/X/Basic/Basic0009.xdjhtm?etfid=00990A.TW
2026-07-01,00993A,主動安聯台灣,2330,å°ç©é»,10.3,467000.0,0.0,半導體業,https://www.moneydj.com/ETF/X/Basic/Basic0007.xdjhtm?etfid=00993A.TW&topc=
2026-07-01,00993A,主動安聯台灣,2327,åå·¨*,6.98,694000.0,0.0,電子零組件業,https://www.moneydj.com/ETF/X/Basic/Basic0007.xdjhtm?etfid=00993A.TW&topc=
2026-07-01,00993A,主動安聯台灣,2454,è¯ç¼ç§,6.28,164000.0,0.0,半導體業,https://www.moneydj.com/ETF/X/Basic/Basic0007.xdjhtm?etfid=00993A.TW&topc=
2026-07-01,00993A,主動安聯台灣,2383,å°åé»,5.62,115000.0,0.0,電子零組件業,https://www.moneydj.com/ETF/X/Basic/Basic0007.xdjhtm?etfid=00993A.TW&topc=
2026-07-01,00993A,主動安聯台灣,6223,æºç½,4.55,77000.0,0.0,半導體業,https://www.moneydj.com/ETF/X/Basic/Basic0007.xdjhtm?etfid=00993A.TW&topc=
2026-07-01,00993A,主動安聯台灣,2308,å°éé»,3.86,220000.0,0.0,電子零組件業,https://www.moneydj.com/ETF/X/Basic/Basic0007.xdjhtm?etfid=00993A.TW&topc=
2026-07-01,00993A,主動安聯台灣,3017,å¥é,3.65,158000.0,0.0,電腦及週邊設備業,https://www.moneydj.com/ETF/X/Basic/Basic0007.xdjhtm?etfid=00993A.TW&topc=
2026-07-01,00993A,主動安聯台灣,2345,æºé¦,3.4,145000.0,0.0,通信網路業,https://www.moneydj.com/ETF/X/Basic/Basic0007.xdjhtm?etfid=00993A.TW&topc=
2026-07-01,00993A,主動安聯台灣,3037,æ¬£è,3.38,368000.0,0.0,電子零組件業,https://www.moneydj.com/ETF/X/Basic/Basic0007.xdjhtm?etfid=00993A.TW&topc=
2026-07-01,00993A,主動安聯台灣,2303,è¯é»,3.32,2223000.0,0.0,半導體業,https://www.moneydj.com/ETF/X/Basic/Basic0007.xdjhtm?etfid=00993A.TW&topc=
2026-07-01,00999A,主動野村臺灣高息,2330,å°ç©é»,8.65,484000.0,0.0,半導體業,https://www.moneydj.com/ETF/X/Basic/Basic0007.xdjhtm?etfid=00999A.TW&topc=
2026-07-01,00999A,主動野村臺灣高息,2454,è¯ç¼ç§,4.67,151000.0,0.0,半導體業,https://www.moneydj.com/ETF/X/Basic/Basic0007.xdjhtm?etfid=00999A.TW&topc=
2026-07-01,00999A,主動野村臺灣高息,2059,å·æ¹,4.48,82000.0,0.0,電子零組件業,https://www.moneydj.com/ETF/X/Basic/Basic0007.xdjhtm?etfid=00999A.TW&topc=
2026-07-01,00999A,主動野村臺灣高息,2308,å°éé»,4.14,292000.0,0.0,電子零組件業,https://www.moneydj.com/ETF/X/Basic/Basic0007.xdjhtm?etfid=00999A.TW&topc=
2026-07-01,00999A,主動野村臺灣高息,2383,å°åé»,3.91,99000.0,0.0,電子零組件業,https://www.moneydj.com/ETF/X/Basic/Basic0007.xdjhtm?etfid=00999A.TW&topc=
2026-07-01,00999A,主動野村臺灣高息,7769,é´»å,3.08,62000.0,0.0,半導體業,https://www.moneydj.com/ETF/X/Basic/Basic0007.xdjhtm?etfid=00999A.TW&topc=
2026-07-01,00999A,主動野村臺灣高息,2618,é·æ¦®èª,2.51,8019000.0,0.0,航運業,https://www.moneydj.com/ETF/X/Basic/Basic0007.xdjhtm?etfid=00999A.TW&topc=
2026-07-01,00999A,主動野村臺灣高息,2368,éåé»,2.44,280000.0,0.0,電子零組件業,https://www.moneydj.com/ETF/X/Basic/Basic0007.xdjhtm?etfid=00999A.TW&topc=
2026-07-01,00999A,主動野村臺灣高息,2408,åäºç§,2.37,789000.0,0.0,半導體業,https://www.moneydj.com/ETF/X/Basic/Basic0007.xdjhtm?etfid=00999A.TW&topc=
2026-07-01,00999A,主動野村臺灣高息,3653,å¥ç­,2.3,95000.0,0.0,電子零組件業,https://www.moneydj.com/ETF/X/Basic/Basic0007.xdjhtm?etfid=00999A.TW&topc=
2026-07-02,00400A,主動國泰動能高息,2454,è¯ç¼ç§,7.29,440000.0,0.0,半導體業,https://www.moneydj.com/ETF/X/Basic/Basic0007.xdjhtm?etfid=00400A.TW&topc=
2026-07-02,00400A,主動國泰動能高息,2330,å°ç©é»,7.23,770000.0,0.0,半導體業,https://www.moneydj.com/ETF/X/Basic/Basic0007.xdjhtm?etfid=00400A.TW&topc=
2026-07-02,00400A,主動國泰動能高息,2383,å°åé»,7.15,332000.0,0.0,電子零組件業,https://www.moneydj.com/ETF/X/Basic/Basic0007.xdjhtm?etfid=00400A.TW&topc=
2026-07-02,00400A,主動國泰動能高息,6223,æºç½,4.73,171000.0,0.0,半導體業,https://www.moneydj.com/ETF/X/Basic/Basic0007.xdjhtm?etfid=00400A.TW&topc=
2026-07-02,00400A,主動國泰動能高息,3017,å¥é,4.16,398000.0,0.0,電腦及週邊設備業,https://www.moneydj.com/ETF/X/Basic/Basic0007.xdjhtm?etfid=00400A.TW&topc=
2026-07-02,00400A,主動國泰動能高息,3037,æ¬£è,4.0,1071000.0,0.0,電子零組件業,https://www.moneydj.com/ETF/X/Basic/Basic0007.xdjhtm?etfid=00400A.TW&topc=
2026-07-02,00400A,主動國泰動能高息,6488,ç°çæ¶,3.92,853000.0,0.0,半導體業,https://www.moneydj.com/ETF/X/Basic/Basic0007.xdjhtm?etfid=00400A.TW&topc=
2026-07-02,00400A,主動國泰動能高息,2327,åå·¨*,3.61,898000.0,0.0,電子零組件業,https://www.moneydj.com/ETF/X/Basic/Basic0007.xdjhtm?etfid=00400A.TW&topc=
2026-07-02,00400A,主動國泰動能高息,2360,è´è,3.4,404000.0,0.0,其他電子業,https://www.moneydj.com/ETF/X/Basic/Basic0007.xdjhtm?etfid=00400A.TW&topc=
2026-07-02,00400A,主動國泰動能高息,2308,å°éé»,3.35,446000.0,0.0,電子零組件業,https://www.moneydj.com/ETF/X/Basic/Basic0007.xdjhtm?etfid=00400A.TW&topc=
2026-07-02,00980A,主動野村臺灣優選,2330,å°ç©é»,8.83,634000.0,0.0,半導體業,https://www.moneydj.com/ETF/X/Basic/Basic0007.xdjhtm?etfid=00980A.TW&topc=
2026-07-02,00980A,主動野村臺灣優選,2454,è¯ç¼ç§,6.61,269000.0,0.0,半導體業,https://www.moneydj.com/ETF/X/Basic/Basic0007.xdjhtm?etfid=00980A.TW&topc=
2026-07-02,00980A,主動野村臺灣優選,2308,å°éé»,5.29,475000.0,0.0,電子零組件業,https://www.moneydj.com/ETF/X/Basic/Basic0007.xdjhtm?etfid=00980A.TW&topc=
2026-07-02,00980A,主動野村臺灣優選,2059,å·æ¹,4.9,110000.0,0.0,電子零組件業,https://www.moneydj.com/ETF/X/Basic/Basic0007.xdjhtm?etfid=00980A.TW&topc=
2026-07-02,00980A,主動野村臺灣優選,2383,å°åé»,4.28,134000.0,0.0,電子零組件業,https://www.moneydj.com/ETF/X/Basic/Basic0007.xdjhtm?etfid=00980A.TW&topc=
2026-07-02,00980A,主動野村臺灣優選,7769,é´»å,3.7,93000.0,0.0,半導體業,https://www.moneydj.com/ETF/X/Basic/Basic0007.xdjhtm?etfid=00980A.TW&topc=
2026-07-02,00980A,主動野村臺灣優選,6223,æºç½,3.12,76000.0,0.0,半導體業,https://www.moneydj.com/ETF/X/Basic/Basic0007.xdjhtm?etfid=00980A.TW&topc=
2026-07-02,00980A,主動野村臺灣優選,3037,æ¬£è,3.11,562000.0,0.0,電子零組件業,https://www.moneydj.com/ETF/X/Basic/Basic0007.xdjhtm?etfid=00980A.TW&topc=
2026-07-02,00980A,主動野村臺灣優選,3653,å¥ç­,2.97,151000.0,0.0,電子零組件業,https://www.moneydj.com/ETF/X/Basic/Basic0007.xdjhtm?etfid=00980A.TW&topc=
2026-07-02,00980A,主動野村臺灣優選,6515,ç©å´´,2.89,55000.0,0.0,半導體業,https://www.moneydj.com/ETF/X/Basic/Basic0007.xdjhtm?etfid=00980A.TW&topc=
2026-07-02,00982A,主動群益台灣強棒,5536,聖暉*,9.7,3716000.0,0.0,其他電子業,https://www.capitalfund.com.tw/etf/product/detail/399/buyback
2026-07-02,00982A,主動群益台灣強棒,2330,台積電,8.85,1967000.0,0.0,半導體業,https://www.capitalfund.com.tw/etf/product/detail/399/buyback
2026-07-02,00982A,主動群益台灣強棒,2454,聯發科,6.8,857000.0,0.0,半導體業,https://www.capitalfund.com.tw/etf/product/detail/399/buyback
2026-07-02,00982A,主動群益台灣強棒,6139,亞翔,5.26,3067000.0,0.0,其他電子業,https://www.capitalfund.com.tw/etf/product/detail/399/buyback
2026-07-02,00982A,主動群益台灣強棒,6223,旺矽,4.07,307000.0,0.0,半導體業,https://www.capitalfund.com.tw/etf/product/detail/399/buyback
2026-07-02,00982A,主動群益台灣強棒,2345,智邦,3.99,794000.0,0.0,通信網路業,https://www.capitalfund.com.tw/etf/product/detail/399/buyback
2026-07-02,00982A,主動群益台灣強棒,4958,臻鼎-KY,3.44,3147000.0,0.0,電子零組件業,https://www.capitalfund.com.tw/etf/product/detail/399/buyback
2026-07-02,00982A,主動群益台灣強棒,2383,台光電,3.37,326000.0,0.0,電子零組件業,https://www.capitalfund.com.tw/etf/product/detail/399/buyback
2026-07-02,00982A,主動群益台灣強棒,2360,致茂,3.32,823000.0,0.0,其他電子業,https://www.capitalfund.com.tw/etf/product/detail/399/buyback
2026-07-02,00982A,主動群益台灣強棒,3105,穩懋,3.11,4143000.0,0.0,半導體業,https://www.capitalfund.com.tw/etf/product/detail/399/buyback
2026-07-02,00985A,主動野村台灣50,2330,å°ç©é»,25.58,1096000.0,0.0,半導體業,https://www.moneydj.com/ETF/X/Basic/Basic0007.xdjhtm?etfid=00985A.TW&topc=
2026-07-02,00985A,主動野村台灣50,3661,ä¸è¯-KY,3.38,73000.0,0.0,半導體業,https://www.moneydj.com/ETF/X/Basic/Basic0007.xdjhtm?etfid=00985A.TW&topc=
2026-07-02,00985A,主動野村台灣50,2376,æå,2.95,922000.0,0.0,電腦及週邊設備業,https://www.moneydj.com/ETF/X/Basic/Basic0007.xdjhtm?etfid=00985A.TW&topc=
2026-07-02,00985A,主動野村台灣50,2059,å·æ¹,2.76,37000.0,0.0,電子零組件業,https://www.moneydj.com/ETF/X/Basic/Basic0007.xdjhtm?etfid=00985A.TW&topc=
2026-07-02,00985A,主動野村台灣50,6442,åè,2.51,162000.0,0.0,通信網路業,https://www.moneydj.com/ETF/X/Basic/Basic0007.xdjhtm?etfid=00985A.TW&topc=
2026-07-02,00985A,主動野村台灣50,2345,æºé¦,2.4,92000.0,0.0,通信網路業,https://www.moneydj.com/ETF/X/Basic/Basic0007.xdjhtm?etfid=00985A.TW&topc=
2026-07-02,00985A,主動野村台灣50,3131,å¼å¡,2.4,65000.0,0.0,其他電子業,https://www.moneydj.com/ETF/X/Basic/Basic0007.xdjhtm?etfid=00985A.TW&topc=
2026-07-02,00985A,主動野村台灣50,2360,è´è,2.39,114000.0,0.0,其他電子業,https://www.moneydj.com/ETF/X/Basic/Basic0007.xdjhtm?etfid=00985A.TW&topc=
2026-07-02,00985A,主動野村台灣50,4958,è»é¼-KY,2.34,413000.0,0.0,電子零組件業,https://www.moneydj.com/ETF/X/Basic/Basic0007.xdjhtm?etfid=00985A.TW&topc=
2026-07-02,00985A,主動野村台灣50,3036,ææ,2.29,1111000.0,0.0,電子通路業,https://www.moneydj.com/ETF/X/Basic/Basic0007.xdjhtm?etfid=00985A.TW&topc=
2026-07-02,00991A,主動復華未來50,NLYUS,安納利資本管理公司,4.752,230000.0,0.0,未分類,https://www.fhtrust.com.tw/ETF/etf_detail/ETF24#nav
2026-07-02,00991A,主動復華未來50,UNIIM,Unipol保險股份公司,4.591,170000.0,0.0,未分類,https://www.fhtrust.com.tw/ETF/etf_detail/ETF24#nav
2026-07-02,00991A,主動復華未來50,BMPSIM,義大利西恩那銀行股份公司,4.515,400000.0,0.0,未分類,https://www.fhtrust.com.tw/ETF/etf_detail/ETF24#nav
2026-07-02,00991A,主動復華未來50,ABNNA,荷蘭銀行公眾有限公司,3.907,100000.0,0.0,未分類,https://www.fhtrust.com.tw/ETF/etf_detail/ETF24#nav
2026-07-02,00991A,主動復華未來50,TPEIRGA,Piraeus Bank SA,3.838,400000.0,0.0,未分類,https://www.fhtrust.com.tw/ETF/etf_detail/ETF24#nav
2026-07-02,00991A,主動復華未來50,HSBALN,匯豐控股有限公司,3.835,220000.0,0.0,未分類,https://www.fhtrust.com.tw/ETF/etf_detail/ETF24#nav
2026-07-02,00991A,主動復華未來50,CUS,花旗集團公司,3.797,30000.0,0.0,未分類,https://www.fhtrust.com.tw/ETF/etf_detail/ETF24#nav
2026-07-02,00991A,主動復華未來50,MSUS,摩根士丹利,3.477,18000.0,0.0,未分類,https://www.fhtrust.com.tw/ETF/etf_detail/ETF24#nav
2026-07-02,00991A,主動復華未來50,GLEFP,法國興業銀行股份有限公司,3.439,43000.0,0.0,未分類,https://www.fhtrust.com.tw/ETF/etf_detail/ETF24#nav
2026-07-02,00991A,主動復華未來50,BNPFP,法國巴黎銀行有限責任公司,3.272,31000.0,0.0,未分類,https://www.fhtrust.com.tw/ETF/etf_detail/ETF24#nav
2026-07-02,00991A,主動復華未來50,AMUNFP,東方匯理資產管理有限責任公司,3.107,35000.0,0.0,未分類,https://www.fhtrust.com.tw/ETF/etf_detail/ETF24#nav
2026-07-02,00991A,主動復華未來50,ETEGA,希臘國家銀行,3.037,190000.0,0.0,未分類,https://www.fhtrust.com.tw/ETF/etf_detail/ETF24#nav
2026-07-02,00993A,主動安聯台灣,2330,å°ç©é»,10.2,467000.0,0.0,半導體業,https://www.moneydj.com/ETF/X/Basic/Basic0007.xdjhtm?etfid=00993A.TW&topc=
2026-07-02,00993A,主動安聯台灣,2327,åå·¨*,6.49,694000.0,0.0,電子零組件業,https://www.moneydj.com/ETF/X/Basic/Basic0007.xdjhtm?etfid=00993A.TW&topc=
2026-07-02,00993A,主動安聯台灣,2454,è¯ç¼ç§,6.31,164000.0,0.0,半導體業,https://www.moneydj.com/ETF/X/Basic/Basic0007.xdjhtm?etfid=00993A.TW&topc=
2026-07-02,00993A,主動安聯台灣,2383,å°åé»,5.76,115000.0,0.0,電子零組件業,https://www.moneydj.com/ETF/X/Basic/Basic0007.xdjhtm?etfid=00993A.TW&topc=
2026-07-02,00993A,主動安聯台灣,6223,æºç½,4.95,77000.0,0.0,半導體業,https://www.moneydj.com/ETF/X/Basic/Basic0007.xdjhtm?etfid=00993A.TW&topc=
2026-07-02,00993A,主動安聯台灣,2308,å°éé»,3.84,220000.0,0.0,電子零組件業,https://www.moneydj.com/ETF/X/Basic/Basic0007.xdjhtm?etfid=00993A.TW&topc=
2026-07-02,00993A,主動安聯台灣,3017,å¥é,3.83,158000.0,0.0,電腦及週邊設備業,https://www.moneydj.com/ETF/X/Basic/Basic0007.xdjhtm?etfid=00993A.TW&topc=
2026-07-02,00993A,主動安聯台灣,2345,æºé¦,3.53,145000.0,0.0,通信網路業,https://www.moneydj.com/ETF/X/Basic/Basic0007.xdjhtm?etfid=00993A.TW&topc=
2026-07-02,00993A,主動安聯台灣,2303,è¯é»,3.26,2223000.0,0.0,半導體業,https://www.moneydj.com/ETF/X/Basic/Basic0007.xdjhtm?etfid=00993A.TW&topc=
2026-07-02,00993A,主動安聯台灣,3037,æ¬£è,3.19,368000.0,0.0,電子零組件業,https://www.moneydj.com/ETF/X/Basic/Basic0007.xdjhtm?etfid=00993A.TW&topc=
2026-07-02,00998A,主動復華金融股息,1186,最新市價/漲跌幅,44.81,0.0,0.0,未分類,https://www.fhtrust.com.tw/ETF
2026-07-02,00998A,主動復華金融股息,4368,漲跌/漲跌幅-,5.82,0.0,0.0,未分類,https://www.fhtrust.com.tw/ETF
2026-07-02,00998A,主動復華金融股息,1419,/,2.45,0.0,0.0,紡織纖維,https://www.fhtrust.com.tw/ETF
2026-07-02,00998A,主動復華金融股息,8710,/-,1.41,0.0,0.0,未分類,https://www.fhtrust.com.tw/ETF
2026-07-02,00998A,主動復華金融股息,3119,/,1.33,0.0,0.0,未分類,https://www.fhtrust.com.tw/ETF
2026-07-02,00998A,主動復華金融股息,2073,/,1.22,0.0,0.0,鋼鐵工業,https://www.fhtrust.com.tw/ETF
2026-07-02,00998A,主動復華金融股息,1677,/,1.15,0.0,0.0,未分類,https://www.fhtrust.com.tw/ETF
2026-07-02,00998A,主動復華金融股息,2064,/-,1.1,0.0,0.0,鋼鐵工業,https://www.fhtrust.com.tw/ETF
2026-07-02,00998A,主動復華金融股息,8394,日漲跌幅,0.88,0.0,0.0,未分類,https://www.fhtrust.com.tw/ETF
2026-07-02,00998A,主動復華金融股息,1484,/-,0.27,0.0,0.0,未分類,https://www.fhtrust.com.tw/ETF
2026-07-02,00998A,主動復華金融股息,3117,漲跌/漲跌幅,0.27,0.0,0.0,未分類,https://www.fhtrust.com.tw/ETF
2026-07-02,00998A,主動復華金融股息,2080,漲跌/漲跌幅,0.25,0.0,0.0,未分類,https://www.fhtrust.com.tw/ETF
2026-07-02,00998A,主動復華金融股息,2060,漲跌/漲跌幅-,0.22,0.0,0.0,未分類,https://www.fhtrust.com.tw/ETF
2026-07-02,00998A,主動復華金融股息,1676,漲跌/漲跌幅,0.2,0.0,0.0,未分類,https://www.fhtrust.com.tw/ETF
2026-07-02,00998A,主動復華金融股息,3257,漲跌/漲跌幅-,0.14,0.0,0.0,半導體業,https://www.fhtrust.com.tw/ETF
2026-07-02,00998A,主動復華金融股息,3252,/-,0.09,0.0,0.0,觀光餐旅,https://www.fhtrust.com.tw/ETF
2026-07-02,00998A,主動復華金融股息,1899,漲跌/漲跌幅,0.04,0.0,0.0,未分類,https://www.fhtrust.com.tw/ETF
2026-07-02,00998A,主動復華金融股息,1487,漲跌/漲跌幅-,0.03,0.0,0.0,未分類,https://www.fhtrust.com.tw/ETF
2026-07-02,00998A,主動復華金融股息,5430,漲跌/漲跌幅-,0.01,0.0,0.0,未分類,https://www.fhtrust.com.tw/ETF
2026-07-02,00999A,主動野村臺灣高息,2330,å°ç©é»,8.59,484000.0,0.0,半導體業,https://www.moneydj.com/ETF/X/Basic/Basic0007.xdjhtm?etfid=00999A.TW&topc=
2026-07-02,00999A,主動野村臺灣高息,2454,è¯ç¼ç§,4.73,151000.0,0.0,半導體業,https://www.moneydj.com/ETF/X/Basic/Basic0007.xdjhtm?etfid=00999A.TW&topc=
2026-07-02,00999A,主動野村臺灣高息,2059,å·æ¹,4.65,82000.0,0.0,電子零組件業,https://www.moneydj.com/ETF/X/Basic/Basic0007.xdjhtm?etfid=00999A.TW&topc=
2026-07-02,00999A,主動野村臺灣高息,2308,å°éé»,4.14,292000.0,0.0,電子零組件業,https://www.moneydj.com/ETF/X/Basic/Basic0007.xdjhtm?etfid=00999A.TW&topc=
2026-07-02,00999A,主動野村臺灣高息,2383,å°åé»,4.03,99000.0,0.0,電子零組件業,https://www.moneydj.com/ETF/X/Basic/Basic0007.xdjhtm?etfid=00999A.TW&topc=
2026-07-02,00999A,主動野村臺灣高息,7769,é´»å,3.14,62000.0,0.0,半導體業,https://www.moneydj.com/ETF/X/Basic/Basic0007.xdjhtm?etfid=00999A.TW&topc=
2026-07-02,00999A,主動野村臺灣高息,2618,é·æ¦®èª,2.54,8019000.0,0.0,航運業,https://www.moneydj.com/ETF/X/Basic/Basic0007.xdjhtm?etfid=00999A.TW&topc=
2026-07-02,00999A,主動野村臺灣高息,2368,éåé»,2.49,280000.0,0.0,電子零組件業,https://www.moneydj.com/ETF/X/Basic/Basic0007.xdjhtm?etfid=00999A.TW&topc=
2026-07-02,00999A,主動野村臺灣高息,6515,ç©å´´,2.41,36000.0,0.0,半導體業,https://www.moneydj.com/ETF/X/Basic/Basic0007.xdjhtm?etfid=00999A.TW&topc=
2026-07-02,00999A,主動野村臺灣高息,3653,å¥ç­,2.38,95000.0,0.0,電子零組件業,https://www.moneydj.com/ETF/X/Basic/Basic0007.xdjhtm?etfid=00999A.TW&topc=
2026-07-03,00400A,主動國泰動能高息,2383,å°åé»,7.62,332000.0,0.0,電子零組件業,https://www.moneydj.com/ETF/X/Basic/Basic0007.xdjhtm?etfid=00400A.TW&topc=
2026-07-03,00400A,主動國泰動能高息,2330,å°ç©é»,7.1,770000.0,0.0,半導體業,https://www.moneydj.com/ETF/X/Basic/Basic0007.xdjhtm?etfid=00400A.TW&topc=
2026-07-03,00400A,主動國泰動能高息,2454,è¯ç¼ç§,6.97,440000.0,0.0,半導體業,https://www.moneydj.com/ETF/X/Basic/Basic0007.xdjhtm?etfid=00400A.TW&topc=
2026-07-03,00400A,主動國泰動能高息,6223,æºç½,4.76,171000.0,0.0,半導體業,https://www.moneydj.com/ETF/X/Basic/Basic0007.xdjhtm?etfid=00400A.TW&topc=
2026-07-03,00400A,主動國泰動能高息,3017,å¥é,4.15,398000.0,0.0,電腦及週邊設備業,https://www.moneydj.com/ETF/X/Basic/Basic0007.xdjhtm?etfid=00400A.TW&topc=
2026-07-03,00400A,主動國泰動能高息,6488,ç°çæ¶,4.04,853000.0,0.0,半導體業,https://www.moneydj.com/ETF/X/Basic/Basic0007.xdjhtm?etfid=00400A.TW&topc=
2026-07-03,00400A,主動國泰動能高息,3037,æ¬£è,3.92,1071000.0,0.0,電子零組件業,https://www.moneydj.com/ETF/X/Basic/Basic0007.xdjhtm?etfid=00400A.TW&topc=
2026-07-03,00400A,主動國泰動能高息,2327,åå·¨*,3.54,898000.0,0.0,電子零組件業,https://www.moneydj.com/ETF/X/Basic/Basic0007.xdjhtm?etfid=00400A.TW&topc=
2026-07-03,00400A,主動國泰動能高息,2308,å°éé»,3.49,446000.0,0.0,電子零組件業,https://www.moneydj.com/ETF/X/Basic/Basic0007.xdjhtm?etfid=00400A.TW&topc=
2026-07-03,00400A,主動國泰動能高息,2360,è´è,3.45,404000.0,0.0,其他電子業,https://www.moneydj.com/ETF/X/Basic/Basic0007.xdjhtm?etfid=00400A.TW&topc=
2026-07-03,00401A,主動摩根台灣鑫收,2330,å°ç©é»,8.8,121000.0,0.0,半導體業,https://www.moneydj.com/ETF/X/Basic/Basic0007.xdjhtm?etfid=00401A.TW&topc=
2026-07-03,00401A,主動摩根台灣鑫收,2454,è¯ç¼ç§,6.49,52000.0,0.0,半導體業,https://www.moneydj.com/ETF/X/Basic/Basic0007.xdjhtm?etfid=00401A.TW&topc=
2026-07-03,00401A,主動摩根台灣鑫收,2308,å°éé»,4.57,74000.0,0.0,電子零組件業,https://www.moneydj.com/ETF/X/Basic/Basic0007.xdjhtm?etfid=00401A.TW&topc=
2026-07-03,00401A,主動摩根台灣鑫收,7769,é´»å,2.86,14000.0,0.0,半導體業,https://www.moneydj.com/ETF/X/Basic/Basic0007.xdjhtm?etfid=00401A.TW&topc=
2026-07-03,00401A,主動摩根台灣鑫收,6223,æºç½,2.85,13000.0,0.0,半導體業,https://www.moneydj.com/ETF/X/Basic/Basic0007.xdjhtm?etfid=00401A.TW&topc=
2026-07-03,00401A,主動摩根台灣鑫收,4958,è»é¼-KY,2.7,148000.0,0.0,電子零組件業,https://www.moneydj.com/ETF/X/Basic/Basic0007.xdjhtm?etfid=00401A.TW&topc=
2026-07-03,00401A,主動摩根台灣鑫收,2383,å°åé»,2.55,14100.0,0.0,電子零組件業,https://www.moneydj.com/ETF/X/Basic/Basic0007.xdjhtm?etfid=00401A.TW&topc=
2026-07-03,00401A,主動摩根台灣鑫收,3711,æ¥æåææ§,2.54,125000.0,0.0,半導體業,https://www.moneydj.com/ETF/X/Basic/Basic0007.xdjhtm?etfid=00401A.TW&topc=
2026-07-03,00401A,主動摩根台灣鑫收,6669,ç·¯ç©,2.51,16000.0,0.0,電腦及週邊設備業,https://www.moneydj.com/ETF/X/Basic/Basic0007.xdjhtm?etfid=00401A.TW&topc=
2026-07-03,00401A,主動摩根台灣鑫收,2345,æºé¦,2.44,30000.0,0.0,通信網路業,https://www.moneydj.com/ETF/X/Basic/Basic0007.xdjhtm?etfid=00401A.TW&topc=
2026-07-03,00403A,主動統一升級50,2330,å°ç©é»,18.01,12800000.0,0.0,半導體業,https://www.moneydj.com/ETF/X/Basic/Basic0007.xdjhtm?etfid=00403A.TW&topc=
2026-07-03,00403A,主動統一升級50,2303,è¯é»,7.36,75000000.0,0.0,半導體業,https://www.moneydj.com/ETF/X/Basic/Basic0007.xdjhtm?etfid=00403A.TW&topc=
2026-07-03,00403A,主動統一升級50,2327,åå·¨*,6.04,10050000.0,0.0,電子零組件業,https://www.moneydj.com/ETF/X/Basic/Basic0007.xdjhtm?etfid=00403A.TW&topc=
2026-07-03,00403A,主動統一升級50,3017,å¥é,5.48,3450000.0,0.0,電腦及週邊設備業,https://www.moneydj.com/ETF/X/Basic/Basic0007.xdjhtm?etfid=00403A.TW&topc=
2026-07-03,00403A,主動統一升級50,3037,æ¬£è,5.0,8960000.0,0.0,電子零組件業,https://www.moneydj.com/ETF/X/Basic/Basic0007.xdjhtm?etfid=00403A.TW&topc=
2026-07-03,00403A,主動統一升級50,6223,æºç½,4.25,1000000.0,0.0,半導體業,https://www.moneydj.com/ETF/X/Basic/Basic0007.xdjhtm?etfid=00403A.TW&topc=
2026-07-03,00403A,主動統一升級50,2344,è¯é¦é»,4.2,39600000.0,0.0,半導體業,https://www.moneydj.com/ETF/X/Basic/Basic0007.xdjhtm?etfid=00403A.TW&topc=
2026-07-03,00403A,主動統一升級50,2383,å°åé»,3.99,1140000.0,0.0,電子零組件業,https://www.moneydj.com/ETF/X/Basic/Basic0007.xdjhtm?etfid=00403A.TW&topc=
2026-07-03,00403A,主動統一升級50,2454,è¯ç¼ç§,3.46,1435000.0,0.0,半導體業,https://www.moneydj.com/ETF/X/Basic/Basic0007.xdjhtm?etfid=00403A.TW&topc=
2026-07-03,00403A,主動統一升級50,2345,æºé¦,3.3,2100000.0,0.0,通信網路業,https://www.moneydj.com/ETF/X/Basic/Basic0007.xdjhtm?etfid=00403A.TW&topc=
2026-07-03,00980A,主動野村臺灣優選,2330,å°ç©é»,8.73,634000.0,0.0,半導體業,https://www.moneydj.com/ETF/X/Basic/Basic0007.xdjhtm?etfid=00980A.TW&topc=
2026-07-03,00980A,主動野村臺灣優選,2454,è¯ç¼ç§,6.35,269000.0,0.0,半導體業,https://www.moneydj.com/ETF/X/Basic/Basic0007.xdjhtm?etfid=00980A.TW&topc=
2026-07-03,00980A,主動野村臺灣優選,2308,å°éé»,5.55,475000.0,0.0,電子零組件業,https://www.moneydj.com/ETF/X/Basic/Basic0007.xdjhtm?etfid=00980A.TW&topc=
2026-07-03,00980A,主動野村臺灣優選,2059,å·æ¹,4.95,110000.0,0.0,電子零組件業,https://www.moneydj.com/ETF/X/Basic/Basic0007.xdjhtm?etfid=00980A.TW&topc=
2026-07-03,00980A,主動野村臺灣優選,2383,å°åé»,4.59,134000.0,0.0,電子零組件業,https://www.moneydj.com/ETF/X/Basic/Basic0007.xdjhtm?etfid=00980A.TW&topc=
2026-07-03,00980A,主動野村臺灣優選,7769,é´»å,3.59,93000.0,0.0,半導體業,https://www.moneydj.com/ETF/X/Basic/Basic0007.xdjhtm?etfid=00980A.TW&topc=
2026-07-03,00980A,主動野村臺灣優選,6223,æºç½,3.16,76000.0,0.0,半導體業,https://www.moneydj.com/ETF/X/Basic/Basic0007.xdjhtm?etfid=00980A.TW&topc=
2026-07-03,00980A,主動野村臺灣優選,3037,æ¬£è,3.07,562000.0,0.0,電子零組件業,https://www.moneydj.com/ETF/X/Basic/Basic0007.xdjhtm?etfid=00980A.TW&topc=
2026-07-03,00980A,主動野村臺灣優選,6515,ç©å´´,3.07,55000.0,0.0,半導體業,https://www.moneydj.com/ETF/X/Basic/Basic0007.xdjhtm?etfid=00980A.TW&topc=
2026-07-03,00980A,主動野村臺灣優選,3653,å¥ç­,2.91,151000.0,0.0,電子零組件業,https://www.moneydj.com/ETF/X/Basic/Basic0007.xdjhtm?etfid=00980A.TW&topc=
2026-07-03,00981A,主動統一台股增長,2330,å°ç©é»,9.89,11960000.0,0.0,半導體業,https://www.moneydj.com/ETF/X/Basic/Basic0007.xdjhtm?etfid=00981A.TW&topc=
2026-07-03,00981A,主動統一台股增長,2383,å°åé»,9.22,4486000.0,0.0,電子零組件業,https://www.moneydj.com/ETF/X/Basic/Basic0007.xdjhtm?etfid=00981A.TW&topc=
2026-07-03,00981A,主動統一台股增長,2327,åå·¨*,8.87,25098000.0,0.0,電子零組件業,https://www.moneydj.com/ETF/X/Basic/Basic0007.xdjhtm?etfid=00981A.TW&topc=
2026-07-03,00981A,主動統一台股增長,2454,è¯ç¼ç§,7.14,5037000.0,0.0,半導體業,https://www.moneydj.com/ETF/X/Basic/Basic0007.xdjhtm?etfid=00981A.TW&topc=
2026-07-03,00981A,主動統一台股增長,6223,æºç½,5.94,2382000.0,0.0,半導體業,https://www.moneydj.com/ETF/X/Basic/Basic0007.xdjhtm?etfid=00981A.TW&topc=
2026-07-03,00981A,主動統一台股增長,2345,æºé¦,5.86,6334000.0,0.0,通信網路業,https://www.moneydj.com/ETF/X/Basic/Basic0007.xdjhtm?etfid=00981A.TW&topc=
2026-07-03,00981A,主動統一台股增長,2303,è¯é»,4.99,86550000.0,0.0,半導體業,https://www.moneydj.com/ETF/X/Basic/Basic0007.xdjhtm?etfid=00981A.TW&topc=
2026-07-03,00981A,主動統一台股增長,3037,æ¬£è,4.98,15203000.0,0.0,電子零組件業,https://www.moneydj.com/ETF/X/Basic/Basic0007.xdjhtm?etfid=00981A.TW&topc=
2026-07-03,00981A,主動統一台股增長,3017,å¥é,4.84,5191000.0,0.0,電腦及週邊設備業,https://www.moneydj.com/ETF/X/Basic/Basic0007.xdjhtm?etfid=00981A.TW&topc=
2026-07-03,00981A,主動統一台股增長,6669,ç·¯ç©,4.3,2417000.0,0.0,電腦及週邊設備業,https://www.moneydj.com/ETF/X/Basic/Basic0007.xdjhtm?etfid=00981A.TW&topc=
2026-07-03,00982A,主動群益台灣強棒,5536,聖暉*,9.66,3716000.0,0.0,其他電子業,https://www.capitalfund.com.tw/etf/product/detail/399/buyback
2026-07-03,00982A,主動群益台灣強棒,2330,台積電,8.74,1967000.0,0.0,半導體業,https://www.capitalfund.com.tw/etf/product/detail/399/buyback
2026-07-03,00982A,主動群益台灣強棒,2454,聯發科,6.53,857000.0,0.0,半導體業,https://www.capitalfund.com.tw/etf/product/detail/399/buyback
2026-07-03,00982A,主動群益台灣強棒,6139,亞翔,5.28,3067000.0,0.0,其他電子業,https://www.capitalfund.com.tw/etf/product/detail/399/buyback
2026-07-03,00982A,主動群益台灣強棒,6223,旺矽,4.12,307000.0,0.0,半導體業,https://www.capitalfund.com.tw/etf/product/detail/399/buyback
2026-07-03,00982A,主動群益台灣強棒,2345,智邦,3.95,794000.0,0.0,通信網路業,https://www.capitalfund.com.tw/etf/product/detail/399/buyback
2026-07-03,00982A,主動群益台灣強棒,2383,台光電,3.6,326000.0,0.0,電子零組件業,https://www.capitalfund.com.tw/etf/product/detail/399/buyback
2026-07-03,00982A,主動群益台灣強棒,4958,臻鼎-KY,3.51,3147000.0,0.0,電子零組件業,https://www.capitalfund.com.tw/etf/product/detail/399/buyback
2026-07-03,00982A,主動群益台灣強棒,2360,致茂,3.39,823000.0,0.0,其他電子業,https://www.capitalfund.com.tw/etf/product/detail/399/buyback
2026-07-03,00982A,主動群益台灣強棒,3105,穩懋,3.09,4143000.0,0.0,半導體業,https://www.capitalfund.com.tw/etf/product/detail/399/buyback
2026-07-03,00983A,主動中信ARK創新,TSLA,Tesla,8.28,9976.0,0.0,未分類,https://www.moneydj.com/ETF/X/Basic/Basic0007.xdjhtm?etfid=00983A.TW&topc=
2026-07-03,00983A,主動中信ARK創新,HOOD,Robinhood Markets,7.14,29978.0,0.0,未分類,https://www.moneydj.com/ETF/X/Basic/Basic0007.xdjhtm?etfid=00983A.TW&topc=
2026-07-03,00983A,主動中信ARK創新,AMD,AMD,6.14,5613.0,0.0,未分類,https://www.moneydj.com/ETF/X/Basic/Basic0007.xdjhtm?etfid=00983A.TW&topc=
2026-07-03,00983A,主動中信ARK創新,TEM,Tempus,5.51,43229.0,0.0,未分類,https://www.moneydj.com/ETF/X/Basic/Basic0007.xdjhtm?etfid=00983A.TW&topc=
2026-07-03,00983A,主動中信ARK創新,TXG,10x Genomics,5.49,66575.0,0.0,未分類,https://www.moneydj.com/ETF/X/Basic/Basic0007.xdjhtm?etfid=00983A.TW&topc=
2026-07-03,00983A,主動中信ARK創新,TWST,Twist Bioscience,5.17,24642.0,0.0,未分類,https://www.moneydj.com/ETF/X/Basic/Basic0007.xdjhtm?etfid=00983A.TW&topc=
2026-07-03,00983A,主動中信ARK創新,SPCX,SpaceX,4.27,12475.0,0.0,未分類,https://www.moneydj.com/ETF/X/Basic/Basic0007.xdjhtm?etfid=00983A.TW&topc=
2026-07-03,00983A,主動中信ARK創新,SHOP,Shopify,4.07,16137.0,0.0,未分類,https://www.moneydj.com/ETF/X/Basic/Basic0007.xdjhtm?etfid=00983A.TW&topc=
2026-07-03,00983A,主動中信ARK創新,BEAM,Beam Therapeutics,4.05,55109.0,0.0,未分類,https://www.moneydj.com/ETF/X/Basic/Basic0007.xdjhtm?etfid=00983A.TW&topc=
2026-07-03,00983A,主動中信ARK創新,CRSP,CRISPR Therapeutics,3.93,30969.0,0.0,未分類,https://www.moneydj.com/ETF/X/Basic/Basic0007.xdjhtm?etfid=00983A.TW&topc=
2026-07-03,00984A,主動安聯台灣高息,2303,è¯é»,2.7,1367000.0,0.0,半導體業,https://www.moneydj.com/ETF/X/Basic/Basic0007.xdjhtm?etfid=00984A.TW&topc=
2026-07-03,00984A,主動安聯台灣高息,2330,å°ç©é»,2.7,98000.0,0.0,半導體業,https://www.moneydj.com/ETF/X/Basic/Basic0007.xdjhtm?etfid=00984A.TW&topc=
2026-07-03,00984A,主動安聯台灣高息,2412,ä¸­è¯é»,2.38,1459000.0,0.0,通信網路業,https://www.moneydj.com/ETF/X/Basic/Basic0007.xdjhtm?etfid=00984A.TW&topc=
2026-07-03,00984A,主動安聯台灣高息,2881,å¯é¦é,2.36,1681025.0,0.0,金融保險業,https://www.moneydj.com/ETF/X/Basic/Basic0007.xdjhtm?etfid=00984A.TW&topc=
2026-07-03,00984A,主動安聯台灣高息,2357,è¯ç¢©,2.34,299000.0,0.0,電腦及週邊設備業,https://www.moneydj.com/ETF/X/Basic/Basic0007.xdjhtm?etfid=00984A.TW&topc=
2026-07-03,00984A,主動安聯台灣高息,2891,ä¸­ä¿¡é,2.33,2844000.0,0.0,金融保險業,https://www.moneydj.com/ETF/X/Basic/Basic0007.xdjhtm?etfid=00984A.TW&topc=
2026-07-03,00984A,主動安聯台灣高息,2382,å»£é,2.3,526000.0,0.0,電腦及週邊設備業,https://www.moneydj.com/ETF/X/Basic/Basic0007.xdjhtm?etfid=00984A.TW&topc=
2026-07-03,00984A,主動安聯台灣高息,6274,å°ç¿,2.16,104000.0,0.0,電子零組件業,https://www.moneydj.com/ETF/X/Basic/Basic0007.xdjhtm?etfid=00984A.TW&topc=
2026-07-03,00984A,主動安聯台灣高息,2383,å°åé»,2.04,29000.0,0.0,電子零組件業,https://www.moneydj.com/ETF/X/Basic/Basic0007.xdjhtm?etfid=00984A.TW&topc=
2026-07-03,00984A,主動安聯台灣高息,6446,è¥è¯è¥,1.94,120000.0,0.0,生技醫療業,https://www.moneydj.com/ETF/X/Basic/Basic0007.xdjhtm?etfid=00984A.TW&topc=
2026-07-03,00985A,主動野村台灣50,2330,å°ç©é»,25.32,1096000.0,0.0,半導體業,https://www.moneydj.com/ETF/X/Basic/Basic0007.xdjhtm?etfid=00985A.TW&topc=
2026-07-03,00985A,主動野村台灣50,2376,æå,3.4,1064000.0,0.0,電腦及週邊設備業,https://www.moneydj.com/ETF/X/Basic/Basic0007.xdjhtm?etfid=00985A.TW&topc=
2026-07-03,00985A,主動野村台灣50,3661,ä¸è¯-KY,3.21,73000.0,0.0,半導體業,https://www.moneydj.com/ETF/X/Basic/Basic0007.xdjhtm?etfid=00985A.TW&topc=
2026-07-03,00985A,主動野村台灣50,6442,åè,3.1,200000.0,0.0,通信網路業,https://www.moneydj.com/ETF/X/Basic/Basic0007.xdjhtm?etfid=00985A.TW&topc=
2026-07-03,00985A,主動野村台灣50,2059,å·æ¹,2.8,37000.0,0.0,電子零組件業,https://www.moneydj.com/ETF/X/Basic/Basic0007.xdjhtm?etfid=00985A.TW&topc=
2026-07-03,00985A,主動野村台灣50,3008,å¤§ç«å,2.72,68000.0,0.0,光電業,https://www.moneydj.com/ETF/X/Basic/Basic0007.xdjhtm?etfid=00985A.TW&topc=
2026-07-03,00985A,主動野村台灣50,2395,ç è¯,2.68,545000.0,0.0,電腦及週邊設備業,https://www.moneydj.com/ETF/X/Basic/Basic0007.xdjhtm?etfid=00985A.TW&topc=
2026-07-03,00985A,主動野村台灣50,4958,è»é¼-KY,2.39,413000.0,0.0,電子零組件業,https://www.moneydj.com/ETF/X/Basic/Basic0007.xdjhtm?etfid=00985A.TW&topc=
2026-07-03,00985A,主動野村台灣50,2345,æºé¦,2.38,92000.0,0.0,通信網路業,https://www.moneydj.com/ETF/X/Basic/Basic0007.xdjhtm?etfid=00985A.TW&topc=
2026-07-03,00985A,主動野村台灣50,2383,å°åé»,2.36,41000.0,0.0,電子零組件業,https://www.moneydj.com/ETF/X/Basic/Basic0007.xdjhtm?etfid=00985A.TW&topc=
2026-07-03,00986A,主動台新龍頭成長,2330,å°ç©é»,8.55,22000.0,0.0,半導體業,https://www.moneydj.com/ETF/X/Basic/Basic0007.xdjhtm?etfid=00986A.TW&topc=
2026-07-03,00986A,主動台新龍頭成長,GOOGL,lphabet - Class A Common Stock,7.25,4000.0,0.0,未分類,https://www.moneydj.com/ETF/X/Basic/Basic0007.xdjhtm?etfid=00986A.TW&topc=
2026-07-03,00986A,主動台新龍頭成長,MU,Micron,6.1,1242.0,0.0,未分類,https://www.moneydj.com/ETF/X/Basic/Basic0007.xdjhtm?etfid=00986A.TW&topc=
2026-07-03,00986A,主動台新龍頭成長,NVDA,NVIDIA,5.59,5700.0,0.0,未分類,https://www.moneydj.com/ETF/X/Basic/Basic0007.xdjhtm?etfid=00986A.TW&topc=
2026-07-03,00986A,主動台新龍頭成長,AVGO,Broadcom,5.08,2800.0,0.0,未分類,https://www.moneydj.com/ETF/X/Basic/Basic0007.xdjhtm?etfid=00986A.TW&topc=
2026-07-03,00986A,主動台新龍頭成長,CRWD,CrowdStrike Holdings,3.66,3752.0,0.0,未分類,https://www.moneydj.com/ETF/X/Basic/Basic0007.xdjhtm?etfid=00986A.TW&topc=
2026-07-03,00986A,主動台新龍頭成長,GEV,GE Vernova,3.64,650.0,0.0,未分類,https://www.moneydj.com/ETF/X/Basic/Basic0007.xdjhtm?etfid=00986A.TW&topc=
2026-07-03,00986A,主動台新龍頭成長,LRCX,Lam Research,3.58,2021.0,0.0,未分類,https://www.moneydj.com/ETF/X/Basic/Basic0007.xdjhtm?etfid=00986A.TW&topc=
2026-07-03,00986A,主動台新龍頭成長,AMZN,Amazon,3.42,2800.0,0.0,未分類,https://www.moneydj.com/ETF/X/Basic/Basic0007.xdjhtm?etfid=00986A.TW&topc=
2026-07-03,00987A,主動台新優勢成長,3017,å¥é,7.96,86000.0,0.0,電腦及週邊設備業,https://www.moneydj.com/ETF/X/Basic/Basic0007.xdjhtm?etfid=00987A.TW&topc=
2026-07-03,00987A,主動台新優勢成長,2330,å°ç©é»,7.38,90000.0,0.0,半導體業,https://www.moneydj.com/ETF/X/Basic/Basic0007.xdjhtm?etfid=00987A.TW&topc=
2026-07-03,00987A,主動台新優勢成長,2383,å°åé»,6.93,34000.0,0.0,電子零組件業,https://www.moneydj.com/ETF/X/Basic/Basic0007.xdjhtm?etfid=00987A.TW&topc=
2026-07-03,00987A,主動台新優勢成長,6223,æºç½,6.68,27000.0,0.0,半導體業,https://www.moneydj.com/ETF/X/Basic/Basic0007.xdjhtm?etfid=00987A.TW&topc=
2026-07-03,00987A,主動台新優勢成長,3037,æ¬£è,6.17,190000.0,0.0,電子零組件業,https://www.moneydj.com/ETF/X/Basic/Basic0007.xdjhtm?etfid=00987A.TW&topc=
2026-07-03,00987A,主動台新優勢成長,6274,å°ç¿,4.5,75000.0,0.0,電子零組件業,https://www.moneydj.com/ETF/X/Basic/Basic0007.xdjhtm?etfid=00987A.TW&topc=
2026-07-03,00987A,主動台新優勢成長,6805,å¯ä¸é,4.15,76000.0,0.0,電子零組件業,https://www.moneydj.com/ETF/X/Basic/Basic0007.xdjhtm?etfid=00987A.TW&topc=
2026-07-03,00987A,主動台新優勢成長,3443,åµæ,4.05,24000.0,0.0,半導體業,https://www.moneydj.com/ETF/X/Basic/Basic0007.xdjhtm?etfid=00987A.TW&topc=
2026-07-03,00987A,主動台新優勢成長,8996,é«å,4.02,87000.0,0.0,電機機械,https://www.moneydj.com/ETF/X/Basic/Basic0007.xdjhtm?etfid=00987A.TW&topc=
2026-07-03,00987A,主動台新優勢成長,2327,åå·¨*,3.89,111000.0,0.0,電子零組件業,https://www.moneydj.com/ETF/X/Basic/Basic0007.xdjhtm?etfid=00987A.TW&topc=
2026-07-03,00989A,主動摩根美國科技,INTC,Intel,4.64,16278.0,0.0,未分類,https://www.moneydj.com/ETF/X/Basic/Basic0007.xdjhtm?etfid=00989A.TW&topc=
2026-07-03,00989A,主動摩根美國科技,LRCX,Lam Research,4.41,5301.0,0.0,未分類,https://www.moneydj.com/ETF/X/Basic/Basic0007.xdjhtm?etfid=00989A.TW&topc=
2026-07-03,00989A,主動摩根美國科技,GOOG,phabet - Class C Capital Stock,4.37,5183.0,0.0,未分類,https://www.moneydj.com/ETF/X/Basic/Basic0007.xdjhtm?etfid=00989A.TW&topc=
2026-07-03,00989A,主動摩根美國科技,PANW,Palo Alto,4.12,5001.0,0.0,未分類,https://www.moneydj.com/ETF/X/Basic/Basic0007.xdjhtm?etfid=00989A.TW&topc=
2026-07-03,00989A,主動摩根美國科技,TTWO,Take-Two,3.8,6295.0,0.0,未分類,https://www.moneydj.com/ETF/X/Basic/Basic0007.xdjhtm?etfid=00989A.TW&topc=
2026-07-03,00989A,主動摩根美國科技,NVDA,NVIDIA,3.61,7827.0,0.0,未分類,https://www.moneydj.com/ETF/X/Basic/Basic0007.xdjhtm?etfid=00989A.TW&topc=
2026-07-03,00989A,主動摩根美國科技,AVGO,Broadcom,3.59,4203.0,0.0,未分類,https://www.moneydj.com/ETF/X/Basic/Basic0007.xdjhtm?etfid=00989A.TW&topc=
2026-07-03,00989A,主動摩根美國科技,AMD,AMD,3.52,2868.0,0.0,未分類,https://www.moneydj.com/ETF/X/Basic/Basic0007.xdjhtm?etfid=00989A.TW&topc=
2026-07-03,00989A,主動摩根美國科技,TSLA,Tesla,3.08,3309.0,0.0,未分類,https://www.moneydj.com/ETF/X/Basic/Basic0007.xdjhtm?etfid=00989A.TW&topc=
2026-07-03,00989A,主動摩根美國科技,ASML,ASML Holding,3.03,722.0,0.0,未分類,https://www.moneydj.com/ETF/X/Basic/Basic0007.xdjhtm?etfid=00989A.TW&topc=
2026-07-03,00992A,主動群益科技創新,2330,台積電,7.72,1406000.0,0.0,半導體業,https://www.capitalfund.com.tw/etf/product/detail/500/buyback
2026-07-03,00992A,主動群益科技創新,2383,台光電,7.68,563000.0,0.0,電子零組件業,https://www.capitalfund.com.tw/etf/product/detail/500/buyback
2026-07-03,00992A,主動群益科技創新,3017,奇鋐,6.25,1009000.0,0.0,電腦及週邊設備業,https://www.capitalfund.com.tw/etf/product/detail/500/buyback
2026-07-03,00992A,主動群益科技創新,2345,智邦,6.0,977000.0,0.0,通信網路業,https://www.capitalfund.com.tw/etf/product/detail/500/buyback
2026-07-03,00992A,主動群益科技創新,6223,旺矽,5.4,326000.0,0.0,半導體業,https://www.capitalfund.com.tw/etf/product/detail/500/buyback
2026-07-03,00992A,主動群益科技創新,2059,川湖,5.26,293000.0,0.0,電子零組件業,https://www.capitalfund.com.tw/etf/product/detail/500/buyback
2026-07-03,00992A,主動群益科技創新,8996,高力,5.05,1630000.0,0.0,電機機械,https://www.capitalfund.com.tw/etf/product/detail/500/buyback
2026-07-03,00992A,主動群益科技創新,3037,欣興,4.56,2097000.0,0.0,電子零組件業,https://www.capitalfund.com.tw/etf/product/detail/500/buyback
2026-07-03,00992A,主動群益科技創新,3665,貿聯-KY,4.28,955000.0,0.0,其他電子業,https://www.capitalfund.com.tw/etf/product/detail/500/buyback
2026-07-03,00992A,主動群益科技創新,3008,大立光,3.99,420000.0,0.0,光電業,https://www.capitalfund.com.tw/etf/product/detail/500/buyback
2026-07-03,00993A,主動安聯台灣,2330,å°ç©é»,10.03,467000.0,0.0,半導體業,https://www.moneydj.com/ETF/X/Basic/Basic0007.xdjhtm?etfid=00993A.TW&topc=
2026-07-03,00993A,主動安聯台灣,2327,åå·¨*,6.37,694000.0,0.0,電子零組件業,https://www.moneydj.com/ETF/X/Basic/Basic0007.xdjhtm?etfid=00993A.TW&topc=
2026-07-03,00993A,主動安聯台灣,2383,å°åé»,6.14,115000.0,0.0,電子零組件業,https://www.moneydj.com/ETF/X/Basic/Basic0007.xdjhtm?etfid=00993A.TW&topc=
2026-07-03,00993A,主動安聯台灣,2454,è¯ç¼ç§,6.04,164000.0,0.0,半導體業,https://www.moneydj.com/ETF/X/Basic/Basic0007.xdjhtm?etfid=00993A.TW&topc=
2026-07-03,00993A,主動安聯台灣,6223,æºç½,4.99,77000.0,0.0,半導體業,https://www.moneydj.com/ETF/X/Basic/Basic0007.xdjhtm?etfid=00993A.TW&topc=
2026-07-03,00993A,主動安聯台灣,2308,å°éé»,4.01,220000.0,0.0,電子零組件業,https://www.moneydj.com/ETF/X/Basic/Basic0007.xdjhtm?etfid=00993A.TW&topc=
2026-07-03,00993A,主動安聯台灣,3017,å¥é,3.83,158000.0,0.0,電腦及週邊設備業,https://www.moneydj.com/ETF/X/Basic/Basic0007.xdjhtm?etfid=00993A.TW&topc=
2026-07-03,00993A,主動安聯台灣,2345,æºé¦,3.48,145000.0,0.0,通信網路業,https://www.moneydj.com/ETF/X/Basic/Basic0007.xdjhtm?etfid=00993A.TW&topc=
2026-07-03,00993A,主動安聯台灣,6274,å°ç¿,3.35,213000.0,0.0,電子零組件業,https://www.moneydj.com/ETF/X/Basic/Basic0007.xdjhtm?etfid=00993A.TW&topc=
2026-07-03,00993A,主動安聯台灣,2303,è¯é»,3.33,2223000.0,0.0,半導體業,https://www.moneydj.com/ETF/X/Basic/Basic0007.xdjhtm?etfid=00993A.TW&topc=
2026-07-03,00994A,主動第一金台股優,2330,å°ç©é»,15.54,345999.0,0.0,半導體業,https://www.moneydj.com/ETF/X/Basic/Basic0007.xdjhtm?etfid=00994A.TW&topc=
2026-07-03,00994A,主動第一金台股優,2383,å°åé»,7.82,70000.0,0.0,電子零組件業,https://www.moneydj.com/ETF/X/Basic/Basic0007.xdjhtm?etfid=00994A.TW&topc=
2026-07-03,00994A,主動第一金台股優,2327,åå·¨*,6.85,357000.0,0.0,電子零組件業,https://www.moneydj.com/ETF/X/Basic/Basic0007.xdjhtm?etfid=00994A.TW&topc=
2026-07-03,00994A,主動第一金台股優,2454,è¯ç¼ç§,6.63,86000.0,0.0,半導體業,https://www.moneydj.com/ETF/X/Basic/Basic0007.xdjhtm?etfid=00994A.TW&topc=
2026-07-03,00994A,主動第一金台股優,3037,æ¬£è,5.57,313001.0,0.0,電子零組件業,https://www.moneydj.com/ETF/X/Basic/Basic0007.xdjhtm?etfid=00994A.TW&topc=
2026-07-03,00994A,主動第一金台股優,6274,å°ç¿,5.16,157000.0,0.0,電子零組件業,https://www.moneydj.com/ETF/X/Basic/Basic0007.xdjhtm?etfid=00994A.TW&topc=
2026-07-03,00994A,主動第一金台股優,8046,åé»,5.12,235000.0,0.0,電子零組件業,https://www.moneydj.com/ETF/X/Basic/Basic0007.xdjhtm?etfid=00994A.TW&topc=
2026-07-03,00994A,主動第一金台股優,2345,æºé¦,5.02,100000.0,0.0,通信網路業,https://www.moneydj.com/ETF/X/Basic/Basic0007.xdjhtm?etfid=00994A.TW&topc=
2026-07-03,00994A,主動第一金台股優,6223,æºç½,4.6,33901.0,0.0,半導體業,https://www.moneydj.com/ETF/X/Basic/Basic0007.xdjhtm?etfid=00994A.TW&topc=
2026-07-03,00994A,主動第一金台股優,3017,å¥é,3.37,66500.0,0.0,電腦及週邊設備業,https://www.moneydj.com/ETF/X/Basic/Basic0007.xdjhtm?etfid=00994A.TW&topc=
2026-07-03,00995A,主動中信台灣卓越,2330,å°ç©é»,9.1,208000.0,0.0,半導體業,https://www.moneydj.com/ETF/X/Basic/Basic0007.xdjhtm?etfid=00995A.TW&topc=
2026-07-03,00995A,主動中信台灣卓越,2383,å°åé»,8.38,77000.0,0.0,電子零組件業,https://www.moneydj.com/ETF/X/Basic/Basic0007.xdjhtm?etfid=00995A.TW&topc=
2026-07-03,00995A,主動中信台灣卓越,2327,åå·¨*,5.67,303000.0,0.0,電子零組件業,https://www.moneydj.com/ETF/X/Basic/Basic0007.xdjhtm?etfid=00995A.TW&topc=
2026-07-03,00995A,主動中信台灣卓越,2454,è¯ç¼ç§,5.56,74000.0,0.0,半導體業,https://www.moneydj.com/ETF/X/Basic/Basic0007.xdjhtm?etfid=00995A.TW&topc=
2026-07-03,00995A,主動中信台灣卓越,2345,æºé¦,5.38,110000.0,0.0,通信網路業,https://www.moneydj.com/ETF/X/Basic/Basic0007.xdjhtm?etfid=00995A.TW&topc=
2026-07-03,00995A,主動中信台灣卓越,6223,æºç½,4.76,36000.0,0.0,半導體業,https://www.moneydj.com/ETF/X/Basic/Basic0007.xdjhtm?etfid=00995A.TW&topc=
2026-07-03,00995A,主動中信台灣卓越,6669,ç·¯ç©,4.05,43000.0,0.0,電腦及週邊設備業,https://www.moneydj.com/ETF/X/Basic/Basic0007.xdjhtm?etfid=00995A.TW&topc=
2026-07-03,00995A,主動中信台灣卓越,3037,æ¬£è,4.02,232000.0,0.0,電子零組件業,https://www.moneydj.com/ETF/X/Basic/Basic0007.xdjhtm?etfid=00995A.TW&topc=
2026-07-03,00995A,主動中信台灣卓越,3017,å¥é,3.95,80000.0,0.0,電腦及週邊設備業,https://www.moneydj.com/ETF/X/Basic/Basic0007.xdjhtm?etfid=00995A.TW&topc=
2026-07-03,00995A,主動中信台灣卓越,2308,å°éé»,3.64,98000.0,0.0,電子零組件業,https://www.moneydj.com/ETF/X/Basic/Basic0007.xdjhtm?etfid=00995A.TW&topc=
2026-07-03,00996A,主動兆豐台灣豐收,2330,å°ç©é»,8.4,179000.0,0.0,半導體業,https://www.moneydj.com/ETF/X/Basic/Basic0007.xdjhtm?etfid=00996A.TW&topc=
2026-07-03,00996A,主動兆豐台灣豐收,2327,åå·¨*,7.62,380000.0,0.0,電子零組件業,https://www.moneydj.com/ETF/X/Basic/Basic0007.xdjhtm?etfid=00996A.TW&topc=
2026-07-03,00996A,主動兆豐台灣豐收,4958,è»é¼-KY,7.18,611000.0,0.0,電子零組件業,https://www.moneydj.com/ETF/X/Basic/Basic0007.xdjhtm?etfid=00996A.TW&topc=
2026-07-03,00996A,主動兆豐台灣豐收,2454,è¯ç¼ç§,6.52,81000.0,0.0,半導體業,https://www.moneydj.com/ETF/X/Basic/Basic0007.xdjhtm?etfid=00996A.TW&topc=
2026-07-03,00996A,主動兆豐台灣豐收,2383,å°åé»,5.95,51000.0,0.0,電子零組件業,https://www.moneydj.com/ETF/X/Basic/Basic0007.xdjhtm?etfid=00996A.TW&topc=
2026-07-03,00996A,主動兆豐台灣豐收,2472,ç«éé»,4.9,601000.0,0.0,電子零組件業,https://www.moneydj.com/ETF/X/Basic/Basic0007.xdjhtm?etfid=00996A.TW&topc=
2026-07-03,00996A,主動兆豐台灣豐收,2308,å°éé»,4.18,105000.0,0.0,電子零組件業,https://www.moneydj.com/ETF/X/Basic/Basic0007.xdjhtm?etfid=00996A.TW&topc=
2026-07-03,00996A,主動兆豐台灣豐收,8046,åé»,3.98,175000.0,0.0,電子零組件業,https://www.moneydj.com/ETF/X/Basic/Basic0007.xdjhtm?etfid=00996A.TW&topc=
2026-07-03,00996A,主動兆豐台灣豐收,2344,è¯é¦é»,3.17,895000.0,0.0,半導體業,https://www.moneydj.com/ETF/X/Basic/Basic0007.xdjhtm?etfid=00996A.TW&topc=
2026-07-03,00996A,主動兆豐台灣豐收,3042,æ¶æ,3.16,662000.0,0.0,電子零組件業,https://www.moneydj.com/ETF/X/Basic/Basic0007.xdjhtm?etfid=00996A.TW&topc=
2026-07-03,00997A,主動群益美國增長,B,群益,25.0,0.0,0.0,未分類,https://www.capitalfund.com.tw/etf/product/overview
2026-07-03,00997A,主動群益美國增長,L,群益臺灣加權正,2.0,0.0,0.0,未分類,https://www.capitalfund.com.tw/etf/product/overview
2026-07-03,00997A,主動群益美國增長,4146,漲跌,1.35,0.0,0.0,未分類,https://www.capitalfund.com.tw/etf/product/overview
2026-07-03,00997A,主動群益美國增長,R,群益臺灣加權反,1.0,0.0,0.0,未分類,https://www.capitalfund.com.tw/etf/product/overview
2026-07-03,00997A,主動群益美國增長,2055,漲跌,0.45,0.0,0.0,未分類,https://www.capitalfund.com.tw/etf/product/overview
2026-07-03,00997A,主動群益美國增長,2961,漲跌,0.4,0.0,0.0,未分類,https://www.capitalfund.com.tw/etf/product/overview
2026-07-03,00997A,主動群益美國增長,2224,漲跌,0.33,0.0,0.0,未分類,https://www.capitalfund.com.tw/etf/product/overview
2026-07-03,00997A,主動群益美國增長,4253,漲跌-,0.28,0.0,0.0,未分類,https://www.capitalfund.com.tw/etf/product/overview
2026-07-03,00997A,主動群益美國增長,1571,漲跌,0.18,0.0,0.0,未分類,https://www.capitalfund.com.tw/etf/product/overview
2026-07-03,00997A,主動群益美國增長,4344,漲跌-,0.05,0.0,0.0,未分類,https://www.capitalfund.com.tw/etf/product/overview
2026-07-03,00997A,主動群益美國增長,1022,漲跌,0.02,0.0,0.0,未分類,https://www.capitalfund.com.tw/etf/product/overview
2026-07-03,00999A,主動野村臺灣高息,2330,å°ç©é»,8.48,484000.0,0.0,半導體業,https://www.moneydj.com/ETF/X/Basic/Basic0007.xdjhtm?etfid=00999A.TW&topc=
2026-07-03,00999A,主動野村臺灣高息,2059,å·æ¹,4.7,82000.0,0.0,電子零組件業,https://www.moneydj.com/ETF/X/Basic/Basic0007.xdjhtm?etfid=00999A.TW&topc=
2026-07-03,00999A,主動野村臺灣高息,2454,è¯ç¼ç§,4.54,151000.0,0.0,半導體業,https://www.moneydj.com/ETF/X/Basic/Basic0007.xdjhtm?etfid=00999A.TW&topc=
2026-07-03,00999A,主動野村臺灣高息,2308,å°éé»,4.34,292000.0,0.0,電子零組件業,https://www.moneydj.com/ETF/X/Basic/Basic0007.xdjhtm?etfid=00999A.TW&topc=
2026-07-03,00999A,主動野村臺灣高息,2383,å°åé»,4.31,99000.0,0.0,電子零組件業,https://www.moneydj.com/ETF/X/Basic/Basic0007.xdjhtm?etfid=00999A.TW&topc=
2026-07-03,00999A,主動野村臺灣高息,7769,é´»å,3.05,62000.0,0.0,半導體業,https://www.moneydj.com/ETF/X/Basic/Basic0007.xdjhtm?etfid=00999A.TW&topc=
2026-07-03,00999A,主動野村臺灣高息,2368,éåé»,2.62,280000.0,0.0,電子零組件業,https://www.moneydj.com/ETF/X/Basic/Basic0007.xdjhtm?etfid=00999A.TW&topc=
2026-07-03,00999A,主動野村臺灣高息,6515,ç©å´´,2.55,36000.0,0.0,半導體業,https://www.moneydj.com/ETF/X/Basic/Basic0007.xdjhtm?etfid=00999A.TW&topc=
2026-07-03,00999A,主動野村臺灣高息,2618,é·æ¦®èª,2.52,8019000.0,0.0,航運業,https://www.moneydj.com/ETF/X/Basic/Basic0007.xdjhtm?etfid=00999A.TW&topc=
2026-07-03,00999A,主動野村臺灣高息,3653,å¥ç­,2.33,95000.0,0.0,電子零組件業,https://www.moneydj.com/ETF/X/Basic/Basic0007.xdjhtm?etfid=00999A.TW&topc=
2026-07-06,00400A,主動國泰動能高息,2330,å°ç©é»,8.77,928000.0,0.0,半導體業,https://www.moneydj.com/ETF/X/Basic/Basic0007.xdjhtm?etfid=00400A.TW&topc=
2026-07-06,00400A,主動國泰動能高息,2454,è¯ç¼ç§,6.97,440000.0,0.0,半導體業,https://www.moneydj.com/ETF/X/Basic/Basic0007.xdjhtm?etfid=00400A.TW&topc=
2026-07-06,00400A,主動國泰動能高息,2383,å°åé»,6.73,320000.0,0.0,電子零組件業,https://www.moneydj.com/ETF/X/Basic/Basic0007.xdjhtm?etfid=00400A.TW&topc=
2026-07-06,00400A,主動國泰動能高息,6223,æºç½,4.5,171000.0,0.0,半導體業,https://www.moneydj.com/ETF/X/Basic/Basic0007.xdjhtm?etfid=00400A.TW&topc=
2026-07-06,00400A,主動國泰動能高息,6488,ç°çæ¶,4.37,853000.0,0.0,半導體業,https://www.moneydj.com/ETF/X/Basic/Basic0007.xdjhtm?etfid=00400A.TW&topc=
2026-07-06,00400A,主動國泰動能高息,3017,å¥é,4.08,398000.0,0.0,電腦及週邊設備業,https://www.moneydj.com/ETF/X/Basic/Basic0007.xdjhtm?etfid=00400A.TW&topc=
2026-07-06,00400A,主動國泰動能高息,3037,æ¬£è,3.77,1071000.0,0.0,電子零組件業,https://www.moneydj.com/ETF/X/Basic/Basic0007.xdjhtm?etfid=00400A.TW&topc=
2026-07-06,00400A,主動國泰動能高息,2327,åå·¨*,3.47,898000.0,0.0,電子零組件業,https://www.moneydj.com/ETF/X/Basic/Basic0007.xdjhtm?etfid=00400A.TW&topc=
2026-07-06,00400A,主動國泰動能高息,2308,å°éé»,3.42,446000.0,0.0,電子零組件業,https://www.moneydj.com/ETF/X/Basic/Basic0007.xdjhtm?etfid=00400A.TW&topc=
2026-07-06,00400A,主動國泰動能高息,2360,è´è,3.38,404000.0,0.0,其他電子業,https://www.moneydj.com/ETF/X/Basic/Basic0007.xdjhtm?etfid=00400A.TW&topc=
2026-07-06,00980A,主動野村臺灣優選,2330,å°ç©é»,9.05,634000.0,0.0,半導體業,https://www.moneydj.com/ETF/X/Basic/Basic0007.xdjhtm?etfid=00980A.TW&topc=
2026-07-06,00980A,主動野村臺灣優選,2454,è¯ç¼ç§,6.44,269000.0,0.0,半導體業,https://www.moneydj.com/ETF/X/Basic/Basic0007.xdjhtm?etfid=00980A.TW&topc=
2026-07-06,00980A,主動野村臺灣優選,2308,å°éé»,5.5,475000.0,0.0,電子零組件業,https://www.moneydj.com/ETF/X/Basic/Basic0007.xdjhtm?etfid=00980A.TW&topc=
2026-07-06,00980A,主動野村臺灣優選,2059,å·æ¹,4.97,110000.0,0.0,電子零組件業,https://www.moneydj.com/ETF/X/Basic/Basic0007.xdjhtm?etfid=00980A.TW&topc=
2026-07-06,00980A,主動野村臺灣優選,2383,å°åé»,4.8,151000.0,0.0,電子零組件業,https://www.moneydj.com/ETF/X/Basic/Basic0007.xdjhtm?etfid=00980A.TW&topc=
2026-07-06,00980A,主動野村臺灣優選,7769,é´»å,3.67,93000.0,0.0,半導體業,https://www.moneydj.com/ETF/X/Basic/Basic0007.xdjhtm?etfid=00980A.TW&topc=
2026-07-06,00980A,主動野村臺灣優選,6223,æºç½,3.02,76000.0,0.0,半導體業,https://www.moneydj.com/ETF/X/Basic/Basic0007.xdjhtm?etfid=00980A.TW&topc=
2026-07-06,00980A,主動野村臺灣優選,3037,æ¬£è,2.99,562000.0,0.0,電子零組件業,https://www.moneydj.com/ETF/X/Basic/Basic0007.xdjhtm?etfid=00980A.TW&topc=
2026-07-06,00980A,主動野村臺灣優選,3653,å¥ç­,2.91,151000.0,0.0,電子零組件業,https://www.moneydj.com/ETF/X/Basic/Basic0007.xdjhtm?etfid=00980A.TW&topc=
2026-07-06,00980A,主動野村臺灣優選,6515,ç©å´´,2.84,55000.0,0.0,半導體業,https://www.moneydj.com/ETF/X/Basic/Basic0007.xdjhtm?etfid=00980A.TW&topc=
2026-07-06,00982A,主動群益台灣強棒,5536,聖暉*,9.83,3716000.0,0.0,其他電子業,https://www.capitalfund.com.tw/etf/product/detail/399/buyback
2026-07-06,00982A,主動群益台灣強棒,2330,台積電,8.92,1967000.0,0.0,半導體業,https://www.capitalfund.com.tw/etf/product/detail/399/buyback
2026-07-06,00982A,主動群益台灣強棒,2454,聯發科,6.52,857000.0,0.0,半導體業,https://www.capitalfund.com.tw/etf/product/detail/399/buyback
2026-07-06,00982A,主動群益台灣強棒,6139,亞翔,5.27,3067000.0,0.0,其他電子業,https://www.capitalfund.com.tw/etf/product/detail/399/buyback
2026-07-06,00982A,主動群益台灣強棒,6223,旺矽,3.88,307000.0,0.0,半導體業,https://www.capitalfund.com.tw/etf/product/detail/399/buyback
2026-07-06,00982A,主動群益台灣強棒,2345,智邦,3.87,794000.0,0.0,通信網路業,https://www.capitalfund.com.tw/etf/product/detail/399/buyback
2026-07-06,00982A,主動群益台灣強棒,4958,臻鼎-KY,3.36,3147000.0,0.0,電子零組件業,https://www.capitalfund.com.tw/etf/product/detail/399/buyback
2026-07-06,00982A,主動群益台灣強棒,2360,致茂,3.31,823000.0,0.0,其他電子業,https://www.capitalfund.com.tw/etf/product/detail/399/buyback
2026-07-06,00982A,主動群益台灣強棒,2383,台光電,3.29,326000.0,0.0,電子零組件業,https://www.capitalfund.com.tw/etf/product/detail/399/buyback
2026-07-06,00982A,主動群益台灣強棒,3105,穩懋,3.22,4143000.0,0.0,半導體業,https://www.capitalfund.com.tw/etf/product/detail/399/buyback
2026-07-06,00985A,主動野村台灣50,2330,å°ç©é»,25.91,1096000.0,0.0,半導體業,https://www.moneydj.com/ETF/X/Basic/Basic0007.xdjhtm?etfid=00985A.TW&topc=
2026-07-06,00985A,主動野村台灣50,2376,æå,3.44,1064000.0,0.0,電腦及週邊設備業,https://www.moneydj.com/ETF/X/Basic/Basic0007.xdjhtm?etfid=00985A.TW&topc=
2026-07-06,00985A,主動野村台灣50,6442,åè,3.07,200000.0,0.0,通信網路業,https://www.moneydj.com/ETF/X/Basic/Basic0007.xdjhtm?etfid=00985A.TW&topc=
2026-07-06,00985A,主動野村台灣50,3661,ä¸è¯-KY,2.96,73000.0,0.0,半導體業,https://www.moneydj.com/ETF/X/Basic/Basic0007.xdjhtm?etfid=00985A.TW&topc=
2026-07-06,00985A,主動野村台灣50,2059,å·æ¹,2.77,37000.0,0.0,電子零組件業,https://www.moneydj.com/ETF/X/Basic/Basic0007.xdjhtm?etfid=00985A.TW&topc=
2026-07-06,00985A,主動野村台灣50,2395,ç è¯,2.7,545000.0,0.0,電腦及週邊設備業,https://www.moneydj.com/ETF/X/Basic/Basic0007.xdjhtm?etfid=00985A.TW&topc=
2026-07-06,00985A,主動野村台灣50,3008,å¤§ç«å,2.7,68000.0,0.0,光電業,https://www.moneydj.com/ETF/X/Basic/Basic0007.xdjhtm?etfid=00985A.TW&topc=
2026-07-06,00985A,主動野村台灣50,2345,æºé¦,2.34,92000.0,0.0,通信網路業,https://www.moneydj.com/ETF/X/Basic/Basic0007.xdjhtm?etfid=00985A.TW&topc=
2026-07-06,00985A,主動野村台灣50,3036,ææ,2.34,1111000.0,0.0,電子通路業,https://www.moneydj.com/ETF/X/Basic/Basic0007.xdjhtm?etfid=00985A.TW&topc=
2026-07-06,00985A,主動野村台灣50,4958,è»é¼-KY,2.3,413000.0,0.0,電子零組件業,https://www.moneydj.com/ETF/X/Basic/Basic0007.xdjhtm?etfid=00985A.TW&topc=
2026-07-06,00988A,主動統一全球創新,MUUS,MICRON TECHNOLOGY INC,6.09,116000.0,0.0,未分類,https://www.ezmoney.com.tw/ETF/Transaction/PCF?fundCode=61YTW
2026-07-06,00988A,主動統一全球創新,AMDUS,ADVANCED MICRO DEVICES.amd us(超微半導體公司),5.43,195000.0,0.0,未分類,https://www.ezmoney.com.tw/ETF/Transaction/PCF?fundCode=61YTW
2026-07-06,00988A,主動統一全球創新,009150KS,Samsung Electro-Mechanics co(009150 ks),5.38,80000.0,0.0,未分類,https://www.ezmoney.com.tw/ETF/Transaction/PCF?fundCode=61YTW
2026-07-06,00988A,主動統一全球創新,285AJP,KIOXIA HOLDINGS CORP,5.19,204800.0,0.0,未分類,https://www.ezmoney.com.tw/ETF/Transaction/PCF?fundCode=61YTW
2026-07-06,00988A,主動統一全球創新,6976JP,TAIYO YUDEN CO LTD,5.15,760000.0,0.0,未分類,https://www.ezmoney.com.tw/ETF/Transaction/PCF?fundCode=61YTW
2026-07-06,00988A,主動統一全球創新,SNDKUS,SANDISK CORP,4.22,45000.0,0.0,未分類,https://www.ezmoney.com.tw/ETF/Transaction/PCF?fundCode=61YTW
2026-07-06,00988A,主動統一全球創新,6981JP,MURATA MANUFACTURING CO LTD,3.85,1066000.0,0.0,未分類,https://www.ezmoney.com.tw/ETF/Transaction/PCF?fundCode=61YTW
2026-07-06,00988A,主動統一全球創新,3037,欣興,3.63,2200000.0,0.0,電子零組件業,https://www.ezmoney.com.tw/ETF/Transaction/PCF?fundCode=61YTW
2026-07-06,00988A,主動統一全球創新,BEUS,BLOOM ENERGY CORP- A,3.35,230000.0,0.0,未分類,https://www.ezmoney.com.tw/ETF/Transaction/PCF?fundCode=61YTW
2026-07-06,00988A,主動統一全球創新,2454,聯發科,3.26,445000.0,0.0,半導體業,https://www.ezmoney.com.tw/ETF/Transaction/PCF?fundCode=61YTW
2026-07-06,00988A,主動統一全球創新,2383,台光電,3.14,330000.0,0.0,電子零組件業,https://www.ezmoney.com.tw/ETF/Transaction/PCF?fundCode=61YTW
2026-07-06,00988A,主動統一全球創新,MRVLUS,MARVELL TECHNOLOGY INC,3.04,230000.0,0.0,未分類,https://www.ezmoney.com.tw/ETF/Transaction/PCF?fundCode=61YTW
2026-07-06,00988A,主動統一全球創新,AMATUS,APPLIED MATERIALS INC,3.02,93000.0,0.0,未分類,https://www.ezmoney.com.tw/ETF/Transaction/PCF?fundCode=61YTW
2026-07-06,00988A,主動統一全球創新,IFXGY,INFINEON TECHNOLOGIES AG,2.92,625000.0,0.0,未分類,https://www.ezmoney.com.tw/ETF/Transaction/PCF?fundCode=61YTW
2026-07-06,00988A,主動統一全球創新,2327,國巨*,2.84,1600000.0,0.0,電子零組件業,https://www.ezmoney.com.tw/ETF/Transaction/PCF?fundCode=61YTW
2026-07-06,00988A,主動統一全球創新,WDCUS,WESTERN DIGITAL CORP,2.61,90000.0,0.0,未分類,https://www.ezmoney.com.tw/ETF/Transaction/PCF?fundCode=61YTW
2026-07-06,00988A,主動統一全球創新,LITEUS,LUMENTUM HOLDINGS INC,2.43,62000.0,0.0,未分類,https://www.ezmoney.com.tw/ETF/Transaction/PCF?fundCode=61YTW
2026-07-06,00988A,主動統一全球創新,6997JP,NIPPON CHEMI-CON CORP,2.18,1275100.0,0.0,未分類,https://www.ezmoney.com.tw/ETF/Transaction/PCF?fundCode=61YTW
2026-07-06,00988A,主動統一全球創新,4062JP,IBIDEN CO LTD,2.14,275000.0,0.0,未分類,https://www.ezmoney.com.tw/ETF/Transaction/PCF?fundCode=61YTW
2026-07-06,00988A,主動統一全球創新,8035JP,TOKYO ELECTRON LTD,2.13,88000.0,0.0,未分類,https://www.ezmoney.com.tw/ETF/Transaction/PCF?fundCode=61YTW
2026-07-06,00988A,主動統一全球創新,2330,台積電,1.87,450000.0,0.0,半導體業,https://www.ezmoney.com.tw/ETF/Transaction/PCF?fundCode=61YTW
2026-07-06,00988A,主動統一全球創新,STMUS,STMICROELECTRONICS NV-NY SHS,1.75,475000.0,0.0,未分類,https://www.ezmoney.com.tw/ETF/Transaction/PCF?fundCode=61YTW
2026-07-06,00988A,主動統一全球創新,VSHUS,VISHAY INTERTECHNOLOGY INC,1.73,700429.0,0.0,未分類,https://www.ezmoney.com.tw/ETF/Transaction/PCF?fundCode=61YTW
2026-07-06,00988A,主動統一全球創新,3436JP,SUMCO CORP,1.7,1117500.0,0.0,未分類,https://www.ezmoney.com.tw/ETF/Transaction/PCF?fundCode=61YTW
2026-07-06,00988A,主動統一全球創新,2303,聯電,1.67,6000000.0,0.0,半導體業,https://www.ezmoney.com.tw/ETF/Transaction/PCF?fundCode=61YTW
2026-07-06,00988A,主動統一全球創新,5706JP,Mitsui Mining ＆ Smelting Co,1.65,130000.0,0.0,未分類,https://www.ezmoney.com.tw/ETF/Transaction/PCF?fundCode=61YTW
2026-07-06,00988A,主動統一全球創新,CRDOUS,CREDO TECHNOLOGY GROUP HOLDI,1.56,120000.0,0.0,未分類,https://www.ezmoney.com.tw/ETF/Transaction/PCF?fundCode=61YTW
2026-07-06,00988A,主動統一全球創新,6223,旺矽,1.4,115000.0,0.0,半導體業,https://www.ezmoney.com.tw/ETF/Transaction/PCF?fundCode=61YTW
2026-07-06,00988A,主動統一全球創新,6920JP,LASERTEC CORP,1.39,87500.0,0.0,未分類,https://www.ezmoney.com.tw/ETF/Transaction/PCF?fundCode=61YTW
2026-07-06,00988A,主動統一全球創新,3711,日月光投控,1.35,1100000.0,0.0,半導體業,https://www.ezmoney.com.tw/ETF/Transaction/PCF?fundCode=61YTW
2026-07-06,00988A,主動統一全球創新,AIXAGY,AIXTRON SE,1.08,380000.0,0.0,未分類,https://www.ezmoney.com.tw/ETF/Transaction/PCF?fundCode=61YTW
2026-07-06,00988A,主動統一全球創新,6274,台燿,1.07,375000.0,0.0,電子零組件業,https://www.ezmoney.com.tw/ETF/Transaction/PCF?fundCode=61YTW
2026-07-06,00988A,主動統一全球創新,3017,奇鋐,0.99,215000.0,0.0,電腦及週邊設備業,https://www.ezmoney.com.tw/ETF/Transaction/PCF?fundCode=61YTW
2026-07-06,00988A,主動統一全球創新,COHRUS,COHERENT INC,0.99,55000.0,0.0,未分類,https://www.ezmoney.com.tw/ETF/Transaction/PCF?fundCode=61YTW
2026-07-06,00988A,主動統一全球創新,KLACUS,KLA CORP,0.76,60000.0,0.0,未分類,https://www.ezmoney.com.tw/ETF/Transaction/PCF?fundCode=61YTW
2026-07-06,00988A,主動統一全球創新,6871JP,MICRONICS JAPAN CO LTD,0.74,140000.0,0.0,未分類,https://www.ezmoney.com.tw/ETF/Transaction/PCF?fundCode=61YTW
2026-07-06,00988A,主動統一全球創新,688146CH,PERIC SPECIAL GASES CO LTD-A,0.69,240000.0,0.0,未分類,https://www.ezmoney.com.tw/ETF/Transaction/PCF?fundCode=61YTW
2026-07-06,00988A,主動統一全球創新,6278JP,UNION TOOL CO,0.64,90000.0,0.0,未分類,https://www.ezmoney.com.tw/ETF/Transaction/PCF?fundCode=61YTW
2026-07-06,00988A,主動統一全球創新,2308,台達電,0.58,175000.0,0.0,電子零組件業,https://www.ezmoney.com.tw/ETF/Transaction/PCF?fundCode=61YTW
2026-07-06,00988A,主動統一全球創新,300408CH,CHAOZHOU THREE-CIRCLE GROU-A,0.47,399909.0,0.0,未分類,https://www.ezmoney.com.tw/ETF/Transaction/PCF?fundCode=61YTW
2026-07-06,00988A,主動統一全球創新,6787JP,MEIKO ELECTRONICS CO LTD,0.47,50000.0,0.0,未分類,https://www.ezmoney.com.tw/ETF/Transaction/PCF?fundCode=61YTW
2026-07-06,00988A,主動統一全球創新,ARMUS,ARM HOLDINGS PLC,0.12,6946.0,0.0,未分類,https://www.ezmoney.com.tw/ETF/Transaction/PCF?fundCode=61YTW
2026-07-06,00988A,主動統一全球創新,7826JP,FURUYA METAL CO LTD,0.11,42000.0,0.0,未分類,https://www.ezmoney.com.tw/ETF/Transaction/PCF?fundCode=61YTW
2026-07-06,00991A,主動復華未來50,UNIIM,Unipol保險股份公司,4.591,170000.0,0.0,未分類,https://www.fhtrust.com.tw/ETF/etf_detail/ETF24#nav
2026-07-06,00991A,主動復華未來50,BMPSIM,義大利西恩那銀行股份公司,4.515,400000.0,0.0,未分類,https://www.fhtrust.com.tw/ETF/etf_detail/ETF24#nav
2026-07-06,00991A,主動復華未來50,ABNNA,荷蘭銀行公眾有限公司,3.907,100000.0,0.0,未分類,https://www.fhtrust.com.tw/ETF/etf_detail/ETF24#nav
2026-07-06,00991A,主動復華未來50,TPEIRGA,Piraeus Bank SA,3.838,400000.0,0.0,未分類,https://www.fhtrust.com.tw/ETF/etf_detail/ETF24#nav
2026-07-06,00991A,主動復華未來50,HSBALN,匯豐控股有限公司,3.835,220000.0,0.0,未分類,https://www.fhtrust.com.tw/ETF/etf_detail/ETF24#nav
2026-07-06,00991A,主動復華未來50,CUS,花旗集團公司,3.797,30000.0,0.0,未分類,https://www.fhtrust.com.tw/ETF/etf_detail/ETF24#nav
2026-07-06,00991A,主動復華未來50,GLEFP,法國興業銀行股份有限公司,3.439,43000.0,0.0,未分類,https://www.fhtrust.com.tw/ETF/etf_detail/ETF24#nav
2026-07-06,00991A,主動復華未來50,BNPFP,法國巴黎銀行有限責任公司,3.272,31000.0,0.0,未分類,https://www.fhtrust.com.tw/ETF/etf_detail/ETF24#nav
2026-07-06,00991A,主動復華未來50,AMUNFP,東方匯理資產管理有限責任公司,3.107,35000.0,0.0,未分類,https://www.fhtrust.com.tw/ETF/etf_detail/ETF24#nav
2026-07-06,00991A,主動復華未來50,ETEGA,希臘國家銀行,3.037,190000.0,0.0,未分類,https://www.fhtrust.com.tw/ETF/etf_detail/ETF24#nav
2026-07-06,00993A,主動安聯台灣,2330,å°ç©é»,10.41,467000.0,0.0,半導體業,https://www.moneydj.com/ETF/X/Basic/Basic0007.xdjhtm?etfid=00993A.TW&topc=
2026-07-06,00993A,主動安聯台灣,2327,åå·¨*,6.33,694000.0,0.0,電子零組件業,https://www.moneydj.com/ETF/X/Basic/Basic0007.xdjhtm?etfid=00993A.TW&topc=
2026-07-06,00993A,主動安聯台灣,2454,è¯ç¼ç§,6.14,164000.0,0.0,半導體業,https://www.moneydj.com/ETF/X/Basic/Basic0007.xdjhtm?etfid=00993A.TW&topc=
2026-07-06,00993A,主動安聯台灣,2383,å°åé»,5.71,115000.0,0.0,電子零組件業,https://www.moneydj.com/ETF/X/Basic/Basic0007.xdjhtm?etfid=00993A.TW&topc=
2026-07-06,00993A,主動安聯台灣,6223,æºç½,4.79,77000.0,0.0,半導體業,https://www.moneydj.com/ETF/X/Basic/Basic0007.xdjhtm?etfid=00993A.TW&topc=
2026-07-06,00993A,主動安聯台灣,2308,å°éé»,3.98,220000.0,0.0,電子零組件業,https://www.moneydj.com/ETF/X/Basic/Basic0007.xdjhtm?etfid=00993A.TW&topc=
2026-07-06,00993A,主動安聯台灣,3017,å¥é,3.83,158000.0,0.0,電腦及週邊設備業,https://www.moneydj.com/ETF/X/Basic/Basic0007.xdjhtm?etfid=00993A.TW&topc=
2026-07-06,00993A,主動安聯台灣,2345,æºé¦,3.48,145000.0,0.0,通信網路業,https://www.moneydj.com/ETF/X/Basic/Basic0007.xdjhtm?etfid=00993A.TW&topc=
2026-07-06,00993A,主動安聯台灣,2303,è¯é»,3.35,2223000.0,0.0,半導體業,https://www.moneydj.com/ETF/X/Basic/Basic0007.xdjhtm?etfid=00993A.TW&topc=
2026-07-06,00993A,主動安聯台灣,6274,å°ç¿,3.15,213000.0,0.0,電子零組件業,https://www.moneydj.com/ETF/X/Basic/Basic0007.xdjhtm?etfid=00993A.TW&topc=
2026-07-06,00999A,主動野村臺灣高息,2330,å°ç©é»,8.71,484000.0,0.0,半導體業,https://www.moneydj.com/ETF/X/Basic/Basic0007.xdjhtm?etfid=00999A.TW&topc=
2026-07-06,00999A,主動野村臺灣高息,2059,å·æ¹,4.67,82000.0,0.0,電子零組件業,https://www.moneydj.com/ETF/X/Basic/Basic0007.xdjhtm?etfid=00999A.TW&topc=
2026-07-06,00999A,主動野村臺灣高息,2454,è¯ç¼ç§,4.56,151000.0,0.0,半導體業,https://www.moneydj.com/ETF/X/Basic/Basic0007.xdjhtm?etfid=00999A.TW&topc=
2026-07-06,00999A,主動野村臺灣高息,2308,å°éé»,4.26,292000.0,0.0,電子零組件業,https://www.moneydj.com/ETF/X/Basic/Basic0007.xdjhtm?etfid=00999A.TW&topc=
2026-07-06,00999A,主動野村臺灣高息,2383,å°åé»,3.97,99000.0,0.0,電子零組件業,https://www.moneydj.com/ETF/X/Basic/Basic0007.xdjhtm?etfid=00999A.TW&topc=
2026-07-06,00999A,主動野村臺灣高息,7769,é´»å,3.08,62000.0,0.0,半導體業,https://www.moneydj.com/ETF/X/Basic/Basic0007.xdjhtm?etfid=00999A.TW&topc=
2026-07-06,00999A,主動野村臺灣高息,2618,é·æ¦®èª,2.55,8019000.0,0.0,航運業,https://www.moneydj.com/ETF/X/Basic/Basic0007.xdjhtm?etfid=00999A.TW&topc=
2026-07-06,00999A,主動野村臺灣高息,2368,éåé»,2.51,280000.0,0.0,電子零組件業,https://www.moneydj.com/ETF/X/Basic/Basic0007.xdjhtm?etfid=00999A.TW&topc=
2026-07-06,00999A,主動野村臺灣高息,2408,åäºç§,2.43,789000.0,0.0,半導體業,https://www.moneydj.com/ETF/X/Basic/Basic0007.xdjhtm?etfid=00999A.TW&topc=
2026-07-06,00999A,主動野村臺灣高息,6515,ç©å´´,2.35,36000.0,0.0,半導體業,https://www.moneydj.com/ETF/X/Basic/Basic0007.xdjhtm?etfid=00999A.TW&topc=
2026-07-07,00400A,主動國泰動能高息,2330,å°ç©é»,8.96,928000.0,0.0,半導體業,https://www.moneydj.com/ETF/X/Basic/Basic0007.xdjhtm?etfid=00400A.TW&topc=
2026-07-07,00400A,主動國泰動能高息,2454,è¯ç¼ç§,7.02,440000.0,0.0,半導體業,https://www.moneydj.com/ETF/X/Basic/Basic0007.xdjhtm?etfid=00400A.TW&topc=
2026-07-07,00400A,主動國泰動能高息,2383,å°åé»,5.8,281000.0,0.0,電子零組件業,https://www.moneydj.com/ETF/X/Basic/Basic0007.xdjhtm?etfid=00400A.TW&topc=
2026-07-07,00400A,主動國泰動能高息,6223,æºç½,4.27,171000.0,0.0,半導體業,https://www.moneydj.com/ETF/X/Basic/Basic0007.xdjhtm?etfid=00400A.TW&topc=
2026-07-07,00400A,主動國泰動能高息,6488,ç°çæ¶,4.07,853000.0,0.0,半導體業,https://www.moneydj.com/ETF/X/Basic/Basic0007.xdjhtm?etfid=00400A.TW&topc=
2026-07-07,00400A,主動國泰動能高息,6669,ç·¯ç©,4.03,203000.0,0.0,電腦及週邊設備業,https://www.moneydj.com/ETF/X/Basic/Basic0007.xdjhtm?etfid=00400A.TW&topc=
2026-07-07,00400A,主動國泰動能高息,3017,å¥é,3.86,398000.0,0.0,電腦及週邊設備業,https://www.moneydj.com/ETF/X/Basic/Basic0007.xdjhtm?etfid=00400A.TW&topc=
2026-07-07,00400A,主動國泰動能高息,3037,æ¬£è,3.56,1071000.0,0.0,電子零組件業,https://www.moneydj.com/ETF/X/Basic/Basic0007.xdjhtm?etfid=00400A.TW&topc=
2026-07-07,00400A,主動國泰動能高息,2308,å°éé»,3.33,446000.0,0.0,電子零組件業,https://www.moneydj.com/ETF/X/Basic/Basic0007.xdjhtm?etfid=00400A.TW&topc=
2026-07-07,00400A,主動國泰動能高息,2327,åå·¨*,3.22,898000.0,0.0,電子零組件業,https://www.moneydj.com/ETF/X/Basic/Basic0007.xdjhtm?etfid=00400A.TW&topc=
2026-07-07,00980A,主動野村臺灣優選,2330,å°ç©é»,9.35,634000.0,0.0,半導體業,https://www.moneydj.com/ETF/X/Basic/Basic0007.xdjhtm?etfid=00980A.TW&topc=
2026-07-07,00980A,主動野村臺灣優選,2454,è¯ç¼ç§,6.55,269000.0,0.0,半導體業,https://www.moneydj.com/ETF/X/Basic/Basic0007.xdjhtm?etfid=00980A.TW&topc=
2026-07-07,00980A,主動野村臺灣優選,2059,å·æ¹,5.49,110000.0,0.0,電子零組件業,https://www.moneydj.com/ETF/X/Basic/Basic0007.xdjhtm?etfid=00980A.TW&topc=
2026-07-07,00980A,主動野村臺灣優選,2308,å°éé»,5.43,475000.0,0.0,電子零組件業,https://www.moneydj.com/ETF/X/Basic/Basic0007.xdjhtm?etfid=00980A.TW&topc=
2026-07-07,00980A,主動野村臺灣優選,2383,å°åé»,4.76,151000.0,0.0,電子零組件業,https://www.moneydj.com/ETF/X/Basic/Basic0007.xdjhtm?etfid=00980A.TW&topc=
2026-07-07,00980A,主動野村臺灣優選,7769,é´»å,3.47,93000.0,0.0,半導體業,https://www.moneydj.com/ETF/X/Basic/Basic0007.xdjhtm?etfid=00980A.TW&topc=
2026-07-07,00980A,主動野村臺灣優選,3653,å¥ç­,2.92,151000.0,0.0,電子零組件業,https://www.moneydj.com/ETF/X/Basic/Basic0007.xdjhtm?etfid=00980A.TW&topc=
2026-07-07,00980A,主動野村臺灣優選,6223,æºç½,2.9,76000.0,0.0,半導體業,https://www.moneydj.com/ETF/X/Basic/Basic0007.xdjhtm?etfid=00980A.TW&topc=
2026-07-07,00980A,主動野村臺灣優選,3037,æ¬£è,2.85,562000.0,0.0,電子零組件業,https://www.moneydj.com/ETF/X/Basic/Basic0007.xdjhtm?etfid=00980A.TW&topc=
2026-07-07,00980A,主動野村臺灣優選,2368,éåé»,2.7,393000.0,0.0,電子零組件業,https://www.moneydj.com/ETF/X/Basic/Basic0007.xdjhtm?etfid=00980A.TW&topc=
2026-07-07,00985A,主動野村台灣50,2330,å°ç©é»,26.53,1096000.0,0.0,半導體業,https://www.moneydj.com/ETF/X/Basic/Basic0007.xdjhtm?etfid=00985A.TW&topc=
2026-07-07,00985A,主動野村台灣50,2376,æå,3.45,1064000.0,0.0,電腦及週邊設備業,https://www.moneydj.com/ETF/X/Basic/Basic0007.xdjhtm?etfid=00985A.TW&topc=
2026-07-07,00985A,主動野村台灣50,6442,åè,3.06,200000.0,0.0,通信網路業,https://www.moneydj.com/ETF/X/Basic/Basic0007.xdjhtm?etfid=00985A.TW&topc=
2026-07-07,00985A,主動野村台灣50,2059,å·æ¹,3.03,37000.0,0.0,電子零組件業,https://www.moneydj.com/ETF/X/Basic/Basic0007.xdjhtm?etfid=00985A.TW&topc=
2026-07-07,00985A,主動野村台灣50,3661,ä¸è¯-KY,2.92,73000.0,0.0,半導體業,https://www.moneydj.com/ETF/X/Basic/Basic0007.xdjhtm?etfid=00985A.TW&topc=
2026-07-07,00985A,主動野村台灣50,2395,ç è¯,2.68,545000.0,0.0,電腦及週邊設備業,https://www.moneydj.com/ETF/X/Basic/Basic0007.xdjhtm?etfid=00985A.TW&topc=
2026-07-07,00985A,主動野村台灣50,3008,å¤§ç«å,2.62,68000.0,0.0,光電業,https://www.moneydj.com/ETF/X/Basic/Basic0007.xdjhtm?etfid=00985A.TW&topc=
2026-07-07,00985A,主動野村台灣50,3036,ææ,2.36,1111000.0,0.0,電子通路業,https://www.moneydj.com/ETF/X/Basic/Basic0007.xdjhtm?etfid=00985A.TW&topc=
2026-07-07,00985A,主動野村台灣50,4958,è»é¼-KY,2.25,413000.0,0.0,電子零組件業,https://www.moneydj.com/ETF/X/Basic/Basic0007.xdjhtm?etfid=00985A.TW&topc=
2026-07-07,00985A,主動野村台灣50,2345,æºé¦,2.24,92000.0,0.0,通信網路業,https://www.moneydj.com/ETF/X/Basic/Basic0007.xdjhtm?etfid=00985A.TW&topc=
2026-07-07,00993A,主動安聯台灣,2330,å°ç©é»,10.81,467000.0,0.0,半導體業,https://www.moneydj.com/ETF/X/Basic/Basic0007.xdjhtm?etfid=00993A.TW&topc=
2026-07-07,00993A,主動安聯台灣,2454,è¯ç¼ç§,6.29,164000.0,0.0,半導體業,https://www.moneydj.com/ETF/X/Basic/Basic0007.xdjhtm?etfid=00993A.TW&topc=
2026-07-07,00993A,主動安聯台灣,2327,åå·¨*,5.68,659000.0,0.0,電子零組件業,https://www.moneydj.com/ETF/X/Basic/Basic0007.xdjhtm?etfid=00993A.TW&topc=
2026-07-07,00993A,主動安聯台灣,2383,å°åé»,5.67,114000.0,0.0,電子零組件業,https://www.moneydj.com/ETF/X/Basic/Basic0007.xdjhtm?etfid=00993A.TW&topc=
2026-07-07,00993A,主動安聯台灣,6223,æºç½,4.99,83000.0,0.0,半導體業,https://www.moneydj.com/ETF/X/Basic/Basic0007.xdjhtm?etfid=00993A.TW&topc=
2026-07-07,00993A,主動安聯台灣,2345,æºé¦,4.4,188000.0,0.0,通信網路業,https://www.moneydj.com/ETF/X/Basic/Basic0007.xdjhtm?etfid=00993A.TW&topc=
2026-07-07,00993A,主動安聯台灣,3017,å¥é,4.06,174000.0,0.0,電腦及週邊設備業,https://www.moneydj.com/ETF/X/Basic/Basic0007.xdjhtm?etfid=00993A.TW&topc=
2026-07-07,00993A,主動安聯台灣,3037,æ¬£è,3.77,471000.0,0.0,電子零組件業,https://www.moneydj.com/ETF/X/Basic/Basic0007.xdjhtm?etfid=00993A.TW&topc=
2026-07-07,00993A,主動安聯台灣,2308,å°éé»,3.46,192000.0,0.0,電子零組件業,https://www.moneydj.com/ETF/X/Basic/Basic0007.xdjhtm?etfid=00993A.TW&topc=
2026-07-07,00993A,主動安聯台灣,2303,è¯é»,3.28,2223000.0,0.0,半導體業,https://www.moneydj.com/ETF/X/Basic/Basic0007.xdjhtm?etfid=00993A.TW&topc=
2026-07-07,00999A,主動野村臺灣高息,2330,å°ç©é»,7.97,432000.0,0.0,半導體業,https://www.moneydj.com/ETF/X/Basic/Basic0007.xdjhtm?etfid=00999A.TW&topc=
2026-07-07,00999A,主動野村臺灣高息,2059,å·æ¹,5.12,82000.0,0.0,電子零組件業,https://www.moneydj.com/ETF/X/Basic/Basic0007.xdjhtm?etfid=00999A.TW&topc=
2026-07-07,00999A,主動野村臺灣高息,2454,è¯ç¼ç§,4.6,151000.0,0.0,半導體業,https://www.moneydj.com/ETF/X/Basic/Basic0007.xdjhtm?etfid=00999A.TW&topc=
2026-07-07,00999A,主動野村臺灣高息,2308,å°éé»,4.17,292000.0,0.0,電子零組件業,https://www.moneydj.com/ETF/X/Basic/Basic0007.xdjhtm?etfid=00999A.TW&topc=
2026-07-07,00999A,主動野村臺灣高息,2383,å°åé»,3.91,99000.0,0.0,電子零組件業,https://www.moneydj.com/ETF/X/Basic/Basic0007.xdjhtm?etfid=00999A.TW&topc=
2026-07-07,00999A,主動野村臺灣高息,7769,é´»å,2.9,62000.0,0.0,半導體業,https://www.moneydj.com/ETF/X/Basic/Basic0007.xdjhtm?etfid=00999A.TW&topc=
2026-07-07,00999A,主動野村臺灣高息,2618,é·æ¦®èª,2.57,8019000.0,0.0,航運業,https://www.moneydj.com/ETF/X/Basic/Basic0007.xdjhtm?etfid=00999A.TW&topc=
2026-07-07,00999A,主動野村臺灣高息,2368,éåé»,2.4,280000.0,0.0,電子零組件業,https://www.moneydj.com/ETF/X/Basic/Basic0007.xdjhtm?etfid=00999A.TW&topc=
2026-07-07,00999A,主動野村臺灣高息,2408,åäºç§,2.4,789000.0,0.0,半導體業,https://www.moneydj.com/ETF/X/Basic/Basic0007.xdjhtm?etfid=00999A.TW&topc=
2026-07-07,00999A,主動野村臺灣高息,3653,å¥ç­,2.29,95000.0,0.0,電子零組件業,https://www.moneydj.com/ETF/X/Basic/Basic0007.xdjhtm?etfid=00999A.TW&topc=
2026-07-08,00400A,主動國泰動能高息,2330,å°ç©é»,8.88,928000.0,0.0,半導體業,https://www.moneydj.com/ETF/X/Basic/Basic0007.xdjhtm?etfid=00400A.TW&topc=
2026-07-08,00400A,主動國泰動能高息,2454,è¯ç¼ç§,6.82,440000.0,0.0,半導體業,https://www.moneydj.com/ETF/X/Basic/Basic0007.xdjhtm?etfid=00400A.TW&topc=
2026-07-08,00400A,主動國泰動能高息,2383,å°åé»,5.79,281000.0,0.0,電子零組件業,https://www.moneydj.com/ETF/X/Basic/Basic0007.xdjhtm?etfid=00400A.TW&topc=
2026-07-08,00400A,主動國泰動能高息,6223,æºç½,4.29,171000.0,0.0,半導體業,https://www.moneydj.com/ETF/X/Basic/Basic0007.xdjhtm?etfid=00400A.TW&topc=
2026-07-08,00400A,主動國泰動能高息,6488,ç°çæ¶,4.07,853000.0,0.0,半導體業,https://www.moneydj.com/ETF/X/Basic/Basic0007.xdjhtm?etfid=00400A.TW&topc=
2026-07-08,00400A,主動國泰動能高息,6669,ç·¯ç©,3.98,203000.0,0.0,電腦及週邊設備業,https://www.moneydj.com/ETF/X/Basic/Basic0007.xdjhtm?etfid=00400A.TW&topc=
2026-07-08,00400A,主動國泰動能高息,3017,å¥é,3.59,398000.0,0.0,電腦及週邊設備業,https://www.moneydj.com/ETF/X/Basic/Basic0007.xdjhtm?etfid=00400A.TW&topc=
2026-07-08,00400A,主動國泰動能高息,3037,æ¬£è,3.59,1071000.0,0.0,電子零組件業,https://www.moneydj.com/ETF/X/Basic/Basic0007.xdjhtm?etfid=00400A.TW&topc=
2026-07-08,00400A,主動國泰動能高息,2308,å°éé»,3.26,446000.0,0.0,電子零組件業,https://www.moneydj.com/ETF/X/Basic/Basic0007.xdjhtm?etfid=00400A.TW&topc=
2026-07-08,00400A,主動國泰動能高息,2327,åå·¨*,3.1,898000.0,0.0,電子零組件業,https://www.moneydj.com/ETF/X/Basic/Basic0007.xdjhtm?etfid=00400A.TW&topc=
2026-07-08,00980A,主動野村臺灣優選,2330,å°ç©é»,9.44,634000.0,0.0,半導體業,https://www.moneydj.com/ETF/X/Basic/Basic0007.xdjhtm?etfid=00980A.TW&topc=
2026-07-08,00980A,主動野村臺灣優選,2454,è¯ç¼ç§,6.49,269000.0,0.0,半導體業,https://www.moneydj.com/ETF/X/Basic/Basic0007.xdjhtm?etfid=00980A.TW&topc=
2026-07-08,00980A,主動野村臺灣優選,2308,å°éé»,5.41,475000.0,0.0,電子零組件業,https://www.moneydj.com/ETF/X/Basic/Basic0007.xdjhtm?etfid=00980A.TW&topc=
2026-07-08,00980A,主動野村臺灣優選,2059,å·æ¹,5.38,110000.0,0.0,電子零組件業,https://www.moneydj.com/ETF/X/Basic/Basic0007.xdjhtm?etfid=00980A.TW&topc=
2026-07-08,00980A,主動野村臺灣優選,2383,å°åé»,4.85,151000.0,0.0,電子零組件業,https://www.moneydj.com/ETF/X/Basic/Basic0007.xdjhtm?etfid=00980A.TW&topc=
2026-07-08,00980A,主動野村臺灣優選,7769,é´»å,3.4,93000.0,0.0,半導體業,https://www.moneydj.com/ETF/X/Basic/Basic0007.xdjhtm?etfid=00980A.TW&topc=
2026-07-08,00980A,主動野村臺灣優選,6223,æºç½,2.96,76000.0,0.0,半導體業,https://www.moneydj.com/ETF/X/Basic/Basic0007.xdjhtm?etfid=00980A.TW&topc=
2026-07-08,00980A,主動野村臺灣優選,3037,æ¬£è,2.93,562000.0,0.0,電子零組件業,https://www.moneydj.com/ETF/X/Basic/Basic0007.xdjhtm?etfid=00980A.TW&topc=
2026-07-08,00980A,主動野村臺灣優選,3653,å¥ç­,2.92,151000.0,0.0,電子零組件業,https://www.moneydj.com/ETF/X/Basic/Basic0007.xdjhtm?etfid=00980A.TW&topc=
2026-07-08,00980A,主動野村臺灣優選,3081,è¯äº,2.73,216000.0,0.0,通信網路業,https://www.moneydj.com/ETF/X/Basic/Basic0007.xdjhtm?etfid=00980A.TW&topc=
2026-07-08,00982A,主動群益台灣強棒,2330,台積電,9.45,1967000.0,0.0,半導體業,https://www.capitalfund.com.tw/etf/product/detail/399/buyback
2026-07-08,00982A,主動群益台灣強棒,5536,聖暉*,9.13,3716000.0,0.0,其他電子業,https://www.capitalfund.com.tw/etf/product/detail/399/buyback
2026-07-08,00982A,主動群益台灣強棒,2454,聯發科,6.68,857000.0,0.0,半導體業,https://www.capitalfund.com.tw/etf/product/detail/399/buyback
2026-07-08,00982A,主動群益台灣強棒,6139,亞翔,5.18,3067000.0,0.0,其他電子業,https://www.capitalfund.com.tw/etf/product/detail/399/buyback
2026-07-08,00982A,主動群益台灣強棒,6223,旺矽,3.87,307000.0,0.0,半導體業,https://www.capitalfund.com.tw/etf/product/detail/399/buyback
2026-07-08,00982A,主動群益台灣強棒,2345,智邦,3.74,794000.0,0.0,通信網路業,https://www.capitalfund.com.tw/etf/product/detail/399/buyback
2026-07-08,00982A,主動群益台灣強棒,4958,臻鼎-KY,3.47,3147000.0,0.0,電子零組件業,https://www.capitalfund.com.tw/etf/product/detail/399/buyback
2026-07-08,00982A,主動群益台灣強棒,2383,台光電,3.38,326000.0,0.0,電子零組件業,https://www.capitalfund.com.tw/etf/product/detail/399/buyback
2026-07-08,00982A,主動群益台灣強棒,3105,穩懋,3.34,4143000.0,0.0,半導體業,https://www.capitalfund.com.tw/etf/product/detail/399/buyback
2026-07-08,00982A,主動群益台灣強棒,2360,致茂,2.98,823000.0,0.0,其他電子業,https://www.capitalfund.com.tw/etf/product/detail/399/buyback
2026-07-08,00985A,主動野村台灣50,2330,å°ç©é»,26.67,1096000.0,0.0,半導體業,https://www.moneydj.com/ETF/X/Basic/Basic0007.xdjhtm?etfid=00985A.TW&topc=
2026-07-08,00985A,主動野村台灣50,2376,æå,3.52,1064000.0,0.0,電腦及週邊設備業,https://www.moneydj.com/ETF/X/Basic/Basic0007.xdjhtm?etfid=00985A.TW&topc=
2026-07-08,00985A,主動野村台灣50,2059,å·æ¹,2.96,37000.0,0.0,電子零組件業,https://www.moneydj.com/ETF/X/Basic/Basic0007.xdjhtm?etfid=00985A.TW&topc=
2026-07-08,00985A,主動野村台灣50,2395,ç è¯,2.94,545000.0,0.0,電腦及週邊設備業,https://www.moneydj.com/ETF/X/Basic/Basic0007.xdjhtm?etfid=00985A.TW&topc=
2026-07-08,00985A,主動野村台灣50,3661,ä¸è¯-KY,2.93,73000.0,0.0,半導體業,https://www.moneydj.com/ETF/X/Basic/Basic0007.xdjhtm?etfid=00985A.TW&topc=
2026-07-08,00985A,主動野村台灣50,6442,åè,2.93,200000.0,0.0,通信網路業,https://www.moneydj.com/ETF/X/Basic/Basic0007.xdjhtm?etfid=00985A.TW&topc=
2026-07-08,00985A,主動野村台灣50,3008,å¤§ç«å,2.65,68000.0,0.0,光電業,https://www.moneydj.com/ETF/X/Basic/Basic0007.xdjhtm?etfid=00985A.TW&topc=
2026-07-08,00985A,主動野村台灣50,3036,ææ,2.31,1111000.0,0.0,電子通路業,https://www.moneydj.com/ETF/X/Basic/Basic0007.xdjhtm?etfid=00985A.TW&topc=
2026-07-08,00985A,主動野村台灣50,4958,è»é¼-KY,2.3,413000.0,0.0,電子零組件業,https://www.moneydj.com/ETF/X/Basic/Basic0007.xdjhtm?etfid=00985A.TW&topc=
2026-07-08,00985A,主動野村台灣50,2345,æºé¦,2.19,92000.0,0.0,通信網路業,https://www.moneydj.com/ETF/X/Basic/Basic0007.xdjhtm?etfid=00985A.TW&topc=
2026-07-08,00993A,主動安聯台灣,2330,å°ç©é»,11.15,475000.0,0.0,半導體業,https://www.moneydj.com/ETF/X/Basic/Basic0007.xdjhtm?etfid=00993A.TW&topc=
2026-07-08,00993A,主動安聯台灣,2454,è¯ç¼ç§,6.24,164000.0,0.0,半導體業,https://www.moneydj.com/ETF/X/Basic/Basic0007.xdjhtm?etfid=00993A.TW&topc=
2026-07-08,00993A,主動安聯台灣,2383,å°åé»,5.57,110000.0,0.0,電子零組件業,https://www.moneydj.com/ETF/X/Basic/Basic0007.xdjhtm?etfid=00993A.TW&topc=
2026-07-08,00993A,主動安聯台灣,6223,æºç½,5.11,83000.0,0.0,半導體業,https://www.moneydj.com/ETF/X/Basic/Basic0007.xdjhtm?etfid=00993A.TW&topc=
2026-07-08,00993A,主動安聯台灣,2327,åå·¨*,5.02,592000.0,0.0,電子零組件業,https://www.moneydj.com/ETF/X/Basic/Basic0007.xdjhtm?etfid=00993A.TW&topc=
2026-07-08,00993A,主動安聯台灣,2345,æºé¦,4.85,211000.0,0.0,通信網路業,https://www.moneydj.com/ETF/X/Basic/Basic0007.xdjhtm?etfid=00993A.TW&topc=
2026-07-08,00993A,主動安聯台灣,3037,æ¬£è,4.13,502000.0,0.0,電子零組件業,https://www.moneydj.com/ETF/X/Basic/Basic0007.xdjhtm?etfid=00993A.TW&topc=
2026-07-08,00993A,主動安聯台灣,3017,å¥é,4.07,184000.0,0.0,電腦及週邊設備業,https://www.moneydj.com/ETF/X/Basic/Basic0007.xdjhtm?etfid=00993A.TW&topc=
2026-07-08,00993A,主動安聯台灣,2303,è¯é»,3.45,2223000.0,0.0,半導體業,https://www.moneydj.com/ETF/X/Basic/Basic0007.xdjhtm?etfid=00993A.TW&topc=
2026-07-08,00993A,主動安聯台灣,6274,å°ç¿,3.21,205000.0,0.0,電子零組件業,https://www.moneydj.com/ETF/X/Basic/Basic0007.xdjhtm?etfid=00993A.TW&topc=
2026-07-08,00999A,主動野村臺灣高息,2330,å°ç©é»,8.09,432000.0,0.0,半導體業,https://www.moneydj.com/ETF/X/Basic/Basic0007.xdjhtm?etfid=00999A.TW&topc=
2026-07-08,00999A,主動野村臺灣高息,2059,å·æ¹,5.04,82000.0,0.0,電子零組件業,https://www.moneydj.com/ETF/X/Basic/Basic0007.xdjhtm?etfid=00999A.TW&topc=
2026-07-08,00999A,主動野村臺灣高息,2454,è¯ç¼ç§,4.58,151000.0,0.0,半導體業,https://www.moneydj.com/ETF/X/Basic/Basic0007.xdjhtm?etfid=00999A.TW&topc=
2026-07-08,00999A,主動野村臺灣高息,2308,å°éé»,4.18,292000.0,0.0,電子零組件業,https://www.moneydj.com/ETF/X/Basic/Basic0007.xdjhtm?etfid=00999A.TW&topc=
2026-07-08,00999A,主動野村臺灣高息,2383,å°åé»,4.0,99000.0,0.0,電子零組件業,https://www.moneydj.com/ETF/X/Basic/Basic0007.xdjhtm?etfid=00999A.TW&topc=
2026-07-08,00999A,主動野村臺灣高息,7769,é´»å,2.85,62000.0,0.0,半導體業,https://www.moneydj.com/ETF/X/Basic/Basic0007.xdjhtm?etfid=00999A.TW&topc=
2026-07-08,00999A,主動野村臺灣高息,2368,éåé»,2.45,280000.0,0.0,電子零組件業,https://www.moneydj.com/ETF/X/Basic/Basic0007.xdjhtm?etfid=00999A.TW&topc=
2026-07-08,00999A,主動野村臺灣高息,2618,é·æ¦®èª,2.43,8019000.0,0.0,航運業,https://www.moneydj.com/ETF/X/Basic/Basic0007.xdjhtm?etfid=00999A.TW&topc=
2026-07-08,00999A,主動野村臺灣高息,2408,åäºç§,2.37,789000.0,0.0,半導體業,https://www.moneydj.com/ETF/X/Basic/Basic0007.xdjhtm?etfid=00999A.TW&topc=
2026-07-08,00999A,主動野村臺灣高息,3653,å¥ç­,2.31,95000.0,0.0,電子零組件業,https://www.moneydj.com/ETF/X/Basic/Basic0007.xdjhtm?etfid=00999A.TW&topc=
2026-07-09,00400A,主動國泰動能高息,2330,å°ç©é»,8.99,958000.0,0.0,半導體業,https://www.moneydj.com/ETF/X/Basic/Basic0007.xdjhtm?etfid=00400A.TW&topc=
2026-07-09,00400A,主動國泰動能高息,2454,è¯ç¼ç§,6.71,440000.0,0.0,半導體業,https://www.moneydj.com/ETF/X/Basic/Basic0007.xdjhtm?etfid=00400A.TW&topc=
2026-07-09,00400A,主動國泰動能高息,2383,å°åé»,5.78,281000.0,0.0,電子零組件業,https://www.moneydj.com/ETF/X/Basic/Basic0007.xdjhtm?etfid=00400A.TW&topc=
2026-07-09,00400A,主動國泰動能高息,6223,æºç½,4.7,171000.0,0.0,半導體業,https://www.moneydj.com/ETF/X/Basic/Basic0007.xdjhtm?etfid=00400A.TW&topc=
2026-07-09,00400A,主動國泰動能高息,6488,ç°çæ¶,4.47,853000.0,0.0,半導體業,https://www.moneydj.com/ETF/X/Basic/Basic0007.xdjhtm?etfid=00400A.TW&topc=
2026-07-09,00400A,主動國泰動能高息,6669,ç·¯ç©,3.97,203000.0,0.0,電腦及週邊設備業,https://www.moneydj.com/ETF/X/Basic/Basic0007.xdjhtm?etfid=00400A.TW&topc=
2026-07-09,00400A,主動國泰動能高息,3037,æ¬£è,3.64,1071000.0,0.0,電子零組件業,https://www.moneydj.com/ETF/X/Basic/Basic0007.xdjhtm?etfid=00400A.TW&topc=
2026-07-09,00400A,主動國泰動能高息,3017,å¥é,3.63,398000.0,0.0,電腦及週邊設備業,https://www.moneydj.com/ETF/X/Basic/Basic0007.xdjhtm?etfid=00400A.TW&topc=
2026-07-09,00400A,主動國泰動能高息,2059,å·æ¹,3.46,108000.0,0.0,電子零組件業,https://www.moneydj.com/ETF/X/Basic/Basic0007.xdjhtm?etfid=00400A.TW&topc=
2026-07-09,00400A,主動國泰動能高息,2308,å°éé»,3.26,446000.0,0.0,電子零組件業,https://www.moneydj.com/ETF/X/Basic/Basic0007.xdjhtm?etfid=00400A.TW&topc=
2026-07-09,00401A,主動摩根台灣鑫收,2330,å°ç©é»,9.05,121000.0,0.0,半導體業,https://www.moneydj.com/ETF/X/Basic/Basic0007.xdjhtm?etfid=00401A.TW&topc=
2026-07-09,00401A,主動摩根台灣鑫收,2454,è¯ç¼ç§,6.32,52000.0,0.0,半導體業,https://www.moneydj.com/ETF/X/Basic/Basic0007.xdjhtm?etfid=00401A.TW&topc=
2026-07-09,00401A,主動摩根台灣鑫收,2308,å°éé»,4.31,74000.0,0.0,電子零組件業,https://www.moneydj.com/ETF/X/Basic/Basic0007.xdjhtm?etfid=00401A.TW&topc=
2026-07-09,00401A,主動摩根台灣鑫收,7769,é´»å,2.89,14000.0,0.0,半導體業,https://www.moneydj.com/ETF/X/Basic/Basic0007.xdjhtm?etfid=00401A.TW&topc=
2026-07-09,00401A,主動摩根台灣鑫收,6223,æºç½,2.85,13000.0,0.0,半導體業,https://www.moneydj.com/ETF/X/Basic/Basic0007.xdjhtm?etfid=00401A.TW&topc=
2026-07-09,00401A,主動摩根台灣鑫收,4958,è»é¼-KY,2.69,148000.0,0.0,電子零組件業,https://www.moneydj.com/ETF/X/Basic/Basic0007.xdjhtm?etfid=00401A.TW&topc=
2026-07-09,00401A,主動摩根台灣鑫收,3711,æ¥æåææ§,2.62,125000.0,0.0,半導體業,https://www.moneydj.com/ETF/X/Basic/Basic0007.xdjhtm?etfid=00401A.TW&topc=
2026-07-09,00401A,主動摩根台灣鑫收,6669,ç·¯ç©,2.5,16000.0,0.0,電腦及週邊設備業,https://www.moneydj.com/ETF/X/Basic/Basic0007.xdjhtm?etfid=00401A.TW&topc=
2026-07-09,00401A,主動摩根台灣鑫收,2382,å»£é,2.44,211000.0,0.0,電腦及週邊設備業,https://www.moneydj.com/ETF/X/Basic/Basic0007.xdjhtm?etfid=00401A.TW&topc=
2026-07-09,00401A,主動摩根台灣鑫收,2891,ä¸­ä¿¡é,2.43,1124000.0,0.0,金融保險業,https://www.moneydj.com/ETF/X/Basic/Basic0007.xdjhtm?etfid=00401A.TW&topc=
2026-07-09,00403A,主動統一升級50,2330,å°ç©é»,19.01,12800000.0,0.0,半導體業,https://www.moneydj.com/ETF/X/Basic/Basic0007.xdjhtm?etfid=00403A.TW&topc=
2026-07-09,00403A,主動統一升級50,2303,è¯é»,7.19,75000000.0,0.0,半導體業,https://www.moneydj.com/ETF/X/Basic/Basic0007.xdjhtm?etfid=00403A.TW&topc=
2026-07-09,00403A,主動統一升級50,3017,å¥é,4.99,3450000.0,0.0,電腦及週邊設備業,https://www.moneydj.com/ETF/X/Basic/Basic0007.xdjhtm?etfid=00403A.TW&topc=
2026-07-09,00403A,主動統一升級50,2327,åå·¨*,4.98,9000000.0,0.0,電子零組件業,https://www.moneydj.com/ETF/X/Basic/Basic0007.xdjhtm?etfid=00403A.TW&topc=
2026-07-09,00403A,主動統一升級50,6223,æºç½,4.35,1000000.0,0.0,半導體業,https://www.moneydj.com/ETF/X/Basic/Basic0007.xdjhtm?etfid=00403A.TW&topc=
2026-07-09,00403A,主動統一升級50,2344,è¯é¦é»,4.3,39600000.0,0.0,半導體業,https://www.moneydj.com/ETF/X/Basic/Basic0007.xdjhtm?etfid=00403A.TW&topc=
2026-07-09,00403A,主動統一升級50,2454,è¯ç¼ç§,3.86,1600000.0,0.0,半導體業,https://www.moneydj.com/ETF/X/Basic/Basic0007.xdjhtm?etfid=00403A.TW&topc=
2026-07-09,00403A,主動統一升級50,3037,æ¬£è,3.8,7064000.0,0.0,電子零組件業,https://www.moneydj.com/ETF/X/Basic/Basic0007.xdjhtm?etfid=00403A.TW&topc=
2026-07-09,00403A,主動統一升級50,2383,å°åé»,3.71,1140000.0,0.0,電子零組件業,https://www.moneydj.com/ETF/X/Basic/Basic0007.xdjhtm?etfid=00403A.TW&topc=
2026-07-09,00403A,主動統一升級50,2345,æºé¦,3.19,2100000.0,0.0,通信網路業,https://www.moneydj.com/ETF/X/Basic/Basic0007.xdjhtm?etfid=00403A.TW&topc=
2026-07-09,00980A,主動野村臺灣優選,2330,å°ç©é»,9.2,634000.0,0.0,半導體業,https://www.moneydj.com/ETF/X/Basic/Basic0007.xdjhtm?etfid=00980A.TW&topc=
2026-07-09,00980A,主動野村臺灣優選,2454,è¯ç¼ç§,6.34,269000.0,0.0,半導體業,https://www.moneydj.com/ETF/X/Basic/Basic0007.xdjhtm?etfid=00980A.TW&topc=
2026-07-09,00980A,主動野村臺灣優選,2059,å·æ¹,5.45,110000.0,0.0,電子零組件業,https://www.moneydj.com/ETF/X/Basic/Basic0007.xdjhtm?etfid=00980A.TW&topc=
2026-07-09,00980A,主動野村臺灣優選,2308,å°éé»,5.36,475000.0,0.0,電子零組件業,https://www.moneydj.com/ETF/X/Basic/Basic0007.xdjhtm?etfid=00980A.TW&topc=
2026-07-09,00980A,主動野村臺灣優選,2383,å°åé»,4.8,151000.0,0.0,電子零組件業,https://www.moneydj.com/ETF/X/Basic/Basic0007.xdjhtm?etfid=00980A.TW&topc=
2026-07-09,00980A,主動野村臺灣優選,7769,é´»å,3.72,93000.0,0.0,半導體業,https://www.moneydj.com/ETF/X/Basic/Basic0007.xdjhtm?etfid=00980A.TW&topc=
2026-07-09,00980A,主動野村臺灣優選,6223,æºç½,3.23,76000.0,0.0,半導體業,https://www.moneydj.com/ETF/X/Basic/Basic0007.xdjhtm?etfid=00980A.TW&topc=
2026-07-09,00980A,主動野村臺灣優選,3037,æ¬£è,2.95,562000.0,0.0,電子零組件業,https://www.moneydj.com/ETF/X/Basic/Basic0007.xdjhtm?etfid=00980A.TW&topc=
2026-07-09,00980A,主動野村臺灣優選,3653,å¥ç­,2.91,151000.0,0.0,電子零組件業,https://www.moneydj.com/ETF/X/Basic/Basic0007.xdjhtm?etfid=00980A.TW&topc=
2026-07-09,00980A,主動野村臺灣優選,3081,è¯äº,2.6,216000.0,0.0,通信網路業,https://www.moneydj.com/ETF/X/Basic/Basic0007.xdjhtm?etfid=00980A.TW&topc=
2026-07-09,00981A,主動統一台股增長,2330,å°ç©é»,10.51,11960000.0,0.0,半導體業,https://www.moneydj.com/ETF/X/Basic/Basic0007.xdjhtm?etfid=00981A.TW&topc=
2026-07-09,00981A,主動統一台股增長,2383,å°åé»,8.97,4653000.0,0.0,電子零組件業,https://www.moneydj.com/ETF/X/Basic/Basic0007.xdjhtm?etfid=00981A.TW&topc=
2026-07-09,00981A,主動統一台股增長,2327,åå·¨*,8.22,25098000.0,0.0,電子零組件業,https://www.moneydj.com/ETF/X/Basic/Basic0007.xdjhtm?etfid=00981A.TW&topc=
2026-07-09,00981A,主動統一台股增長,2454,è¯ç¼ç§,7.33,5131000.0,0.0,半導體業,https://www.moneydj.com/ETF/X/Basic/Basic0007.xdjhtm?etfid=00981A.TW&topc=
2026-07-09,00981A,主動統一台股增長,6223,æºç½,6.3,2443000.0,0.0,半導體業,https://www.moneydj.com/ETF/X/Basic/Basic0007.xdjhtm?etfid=00981A.TW&topc=
2026-07-09,00981A,主動統一台股增長,2345,æºé¦,5.69,6334000.0,0.0,通信網路業,https://www.moneydj.com/ETF/X/Basic/Basic0007.xdjhtm?etfid=00981A.TW&topc=
2026-07-09,00981A,主動統一台股增長,3037,æ¬£è,5.03,15779000.0,0.0,電子零組件業,https://www.moneydj.com/ETF/X/Basic/Basic0007.xdjhtm?etfid=00981A.TW&topc=
2026-07-09,00981A,主動統一台股增長,2303,è¯é»,4.91,86550000.0,0.0,半導體業,https://www.moneydj.com/ETF/X/Basic/Basic0007.xdjhtm?etfid=00981A.TW&topc=
2026-07-09,00981A,主動統一台股增長,3017,å¥é,4.44,5191000.0,0.0,電腦及週邊設備業,https://www.moneydj.com/ETF/X/Basic/Basic0007.xdjhtm?etfid=00981A.TW&topc=
2026-07-09,00981A,主動統一台股增長,6669,ç·¯ç©,4.43,2417000.0,0.0,電腦及週邊設備業,https://www.moneydj.com/ETF/X/Basic/Basic0007.xdjhtm?etfid=00981A.TW&topc=
2026-07-09,00983A,主動中信ARK創新,TSLA,Tesla,8.04,8239.0,0.0,未分類,https://www.moneydj.com/ETF/X/Basic/Basic0007.xdjhtm?etfid=00983A.TW&topc=
2026-07-09,00983A,主動中信ARK創新,HOOD,Robinhood Markets,7.28,25934.0,0.0,未分類,https://www.moneydj.com/ETF/X/Basic/Basic0007.xdjhtm?etfid=00983A.TW&topc=
2026-07-09,00983A,主動中信ARK創新,TEM,Tempus,6.12,43229.0,0.0,未分類,https://www.moneydj.com/ETF/X/Basic/Basic0007.xdjhtm?etfid=00983A.TW&topc=
2026-07-09,00983A,主動中信ARK創新,AMD,AMD,6.1,4767.0,0.0,未分類,https://www.moneydj.com/ETF/X/Basic/Basic0007.xdjhtm?etfid=00983A.TW&topc=
2026-07-09,00983A,主動中信ARK創新,CRSP,CRISPR Therapeutics,5.15,35146.0,0.0,未分類,https://www.moneydj.com/ETF/X/Basic/Basic0007.xdjhtm?etfid=00983A.TW&topc=
2026-07-09,00983A,主動中信ARK創新,SHOP,Shopify,5.11,17327.0,0.0,未分類,https://www.moneydj.com/ETF/X/Basic/Basic0007.xdjhtm?etfid=00983A.TW&topc=
2026-07-09,00983A,主動中信ARK創新,TXG,10x Genomics,4.83,52118.0,0.0,未分類,https://www.moneydj.com/ETF/X/Basic/Basic0007.xdjhtm?etfid=00983A.TW&topc=
2026-07-09,00983A,主動中信ARK創新,SPCX,SpaceX,4.58,12475.0,0.0,未分類,https://www.moneydj.com/ETF/X/Basic/Basic0007.xdjhtm?etfid=00983A.TW&topc=
2026-07-09,00983A,主動中信ARK創新,BEAM,Beam Therapeutics,4.35,47674.0,0.0,未分類,https://www.moneydj.com/ETF/X/Basic/Basic0007.xdjhtm?etfid=00983A.TW&topc=
2026-07-09,00983A,主動中信ARK創新,TWST,Twist Bioscience,4.02,18181.0,0.0,未分類,https://www.moneydj.com/ETF/X/Basic/Basic0007.xdjhtm?etfid=00983A.TW&topc=
2026-07-09,00984A,主動安聯台灣高息,2330,å°ç©é»,2.87,111000.0,0.0,半導體業,https://www.moneydj.com/ETF/X/Basic/Basic0007.xdjhtm?etfid=00984A.TW&topc=
2026-07-09,00984A,主動安聯台灣高息,2357,è¯ç¢©,2.47,338000.0,0.0,電腦及週邊設備業,https://www.moneydj.com/ETF/X/Basic/Basic0007.xdjhtm?etfid=00984A.TW&topc=
2026-07-09,00984A,主動安聯台灣高息,2881,å¯é¦é,2.44,1836025.0,0.0,金融保險業,https://www.moneydj.com/ETF/X/Basic/Basic0007.xdjhtm?etfid=00984A.TW&topc=
2026-07-09,00984A,主動安聯台灣高息,2891,ä¸­ä¿¡é,2.4,3215000.0,0.0,金融保險業,https://www.moneydj.com/ETF/X/Basic/Basic0007.xdjhtm?etfid=00984A.TW&topc=
2026-07-09,00984A,主動安聯台灣高息,2382,å»£é,2.37,595000.0,0.0,電腦及週邊設備業,https://www.moneydj.com/ETF/X/Basic/Basic0007.xdjhtm?etfid=00984A.TW&topc=
2026-07-09,00984A,主動安聯台灣高息,2412,ä¸­è¯é»,2.35,1649000.0,0.0,通信網路業,https://www.moneydj.com/ETF/X/Basic/Basic0007.xdjhtm?etfid=00984A.TW&topc=
2026-07-09,00984A,主動安聯台灣高息,2303,è¯é»,2.28,1367000.0,0.0,半導體業,https://www.moneydj.com/ETF/X/Basic/Basic0007.xdjhtm?etfid=00984A.TW&topc=
2026-07-09,00984A,主動安聯台灣高息,6446,è¥è¯è¥,2.24,163425.0,0.0,生技醫療業,https://www.moneydj.com/ETF/X/Basic/Basic0007.xdjhtm?etfid=00984A.TW&topc=
2026-07-09,00984A,主動安聯台灣高息,3034,è¯è©,2.01,347000.0,0.0,半導體業,https://www.moneydj.com/ETF/X/Basic/Basic0007.xdjhtm?etfid=00984A.TW&topc=
2026-07-09,00984A,主動安聯台灣高息,6274,å°ç¿,1.98,118000.0,0.0,電子零組件業,https://www.moneydj.com/ETF/X/Basic/Basic0007.xdjhtm?etfid=00984A.TW&topc=
2026-07-09,00985A,主動野村台灣50,2330,å°ç©é»,26.0,1096000.0,0.0,半導體業,https://www.moneydj.com/ETF/X/Basic/Basic0007.xdjhtm?etfid=00985A.TW&topc=
2026-07-09,00985A,主動野村台灣50,2376,æå,3.52,1064000.0,0.0,電腦及週邊設備業,https://www.moneydj.com/ETF/X/Basic/Basic0007.xdjhtm?etfid=00985A.TW&topc=
2026-07-09,00985A,主動野村台灣50,3661,ä¸è¯-KY,3.02,73000.0,0.0,半導體業,https://www.moneydj.com/ETF/X/Basic/Basic0007.xdjhtm?etfid=00985A.TW&topc=
2026-07-09,00985A,主動野村台灣50,2059,å·æ¹,3.0,37000.0,0.0,電子零組件業,https://www.moneydj.com/ETF/X/Basic/Basic0007.xdjhtm?etfid=00985A.TW&topc=
2026-07-09,00985A,主動野村台灣50,6442,åè,2.91,200000.0,0.0,通信網路業,https://www.moneydj.com/ETF/X/Basic/Basic0007.xdjhtm?etfid=00985A.TW&topc=
2026-07-09,00985A,主動野村台灣50,2395,ç è¯,2.89,545000.0,0.0,電腦及週邊設備業,https://www.moneydj.com/ETF/X/Basic/Basic0007.xdjhtm?etfid=00985A.TW&topc=
2026-07-09,00985A,主動野村台灣50,3008,å¤§ç«å,2.64,68000.0,0.0,光電業,https://www.moneydj.com/ETF/X/Basic/Basic0007.xdjhtm?etfid=00985A.TW&topc=
2026-07-09,00985A,主動野村台灣50,4958,è»é¼-KY,2.39,413000.0,0.0,電子零組件業,https://www.moneydj.com/ETF/X/Basic/Basic0007.xdjhtm?etfid=00985A.TW&topc=
2026-07-09,00985A,主動野村台灣50,3036,ææ,2.31,1111000.0,0.0,電子通路業,https://www.moneydj.com/ETF/X/Basic/Basic0007.xdjhtm?etfid=00985A.TW&topc=
2026-07-09,00985A,主動野村台灣50,2345,æºé¦,2.23,92000.0,0.0,通信網路業,https://www.moneydj.com/ETF/X/Basic/Basic0007.xdjhtm?etfid=00985A.TW&topc=
2026-07-09,00986A,主動台新龍頭成長,2330,å°ç©é»,8.84,22000.0,0.0,半導體業,https://www.moneydj.com/ETF/X/Basic/Basic0007.xdjhtm?etfid=00986A.TW&topc=
2026-07-09,00986A,主動台新龍頭成長,GOOGL,lphabet - Class A Common Stock,7.57,4000.0,0.0,未分類,https://www.moneydj.com/ETF/X/Basic/Basic0007.xdjhtm?etfid=00986A.TW&topc=
2026-07-09,00986A,主動台新龍頭成長,NVDA,NVIDIA,5.66,5300.0,0.0,未分類,https://www.moneydj.com/ETF/X/Basic/Basic0007.xdjhtm?etfid=00986A.TW&topc=
2026-07-09,00986A,主動台新龍頭成長,MU,Micron,5.46,1100.0,0.0,未分類,https://www.moneydj.com/ETF/X/Basic/Basic0007.xdjhtm?etfid=00986A.TW&topc=
2026-07-09,00986A,主動台新龍頭成長,AVGO,Broadcom,4.88,2400.0,0.0,未分類,https://www.moneydj.com/ETF/X/Basic/Basic0007.xdjhtm?etfid=00986A.TW&topc=
2026-07-09,00986A,主動台新龍頭成長,CRWD,CrowdStrike Holdings,3.75,3752.0,0.0,未分類,https://www.moneydj.com/ETF/X/Basic/Basic0007.xdjhtm?etfid=00986A.TW&topc=
2026-07-09,00986A,主動台新龍頭成長,GEV,GE Vernova,3.64,650.0,0.0,未分類,https://www.moneydj.com/ETF/X/Basic/Basic0007.xdjhtm?etfid=00986A.TW&topc=
2026-07-09,00986A,主動台新龍頭成長,AMZN,Amazon,3.57,2800.0,0.0,未分類,https://www.moneydj.com/ETF/X/Basic/Basic0007.xdjhtm?etfid=00986A.TW&topc=
2026-07-09,00986A,主動台新龍頭成長,LRCX,Lam Research,3.52,2021.0,0.0,未分類,https://www.moneydj.com/ETF/X/Basic/Basic0007.xdjhtm?etfid=00986A.TW&topc=
2026-07-09,00987A,主動台新優勢成長,2330,å°ç©é»,7.98,90000.0,0.0,半導體業,https://www.moneydj.com/ETF/X/Basic/Basic0007.xdjhtm?etfid=00987A.TW&topc=
2026-07-09,00987A,主動台新優勢成長,3017,å¥é,7.42,86000.0,0.0,電腦及週邊設備業,https://www.moneydj.com/ETF/X/Basic/Basic0007.xdjhtm?etfid=00987A.TW&topc=
2026-07-09,00987A,主動台新優勢成長,6223,æºç½,7.01,27000.0,0.0,半導體業,https://www.moneydj.com/ETF/X/Basic/Basic0007.xdjhtm?etfid=00987A.TW&topc=
2026-07-09,00987A,主動台新優勢成長,2383,å°åé»,6.61,34000.0,0.0,電子零組件業,https://www.moneydj.com/ETF/X/Basic/Basic0007.xdjhtm?etfid=00987A.TW&topc=
2026-07-09,00987A,主動台新優勢成長,3037,æ¬£è,6.1,190000.0,0.0,電子零組件業,https://www.moneydj.com/ETF/X/Basic/Basic0007.xdjhtm?etfid=00987A.TW&topc=
2026-07-09,00987A,主動台新優勢成長,6274,å°ç¿,4.32,75000.0,0.0,電子零組件業,https://www.moneydj.com/ETF/X/Basic/Basic0007.xdjhtm?etfid=00987A.TW&topc=
2026-07-09,00987A,主動台新優勢成長,3443,åµæ,3.82,24000.0,0.0,半導體業,https://www.moneydj.com/ETF/X/Basic/Basic0007.xdjhtm?etfid=00987A.TW&topc=
2026-07-09,00987A,主動台新優勢成長,2327,åå·¨*,3.67,111000.0,0.0,電子零組件業,https://www.moneydj.com/ETF/X/Basic/Basic0007.xdjhtm?etfid=00987A.TW&topc=
2026-07-09,00987A,主動台新優勢成長,3665,è²¿è¯-KY,3.42,50000.0,0.0,其他電子業,https://www.moneydj.com/ETF/X/Basic/Basic0007.xdjhtm?etfid=00987A.TW&topc=
2026-07-09,00987A,主動台新優勢成長,3081,è¯äº,3.38,46000.0,0.0,通信網路業,https://www.moneydj.com/ETF/X/Basic/Basic0007.xdjhtm?etfid=00987A.TW&topc=
2026-07-09,00989A,主動摩根美國科技,GOOG,phabet - Class C Capital Stock,4.45,5183.0,0.0,未分類,https://www.moneydj.com/ETF/X/Basic/Basic0007.xdjhtm?etfid=00989A.TW&topc=
2026-07-09,00989A,主動摩根美國科技,INTC,Intel,4.3,16278.0,0.0,未分類,https://www.moneydj.com/ETF/X/Basic/Basic0007.xdjhtm?etfid=00989A.TW&topc=
2026-07-09,00989A,主動摩根美國科技,LRCX,Lam Research,4.23,5301.0,0.0,未分類,https://www.moneydj.com/ETF/X/Basic/Basic0007.xdjhtm?etfid=00989A.TW&topc=
2026-07-09,00989A,主動摩根美國科技,AVGO,Broadcom,3.91,4203.0,0.0,未分類,https://www.moneydj.com/ETF/X/Basic/Basic0007.xdjhtm?etfid=00989A.TW&topc=
2026-07-09,00989A,主動摩根美國科技,TTWO,Take-Two,3.79,6295.0,0.0,未分類,https://www.moneydj.com/ETF/X/Basic/Basic0007.xdjhtm?etfid=00989A.TW&topc=
2026-07-09,00989A,主動摩根美國科技,PANW,Palo Alto,3.68,4791.0,0.0,未分類,https://www.moneydj.com/ETF/X/Basic/Basic0007.xdjhtm?etfid=00989A.TW&topc=
2026-07-09,00989A,主動摩根美國科技,NVDA,NVIDIA,3.6,7362.0,0.0,未分類,https://www.moneydj.com/ETF/X/Basic/Basic0007.xdjhtm?etfid=00989A.TW&topc=
2026-07-09,00989A,主動摩根美國科技,AMD,AMD,3.56,2868.0,0.0,未分類,https://www.moneydj.com/ETF/X/Basic/Basic0007.xdjhtm?etfid=00989A.TW&topc=
2026-07-09,00989A,主動摩根美國科技,TSLA,Tesla,3.12,3309.0,0.0,未分類,https://www.moneydj.com/ETF/X/Basic/Basic0007.xdjhtm?etfid=00989A.TW&topc=
2026-07-09,00989A,主動摩根美國科技,ASML,ASML Holding,3.06,722.0,0.0,未分類,https://www.moneydj.com/ETF/X/Basic/Basic0007.xdjhtm?etfid=00989A.TW&topc=
2026-07-09,00990A,主動元大AI新經濟,1068,N/AN/AN/AN/AN/AN/AN/AN/AN/AN/Aåºæºææ¸æ¼²è·å¹,22.92,0.0,0.0,未分類,https://www.moneydj.com/ETF/X/Basic/Basic0009.xdjhtm?etfid=00990A.TW
2026-07-09,00990A,主動元大AI新經濟,2808,-,14.43,1.16,0.0,未分類,https://www.moneydj.com/ETF/X/Basic/Basic0009.xdjhtm?etfid=00990A.TW
2026-07-09,00990A,主動元大AI新經濟,1097,N/AN/AN/AN/AN/AN/Aåºæºææ¸æ¼²è·å¹-,13.3,3.52,0.0,未分類,https://www.moneydj.com/ETF/X/Basic/Basic0009.xdjhtm?etfid=00990A.TW
2026-07-09,00990A,主動元大AI新經濟,4053,-,12.62,11.44,0.0,未分類,https://www.moneydj.com/ETF/X/Basic/Basic0009.xdjhtm?etfid=00990A.TW
2026-07-09,00990A,主動元大AI新經濟,1245,-,10.29,0.0,0.0,未分類,https://www.moneydj.com/ETF/X/Basic/Basic0009.xdjhtm?etfid=00990A.TW
2026-07-09,00990A,主動元大AI新經濟,0800,-,6.0,0.0,0.0,未分類,https://www.moneydj.com/ETF/X/Basic/Basic0009.xdjhtm?etfid=00990A.TW
2026-07-09,00990A,主動元大AI新經濟,2023,Q,2.0,0.0,0.0,鋼鐵工業,https://www.moneydj.com/ETF/X/Basic/Basic0009.xdjhtm?etfid=00990A.TW
2026-07-09,00990A,主動元大AI新經濟,1171,-,1.83,0.0,0.0,未分類,https://www.moneydj.com/ETF/X/Basic/Basic0009.xdjhtm?etfid=00990A.TW
2026-07-09,00993A,主動安聯台灣,2330,å°ç©é»,10.89,475000.0,0.0,半導體業,https://www.moneydj.com/ETF/X/Basic/Basic0007.xdjhtm?etfid=00993A.TW&topc=
2026-07-09,00993A,主動安聯台灣,2454,è¯ç¼ç§,6.1,164000.0,0.0,半導體業,https://www.moneydj.com/ETF/X/Basic/Basic0007.xdjhtm?etfid=00993A.TW&topc=
2026-07-09,00993A,主動安聯台灣,6223,æºç½,5.57,83000.0,0.0,半導體業,https://www.moneydj.com/ETF/X/Basic/Basic0007.xdjhtm?etfid=00993A.TW&topc=
2026-07-09,00993A,主動安聯台灣,2383,å°åé»,5.52,110000.0,0.0,電子零組件業,https://www.moneydj.com/ETF/X/Basic/Basic0007.xdjhtm?etfid=00993A.TW&topc=
2026-07-09,00993A,主動安聯台灣,2327,åå·¨*,5.05,592000.0,0.0,電子零組件業,https://www.moneydj.com/ETF/X/Basic/Basic0007.xdjhtm?etfid=00993A.TW&topc=
2026-07-09,00993A,主動安聯台灣,2345,æºé¦,4.94,211000.0,0.0,通信網路業,https://www.moneydj.com/ETF/X/Basic/Basic0007.xdjhtm?etfid=00993A.TW&topc=
2026-07-09,00993A,主動安聯台灣,3037,æ¬£è,4.16,502000.0,0.0,電子零組件業,https://www.moneydj.com/ETF/X/Basic/Basic0007.xdjhtm?etfid=00993A.TW&topc=
2026-07-09,00993A,主動安聯台灣,3017,å¥é,4.1,184000.0,0.0,電腦及週邊設備業,https://www.moneydj.com/ETF/X/Basic/Basic0007.xdjhtm?etfid=00993A.TW&topc=
2026-07-09,00993A,主動安聯台灣,2303,è¯é»,3.29,2223000.0,0.0,半導體業,https://www.moneydj.com/ETF/X/Basic/Basic0007.xdjhtm?etfid=00993A.TW&topc=
2026-07-09,00993A,主動安聯台灣,3711,æ¥æåææ§,3.15,490000.0,0.0,半導體業,https://www.moneydj.com/ETF/X/Basic/Basic0007.xdjhtm?etfid=00993A.TW&topc=
2026-07-09,00994A,主動第一金台股優,2330,å°ç©é»,16.48,345999.0,0.0,半導體業,https://www.moneydj.com/ETF/X/Basic/Basic0007.xdjhtm?etfid=00994A.TW&topc=
2026-07-09,00994A,主動第一金台股優,2383,å°åé»,7.32,70000.0,0.0,電子零組件業,https://www.moneydj.com/ETF/X/Basic/Basic0007.xdjhtm?etfid=00994A.TW&topc=
2026-07-09,00994A,主動第一金台股優,2454,è¯ç¼ç§,6.67,86000.0,0.0,半導體業,https://www.moneydj.com/ETF/X/Basic/Basic0007.xdjhtm?etfid=00994A.TW&topc=
2026-07-09,00994A,主動第一金台股優,2327,åå·¨*,5.99,337000.0,0.0,電子零組件業,https://www.moneydj.com/ETF/X/Basic/Basic0007.xdjhtm?etfid=00994A.TW&topc=
2026-07-09,00994A,主動第一金台股優,8046,åé»,5.64,235000.0,0.0,電子零組件業,https://www.moneydj.com/ETF/X/Basic/Basic0007.xdjhtm?etfid=00994A.TW&topc=
2026-07-09,00994A,主動第一金台股優,3037,æ¬£è,5.41,313001.0,0.0,電子零組件業,https://www.moneydj.com/ETF/X/Basic/Basic0007.xdjhtm?etfid=00994A.TW&topc=
2026-07-09,00994A,主動第一金台股優,6223,æºç½,5.02,35901.0,0.0,半導體業,https://www.moneydj.com/ETF/X/Basic/Basic0007.xdjhtm?etfid=00994A.TW&topc=
2026-07-09,00994A,主動第一金台股優,2345,æºé¦,4.88,100000.0,0.0,通信網路業,https://www.moneydj.com/ETF/X/Basic/Basic0007.xdjhtm?etfid=00994A.TW&topc=
2026-07-09,00994A,主動第一金台股優,6274,å°ç¿,4.87,157000.0,0.0,電子零組件業,https://www.moneydj.com/ETF/X/Basic/Basic0007.xdjhtm?etfid=00994A.TW&topc=
2026-07-09,00994A,主動第一金台股優,3711,æ¥æåææ§,3.49,261002.0,0.0,半導體業,https://www.moneydj.com/ETF/X/Basic/Basic0007.xdjhtm?etfid=00994A.TW&topc=
2026-07-09,00995A,主動中信台灣卓越,2330,å°ç©é»,8.81,188000.0,0.0,半導體業,https://www.moneydj.com/ETF/X/Basic/Basic0007.xdjhtm?etfid=00995A.TW&topc=
2026-07-09,00995A,主動中信台灣卓越,2383,å°åé»,7.91,77000.0,0.0,電子零組件業,https://www.moneydj.com/ETF/X/Basic/Basic0007.xdjhtm?etfid=00995A.TW&topc=
2026-07-09,00995A,主動中信台灣卓越,2454,è¯ç¼ç§,5.64,74000.0,0.0,半導體業,https://www.moneydj.com/ETF/X/Basic/Basic0007.xdjhtm?etfid=00995A.TW&topc=
2026-07-09,00995A,主動中信台灣卓越,2327,åå·¨*,5.29,303000.0,0.0,電子零組件業,https://www.moneydj.com/ETF/X/Basic/Basic0007.xdjhtm?etfid=00995A.TW&topc=
2026-07-09,00995A,主動中信台灣卓越,2345,æºé¦,5.27,110000.0,0.0,通信網路業,https://www.moneydj.com/ETF/X/Basic/Basic0007.xdjhtm?etfid=00995A.TW&topc=
2026-07-09,00995A,主動中信台灣卓越,6223,æºç½,4.95,36000.0,0.0,半導體業,https://www.moneydj.com/ETF/X/Basic/Basic0007.xdjhtm?etfid=00995A.TW&topc=
2026-07-09,00995A,主動中信台灣卓越,6669,ç·¯ç©,4.21,43000.0,0.0,電腦及週邊設備業,https://www.moneydj.com/ETF/X/Basic/Basic0007.xdjhtm?etfid=00995A.TW&topc=
2026-07-09,00995A,主動中信台灣卓越,8046,åé»,4.01,170000.0,0.0,電子零組件業,https://www.moneydj.com/ETF/X/Basic/Basic0007.xdjhtm?etfid=00995A.TW&topc=
2026-07-09,00995A,主動中信台灣卓越,3037,æ¬£è,3.94,232000.0,0.0,電子零組件業,https://www.moneydj.com/ETF/X/Basic/Basic0007.xdjhtm?etfid=00995A.TW&topc=
2026-07-09,00995A,主動中信台灣卓越,3017,å¥é,3.65,80000.0,0.0,電腦及週邊設備業,https://www.moneydj.com/ETF/X/Basic/Basic0007.xdjhtm?etfid=00995A.TW&topc=
2026-07-09,00996A,主動兆豐台灣豐收,2330,å°ç©é»,8.92,179000.0,0.0,半導體業,https://www.moneydj.com/ETF/X/Basic/Basic0007.xdjhtm?etfid=00996A.TW&topc=
2026-07-09,00996A,主動兆豐台灣豐收,4958,è»é¼-KY,7.41,611000.0,0.0,電子零組件業,https://www.moneydj.com/ETF/X/Basic/Basic0007.xdjhtm?etfid=00996A.TW&topc=
2026-07-09,00996A,主動兆豐台灣豐收,2327,åå·¨*,7.05,380000.0,0.0,電子零組件業,https://www.moneydj.com/ETF/X/Basic/Basic0007.xdjhtm?etfid=00996A.TW&topc=
2026-07-09,00996A,主動兆豐台灣豐收,2454,è¯ç¼ç§,6.56,81000.0,0.0,半導體業,https://www.moneydj.com/ETF/X/Basic/Basic0007.xdjhtm?etfid=00996A.TW&topc=
2026-07-09,00996A,主動兆豐台灣豐收,2383,å°åé»,5.57,51000.0,0.0,電子零組件業,https://www.moneydj.com/ETF/X/Basic/Basic0007.xdjhtm?etfid=00996A.TW&topc=
2026-07-09,00996A,主動兆豐台灣豐收,2472,ç«éé»,4.66,601000.0,0.0,電子零組件業,https://www.moneydj.com/ETF/X/Basic/Basic0007.xdjhtm?etfid=00996A.TW&topc=
2026-07-09,00996A,主動兆豐台灣豐收,8046,åé»,4.38,175000.0,0.0,電子零組件業,https://www.moneydj.com/ETF/X/Basic/Basic0007.xdjhtm?etfid=00996A.TW&topc=
2026-07-09,00996A,主動兆豐台灣豐收,2308,å°éé»,4.07,105000.0,0.0,電子零組件業,https://www.moneydj.com/ETF/X/Basic/Basic0007.xdjhtm?etfid=00996A.TW&topc=
2026-07-09,00996A,主動兆豐台灣豐收,2344,è¯é¦é»,3.26,895000.0,0.0,半導體業,https://www.moneydj.com/ETF/X/Basic/Basic0007.xdjhtm?etfid=00996A.TW&topc=
2026-07-09,00996A,主動兆豐台灣豐收,3042,æ¶æ,3.16,765000.0,0.0,電子零組件業,https://www.moneydj.com/ETF/X/Basic/Basic0007.xdjhtm?etfid=00996A.TW&topc=
2026-07-09,00999A,主動野村臺灣高息,2330,å°ç©é»,6.83,372000.0,0.0,半導體業,https://www.moneydj.com/ETF/X/Basic/Basic0007.xdjhtm?etfid=00999A.TW&topc=
2026-07-09,00999A,主動野村臺灣高息,2059,å·æ¹,5.14,82000.0,0.0,電子零組件業,https://www.moneydj.com/ETF/X/Basic/Basic0007.xdjhtm?etfid=00999A.TW&topc=
2026-07-09,00999A,主動野村臺灣高息,2454,è¯ç¼ç§,4.5,151000.0,0.0,半導體業,https://www.moneydj.com/ETF/X/Basic/Basic0007.xdjhtm?etfid=00999A.TW&topc=
2026-07-09,00999A,主動野村臺灣高息,2308,å°éé»,4.17,292000.0,0.0,電子零組件業,https://www.moneydj.com/ETF/X/Basic/Basic0007.xdjhtm?etfid=00999A.TW&topc=
2026-07-09,00999A,主動野村臺灣高息,2383,å°åé»,3.98,99000.0,0.0,電子零組件業,https://www.moneydj.com/ETF/X/Basic/Basic0007.xdjhtm?etfid=00999A.TW&topc=
2026-07-09,00999A,主動野村臺灣高息,7769,é´»å,3.14,62000.0,0.0,半導體業,https://www.moneydj.com/ETF/X/Basic/Basic0007.xdjhtm?etfid=00999A.TW&topc=
2026-07-09,00999A,主動野村臺灣高息,2408,åäºç§,2.61,789000.0,0.0,半導體業,https://www.moneydj.com/ETF/X/Basic/Basic0007.xdjhtm?etfid=00999A.TW&topc=
2026-07-09,00999A,主動野村臺灣高息,3653,å¥ç­,2.31,95000.0,0.0,電子零組件業,https://www.moneydj.com/ETF/X/Basic/Basic0007.xdjhtm?etfid=00999A.TW&topc=
2026-07-09,00999A,主動野村臺灣高息,2368,éåé»,2.29,280000.0,0.0,電子零組件業,https://www.moneydj.com/ETF/X/Basic/Basic0007.xdjhtm?etfid=00999A.TW&topc=
2026-07-09,00999A,主動野村臺灣高息,6223,æºç½,2.26,42000.0,0.0,半導體業,https://www.moneydj.com/ETF/X/Basic/Basic0007.xdjhtm?etfid=00999A.TW&topc=
2026-07-11,00988A,主動統一全球創新,LOAD,Balance:,17.0,0.0,0.0,未分類,https://www.ezmoney.com.tw/ETF/Transaction/PCFInfo
2026-07-11,00988A,主動統一全球創新,A,主動統一升級,10.47,50.0,0.0,未分類,https://www.ezmoney.com.tw/ETF/Transaction/PCFInfo
2026-07-11,00988A,主動統一全球創新,B,統一美債,10.0,0.0,0.0,未分類,https://www.ezmoney.com.tw/ETF/Transaction/PCFInfo
2026-07-11,00988A,主動統一全球創新,8388,台北市松山區東興路,8.0,0.0,0.0,未分類,https://www.ezmoney.com.tw/ETF/Transaction/PCFInfo
2026-07-11,00988A,主動統一全球創新,0885,高雄市新興區中正三路,2.0,0.0,0.0,未分類,https://www.ezmoney.com.tw/ETF/Transaction/PCFInfo
2026-07-11,00988A,主動統一全球創新,8875,-,0.89,0.0,0.0,未分類,https://www.ezmoney.com.tw/ETF/Transaction/PCFInfo
2026-07-11,00988A,主動統一全球創新,2152,-,0.13,0.0,0.0,未分類,https://www.ezmoney.com.tw/ETF/Transaction/PCFInfo
2026-07-11,00988A,主動統一全球創新,1305,-,0.03,0.0,0.0,塑膠工業,https://www.ezmoney.com.tw/ETF/Transaction/PCFInfo
2026-07-13,00400A,主動國泰動能高息,2330,å°ç©é»,9.14,958000.0,0.0,半導體業,https://www.moneydj.com/ETF/X/Basic/Basic0007.xdjhtm?etfid=00400A.TW&topc=
2026-07-13,00400A,主動國泰動能高息,2454,è¯ç¼ç§,6.58,440000.0,0.0,半導體業,https://www.moneydj.com/ETF/X/Basic/Basic0007.xdjhtm?etfid=00400A.TW&topc=
2026-07-13,00400A,主動國泰動能高息,2383,å°åé»,5.63,281000.0,0.0,電子零組件業,https://www.moneydj.com/ETF/X/Basic/Basic0007.xdjhtm?etfid=00400A.TW&topc=
2026-07-13,00400A,主動國泰動能高息,6488,ç°çæ¶,4.95,853000.0,0.0,半導體業,https://www.moneydj.com/ETF/X/Basic/Basic0007.xdjhtm?etfid=00400A.TW&topc=
2026-07-13,00400A,主動國泰動能高息,6223,æºç½,4.44,171000.0,0.0,半導體業,https://www.moneydj.com/ETF/X/Basic/Basic0007.xdjhtm?etfid=00400A.TW&topc=
2026-07-13,00400A,主動國泰動能高息,6669,ç·¯ç©,3.94,203000.0,0.0,電腦及週邊設備業,https://www.moneydj.com/ETF/X/Basic/Basic0007.xdjhtm?etfid=00400A.TW&topc=
2026-07-13,00400A,主動國泰動能高息,3037,æ¬£è,3.78,1071000.0,0.0,電子零組件業,https://www.moneydj.com/ETF/X/Basic/Basic0007.xdjhtm?etfid=00400A.TW&topc=
2026-07-13,00400A,主動國泰動能高息,3017,å¥é,3.46,398000.0,0.0,電腦及週邊設備業,https://www.moneydj.com/ETF/X/Basic/Basic0007.xdjhtm?etfid=00400A.TW&topc=
2026-07-13,00400A,主動國泰動能高息,2059,å·æ¹,3.41,108000.0,0.0,電子零組件業,https://www.moneydj.com/ETF/X/Basic/Basic0007.xdjhtm?etfid=00400A.TW&topc=
2026-07-13,00400A,主動國泰動能高息,2308,å°éé»,3.29,446000.0,0.0,電子零組件業,https://www.moneydj.com/ETF/X/Basic/Basic0007.xdjhtm?etfid=00400A.TW&topc=
2026-07-13,00980A,主動野村臺灣優選,2330,å°ç©é»,9.4,634000.0,0.0,半導體業,https://www.moneydj.com/ETF/X/Basic/Basic0007.xdjhtm?etfid=00980A.TW&topc=
2026-07-13,00980A,主動野村臺灣優選,2454,è¯ç¼ç§,6.25,269000.0,0.0,半導體業,https://www.moneydj.com/ETF/X/Basic/Basic0007.xdjhtm?etfid=00980A.TW&topc=
2026-07-13,00980A,主動野村臺灣優選,2308,å°éé»,5.45,475000.0,0.0,電子零組件業,https://www.moneydj.com/ETF/X/Basic/Basic0007.xdjhtm?etfid=00980A.TW&topc=
2026-07-13,00980A,主動野村臺灣優選,2059,å·æ¹,5.4,110000.0,0.0,電子零組件業,https://www.moneydj.com/ETF/X/Basic/Basic0007.xdjhtm?etfid=00980A.TW&topc=
2026-07-13,00980A,主動野村臺灣優選,2383,å°åé»,4.7,151000.0,0.0,電子零組件業,https://www.moneydj.com/ETF/X/Basic/Basic0007.xdjhtm?etfid=00980A.TW&topc=
2026-07-13,00980A,主動野村臺灣優選,7769,é´»å,3.79,93000.0,0.0,半導體業,https://www.moneydj.com/ETF/X/Basic/Basic0007.xdjhtm?etfid=00980A.TW&topc=
2026-07-13,00980A,主動野村臺灣優選,3037,æ¬£è,3.08,562000.0,0.0,電子零組件業,https://www.moneydj.com/ETF/X/Basic/Basic0007.xdjhtm?etfid=00980A.TW&topc=
2026-07-13,00980A,主動野村臺灣優選,6223,æºç½,3.07,76000.0,0.0,半導體業,https://www.moneydj.com/ETF/X/Basic/Basic0007.xdjhtm?etfid=00980A.TW&topc=
2026-07-13,00980A,主動野村臺灣優選,3653,å¥ç­,2.93,151000.0,0.0,電子零組件業,https://www.moneydj.com/ETF/X/Basic/Basic0007.xdjhtm?etfid=00980A.TW&topc=
2026-07-13,00980A,主動野村臺灣優選,3081,è¯äº,2.61,216000.0,0.0,通信網路業,https://www.moneydj.com/ETF/X/Basic/Basic0007.xdjhtm?etfid=00980A.TW&topc=
2026-07-13,00985A,主動野村台灣50,2330,å°ç©é»,23.35,971000.0,0.0,半導體業,https://www.moneydj.com/ETF/X/Basic/Basic0007.xdjhtm?etfid=00985A.TW&topc=
2026-07-13,00985A,主動野村台灣50,2376,æå,3.52,1064000.0,0.0,電腦及週邊設備業,https://www.moneydj.com/ETF/X/Basic/Basic0007.xdjhtm?etfid=00985A.TW&topc=
2026-07-13,00985A,主動野村台灣50,2395,ç è¯,3.06,580000.0,0.0,電腦及週邊設備業,https://www.moneydj.com/ETF/X/Basic/Basic0007.xdjhtm?etfid=00985A.TW&topc=
2026-07-13,00985A,主動野村台灣50,6442,åè,3.05,225000.0,0.0,通信網路業,https://www.moneydj.com/ETF/X/Basic/Basic0007.xdjhtm?etfid=00985A.TW&topc=
2026-07-13,00985A,主動野村台灣50,3661,ä¸è¯-KY,2.98,73000.0,0.0,半導體業,https://www.moneydj.com/ETF/X/Basic/Basic0007.xdjhtm?etfid=00985A.TW&topc=
2026-07-13,00985A,主動野村台灣50,2059,å·æ¹,2.95,37000.0,0.0,電子零組件業,https://www.moneydj.com/ETF/X/Basic/Basic0007.xdjhtm?etfid=00985A.TW&topc=
2026-07-13,00985A,主動野村台灣50,3008,å¤§ç«å,2.91,68000.0,0.0,光電業,https://www.moneydj.com/ETF/X/Basic/Basic0007.xdjhtm?etfid=00985A.TW&topc=
2026-07-13,00985A,主動野村台灣50,4958,è»é¼-KY,2.63,413000.0,0.0,電子零組件業,https://www.moneydj.com/ETF/X/Basic/Basic0007.xdjhtm?etfid=00985A.TW&topc=
2026-07-13,00985A,主動野村台灣50,3036,ææ,2.58,1242000.0,0.0,電子通路業,https://www.moneydj.com/ETF/X/Basic/Basic0007.xdjhtm?etfid=00985A.TW&topc=
2026-07-13,00985A,主動野村台灣50,6187,è¬æ½¤,2.3,225000.0,0.0,半導體業,https://www.moneydj.com/ETF/X/Basic/Basic0007.xdjhtm?etfid=00985A.TW&topc=
2026-07-13,00991A,主動復華未來50,BMPSIM,義大利西恩那銀行股份公司,4.556,400000.0,0.0,未分類,https://www.fhtrust.com.tw/ETF/etf_detail/ETF24#nav
2026-07-13,00991A,主動復華未來50,UNIIM,Unipol保險股份公司,4.502,170000.0,0.0,未分類,https://www.fhtrust.com.tw/ETF/etf_detail/ETF24#nav
2026-07-13,00991A,主動復華未來50,ABNNA,荷蘭銀行公眾有限公司,3.926,100000.0,0.0,未分類,https://www.fhtrust.com.tw/ETF/etf_detail/ETF24#nav
2026-07-13,00991A,主動復華未來50,HSBALN,匯豐控股有限公司,3.799,220000.0,0.0,未分類,https://www.fhtrust.com.tw/ETF/etf_detail/ETF24#nav
2026-07-13,00991A,主動復華未來50,TPEIRGA,Piraeus Bank SA,3.765,400000.0,0.0,未分類,https://www.fhtrust.com.tw/ETF/etf_detail/ETF24#nav
2026-07-13,00991A,主動復華未來50,CUS,花旗集團公司,3.745,30000.0,0.0,未分類,https://www.fhtrust.com.tw/ETF/etf_detail/ETF24#nav
2026-07-13,00991A,主動復華未來50,GLEFP,法國興業銀行股份有限公司,3.183,43000.0,0.0,未分類,https://www.fhtrust.com.tw/ETF/etf_detail/ETF24#nav
2026-07-13,00991A,主動復華未來50,BNPFP,法國巴黎銀行有限責任公司,3.162,31000.0,0.0,未分類,https://www.fhtrust.com.tw/ETF/etf_detail/ETF24#nav
2026-07-13,00991A,主動復華未來50,AMUNFP,東方匯理資產管理有限責任公司,3.145,35000.0,0.0,未分類,https://www.fhtrust.com.tw/ETF/etf_detail/ETF24#nav
2026-07-13,00991A,主動復華未來50,BARCLN,巴克萊集團,3.018,500000.0,0.0,未分類,https://www.fhtrust.com.tw/ETF/etf_detail/ETF24#nav
2026-07-13,00993A,主動安聯台灣,2330,å°ç©é»,11.22,475000.0,0.0,半導體業,https://www.moneydj.com/ETF/X/Basic/Basic0007.xdjhtm?etfid=00993A.TW&topc=
2026-07-13,00993A,主動安聯台灣,2454,è¯ç¼ç§,6.06,164000.0,0.0,半導體業,https://www.moneydj.com/ETF/X/Basic/Basic0007.xdjhtm?etfid=00993A.TW&topc=
2026-07-13,00993A,主動安聯台灣,2383,å°åé»,5.45,110000.0,0.0,電子零組件業,https://www.moneydj.com/ETF/X/Basic/Basic0007.xdjhtm?etfid=00993A.TW&topc=
2026-07-13,00993A,主動安聯台灣,6223,æºç½,5.33,83000.0,0.0,半導體業,https://www.moneydj.com/ETF/X/Basic/Basic0007.xdjhtm?etfid=00993A.TW&topc=
2026-07-13,00993A,主動安聯台灣,2345,æºé¦,4.9,211000.0,0.0,通信網路業,https://www.moneydj.com/ETF/X/Basic/Basic0007.xdjhtm?etfid=00993A.TW&topc=
2026-07-13,00993A,主動安聯台灣,2327,åå·¨*,4.67,592000.0,0.0,電子零組件業,https://www.moneydj.com/ETF/X/Basic/Basic0007.xdjhtm?etfid=00993A.TW&topc=
2026-07-13,00993A,主動安聯台灣,3037,æ¬£è,4.38,502000.0,0.0,電子零組件業,https://www.moneydj.com/ETF/X/Basic/Basic0007.xdjhtm?etfid=00993A.TW&topc=
2026-07-13,00993A,主動安聯台灣,3017,å¥é,3.96,184000.0,0.0,電腦及週邊設備業,https://www.moneydj.com/ETF/X/Basic/Basic0007.xdjhtm?etfid=00993A.TW&topc=
2026-07-13,00993A,主動安聯台灣,2303,è¯é»,3.3,2223000.0,0.0,半導體業,https://www.moneydj.com/ETF/X/Basic/Basic0007.xdjhtm?etfid=00993A.TW&topc=
2026-07-13,00993A,主動安聯台灣,3711,æ¥æåææ§,3.17,490000.0,0.0,半導體業,https://www.moneydj.com/ETF/X/Basic/Basic0007.xdjhtm?etfid=00993A.TW&topc=
2026-07-13,00998A,主動復華金融股息,BMPSIM,義大利西恩那銀行股份公司,4.556,400000.0,0.0,未分類,https://www.fhtrust.com.tw/ETF/etf_detail/ETF24#nav
2026-07-13,00998A,主動復華金融股息,UNIIM,Unipol保險股份公司,4.502,170000.0,0.0,未分類,https://www.fhtrust.com.tw/ETF/etf_detail/ETF24#nav
2026-07-13,00998A,主動復華金融股息,ABNNA,荷蘭銀行公眾有限公司,3.926,100000.0,0.0,未分類,https://www.fhtrust.com.tw/ETF/etf_detail/ETF24#nav
2026-07-13,00998A,主動復華金融股息,HSBALN,匯豐控股有限公司,3.799,220000.0,0.0,未分類,https://www.fhtrust.com.tw/ETF/etf_detail/ETF24#nav
2026-07-13,00998A,主動復華金融股息,TPEIRGA,Piraeus Bank SA,3.765,400000.0,0.0,未分類,https://www.fhtrust.com.tw/ETF/etf_detail/ETF24#nav
2026-07-13,00998A,主動復華金融股息,CUS,花旗集團公司,3.745,30000.0,0.0,未分類,https://www.fhtrust.com.tw/ETF/etf_detail/ETF24#nav
2026-07-13,00998A,主動復華金融股息,GLEFP,法國興業銀行股份有限公司,3.183,43000.0,0.0,未分類,https://www.fhtrust.com.tw/ETF/etf_detail/ETF24#nav
2026-07-13,00998A,主動復華金融股息,BNPFP,法國巴黎銀行有限責任公司,3.162,31000.0,0.0,未分類,https://www.fhtrust.com.tw/ETF/etf_detail/ETF24#nav
2026-07-13,00998A,主動復華金融股息,AMUNFP,東方匯理資產管理有限責任公司,3.145,35000.0,0.0,未分類,https://www.fhtrust.com.tw/ETF/etf_detail/ETF24#nav
2026-07-13,00998A,主動復華金融股息,BARCLN,巴克萊集團,3.018,500000.0,0.0,未分類,https://www.fhtrust.com.tw/ETF/etf_detail/ETF24#nav
2026-07-13,00999A,主動野村臺灣高息,2330,å°ç©é»,7.04,372000.0,0.0,半導體業,https://www.moneydj.com/ETF/X/Basic/Basic0007.xdjhtm?etfid=00999A.TW&topc=
2026-07-13,00999A,主動野村臺灣高息,2059,å·æ¹,5.14,82000.0,0.0,電子零組件業,https://www.moneydj.com/ETF/X/Basic/Basic0007.xdjhtm?etfid=00999A.TW&topc=
2026-07-13,00999A,主動野村臺灣高息,2454,è¯ç¼ç§,4.48,151000.0,0.0,半導體業,https://www.moneydj.com/ETF/X/Basic/Basic0007.xdjhtm?etfid=00999A.TW&topc=
2026-07-13,00999A,主動野村臺灣高息,2308,å°éé»,4.28,292000.0,0.0,電子零組件業,https://www.moneydj.com/ETF/X/Basic/Basic0007.xdjhtm?etfid=00999A.TW&topc=
2026-07-13,00999A,主動野村臺灣高息,2383,å°åé»,3.93,99000.0,0.0,電子零組件業,https://www.moneydj.com/ETF/X/Basic/Basic0007.xdjhtm?etfid=00999A.TW&topc=
2026-07-13,00999A,主動野村臺灣高息,7769,é´»å,3.22,62000.0,0.0,半導體業,https://www.moneydj.com/ETF/X/Basic/Basic0007.xdjhtm?etfid=00999A.TW&topc=
2026-07-13,00999A,主動野村臺灣高息,2408,åäºç§,2.59,789000.0,0.0,半導體業,https://www.moneydj.com/ETF/X/Basic/Basic0007.xdjhtm?etfid=00999A.TW&topc=
2026-07-13,00999A,主動野村臺灣高息,3653,å¥ç­,2.35,95000.0,0.0,電子零組件業,https://www.moneydj.com/ETF/X/Basic/Basic0007.xdjhtm?etfid=00999A.TW&topc=
2026-07-13,00999A,主動野村臺灣高息,2368,éåé»,2.27,280000.0,0.0,電子零組件業,https://www.moneydj.com/ETF/X/Basic/Basic0007.xdjhtm?etfid=00999A.TW&topc=
2026-07-13,00999A,主動野村臺灣高息,6223,æºç½,2.16,42000.0,0.0,半導體業,https://www.moneydj.com/ETF/X/Basic/Basic0007.xdjhtm?etfid=00999A.TW&topc=
2026-07-14,00400A,主動國泰動能高息,2330,å°ç©é»,8.96,958000.0,0.0,半導體業,https://www.moneydj.com/ETF/X/Basic/Basic0007.xdjhtm?etfid=00400A.TW&topc=
2026-07-14,00400A,主動國泰動能高息,2454,è¯ç¼ç§,6.23,440000.0,0.0,半導體業,https://www.moneydj.com/ETF/X/Basic/Basic0007.xdjhtm?etfid=00400A.TW&topc=
2026-07-14,00400A,主動國泰動能高息,2383,å°åé»,5.4,281000.0,0.0,電子零組件業,https://www.moneydj.com/ETF/X/Basic/Basic0007.xdjhtm?etfid=00400A.TW&topc=
2026-07-14,00400A,主動國泰動能高息,6488,ç°çæ¶,5.0,853000.0,0.0,半導體業,https://www.moneydj.com/ETF/X/Basic/Basic0007.xdjhtm?etfid=00400A.TW&topc=
2026-07-14,00400A,主動國泰動能高息,6223,æºç½,4.19,171000.0,0.0,半導體業,https://www.moneydj.com/ETF/X/Basic/Basic0007.xdjhtm?etfid=00400A.TW&topc=
2026-07-14,00400A,主動國泰動能高息,6669,ç·¯ç©,3.85,203000.0,0.0,電腦及週邊設備業,https://www.moneydj.com/ETF/X/Basic/Basic0007.xdjhtm?etfid=00400A.TW&topc=
2026-07-14,00400A,主動國泰動能高息,3037,æ¬£è,3.62,1071000.0,0.0,電子零組件業,https://www.moneydj.com/ETF/X/Basic/Basic0007.xdjhtm?etfid=00400A.TW&topc=
2026-07-14,00400A,主動國泰動能高息,2059,å·æ¹,3.34,108000.0,0.0,電子零組件業,https://www.moneydj.com/ETF/X/Basic/Basic0007.xdjhtm?etfid=00400A.TW&topc=
2026-07-14,00400A,主動國泰動能高息,3017,å¥é,3.26,398000.0,0.0,電腦及週邊設備業,https://www.moneydj.com/ETF/X/Basic/Basic0007.xdjhtm?etfid=00400A.TW&topc=
2026-07-14,00400A,主動國泰動能高息,2308,å°éé»,3.2,446000.0,0.0,電子零組件業,https://www.moneydj.com/ETF/X/Basic/Basic0007.xdjhtm?etfid=00400A.TW&topc=
2026-07-14,00980A,主動野村臺灣優選,2330,å°ç©é»,9.58,634000.0,0.0,半導體業,https://www.moneydj.com/ETF/X/Basic/Basic0007.xdjhtm?etfid=00980A.TW&topc=
2026-07-14,00980A,主動野村臺灣優選,2454,è¯ç¼ç§,6.15,269000.0,0.0,半導體業,https://www.moneydj.com/ETF/X/Basic/Basic0007.xdjhtm?etfid=00980A.TW&topc=
2026-07-14,00980A,主動野村臺灣優選,2308,å°éé»,5.5,475000.0,0.0,電子零組件業,https://www.moneydj.com/ETF/X/Basic/Basic0007.xdjhtm?etfid=00980A.TW&topc=
2026-07-14,00980A,主動野村臺灣優選,2059,å·æ¹,5.49,110000.0,0.0,電子零組件業,https://www.moneydj.com/ETF/X/Basic/Basic0007.xdjhtm?etfid=00980A.TW&topc=
2026-07-14,00980A,主動野村臺灣優選,2383,å°åé»,4.69,151000.0,0.0,電子零組件業,https://www.moneydj.com/ETF/X/Basic/Basic0007.xdjhtm?etfid=00980A.TW&topc=
2026-07-14,00980A,主動野村臺灣優選,7769,é´»å,3.71,93000.0,0.0,半導體業,https://www.moneydj.com/ETF/X/Basic/Basic0007.xdjhtm?etfid=00980A.TW&topc=
2026-07-14,00980A,主動野村臺灣優選,3037,æ¬£è,3.07,562000.0,0.0,電子零組件業,https://www.moneydj.com/ETF/X/Basic/Basic0007.xdjhtm?etfid=00980A.TW&topc=
2026-07-14,00980A,主動野村臺灣優選,6223,æºç½,3.01,76000.0,0.0,半導體業,https://www.moneydj.com/ETF/X/Basic/Basic0007.xdjhtm?etfid=00980A.TW&topc=
2026-07-14,00980A,主動野村臺灣優選,3653,å¥ç­,2.89,151000.0,0.0,電子零組件業,https://www.moneydj.com/ETF/X/Basic/Basic0007.xdjhtm?etfid=00980A.TW&topc=
2026-07-14,00980A,主動野村臺灣優選,3081,è¯äº,2.6,216000.0,0.0,通信網路業,https://www.moneydj.com/ETF/X/Basic/Basic0007.xdjhtm?etfid=00980A.TW&topc=
2026-07-14,00981A,主動統一台股增長,2330,å°ç©é»,10.96,11960000.0,0.0,半導體業,https://www.moneydj.com/ETF/X/Basic/Basic0007.xdjhtm?etfid=00981A.TW&topc=
2026-07-14,00981A,主動統一台股增長,2383,å°åé»,8.76,4653000.0,0.0,電子零組件業,https://www.moneydj.com/ETF/X/Basic/Basic0007.xdjhtm?etfid=00981A.TW&topc=
2026-07-14,00981A,主動統一台股增長,2327,åå·¨*,7.39,25098000.0,0.0,電子零組件業,https://www.moneydj.com/ETF/X/Basic/Basic0007.xdjhtm?etfid=00981A.TW&topc=
2026-07-14,00981A,主動統一台股增長,2454,è¯ç¼ç§,7.11,5131000.0,0.0,半導體業,https://www.moneydj.com/ETF/X/Basic/Basic0007.xdjhtm?etfid=00981A.TW&topc=
2026-07-14,00981A,主動統一台股增長,6223,æºç½,5.86,2443000.0,0.0,半導體業,https://www.moneydj.com/ETF/X/Basic/Basic0007.xdjhtm?etfid=00981A.TW&topc=
2026-07-14,00981A,主動統一台股增長,2345,æºé¦,5.47,6334000.0,0.0,通信網路業,https://www.moneydj.com/ETF/X/Basic/Basic0007.xdjhtm?etfid=00981A.TW&topc=
2026-07-14,00981A,主動統一台股增長,3037,æ¬£è,5.41,16333000.0,0.0,電子零組件業,https://www.moneydj.com/ETF/X/Basic/Basic0007.xdjhtm?etfid=00981A.TW&topc=
2026-07-14,00981A,主動統一台股增長,2303,è¯é»,4.95,86550000.0,0.0,半導體業,https://www.moneydj.com/ETF/X/Basic/Basic0007.xdjhtm?etfid=00981A.TW&topc=
2026-07-14,00981A,主動統一台股增長,8046,åé»,4.65,9519000.0,0.0,電子零組件業,https://www.moneydj.com/ETF/X/Basic/Basic0007.xdjhtm?etfid=00981A.TW&topc=
2026-07-14,00981A,主動統一台股增長,6669,ç·¯ç©,4.49,2417000.0,0.0,電腦及週邊設備業,https://www.moneydj.com/ETF/X/Basic/Basic0007.xdjhtm?etfid=00981A.TW&topc=
2026-07-14,00982A,主動群益台灣強棒,2330,台積電,9.61,1967000.0,0.0,半導體業,https://www.capitalfund.com.tw/etf/product/detail/399/buyback
2026-07-14,00982A,主動群益台灣強棒,5536,聖暉*,8.7,3729000.0,0.0,其他電子業,https://www.capitalfund.com.tw/etf/product/detail/399/buyback
2026-07-14,00982A,主動群益台灣強棒,2454,聯發科,6.36,861000.0,0.0,半導體業,https://www.capitalfund.com.tw/etf/product/detail/399/buyback
2026-07-14,00982A,主動群益台灣強棒,6139,亞翔,5.16,3067000.0,0.0,其他電子業,https://www.capitalfund.com.tw/etf/product/detail/399/buyback
2026-07-14,00982A,主動群益台灣強棒,4958,臻鼎-KY,4.0,3147000.0,0.0,電子零組件業,https://www.capitalfund.com.tw/etf/product/detail/399/buyback
2026-07-14,00982A,主動群益台灣強棒,6223,旺矽,3.93,307000.0,0.0,半導體業,https://www.capitalfund.com.tw/etf/product/detail/399/buyback
2026-07-14,00982A,主動群益台灣強棒,2345,智邦,3.67,798000.0,0.0,通信網路業,https://www.capitalfund.com.tw/etf/product/detail/399/buyback
2026-07-14,00982A,主動群益台灣強棒,6488,環球晶,3.48,1137000.0,0.0,半導體業,https://www.capitalfund.com.tw/etf/product/detail/399/buyback
2026-07-14,00982A,主動群益台灣強棒,2383,台光電,3.28,327000.0,0.0,電子零組件業,https://www.capitalfund.com.tw/etf/product/detail/399/buyback
2026-07-14,00982A,主動群益台灣強棒,3105,穩懋,3.17,4143000.0,0.0,半導體業,https://www.capitalfund.com.tw/etf/product/detail/399/buyback
2026-07-14,00985A,主動野村台灣50,2330,å°ç©é»,23.66,971000.0,0.0,半導體業,https://www.moneydj.com/ETF/X/Basic/Basic0007.xdjhtm?etfid=00985A.TW&topc=
2026-07-14,00985A,主動野村台灣50,2376,æå,3.58,1064000.0,0.0,電腦及週邊設備業,https://www.moneydj.com/ETF/X/Basic/Basic0007.xdjhtm?etfid=00985A.TW&topc=
2026-07-14,00985A,主動野村台灣50,2395,ç è¯,3.09,580000.0,0.0,電腦及週邊設備業,https://www.moneydj.com/ETF/X/Basic/Basic0007.xdjhtm?etfid=00985A.TW&topc=
2026-07-14,00985A,主動野村台灣50,2059,å·æ¹,2.98,37000.0,0.0,電子零組件業,https://www.moneydj.com/ETF/X/Basic/Basic0007.xdjhtm?etfid=00985A.TW&topc=
2026-07-14,00985A,主動野村台灣50,6442,åè,2.98,225000.0,0.0,通信網路業,https://www.moneydj.com/ETF/X/Basic/Basic0007.xdjhtm?etfid=00985A.TW&topc=
2026-07-14,00985A,主動野村台灣50,3008,å¤§ç«å,2.92,68000.0,0.0,光電業,https://www.moneydj.com/ETF/X/Basic/Basic0007.xdjhtm?etfid=00985A.TW&topc=
2026-07-14,00985A,主動野村台灣50,3661,ä¸è¯-KY,2.74,73000.0,0.0,半導體業,https://www.moneydj.com/ETF/X/Basic/Basic0007.xdjhtm?etfid=00985A.TW&topc=
2026-07-14,00985A,主動野村台灣50,4958,è»é¼-KY,2.62,413000.0,0.0,電子零組件業,https://www.moneydj.com/ETF/X/Basic/Basic0007.xdjhtm?etfid=00985A.TW&topc=
2026-07-14,00985A,主動野村台灣50,3036,ææ,2.55,1242000.0,0.0,電子通路業,https://www.moneydj.com/ETF/X/Basic/Basic0007.xdjhtm?etfid=00985A.TW&topc=
2026-07-14,00985A,主動野村台灣50,6187,è¬æ½¤,2.23,225000.0,0.0,半導體業,https://www.moneydj.com/ETF/X/Basic/Basic0007.xdjhtm?etfid=00985A.TW&topc=
2026-07-14,00991A,主動復華未來50,BMPSIM,義大利西恩那銀行股份公司,4.662,400000.0,0.0,未分類,https://www.fhtrust.com.tw/ETF/etf_detail/ETF24#nav
2026-07-14,00991A,主動復華未來50,UNIIM,Unipol保險股份公司,4.561,170000.0,0.0,未分類,https://www.fhtrust.com.tw/ETF/etf_detail/ETF24#nav
2026-07-14,00991A,主動復華未來50,ABNNA,荷蘭銀行公眾有限公司,3.883,100000.0,0.0,未分類,https://www.fhtrust.com.tw/ETF/etf_detail/ETF24#nav
2026-07-14,00991A,主動復華未來50,HSBALN,匯豐控股有限公司,3.851,220000.0,0.0,未分類,https://www.fhtrust.com.tw/ETF/etf_detail/ETF24#nav
2026-07-14,00991A,主動復華未來50,TPEIRGA,Piraeus Bank SA,3.799,400000.0,0.0,未分類,https://www.fhtrust.com.tw/ETF/etf_detail/ETF24#nav
2026-07-14,00991A,主動復華未來50,CUS,花旗集團公司,3.773,30000.0,0.0,未分類,https://www.fhtrust.com.tw/ETF/etf_detail/ETF24#nav
2026-07-14,00991A,主動復華未來50,GLEFP,法國興業銀行股份有限公司,3.278,43000.0,0.0,未分類,https://www.fhtrust.com.tw/ETF/etf_detail/ETF24#nav
2026-07-14,00991A,主動復華未來50,BNPFP,法國巴黎銀行有限責任公司,3.195,31000.0,0.0,未分類,https://www.fhtrust.com.tw/ETF/etf_detail/ETF24#nav
2026-07-14,00991A,主動復華未來50,AMUNFP,東方匯理資產管理有限責任公司,3.153,35000.0,0.0,未分類,https://www.fhtrust.com.tw/ETF/etf_detail/ETF24#nav
2026-07-14,00991A,主動復華未來50,BARCLN,巴克萊集團,3.053,500000.0,0.0,未分類,https://www.fhtrust.com.tw/ETF/etf_detail/ETF24#nav
2026-07-14,00992A,主動群益科技創新,2330,台積電,8.43,1406000.0,0.0,半導體業,https://www.capitalfund.com.tw/etf/product/detail/500/buyback
2026-07-14,00992A,主動群益科技創新,2383,台光電,6.94,563000.0,0.0,電子零組件業,https://www.capitalfund.com.tw/etf/product/detail/500/buyback
2026-07-14,00992A,主動群益科技創新,2059,川湖,5.81,293000.0,0.0,電子零組件業,https://www.capitalfund.com.tw/etf/product/detail/500/buyback
2026-07-14,00992A,主動群益科技創新,2345,智邦,5.52,977000.0,0.0,通信網路業,https://www.capitalfund.com.tw/etf/product/detail/500/buyback
2026-07-14,00992A,主動群益科技創新,3017,奇鋐,5.27,1002000.0,0.0,電腦及週邊設備業,https://www.capitalfund.com.tw/etf/product/detail/500/buyback
2026-07-14,00992A,主動群益科技創新,6223,旺矽,5.12,326000.0,0.0,半導體業,https://www.capitalfund.com.tw/etf/product/detail/500/buyback
2026-07-14,00992A,主動群益科技創新,8996,高力,4.75,1630000.0,0.0,電機機械,https://www.capitalfund.com.tw/etf/product/detail/500/buyback
2026-07-14,00992A,主動群益科技創新,3037,欣興,4.54,2097000.0,0.0,電子零組件業,https://www.capitalfund.com.tw/etf/product/detail/500/buyback
2026-07-14,00992A,主動群益科技創新,3008,大立光,4.44,420000.0,0.0,光電業,https://www.capitalfund.com.tw/etf/product/detail/500/buyback
2026-07-14,00992A,主動群益科技創新,3665,貿聯-KY,4.2,955000.0,0.0,其他電子業,https://www.capitalfund.com.tw/etf/product/detail/500/buyback
2026-07-14,00993A,主動安聯台灣,2330,å°ç©é»,11.42,475000.0,0.0,半導體業,https://www.moneydj.com/ETF/X/Basic/Basic0007.xdjhtm?etfid=00993A.TW&topc=
2026-07-14,00993A,主動安聯台灣,2454,è¯ç¼ç§,5.97,164000.0,0.0,半導體業,https://www.moneydj.com/ETF/X/Basic/Basic0007.xdjhtm?etfid=00993A.TW&topc=
2026-07-14,00993A,主動安聯台灣,2383,å°åé»,5.44,110000.0,0.0,電子零組件業,https://www.moneydj.com/ETF/X/Basic/Basic0007.xdjhtm?etfid=00993A.TW&topc=
2026-07-14,00993A,主動安聯台灣,6223,æºç½,5.24,83000.0,0.0,半導體業,https://www.moneydj.com/ETF/X/Basic/Basic0007.xdjhtm?etfid=00993A.TW&topc=
2026-07-14,00993A,主動安聯台灣,2345,æºé¦,4.79,211000.0,0.0,通信網路業,https://www.moneydj.com/ETF/X/Basic/Basic0007.xdjhtm?etfid=00993A.TW&topc=
2026-07-14,00993A,主動安聯台灣,2327,åå·¨*,4.58,592000.0,0.0,電子零組件業,https://www.moneydj.com/ETF/X/Basic/Basic0007.xdjhtm?etfid=00993A.TW&topc=
2026-07-14,00993A,主動安聯台灣,3037,æ¬£è,4.37,502000.0,0.0,電子零組件業,https://www.moneydj.com/ETF/X/Basic/Basic0007.xdjhtm?etfid=00993A.TW&topc=
2026-07-14,00993A,主動安聯台灣,3017,å¥é,3.88,184000.0,0.0,電腦及週邊設備業,https://www.moneydj.com/ETF/X/Basic/Basic0007.xdjhtm?etfid=00993A.TW&topc=
2026-07-14,00993A,主動安聯台灣,2303,è¯é»,3.34,2223000.0,0.0,半導體業,https://www.moneydj.com/ETF/X/Basic/Basic0007.xdjhtm?etfid=00993A.TW&topc=
2026-07-14,00993A,主動安聯台灣,6669,ç·¯ç©,3.22,66000.0,0.0,電腦及週邊設備業,https://www.moneydj.com/ETF/X/Basic/Basic0007.xdjhtm?etfid=00993A.TW&topc=
2026-07-14,00997A,主動群益美國增長,B,群益,25.0,0.0,0.0,未分類,https://www.capitalfund.com.tw/etf/product/overview
2026-07-14,00997A,主動群益美國增長,L,群益臺灣加權正,2.0,0.0,0.0,未分類,https://www.capitalfund.com.tw/etf/product/overview
2026-07-14,00997A,主動群益美國增長,R,群益臺灣加權反,1.0,0.0,0.0,未分類,https://www.capitalfund.com.tw/etf/product/overview
2026-07-14,00997A,主動群益美國增長,2053,漲跌,0.74,0.0,0.0,未分類,https://www.capitalfund.com.tw/etf/product/overview
2026-07-14,00997A,主動群益美國增長,4186,漲跌-,0.4,0.0,0.0,未分類,https://www.capitalfund.com.tw/etf/product/overview
2026-07-14,00997A,主動群益美國增長,4152,漲跌,0.29,0.0,0.0,未分類,https://www.capitalfund.com.tw/etf/product/overview
2026-07-14,00997A,主動群益美國增長,2992,漲跌-,0.19,0.0,0.0,未分類,https://www.capitalfund.com.tw/etf/product/overview
2026-07-14,00997A,主動群益美國增長,1007,漲跌,0.13,0.0,0.0,未分類,https://www.capitalfund.com.tw/etf/product/overview
2026-07-14,00997A,主動群益美國增長,1542,漲跌-,0.06,0.0,0.0,未分類,https://www.capitalfund.com.tw/etf/product/overview
2026-07-14,00997A,主動群益美國增長,1027,漲跌-,0.05,0.0,0.0,未分類,https://www.capitalfund.com.tw/etf/product/overview
2026-07-14,00997A,主動群益美國增長,1214,漲跌,0.05,0.0,0.0,未分類,https://www.capitalfund.com.tw/etf/product/overview
2026-07-14,00999A,主動野村臺灣高息,2330,å°ç©é»,7.12,372000.0,0.0,半導體業,https://www.moneydj.com/ETF/X/Basic/Basic0007.xdjhtm?etfid=00999A.TW&topc=
2026-07-14,00999A,主動野村臺灣高息,2059,å·æ¹,5.19,82000.0,0.0,電子零組件業,https://www.moneydj.com/ETF/X/Basic/Basic0007.xdjhtm?etfid=00999A.TW&topc=
2026-07-14,00999A,主動野村臺灣高息,2454,è¯ç¼ç§,4.37,151000.0,0.0,半導體業,https://www.moneydj.com/ETF/X/Basic/Basic0007.xdjhtm?etfid=00999A.TW&topc=
2026-07-14,00999A,主動野村臺灣高息,2308,å°éé»,4.28,292000.0,0.0,電子零組件業,https://www.moneydj.com/ETF/X/Basic/Basic0007.xdjhtm?etfid=00999A.TW&topc=
2026-07-14,00999A,主動野村臺灣高息,2383,å°åé»,3.89,99000.0,0.0,電子零組件業,https://www.moneydj.com/ETF/X/Basic/Basic0007.xdjhtm?etfid=00999A.TW&topc=
2026-07-14,00999A,主動野村臺灣高息,7769,é´»å,3.14,62000.0,0.0,半導體業,https://www.moneydj.com/ETF/X/Basic/Basic0007.xdjhtm?etfid=00999A.TW&topc=
2026-07-14,00999A,主動野村臺灣高息,2408,åäºç§,2.8,789000.0,0.0,半導體業,https://www.moneydj.com/ETF/X/Basic/Basic0007.xdjhtm?etfid=00999A.TW&topc=
2026-07-14,00999A,主動野村臺灣高息,3653,å¥ç­,2.31,95000.0,0.0,電子零組件業,https://www.moneydj.com/ETF/X/Basic/Basic0007.xdjhtm?etfid=00999A.TW&topc=
2026-07-14,00999A,主動野村臺灣高息,2368,éåé»,2.25,280000.0,0.0,電子零組件業,https://www.moneydj.com/ETF/X/Basic/Basic0007.xdjhtm?etfid=00999A.TW&topc=
2026-07-14,00999A,主動野村臺灣高息,6223,æºç½,2.11,42000.0,0.0,半導體業,https://www.moneydj.com/ETF/X/Basic/Basic0007.xdjhtm?etfid=00999A.TW&topc=
2026-07-15,00400A,主動國泰動能高息,2330,å°ç©é»,8.77,958000.0,0.0,半導體業,https://www.moneydj.com/ETF/X/Basic/Basic0007.xdjhtm?etfid=00400A.TW&topc=
2026-07-15,00400A,主動國泰動能高息,2454,è¯ç¼ç§,6.17,440000.0,0.0,半導體業,https://www.moneydj.com/ETF/X/Basic/Basic0007.xdjhtm?etfid=00400A.TW&topc=
2026-07-15,00400A,主動國泰動能高息,2383,å°åé»,5.36,281000.0,0.0,電子零組件業,https://www.moneydj.com/ETF/X/Basic/Basic0007.xdjhtm?etfid=00400A.TW&topc=
2026-07-15,00400A,主動國泰動能高息,6488,ç°çæ¶,4.74,853000.0,0.0,半導體業,https://www.moneydj.com/ETF/X/Basic/Basic0007.xdjhtm?etfid=00400A.TW&topc=
2026-07-15,00400A,主動國泰動能高息,6223,æºç½,4.06,171000.0,0.0,半導體業,https://www.moneydj.com/ETF/X/Basic/Basic0007.xdjhtm?etfid=00400A.TW&topc=
2026-07-15,00400A,主動國泰動能高息,6669,ç·¯ç©,3.88,203000.0,0.0,電腦及週邊設備業,https://www.moneydj.com/ETF/X/Basic/Basic0007.xdjhtm?etfid=00400A.TW&topc=
2026-07-15,00400A,主動國泰動能高息,3037,æ¬£è,3.76,1071000.0,0.0,電子零組件業,https://www.moneydj.com/ETF/X/Basic/Basic0007.xdjhtm?etfid=00400A.TW&topc=
2026-07-15,00400A,主動國泰動能高息,2059,å·æ¹,3.44,108000.0,0.0,電子零組件業,https://www.moneydj.com/ETF/X/Basic/Basic0007.xdjhtm?etfid=00400A.TW&topc=
2026-07-15,00400A,主動國泰動能高息,3017,å¥é,3.23,398000.0,0.0,電腦及週邊設備業,https://www.moneydj.com/ETF/X/Basic/Basic0007.xdjhtm?etfid=00400A.TW&topc=
2026-07-15,00400A,主動國泰動能高息,2308,å°éé»,3.16,446000.0,0.0,電子零組件業,https://www.moneydj.com/ETF/X/Basic/Basic0007.xdjhtm?etfid=00400A.TW&topc=
2026-07-15,00980A,主動野村臺灣優選,2330,å°ç©é»,9.4,634000.0,0.0,半導體業,https://www.moneydj.com/ETF/X/Basic/Basic0007.xdjhtm?etfid=00980A.TW&topc=
2026-07-15,00980A,主動野村臺灣優選,2454,è¯ç¼ç§,6.11,269000.0,0.0,半導體業,https://www.moneydj.com/ETF/X/Basic/Basic0007.xdjhtm?etfid=00980A.TW&topc=
2026-07-15,00980A,主動野村臺灣優選,2059,å·æ¹,5.68,110000.0,0.0,電子零組件業,https://www.moneydj.com/ETF/X/Basic/Basic0007.xdjhtm?etfid=00980A.TW&topc=
2026-07-15,00980A,主動野村臺灣優選,2308,å°éé»,5.46,475000.0,0.0,電子零組件業,https://www.moneydj.com/ETF/X/Basic/Basic0007.xdjhtm?etfid=00980A.TW&topc=
2026-07-15,00980A,主動野村臺灣優選,2383,å°åé»,4.66,151000.0,0.0,電子零組件業,https://www.moneydj.com/ETF/X/Basic/Basic0007.xdjhtm?etfid=00980A.TW&topc=
2026-07-15,00980A,主動野村臺灣優選,7769,é´»å,3.8,93000.0,0.0,半導體業,https://www.moneydj.com/ETF/X/Basic/Basic0007.xdjhtm?etfid=00980A.TW&topc=
2026-07-15,00980A,主動野村臺灣優選,3037,æ¬£è,3.2,562000.0,0.0,電子零組件業,https://www.moneydj.com/ETF/X/Basic/Basic0007.xdjhtm?etfid=00980A.TW&topc=
2026-07-15,00980A,主動野村臺灣優選,3653,å¥ç­,3.01,151000.0,0.0,電子零組件業,https://www.moneydj.com/ETF/X/Basic/Basic0007.xdjhtm?etfid=00980A.TW&topc=
2026-07-15,00980A,主動野村臺灣優選,6223,æºç½,2.92,76000.0,0.0,半導體業,https://www.moneydj.com/ETF/X/Basic/Basic0007.xdjhtm?etfid=00980A.TW&topc=
2026-07-15,00980A,主動野村臺灣優選,3081,è¯äº,2.53,237600.0,0.0,通信網路業,https://www.moneydj.com/ETF/X/Basic/Basic0007.xdjhtm?etfid=00980A.TW&topc=
2026-07-15,00982A,主動群益台灣強棒,2330,台積電,9.4,1967000.0,0.0,半導體業,https://www.capitalfund.com.tw/etf/product/detail/399/buyback
2026-07-15,00982A,主動群益台灣強棒,5536,聖暉*,9.13,3729000.0,0.0,其他電子業,https://www.capitalfund.com.tw/etf/product/detail/399/buyback
2026-07-15,00982A,主動群益台灣強棒,2454,聯發科,6.31,861000.0,0.0,半導體業,https://www.capitalfund.com.tw/etf/product/detail/399/buyback
2026-07-15,00982A,主動群益台灣強棒,6139,亞翔,5.38,3067000.0,0.0,其他電子業,https://www.capitalfund.com.tw/etf/product/detail/399/buyback
2026-07-15,00982A,主動群益台灣強棒,4958,臻鼎-KY,3.81,3147000.0,0.0,電子零組件業,https://www.capitalfund.com.tw/etf/product/detail/399/buyback
2026-07-15,00982A,主動群益台灣強棒,6223,旺矽,3.81,307000.0,0.0,半導體業,https://www.capitalfund.com.tw/etf/product/detail/399/buyback
2026-07-15,00982A,主動群益台灣強棒,2345,智邦,3.66,798000.0,0.0,通信網路業,https://www.capitalfund.com.tw/etf/product/detail/399/buyback
2026-07-15,00982A,主動群益台灣強棒,6488,環球晶,3.3,1137000.0,0.0,半導體業,https://www.capitalfund.com.tw/etf/product/detail/399/buyback
2026-07-15,00982A,主動群益台灣強棒,2383,台光電,3.25,327000.0,0.0,電子零組件業,https://www.capitalfund.com.tw/etf/product/detail/399/buyback
2026-07-15,00982A,主動群益台灣強棒,3105,穩懋,3.13,4143000.0,0.0,半導體業,https://www.capitalfund.com.tw/etf/product/detail/399/buyback
2026-07-15,00985A,主動野村台灣50,2330,å°ç©é»,21.73,905000.0,0.0,半導體業,https://www.moneydj.com/ETF/X/Basic/Basic0007.xdjhtm?etfid=00985A.TW&topc=
2026-07-15,00985A,主動野村台灣50,2376,æå,3.6,1064000.0,0.0,電腦及週邊設備業,https://www.moneydj.com/ETF/X/Basic/Basic0007.xdjhtm?etfid=00985A.TW&topc=
2026-07-15,00985A,主動野村台灣50,2059,å·æ¹,3.43,41000.0,0.0,電子零組件業,https://www.moneydj.com/ETF/X/Basic/Basic0007.xdjhtm?etfid=00985A.TW&topc=
2026-07-15,00985A,主動野村台灣50,6442,åè,3.28,233000.0,0.0,通信網路業,https://www.moneydj.com/ETF/X/Basic/Basic0007.xdjhtm?etfid=00985A.TW&topc=
2026-07-15,00985A,主動野村台灣50,2395,ç è¯,3.04,580000.0,0.0,電腦及週邊設備業,https://www.moneydj.com/ETF/X/Basic/Basic0007.xdjhtm?etfid=00985A.TW&topc=
2026-07-15,00985A,主動野村台灣50,3008,å¤§ç«å,2.7,68000.0,0.0,光電業,https://www.moneydj.com/ETF/X/Basic/Basic0007.xdjhtm?etfid=00985A.TW&topc=
2026-07-15,00985A,主動野村台灣50,4958,è»é¼-KY,2.69,443000.0,0.0,電子零組件業,https://www.moneydj.com/ETF/X/Basic/Basic0007.xdjhtm?etfid=00985A.TW&topc=
2026-07-15,00985A,主動野村台灣50,3661,ä¸è¯-KY,2.68,73000.0,0.0,半導體業,https://www.moneydj.com/ETF/X/Basic/Basic0007.xdjhtm?etfid=00985A.TW&topc=
2026-07-15,00985A,主動野村台灣50,3036,ææ,2.44,1242000.0,0.0,電子通路業,https://www.moneydj.com/ETF/X/Basic/Basic0007.xdjhtm?etfid=00985A.TW&topc=
2026-07-15,00985A,主動野村台灣50,2383,å°åé»,2.4,48000.0,0.0,電子零組件業,https://www.moneydj.com/ETF/X/Basic/Basic0007.xdjhtm?etfid=00985A.TW&topc=
2026-07-15,00992A,主動群益科技創新,2330,台積電,8.27,1406000.0,0.0,半導體業,https://www.capitalfund.com.tw/etf/product/detail/500/buyback
2026-07-15,00992A,主動群益科技創新,2383,台光電,6.89,563000.0,0.0,電子零組件業,https://www.capitalfund.com.tw/etf/product/detail/500/buyback
2026-07-15,00992A,主動群益科技創新,2059,川湖,6.0,293000.0,0.0,電子零組件業,https://www.capitalfund.com.tw/etf/product/detail/500/buyback
2026-07-15,00992A,主動群益科技創新,2345,智邦,5.51,977000.0,0.0,通信網路業,https://www.capitalfund.com.tw/etf/product/detail/500/buyback
2026-07-15,00992A,主動群益科技創新,3017,奇鋐,5.23,1002000.0,0.0,電腦及週邊設備業,https://www.capitalfund.com.tw/etf/product/detail/500/buyback
2026-07-15,00992A,主動群益科技創新,6223,旺矽,4.97,326000.0,0.0,半導體業,https://www.capitalfund.com.tw/etf/product/detail/500/buyback
2026-07-15,00992A,主動群益科技創新,3037,欣興,4.73,2097000.0,0.0,電子零組件業,https://www.capitalfund.com.tw/etf/product/detail/500/buyback
2026-07-15,00992A,主動群益科技創新,8996,高力,4.65,1630000.0,0.0,電機機械,https://www.capitalfund.com.tw/etf/product/detail/500/buyback
2026-07-15,00992A,主動群益科技創新,3665,貿聯-KY,4.4,955000.0,0.0,其他電子業,https://www.capitalfund.com.tw/etf/product/detail/500/buyback
2026-07-15,00992A,主動群益科技創新,3008,大立光,4.09,420000.0,0.0,光電業,https://www.capitalfund.com.tw/etf/product/detail/500/buyback
2026-07-15,00993A,主動安聯台灣,2330,å°ç©é»,11.17,475000.0,0.0,半導體業,https://www.moneydj.com/ETF/X/Basic/Basic0007.xdjhtm?etfid=00993A.TW&topc=
2026-07-15,00993A,主動安聯台灣,2454,è¯ç¼ç§,5.91,164000.0,0.0,半導體業,https://www.moneydj.com/ETF/X/Basic/Basic0007.xdjhtm?etfid=00993A.TW&topc=
2026-07-15,00993A,主動安聯台灣,2383,å°åé»,5.38,110000.0,0.0,電子零組件業,https://www.moneydj.com/ETF/X/Basic/Basic0007.xdjhtm?etfid=00993A.TW&topc=
2026-07-15,00993A,主動安聯台灣,6223,æºç½,5.06,83000.0,0.0,半導體業,https://www.moneydj.com/ETF/X/Basic/Basic0007.xdjhtm?etfid=00993A.TW&topc=
2026-07-15,00993A,主動安聯台灣,2345,æºé¦,4.75,211000.0,0.0,通信網路業,https://www.moneydj.com/ETF/X/Basic/Basic0007.xdjhtm?etfid=00993A.TW&topc=
2026-07-15,00993A,主動安聯台灣,2327,åå·¨*,4.55,592000.0,0.0,電子零組件業,https://www.moneydj.com/ETF/X/Basic/Basic0007.xdjhtm?etfid=00993A.TW&topc=
2026-07-15,00993A,主動安聯台灣,3037,æ¬£è,4.52,502000.0,0.0,電子零組件業,https://www.moneydj.com/ETF/X/Basic/Basic0007.xdjhtm?etfid=00993A.TW&topc=
2026-07-15,00993A,主動安聯台灣,3017,å¥é,3.84,184000.0,0.0,電腦及週邊設備業,https://www.moneydj.com/ETF/X/Basic/Basic0007.xdjhtm?etfid=00993A.TW&topc=
2026-07-15,00993A,主動安聯台灣,2303,è¯é»,3.55,2223000.0,0.0,半導體業,https://www.moneydj.com/ETF/X/Basic/Basic0007.xdjhtm?etfid=00993A.TW&topc=
2026-07-15,00993A,主動安聯台灣,6669,ç·¯ç©,3.24,66000.0,0.0,電腦及週邊設備業,https://www.moneydj.com/ETF/X/Basic/Basic0007.xdjhtm?etfid=00993A.TW&topc=
2026-07-15,00999A,主動野村臺灣高息,2330,å°ç©é»,7.02,372000.0,0.0,半導體業,https://www.moneydj.com/ETF/X/Basic/Basic0007.xdjhtm?etfid=00999A.TW&topc=
2026-07-15,00999A,主動野村臺灣高息,2059,å·æ¹,5.39,82000.0,0.0,電子零組件業,https://www.moneydj.com/ETF/X/Basic/Basic0007.xdjhtm?etfid=00999A.TW&topc=
2026-07-15,00999A,主動野村臺灣高息,2454,è¯ç¼ç§,4.37,151000.0,0.0,半導體業,https://www.moneydj.com/ETF/X/Basic/Basic0007.xdjhtm?etfid=00999A.TW&topc=
2026-07-15,00999A,主動野村臺灣高息,2308,å°éé»,4.27,292000.0,0.0,電子零組件業,https://www.moneydj.com/ETF/X/Basic/Basic0007.xdjhtm?etfid=00999A.TW&topc=
2026-07-15,00999A,主動野村臺灣高息,2383,å°åé»,3.89,99000.0,0.0,電子零組件業,https://www.moneydj.com/ETF/X/Basic/Basic0007.xdjhtm?etfid=00999A.TW&topc=
2026-07-15,00999A,主動野村臺灣高息,7769,é´»å,3.22,62000.0,0.0,半導體業,https://www.moneydj.com/ETF/X/Basic/Basic0007.xdjhtm?etfid=00999A.TW&topc=
2026-07-15,00999A,主動野村臺灣高息,2408,åäºç§,2.93,789000.0,0.0,半導體業,https://www.moneydj.com/ETF/X/Basic/Basic0007.xdjhtm?etfid=00999A.TW&topc=
2026-07-15,00999A,主動野村臺灣高息,3653,å¥ç­,2.41,95000.0,0.0,電子零組件業,https://www.moneydj.com/ETF/X/Basic/Basic0007.xdjhtm?etfid=00999A.TW&topc=
2026-07-15,00999A,主動野村臺灣高息,2368,éåé»,2.22,280000.0,0.0,電子零組件業,https://www.moneydj.com/ETF/X/Basic/Basic0007.xdjhtm?etfid=00999A.TW&topc=
2026-07-15,00999A,主動野村臺灣高息,6223,æºç½,2.06,42000.0,0.0,半導體業,https://www.moneydj.com/ETF/X/Basic/Basic0007.xdjhtm?etfid=00999A.TW&topc=
2026-07-16,00400A,主動國泰動能高息,2330,å°ç©é»,8.98,958000.0,0.0,半導體業,https://www.moneydj.com/ETF/X/Basic/Basic0007.xdjhtm?etfid=00400A.TW&topc=
2026-07-16,00400A,主動國泰動能高息,2454,è¯ç¼ç§,6.18,440000.0,0.0,半導體業,https://www.moneydj.com/ETF/X/Basic/Basic0007.xdjhtm?etfid=00400A.TW&topc=
2026-07-16,00400A,主動國泰動能高息,2383,å°åé»,5.32,281000.0,0.0,電子零組件業,https://www.moneydj.com/ETF/X/Basic/Basic0007.xdjhtm?etfid=00400A.TW&topc=
2026-07-16,00400A,主動國泰動能高息,6488,ç°çæ¶,4.44,853000.0,0.0,半導體業,https://www.moneydj.com/ETF/X/Basic/Basic0007.xdjhtm?etfid=00400A.TW&topc=
2026-07-16,00400A,主動國泰動能高息,2360,è´è,4.11,544000.0,0.0,其他電子業,https://www.moneydj.com/ETF/X/Basic/Basic0007.xdjhtm?etfid=00400A.TW&topc=
2026-07-16,00400A,主動國泰動能高息,6223,æºç½,4.04,171000.0,0.0,半導體業,https://www.moneydj.com/ETF/X/Basic/Basic0007.xdjhtm?etfid=00400A.TW&topc=
2026-07-16,00400A,主動國泰動能高息,6669,ç·¯ç©,3.94,203000.0,0.0,電腦及週邊設備業,https://www.moneydj.com/ETF/X/Basic/Basic0007.xdjhtm?etfid=00400A.TW&topc=
2026-07-16,00400A,主動國泰動能高息,3017,å¥é,3.86,457000.0,0.0,電腦及週邊設備業,https://www.moneydj.com/ETF/X/Basic/Basic0007.xdjhtm?etfid=00400A.TW&topc=
2026-07-16,00400A,主動國泰動能高息,3037,æ¬£è,3.59,1071000.0,0.0,電子零組件業,https://www.moneydj.com/ETF/X/Basic/Basic0007.xdjhtm?etfid=00400A.TW&topc=
2026-07-16,00400A,主動國泰動能高息,2059,å·æ¹,3.55,108000.0,0.0,電子零組件業,https://www.moneydj.com/ETF/X/Basic/Basic0007.xdjhtm?etfid=00400A.TW&topc=
2026-07-16,00980A,主動野村臺灣優選,2330,å°ç©é»,9.64,634000.0,0.0,半導體業,https://www.moneydj.com/ETF/X/Basic/Basic0007.xdjhtm?etfid=00980A.TW&topc=
2026-07-16,00980A,主動野村臺灣優選,2454,è¯ç¼ç§,6.13,269000.0,0.0,半導體業,https://www.moneydj.com/ETF/X/Basic/Basic0007.xdjhtm?etfid=00980A.TW&topc=
2026-07-16,00980A,主動野村臺灣優選,2059,å·æ¹,5.86,110000.0,0.0,電子零組件業,https://www.moneydj.com/ETF/X/Basic/Basic0007.xdjhtm?etfid=00980A.TW&topc=
2026-07-16,00980A,主動野村臺灣優選,2308,å°éé»,5.57,475000.0,0.0,電子零組件業,https://www.moneydj.com/ETF/X/Basic/Basic0007.xdjhtm?etfid=00980A.TW&topc=
2026-07-16,00980A,主動野村臺灣優選,2383,å°åé»,4.64,151000.0,0.0,電子零組件業,https://www.moneydj.com/ETF/X/Basic/Basic0007.xdjhtm?etfid=00980A.TW&topc=
2026-07-16,00980A,主動野村臺灣優選,7769,é´»å,3.83,93000.0,0.0,半導體業,https://www.moneydj.com/ETF/X/Basic/Basic0007.xdjhtm?etfid=00980A.TW&topc=
2026-07-16,00980A,主動野村臺灣優選,3653,å¥ç­,3.16,151000.0,0.0,電子零組件業,https://www.moneydj.com/ETF/X/Basic/Basic0007.xdjhtm?etfid=00980A.TW&topc=
2026-07-16,00980A,主動野村臺灣優選,3037,æ¬£è,3.05,562000.0,0.0,電子零組件業,https://www.moneydj.com/ETF/X/Basic/Basic0007.xdjhtm?etfid=00980A.TW&topc=
2026-07-16,00980A,主動野村臺灣優選,6223,æºç½,2.91,76000.0,0.0,半導體業,https://www.moneydj.com/ETF/X/Basic/Basic0007.xdjhtm?etfid=00980A.TW&topc=
2026-07-16,00980A,主動野村臺灣優選,2368,éåé»,2.43,393000.0,0.0,電子零組件業,https://www.moneydj.com/ETF/X/Basic/Basic0007.xdjhtm?etfid=00980A.TW&topc=
2026-07-16,00982A,主動群益台灣強棒,2330,台積電,9.59,1967000.0,0.0,半導體業,https://www.capitalfund.com.tw/etf/product/detail/399/buyback
2026-07-16,00982A,主動群益台灣強棒,5536,聖暉*,9.31,3729000.0,0.0,其他電子業,https://www.capitalfund.com.tw/etf/product/detail/399/buyback
2026-07-16,00982A,主動群益台灣強棒,2454,聯發科,6.29,861000.0,0.0,半導體業,https://www.capitalfund.com.tw/etf/product/detail/399/buyback
2026-07-16,00982A,主動群益台灣強棒,6139,亞翔,5.25,3067000.0,0.0,其他電子業,https://www.capitalfund.com.tw/etf/product/detail/399/buyback
2026-07-16,00982A,主動群益台灣強棒,6223,旺矽,3.77,307000.0,0.0,半導體業,https://www.capitalfund.com.tw/etf/product/detail/399/buyback
2026-07-16,00982A,主動群益台灣強棒,2345,智邦,3.65,798000.0,0.0,通信網路業,https://www.capitalfund.com.tw/etf/product/detail/399/buyback
2026-07-16,00982A,主動群益台灣強棒,4958,臻鼎-KY,3.59,3147000.0,0.0,電子零組件業,https://www.capitalfund.com.tw/etf/product/detail/399/buyback
2026-07-16,00982A,主動群益台灣強棒,2360,致茂,3.23,823000.0,0.0,其他電子業,https://www.capitalfund.com.tw/etf/product/detail/399/buyback
2026-07-16,00982A,主動群益台灣強棒,2383,台光電,3.22,327000.0,0.0,電子零組件業,https://www.capitalfund.com.tw/etf/product/detail/399/buyback
2026-07-16,00982A,主動群益台灣強棒,2059,川湖,3.13,183000.0,0.0,電子零組件業,https://www.capitalfund.com.tw/etf/product/detail/399/buyback
2026-07-16,00985A,主動野村台灣50,2330,å°ç©é»,22.11,905000.0,0.0,半導體業,https://www.moneydj.com/ETF/X/Basic/Basic0007.xdjhtm?etfid=00985A.TW&topc=
2026-07-16,00985A,主動野村台灣50,2376,æå,3.55,1064000.0,0.0,電腦及週邊設備業,https://www.moneydj.com/ETF/X/Basic/Basic0007.xdjhtm?etfid=00985A.TW&topc=
2026-07-16,00985A,主動野村台灣50,2059,å·æ¹,3.51,41000.0,0.0,電子零組件業,https://www.moneydj.com/ETF/X/Basic/Basic0007.xdjhtm?etfid=00985A.TW&topc=
2026-07-16,00985A,主動野村台灣50,6442,åè,3.11,233000.0,0.0,通信網路業,https://www.moneydj.com/ETF/X/Basic/Basic0007.xdjhtm?etfid=00985A.TW&topc=
2026-07-16,00985A,主動野村台灣50,2395,ç è¯,3.04,580000.0,0.0,電腦及週邊設備業,https://www.moneydj.com/ETF/X/Basic/Basic0007.xdjhtm?etfid=00985A.TW&topc=
2026-07-16,00985A,主動野村台灣50,3008,å¤§ç«å,2.87,68000.0,0.0,光電業,https://www.moneydj.com/ETF/X/Basic/Basic0007.xdjhtm?etfid=00985A.TW&topc=
2026-07-16,00985A,主動野村台灣50,3661,ä¸è¯-KY,2.72,73000.0,0.0,半導體業,https://www.moneydj.com/ETF/X/Basic/Basic0007.xdjhtm?etfid=00985A.TW&topc=
2026-07-16,00985A,主動野村台灣50,4958,è»é¼-KY,2.53,443000.0,0.0,電子零組件業,https://www.moneydj.com/ETF/X/Basic/Basic0007.xdjhtm?etfid=00985A.TW&topc=
2026-07-16,00985A,主動野村台灣50,3036,ææ,2.41,1242000.0,0.0,電子通路業,https://www.moneydj.com/ETF/X/Basic/Basic0007.xdjhtm?etfid=00985A.TW&topc=
2026-07-16,00985A,主動野村台灣50,6187,è¬æ½¤,2.39,225000.0,0.0,半導體業,https://www.moneydj.com/ETF/X/Basic/Basic0007.xdjhtm?etfid=00985A.TW&topc=
2026-07-16,00991A,主動復華未來50,BMPSIM,義大利西恩那銀行股份公司,4.61,400000.0,0.0,未分類,https://www.fhtrust.com.tw/ETF/etf_detail/ETF24#nav
2026-07-16,00991A,主動復華未來50,UNIIM,Unipol保險股份公司,4.578,170000.0,0.0,未分類,https://www.fhtrust.com.tw/ETF/etf_detail/ETF24#nav
2026-07-16,00991A,主動復華未來50,HSBALN,匯豐控股有限公司,3.927,220000.0,0.0,未分類,https://www.fhtrust.com.tw/ETF/etf_detail/ETF24#nav
2026-07-16,00991A,主動復華未來50,ABNNA,荷蘭銀行公眾有限公司,3.854,100000.0,0.0,未分類,https://www.fhtrust.com.tw/ETF/etf_detail/ETF24#nav
2026-07-16,00991A,主動復華未來50,TPEIRGA,Piraeus Bank SA,3.686,400000.0,0.0,未分類,https://www.fhtrust.com.tw/ETF/etf_detail/ETF24#nav
2026-07-16,00991A,主動復華未來50,STANLN,渣打集團有限公司,3.562,140000.0,0.0,未分類,https://www.fhtrust.com.tw/ETF/etf_detail/ETF24#nav
2026-07-16,00991A,主動復華未來50,BACUS,美國銀行,3.529,65000.0,0.0,未分類,https://www.fhtrust.com.tw/ETF/etf_detail/ETF24#nav
2026-07-16,00991A,主動復華未來50,GLEFP,法國興業銀行股份有限公司,3.296,43000.0,0.0,未分類,https://www.fhtrust.com.tw/ETF/etf_detail/ETF24#nav
2026-07-16,00991A,主動復華未來50,BNPFP,法國巴黎銀行股份有限公司,3.232,31000.0,0.0,未分類,https://www.fhtrust.com.tw/ETF/etf_detail/ETF24#nav
2026-07-16,00991A,主動復華未來50,AMUNFP,東方匯理資產管理有限責任公司,3.185,35000.0,0.0,未分類,https://www.fhtrust.com.tw/ETF/etf_detail/ETF24#nav
2026-07-16,00993A,主動安聯台灣,2330,å°ç©é»,11.51,475000.0,0.0,半導體業,https://www.moneydj.com/ETF/X/Basic/Basic0007.xdjhtm?etfid=00993A.TW&topc=
2026-07-16,00993A,主動安聯台灣,2454,è¯ç¼ç§,5.95,164000.0,0.0,半導體業,https://www.moneydj.com/ETF/X/Basic/Basic0007.xdjhtm?etfid=00993A.TW&topc=
2026-07-16,00993A,主動安聯台灣,2383,å°åé»,5.38,110000.0,0.0,電子零組件業,https://www.moneydj.com/ETF/X/Basic/Basic0007.xdjhtm?etfid=00993A.TW&topc=
2026-07-16,00993A,主動安聯台灣,6223,æºç½,5.06,83000.0,0.0,半導體業,https://www.moneydj.com/ETF/X/Basic/Basic0007.xdjhtm?etfid=00993A.TW&topc=
2026-07-16,00993A,主動安聯台灣,2345,æºé¦,4.8,211000.0,0.0,通信網路業,https://www.moneydj.com/ETF/X/Basic/Basic0007.xdjhtm?etfid=00993A.TW&topc=
2026-07-16,00993A,主動安聯台灣,2327,åå·¨*,4.5,592000.0,0.0,電子零組件業,https://www.moneydj.com/ETF/X/Basic/Basic0007.xdjhtm?etfid=00993A.TW&topc=
2026-07-16,00993A,主動安聯台灣,3037,æ¬£è,4.34,502000.0,0.0,電子零組件業,https://www.moneydj.com/ETF/X/Basic/Basic0007.xdjhtm?etfid=00993A.TW&topc=
2026-07-16,00993A,主動安聯台灣,3017,å¥é,4.01,184000.0,0.0,電腦及週邊設備業,https://www.moneydj.com/ETF/X/Basic/Basic0007.xdjhtm?etfid=00993A.TW&topc=
2026-07-16,00993A,主動安聯台灣,2303,è¯é»,3.49,2223000.0,0.0,半導體業,https://www.moneydj.com/ETF/X/Basic/Basic0007.xdjhtm?etfid=00993A.TW&topc=
2026-07-16,00993A,主動安聯台灣,6669,ç·¯ç©,3.31,66000.0,0.0,電腦及週邊設備業,https://www.moneydj.com/ETF/X/Basic/Basic0007.xdjhtm?etfid=00993A.TW&topc=
2026-07-16,00998A,主動復華金融股息,BMPSIM,義大利西恩那銀行股份公司,4.61,400000.0,0.0,未分類,https://www.fhtrust.com.tw/ETF/etf_detail/ETF24#nav
2026-07-16,00998A,主動復華金融股息,UNIIM,Unipol保險股份公司,4.578,170000.0,0.0,未分類,https://www.fhtrust.com.tw/ETF/etf_detail/ETF24#nav
2026-07-16,00998A,主動復華金融股息,HSBALN,匯豐控股有限公司,3.927,220000.0,0.0,未分類,https://www.fhtrust.com.tw/ETF/etf_detail/ETF24#nav
2026-07-16,00998A,主動復華金融股息,ABNNA,荷蘭銀行公眾有限公司,3.854,100000.0,0.0,未分類,https://www.fhtrust.com.tw/ETF/etf_detail/ETF24#nav
2026-07-16,00998A,主動復華金融股息,TPEIRGA,Piraeus Bank SA,3.686,400000.0,0.0,未分類,https://www.fhtrust.com.tw/ETF/etf_detail/ETF24#nav
2026-07-16,00998A,主動復華金融股息,STANLN,渣打集團有限公司,3.562,140000.0,0.0,未分類,https://www.fhtrust.com.tw/ETF/etf_detail/ETF24#nav
2026-07-16,00998A,主動復華金融股息,BACUS,美國銀行,3.529,65000.0,0.0,未分類,https://www.fhtrust.com.tw/ETF/etf_detail/ETF24#nav
2026-07-16,00998A,主動復華金融股息,GLEFP,法國興業銀行股份有限公司,3.296,43000.0,0.0,未分類,https://www.fhtrust.com.tw/ETF/etf_detail/ETF24#nav
2026-07-16,00998A,主動復華金融股息,BNPFP,法國巴黎銀行股份有限公司,3.232,31000.0,0.0,未分類,https://www.fhtrust.com.tw/ETF/etf_detail/ETF24#nav
2026-07-16,00998A,主動復華金融股息,AMUNFP,東方匯理資產管理有限責任公司,3.185,35000.0,0.0,未分類,https://www.fhtrust.com.tw/ETF/etf_detail/ETF24#nav
2026-07-16,00999A,主動野村臺灣高息,2330,å°ç©é»,7.2,372000.0,0.0,半導體業,https://www.moneydj.com/ETF/X/Basic/Basic0007.xdjhtm?etfid=00999A.TW&topc=
2026-07-16,00999A,主動野村臺灣高息,2059,å·æ¹,5.56,82000.0,0.0,電子零組件業,https://www.moneydj.com/ETF/X/Basic/Basic0007.xdjhtm?etfid=00999A.TW&topc=
2026-07-16,00999A,主動野村臺灣高息,2454,è¯ç¼ç§,4.38,151000.0,0.0,半導體業,https://www.moneydj.com/ETF/X/Basic/Basic0007.xdjhtm?etfid=00999A.TW&topc=
2026-07-16,00999A,主動野村臺灣高息,2308,å°éé»,4.36,292000.0,0.0,電子零組件業,https://www.moneydj.com/ETF/X/Basic/Basic0007.xdjhtm?etfid=00999A.TW&topc=
2026-07-16,00999A,主動野村臺灣高息,2383,å°åé»,3.87,99000.0,0.0,電子零組件業,https://www.moneydj.com/ETF/X/Basic/Basic0007.xdjhtm?etfid=00999A.TW&topc=
2026-07-16,00999A,主動野村臺灣高息,7769,é´»å,3.25,62000.0,0.0,半導體業,https://www.moneydj.com/ETF/X/Basic/Basic0007.xdjhtm?etfid=00999A.TW&topc=
2026-07-16,00999A,主動野村臺灣高息,2408,åäºç§,2.72,789000.0,0.0,半導體業,https://www.moneydj.com/ETF/X/Basic/Basic0007.xdjhtm?etfid=00999A.TW&topc=
2026-07-16,00999A,主動野村臺灣高息,3653,å¥ç­,2.53,95000.0,0.0,電子零組件業,https://www.moneydj.com/ETF/X/Basic/Basic0007.xdjhtm?etfid=00999A.TW&topc=
2026-07-16,00999A,主動野村臺灣高息,2368,éåé»,2.21,280000.0,0.0,電子零組件業,https://www.moneydj.com/ETF/X/Basic/Basic0007.xdjhtm?etfid=00999A.TW&topc=
2026-07-16,00999A,主動野村臺灣高息,6223,æºç½,2.05,42000.0,0.0,半導體業,https://www.moneydj.com/ETF/X/Basic/Basic0007.xdjhtm?etfid=00999A.TW&topc=
2026-07-17,00400A,主動國泰動能高息,2330,å°ç©é»,8.85,958000.0,0.0,半導體業,https://www.moneydj.com/ETF/X/Basic/Basic0007.xdjhtm?etfid=00400A.TW&topc=
2026-07-17,00400A,主動國泰動能高息,2454,è¯ç¼ç§,5.98,440000.0,0.0,半導體業,https://www.moneydj.com/ETF/X/Basic/Basic0007.xdjhtm?etfid=00400A.TW&topc=
2026-07-17,00400A,主動國泰動能高息,2383,å°åé»,5.09,281000.0,0.0,電子零組件業,https://www.moneydj.com/ETF/X/Basic/Basic0007.xdjhtm?etfid=00400A.TW&topc=
2026-07-17,00400A,主動國泰動能高息,6488,ç°çæ¶,4.27,853000.0,0.0,半導體業,https://www.moneydj.com/ETF/X/Basic/Basic0007.xdjhtm?etfid=00400A.TW&topc=
2026-07-17,00400A,主動國泰動能高息,2360,è´è,4.06,544000.0,0.0,其他電子業,https://www.moneydj.com/ETF/X/Basic/Basic0007.xdjhtm?etfid=00400A.TW&topc=
2026-07-17,00400A,主動國泰動能高息,3017,å¥é,4.05,457000.0,0.0,電腦及週邊設備業,https://www.moneydj.com/ETF/X/Basic/Basic0007.xdjhtm?etfid=00400A.TW&topc=
2026-07-17,00400A,主動國泰動能高息,6223,æºç½,3.86,171000.0,0.0,半導體業,https://www.moneydj.com/ETF/X/Basic/Basic0007.xdjhtm?etfid=00400A.TW&topc=
2026-07-17,00400A,主動國泰動能高息,6669,ç·¯ç©,3.78,203000.0,0.0,電腦及週邊設備業,https://www.moneydj.com/ETF/X/Basic/Basic0007.xdjhtm?etfid=00400A.TW&topc=
2026-07-17,00400A,主動國泰動能高息,2059,å·æ¹,3.44,108000.0,0.0,電子零組件業,https://www.moneydj.com/ETF/X/Basic/Basic0007.xdjhtm?etfid=00400A.TW&topc=
2026-07-17,00400A,主動國泰動能高息,3037,æ¬£è,3.43,1071000.0,0.0,電子零組件業,https://www.moneydj.com/ETF/X/Basic/Basic0007.xdjhtm?etfid=00400A.TW&topc=
2026-07-17,00401A,主動摩根台灣鑫收,2330,å°ç©é»,9.15,117000.0,0.0,半導體業,https://www.moneydj.com/ETF/X/Basic/Basic0007.xdjhtm?etfid=00401A.TW&topc=
2026-07-17,00401A,主動摩根台灣鑫收,2454,è¯ç¼ç§,5.94,51600.0,0.0,半導體業,https://www.moneydj.com/ETF/X/Basic/Basic0007.xdjhtm?etfid=00401A.TW&topc=
2026-07-17,00401A,主動摩根台灣鑫收,2308,å°éé»,4.28,72000.0,0.0,電子零組件業,https://www.moneydj.com/ETF/X/Basic/Basic0007.xdjhtm?etfid=00401A.TW&topc=
2026-07-17,00401A,主動摩根台灣鑫收,7769,é´»å,2.9,14000.0,0.0,半導體業,https://www.moneydj.com/ETF/X/Basic/Basic0007.xdjhtm?etfid=00401A.TW&topc=
2026-07-17,00401A,主動摩根台灣鑫收,3711,æ¥æåææ§,2.73,130000.0,0.0,半導體業,https://www.moneydj.com/ETF/X/Basic/Basic0007.xdjhtm?etfid=00401A.TW&topc=
2026-07-17,00401A,主動摩根台灣鑫收,4958,è»é¼-KY,2.54,143000.0,0.0,電子零組件業,https://www.moneydj.com/ETF/X/Basic/Basic0007.xdjhtm?etfid=00401A.TW&topc=
2026-07-17,00401A,主動摩根台灣鑫收,6223,æºç½,2.5,13074.0,0.0,半導體業,https://www.moneydj.com/ETF/X/Basic/Basic0007.xdjhtm?etfid=00401A.TW&topc=
2026-07-17,00401A,主動摩根台灣鑫收,6669,ç·¯ç©,2.37,15000.0,0.0,電腦及週邊設備業,https://www.moneydj.com/ETF/X/Basic/Basic0007.xdjhtm?etfid=00401A.TW&topc=
2026-07-17,00401A,主動摩根台灣鑫收,2382,å»£é,2.27,204000.0,0.0,電腦及週邊設備業,https://www.moneydj.com/ETF/X/Basic/Basic0007.xdjhtm?etfid=00401A.TW&topc=
2026-07-17,00401A,主動摩根台灣鑫收,2883,å±åºé,2.26,2204000.0,0.0,金融保險業,https://www.moneydj.com/ETF/X/Basic/Basic0007.xdjhtm?etfid=00401A.TW&topc=
2026-07-17,00403A,主動統一升級50,2330,å°ç©é»,18.93,12800000.0,0.0,半導體業,https://www.moneydj.com/ETF/X/Basic/Basic0007.xdjhtm?etfid=00403A.TW&topc=
2026-07-17,00403A,主動統一升級50,2303,è¯é»,6.97,75000000.0,0.0,半導體業,https://www.moneydj.com/ETF/X/Basic/Basic0007.xdjhtm?etfid=00403A.TW&topc=
2026-07-17,00403A,主動統一升級50,3017,å¥é,4.9,3450000.0,0.0,電腦及週邊設備業,https://www.moneydj.com/ETF/X/Basic/Basic0007.xdjhtm?etfid=00403A.TW&topc=
2026-07-17,00403A,主動統一升級50,2344,è¯é¦é»,4.0,40000000.0,0.0,半導體業,https://www.moneydj.com/ETF/X/Basic/Basic0007.xdjhtm?etfid=00403A.TW&topc=
2026-07-17,00403A,主動統一升級50,3037,æ¬£è,3.62,7064000.0,0.0,電子零組件業,https://www.moneydj.com/ETF/X/Basic/Basic0007.xdjhtm?etfid=00403A.TW&topc=
2026-07-17,00403A,主動統一升級50,6223,æºç½,3.62,1000000.0,0.0,半導體業,https://www.moneydj.com/ETF/X/Basic/Basic0007.xdjhtm?etfid=00403A.TW&topc=
2026-07-17,00403A,主動統一升級50,2454,è¯ç¼ç§,3.59,1650000.0,0.0,半導體業,https://www.moneydj.com/ETF/X/Basic/Basic0007.xdjhtm?etfid=00403A.TW&topc=
2026-07-17,00403A,主動統一升級50,2383,å°åé»,3.31,1140000.0,0.0,電子零組件業,https://www.moneydj.com/ETF/X/Basic/Basic0007.xdjhtm?etfid=00403A.TW&topc=
2026-07-17,00403A,主動統一升級50,2327,åå·¨*,3.16,7000000.0,0.0,電子零組件業,https://www.moneydj.com/ETF/X/Basic/Basic0007.xdjhtm?etfid=00403A.TW&topc=
2026-07-17,00403A,主動統一升級50,2308,å°éé»,3.03,2700000.0,0.0,電子零組件業,https://www.moneydj.com/ETF/X/Basic/Basic0007.xdjhtm?etfid=00403A.TW&topc=
2026-07-17,00980A,主動野村臺灣優選,2330,å°ç©é»,9.64,634000.0,0.0,半導體業,https://www.moneydj.com/ETF/X/Basic/Basic0007.xdjhtm?etfid=00980A.TW&topc=
2026-07-17,00980A,主動野村臺灣優選,2454,è¯ç¼ç§,6.02,269000.0,0.0,半導體業,https://www.moneydj.com/ETF/X/Basic/Basic0007.xdjhtm?etfid=00980A.TW&topc=
2026-07-17,00980A,主動野村臺灣優選,2059,å·æ¹,5.76,110000.0,0.0,電子零組件業,https://www.moneydj.com/ETF/X/Basic/Basic0007.xdjhtm?etfid=00980A.TW&topc=
2026-07-17,00980A,主動野村臺灣優選,2308,å°éé»,5.49,475000.0,0.0,電子零組件業,https://www.moneydj.com/ETF/X/Basic/Basic0007.xdjhtm?etfid=00980A.TW&topc=
2026-07-17,00980A,主動野村臺灣優選,2383,å°åé»,4.5,151000.0,0.0,電子零組件業,https://www.moneydj.com/ETF/X/Basic/Basic0007.xdjhtm?etfid=00980A.TW&topc=
2026-07-17,00980A,主動野村臺灣優選,7769,é´»å,3.75,93000.0,0.0,半導體業,https://www.moneydj.com/ETF/X/Basic/Basic0007.xdjhtm?etfid=00980A.TW&topc=
2026-07-17,00980A,主動野村臺灣優選,3653,å¥ç­,3.22,151000.0,0.0,電子零組件業,https://www.moneydj.com/ETF/X/Basic/Basic0007.xdjhtm?etfid=00980A.TW&topc=
2026-07-17,00980A,主動野村臺灣優選,3037,æ¬£è,2.96,562000.0,0.0,電子零組件業,https://www.moneydj.com/ETF/X/Basic/Basic0007.xdjhtm?etfid=00980A.TW&topc=
2026-07-17,00980A,主動野村臺灣優選,6223,æºç½,2.82,76000.0,0.0,半導體業,https://www.moneydj.com/ETF/X/Basic/Basic0007.xdjhtm?etfid=00980A.TW&topc=
2026-07-17,00980A,主動野村臺灣優選,2368,éåé»,2.42,393000.0,0.0,電子零組件業,https://www.moneydj.com/ETF/X/Basic/Basic0007.xdjhtm?etfid=00980A.TW&topc=
2026-07-17,00982A,主動群益台灣強棒,2330,台積電,9.61,1967000.0,0.0,半導體業,https://www.capitalfund.com.tw/etf/product/detail/399/buyback
2026-07-17,00982A,主動群益台灣強棒,5536,聖暉*,9.07,3729000.0,0.0,其他電子業,https://www.capitalfund.com.tw/etf/product/detail/399/buyback
2026-07-17,00982A,主動群益台灣強棒,2454,聯發科,6.19,861000.0,0.0,半導體業,https://www.capitalfund.com.tw/etf/product/detail/399/buyback
2026-07-17,00982A,主動群益台灣強棒,6139,亞翔,5.23,3067000.0,0.0,其他電子業,https://www.capitalfund.com.tw/etf/product/detail/399/buyback
2026-07-17,00982A,主動群益台灣強棒,6223,旺矽,3.67,307000.0,0.0,半導體業,https://www.capitalfund.com.tw/etf/product/detail/399/buyback
2026-07-17,00982A,主動群益台灣強棒,2345,智邦,3.56,798000.0,0.0,通信網路業,https://www.capitalfund.com.tw/etf/product/detail/399/buyback
2026-07-17,00982A,主動群益台灣強棒,4958,臻鼎-KY,3.5,3147000.0,0.0,電子零組件業,https://www.capitalfund.com.tw/etf/product/detail/399/buyback
2026-07-17,00982A,主動群益台灣強棒,2360,致茂,3.25,823000.0,0.0,其他電子業,https://www.capitalfund.com.tw/etf/product/detail/399/buyback
2026-07-17,00982A,主動群益台灣強棒,2383,台光電,3.14,327000.0,0.0,電子零組件業,https://www.capitalfund.com.tw/etf/product/detail/399/buyback
2026-07-17,00982A,主動群益台灣強棒,2059,川湖,3.08,183000.0,0.0,電子零組件業,https://www.capitalfund.com.tw/etf/product/detail/399/buyback
2026-07-17,00983A,主動中信ARK創新,TSLA,Tesla,8.6,8239.0,0.0,未分類,https://www.moneydj.com/ETF/X/Basic/Basic0007.xdjhtm?etfid=00983A.TW&topc=
2026-07-17,00983A,主動中信ARK創新,AMD,AMD,6.39,4767.0,0.0,未分類,https://www.moneydj.com/ETF/X/Basic/Basic0007.xdjhtm?etfid=00983A.TW&topc=
2026-07-17,00983A,主動中信ARK創新,HOOD,Robinhood Markets,6.22,21934.0,0.0,未分類,https://www.moneydj.com/ETF/X/Basic/Basic0007.xdjhtm?etfid=00983A.TW&topc=
2026-07-17,00983A,主動中信ARK創新,TEM,Tempus,6.2,43229.0,0.0,未分類,https://www.moneydj.com/ETF/X/Basic/Basic0007.xdjhtm?etfid=00983A.TW&topc=
2026-07-17,00983A,主動中信ARK創新,SHOP,Shopify,5.8,17327.0,0.0,未分類,https://www.moneydj.com/ETF/X/Basic/Basic0007.xdjhtm?etfid=00983A.TW&topc=
2026-07-17,00983A,主動中信ARK創新,TXG,10x Genomics,5.1,42881.0,0.0,未分類,https://www.moneydj.com/ETF/X/Basic/Basic0007.xdjhtm?etfid=00983A.TW&topc=
2026-07-17,00983A,主動中信ARK創新,CRSP,CRISPR Therapeutics,4.44,34212.0,0.0,未分類,https://www.moneydj.com/ETF/X/Basic/Basic0007.xdjhtm?etfid=00983A.TW&topc=
2026-07-17,00983A,主動中信ARK創新,SPCX,SpaceX,4.37,12475.0,0.0,未分類,https://www.moneydj.com/ETF/X/Basic/Basic0007.xdjhtm?etfid=00983A.TW&topc=
2026-07-17,00983A,主動中信ARK創新,TWST,Twist Bioscience,4.16,17047.0,0.0,未分類,https://www.moneydj.com/ETF/X/Basic/Basic0007.xdjhtm?etfid=00983A.TW&topc=
2026-07-17,00983A,主動中信ARK創新,ILMN,Illumina,3.52,6919.0,0.0,未分類,https://www.moneydj.com/ETF/X/Basic/Basic0007.xdjhtm?etfid=00983A.TW&topc=
2026-07-17,00984A,主動安聯台灣高息,2330,å°ç©é»,2.86,118000.0,0.0,半導體業,https://www.moneydj.com/ETF/X/Basic/Basic0007.xdjhtm?etfid=00984A.TW&topc=
2026-07-17,00984A,主動安聯台灣高息,2357,è¯ç¢©,2.7,359000.0,0.0,電腦及週邊設備業,https://www.moneydj.com/ETF/X/Basic/Basic0007.xdjhtm?etfid=00984A.TW&topc=
2026-07-17,00984A,主動安聯台灣高息,2412,ä¸­è¯é»,2.7,1821000.0,0.0,通信網路業,https://www.moneydj.com/ETF/X/Basic/Basic0007.xdjhtm?etfid=00984A.TW&topc=
2026-07-17,00984A,主動安聯台灣高息,2881,å¯é¦é,2.61,1951025.0,0.0,金融保險業,https://www.moneydj.com/ETF/X/Basic/Basic0007.xdjhtm?etfid=00984A.TW&topc=
2026-07-17,00984A,主動安聯台灣高息,2891,ä¸­ä¿¡é,2.36,3544000.0,0.0,金融保險業,https://www.moneydj.com/ETF/X/Basic/Basic0007.xdjhtm?etfid=00984A.TW&topc=
2026-07-17,00984A,主動安聯台灣高息,2382,å»£é,2.21,632000.0,0.0,電腦及週邊設備業,https://www.moneydj.com/ETF/X/Basic/Basic0007.xdjhtm?etfid=00984A.TW&topc=
2026-07-17,00984A,主動安聯台灣高息,2303,è¯é»,2.11,1367000.0,0.0,半導體業,https://www.moneydj.com/ETF/X/Basic/Basic0007.xdjhtm?etfid=00984A.TW&topc=
2026-07-17,00984A,主動安聯台灣高息,6446,è¥è¯è¥,2.1,163425.0,0.0,生技醫療業,https://www.moneydj.com/ETF/X/Basic/Basic0007.xdjhtm?etfid=00984A.TW&topc=
2026-07-17,00984A,主動安聯台灣高息,1216,çµ±ä¸,2.07,2414000.0,0.0,食品工業,https://www.moneydj.com/ETF/X/Basic/Basic0007.xdjhtm?etfid=00984A.TW&topc=
2026-07-17,00984A,主動安聯台灣高息,3045,å°ç£å¤§,2.03,1700000.0,0.0,通信網路業,https://www.moneydj.com/ETF/X/Basic/Basic0007.xdjhtm?etfid=00984A.TW&topc=
2026-07-17,00985A,主動野村台灣50,2330,å°ç©é»,21.83,905000.0,0.0,半導體業,https://www.moneydj.com/ETF/X/Basic/Basic0007.xdjhtm?etfid=00985A.TW&topc=
2026-07-17,00985A,主動野村台灣50,2376,æå,3.64,1064000.0,0.0,電腦及週邊設備業,https://www.moneydj.com/ETF/X/Basic/Basic0007.xdjhtm?etfid=00985A.TW&topc=
2026-07-17,00985A,主動野村台灣50,2059,å·æ¹,3.41,41000.0,0.0,電子零組件業,https://www.moneydj.com/ETF/X/Basic/Basic0007.xdjhtm?etfid=00985A.TW&topc=
2026-07-17,00985A,主動野村台灣50,6442,åè,3.19,233000.0,0.0,通信網路業,https://www.moneydj.com/ETF/X/Basic/Basic0007.xdjhtm?etfid=00985A.TW&topc=
2026-07-17,00985A,主動野村台灣50,2395,ç è¯,3.13,580000.0,0.0,電腦及週邊設備業,https://www.moneydj.com/ETF/X/Basic/Basic0007.xdjhtm?etfid=00985A.TW&topc=
2026-07-17,00985A,主動野村台灣50,3008,å¤§ç«å,2.87,68000.0,0.0,光電業,https://www.moneydj.com/ETF/X/Basic/Basic0007.xdjhtm?etfid=00985A.TW&topc=
2026-07-17,00985A,主動野村台灣50,4904,é å³,2.75,2538000.0,0.0,通信網路業,https://www.moneydj.com/ETF/X/Basic/Basic0007.xdjhtm?etfid=00985A.TW&topc=
2026-07-17,00985A,主動野村台灣50,2412,ä¸­è¯é»,2.74,1885000.0,0.0,通信網路業,https://www.moneydj.com/ETF/X/Basic/Basic0007.xdjhtm?etfid=00985A.TW&topc=
2026-07-17,00985A,主動野村台灣50,6505,å°å¡å,2.74,3200000.0,0.0,油電燃氣業,https://www.moneydj.com/ETF/X/Basic/Basic0007.xdjhtm?etfid=00985A.TW&topc=
2026-07-17,00985A,主動野村台灣50,3661,ä¸è¯-KY,2.68,73000.0,0.0,半導體業,https://www.moneydj.com/ETF/X/Basic/Basic0007.xdjhtm?etfid=00985A.TW&topc=
2026-07-17,00986A,主動台新龍頭成長,2330,å°ç©é»,9.04,22000.0,0.0,半導體業,https://www.moneydj.com/ETF/X/Basic/Basic0007.xdjhtm?etfid=00986A.TW&topc=
2026-07-17,00986A,主動台新龍頭成長,GOOGL,lphabet - Class A Common Stock,7.62,4000.0,0.0,未分類,https://www.moneydj.com/ETF/X/Basic/Basic0007.xdjhtm?etfid=00986A.TW&topc=
2026-07-17,00986A,主動台新龍頭成長,NVDA,NVIDIA,5.9,5300.0,0.0,未分類,https://www.moneydj.com/ETF/X/Basic/Basic0007.xdjhtm?etfid=00986A.TW&topc=
2026-07-17,00986A,主動台新龍頭成長,AVGO,Broadcom,4.83,2400.0,0.0,未分類,https://www.moneydj.com/ETF/X/Basic/Basic0007.xdjhtm?etfid=00986A.TW&topc=
2026-07-17,00986A,主動台新龍頭成長,MU,Micron,4.34,948.0,0.0,未分類,https://www.moneydj.com/ETF/X/Basic/Basic0007.xdjhtm?etfid=00986A.TW&topc=
2026-07-17,00986A,主動台新龍頭成長,CRWD,CrowdStrike Holdings,4.11,3752.0,0.0,未分類,https://www.moneydj.com/ETF/X/Basic/Basic0007.xdjhtm?etfid=00986A.TW&topc=
2026-07-17,00986A,主動台新龍頭成長,AMZN,Amazon,3.76,2800.0,0.0,未分類,https://www.moneydj.com/ETF/X/Basic/Basic0007.xdjhtm?etfid=00986A.TW&topc=
2026-07-17,00986A,主動台新龍頭成長,GEV,GE Vernova,3.62,650.0,0.0,未分類,https://www.moneydj.com/ETF/X/Basic/Basic0007.xdjhtm?etfid=00986A.TW&topc=
2026-07-17,00986A,主動台新龍頭成長,LRCX,Lam Research,3.48,2021.0,0.0,未分類,https://www.moneydj.com/ETF/X/Basic/Basic0007.xdjhtm?etfid=00986A.TW&topc=
2026-07-17,00986A,主動台新龍頭成長,GS,Goldman Sachs,3.24,550.0,0.0,未分類,https://www.moneydj.com/ETF/X/Basic/Basic0007.xdjhtm?etfid=00986A.TW&topc=
2026-07-17,00987A,主動台新優勢成長,2330,å°ç©é»,8.68,90000.0,0.0,半導體業,https://www.moneydj.com/ETF/X/Basic/Basic0007.xdjhtm?etfid=00987A.TW&topc=
2026-07-17,00987A,主動台新優勢成長,3017,å¥é,7.97,86000.0,0.0,電腦及週邊設備業,https://www.moneydj.com/ETF/X/Basic/Basic0007.xdjhtm?etfid=00987A.TW&topc=
2026-07-17,00987A,主動台新優勢成長,2383,å°åé»,6.44,34000.0,0.0,電子零組件業,https://www.moneydj.com/ETF/X/Basic/Basic0007.xdjhtm?etfid=00987A.TW&topc=
2026-07-17,00987A,主動台新優勢成長,6223,æºç½,6.37,27000.0,0.0,半導體業,https://www.moneydj.com/ETF/X/Basic/Basic0007.xdjhtm?etfid=00987A.TW&topc=
2026-07-17,00987A,主動台新優勢成長,3037,æ¬£è,6.35,190000.0,0.0,電子零組件業,https://www.moneydj.com/ETF/X/Basic/Basic0007.xdjhtm?etfid=00987A.TW&topc=
2026-07-17,00987A,主動台新優勢成長,2408,åäºç§,4.0,240000.0,0.0,半導體業,https://www.moneydj.com/ETF/X/Basic/Basic0007.xdjhtm?etfid=00987A.TW&topc=
2026-07-17,00987A,主動台新優勢成長,3443,åµæ,3.88,24000.0,0.0,半導體業,https://www.moneydj.com/ETF/X/Basic/Basic0007.xdjhtm?etfid=00987A.TW&topc=
2026-07-17,00987A,主動台新優勢成長,3665,è²¿è¯-KY,3.72,50000.0,0.0,其他電子業,https://www.moneydj.com/ETF/X/Basic/Basic0007.xdjhtm?etfid=00987A.TW&topc=
2026-07-17,00987A,主動台新優勢成長,6274,å°ç¿,3.7,75000.0,0.0,電子零組件業,https://www.moneydj.com/ETF/X/Basic/Basic0007.xdjhtm?etfid=00987A.TW&topc=
2026-07-17,00987A,主動台新優勢成長,8046,åé»,3.68,76000.0,0.0,電子零組件業,https://www.moneydj.com/ETF/X/Basic/Basic0007.xdjhtm?etfid=00987A.TW&topc=
2026-07-17,00989A,主動摩根美國科技,GOOG,phabet - Class C Capital Stock,4.46,4839.0,0.0,未分類,https://www.moneydj.com/ETF/X/Basic/Basic0007.xdjhtm?etfid=00989A.TW&topc=
2026-07-17,00989A,主動摩根美國科技,PANW,Palo Alto,4.23,4595.0,0.0,未分類,https://www.moneydj.com/ETF/X/Basic/Basic0007.xdjhtm?etfid=00989A.TW&topc=
2026-07-17,00989A,主動摩根美國科技,AVGO,Broadcom,3.84,3945.0,0.0,未分類,https://www.moneydj.com/ETF/X/Basic/Basic0007.xdjhtm?etfid=00989A.TW&topc=
2026-07-17,00989A,主動摩根美國科技,NVDA,NVIDIA,3.81,7055.0,0.0,未分類,https://www.moneydj.com/ETF/X/Basic/Basic0007.xdjhtm?etfid=00989A.TW&topc=
2026-07-17,00989A,主動摩根美國科技,TTWO,Take-Two,3.76,6028.0,0.0,未分類,https://www.moneydj.com/ETF/X/Basic/Basic0007.xdjhtm?etfid=00989A.TW&topc=
2026-07-17,00989A,主動摩根美國科技,AMD,AMD,3.57,2737.0,0.0,未分類,https://www.moneydj.com/ETF/X/Basic/Basic0007.xdjhtm?etfid=00989A.TW&topc=
2026-07-17,00989A,主動摩根美國科技,INTC,Intel,3.46,13714.0,0.0,未分類,https://www.moneydj.com/ETF/X/Basic/Basic0007.xdjhtm?etfid=00989A.TW&topc=
2026-07-17,00989A,主動摩根美國科技,ASML,ASML Holding,3.23,695.0,0.0,未分類,https://www.moneydj.com/ETF/X/Basic/Basic0007.xdjhtm?etfid=00989A.TW&topc=
2026-07-17,00989A,主動摩根美國科技,TSLA,Tesla,3.23,3175.0,0.0,未分類,https://www.moneydj.com/ETF/X/Basic/Basic0007.xdjhtm?etfid=00989A.TW&topc=
2026-07-17,00989A,主動摩根美國科技,CRWD,CrowdStrike Holdings,3.12,5887.0,0.0,未分類,https://www.moneydj.com/ETF/X/Basic/Basic0007.xdjhtm?etfid=00989A.TW&topc=
2026-07-17,00992A,主動群益科技創新,2330,台積電,8.68,1406000.0,0.0,半導體業,https://www.capitalfund.com.tw/etf/product/detail/500/buyback
2026-07-17,00992A,主動群益科技創新,2383,台光電,6.82,563000.0,0.0,電子零組件業,https://www.capitalfund.com.tw/etf/product/detail/500/buyback
2026-07-17,00992A,主動群益科技創新,2059,川湖,6.23,293000.0,0.0,電子零組件業,https://www.capitalfund.com.tw/etf/product/detail/500/buyback
2026-07-17,00992A,主動群益科技創新,3017,奇鋐,5.94,1002000.0,0.0,電腦及週邊設備業,https://www.capitalfund.com.tw/etf/product/detail/500/buyback
2026-07-17,00992A,主動群益科技創新,2345,智邦,5.5,977000.0,0.0,通信網路業,https://www.capitalfund.com.tw/etf/product/detail/500/buyback
2026-07-17,00992A,主動群益科技創新,6223,旺矽,4.92,326000.0,0.0,半導體業,https://www.capitalfund.com.tw/etf/product/detail/500/buyback
2026-07-17,00992A,主動群益科技創新,3008,大立光,4.54,420000.0,0.0,光電業,https://www.capitalfund.com.tw/etf/product/detail/500/buyback
2026-07-17,00992A,主動群益科技創新,3665,貿聯-KY,4.54,955000.0,0.0,其他電子業,https://www.capitalfund.com.tw/etf/product/detail/500/buyback
2026-07-17,00992A,主動群益科技創新,3037,欣興,4.49,2097000.0,0.0,電子零組件業,https://www.capitalfund.com.tw/etf/product/detail/500/buyback
2026-07-17,00992A,主動群益科技創新,8996,高力,4.46,1630000.0,0.0,電機機械,https://www.capitalfund.com.tw/etf/product/detail/500/buyback
2026-07-17,00993A,主動安聯台灣,2330,å°ç©é»,11.6,475000.0,0.0,半導體業,https://www.moneydj.com/ETF/X/Basic/Basic0007.xdjhtm?etfid=00993A.TW&topc=
2026-07-17,00993A,主動安聯台灣,2454,è¯ç¼ç§,5.9,164000.0,0.0,半導體業,https://www.moneydj.com/ETF/X/Basic/Basic0007.xdjhtm?etfid=00993A.TW&topc=
2026-07-17,00993A,主動安聯台灣,2383,å°åé»,5.28,110000.0,0.0,電子零組件業,https://www.moneydj.com/ETF/X/Basic/Basic0007.xdjhtm?etfid=00993A.TW&topc=
2026-07-17,00993A,主動安聯台灣,6223,æºç½,4.96,83000.0,0.0,半導體業,https://www.moneydj.com/ETF/X/Basic/Basic0007.xdjhtm?etfid=00993A.TW&topc=
2026-07-17,00993A,主動安聯台灣,2345,æºé¦,4.71,211000.0,0.0,通信網路業,https://www.moneydj.com/ETF/X/Basic/Basic0007.xdjhtm?etfid=00993A.TW&topc=
2026-07-17,00993A,主動安聯台灣,2327,åå·¨*,4.42,592000.0,0.0,電子零組件業,https://www.moneydj.com/ETF/X/Basic/Basic0007.xdjhtm?etfid=00993A.TW&topc=
2026-07-17,00993A,主動安聯台灣,3017,å¥é,4.32,184000.0,0.0,電腦及週邊設備業,https://www.moneydj.com/ETF/X/Basic/Basic0007.xdjhtm?etfid=00993A.TW&topc=
2026-07-17,00993A,主動安聯台灣,3037,æ¬£è,4.25,502000.0,0.0,電子零組件業,https://www.moneydj.com/ETF/X/Basic/Basic0007.xdjhtm?etfid=00993A.TW&topc=
2026-07-17,00993A,主動安聯台灣,2303,è¯é»,3.42,2223000.0,0.0,半導體業,https://www.moneydj.com/ETF/X/Basic/Basic0007.xdjhtm?etfid=00993A.TW&topc=
2026-07-17,00993A,主動安聯台灣,6669,ç·¯ç©,3.25,66000.0,0.0,電腦及週邊設備業,https://www.moneydj.com/ETF/X/Basic/Basic0007.xdjhtm?etfid=00993A.TW&topc=
2026-07-17,00994A,主動第一金台股優,2330,å°ç©é»,16.42,319999.0,0.0,半導體業,https://www.moneydj.com/ETF/X/Basic/Basic0007.xdjhtm?etfid=00994A.TW&topc=
2026-07-17,00994A,主動第一金台股優,2383,å°åé»,7.06,70000.0,0.0,電子零組件業,https://www.moneydj.com/ETF/X/Basic/Basic0007.xdjhtm?etfid=00994A.TW&topc=
2026-07-17,00994A,主動第一金台股優,2454,è¯ç¼ç§,6.5,86001.0,0.0,半導體業,https://www.moneydj.com/ETF/X/Basic/Basic0007.xdjhtm?etfid=00994A.TW&topc=
2026-07-17,00994A,主動第一金台股優,8046,åé»,6.06,235000.0,0.0,電子零組件業,https://www.moneydj.com/ETF/X/Basic/Basic0007.xdjhtm?etfid=00994A.TW&topc=
2026-07-17,00994A,主動第一金台股優,3037,æ¬£è,5.57,313001.0,0.0,電子零組件業,https://www.moneydj.com/ETF/X/Basic/Basic0007.xdjhtm?etfid=00994A.TW&topc=
2026-07-17,00994A,主動第一金台股優,2345,æºé¦,4.73,101000.0,0.0,通信網路業,https://www.moneydj.com/ETF/X/Basic/Basic0007.xdjhtm?etfid=00994A.TW&topc=
2026-07-17,00994A,主動第一金台股優,2327,åå·¨*,4.72,301000.0,0.0,電子零組件業,https://www.moneydj.com/ETF/X/Basic/Basic0007.xdjhtm?etfid=00994A.TW&topc=
2026-07-17,00994A,主動第一金台股優,6223,æºç½,4.51,35901.0,0.0,半導體業,https://www.moneydj.com/ETF/X/Basic/Basic0007.xdjhtm?etfid=00994A.TW&topc=
2026-07-17,00994A,主動第一金台股優,6274,å°ç¿,4.15,158000.0,0.0,電子零組件業,https://www.moneydj.com/ETF/X/Basic/Basic0007.xdjhtm?etfid=00994A.TW&topc=
2026-07-17,00994A,主動第一金台股優,2059,å·æ¹,3.72,21001.0,0.0,電子零組件業,https://www.moneydj.com/ETF/X/Basic/Basic0007.xdjhtm?etfid=00994A.TW&topc=
2026-07-17,00995A,主動中信台灣卓越,2330,å°ç©é»,9.44,188000.0,0.0,半導體業,https://www.moneydj.com/ETF/X/Basic/Basic0007.xdjhtm?etfid=00995A.TW&topc=
2026-07-17,00995A,主動中信台灣卓越,2383,å°åé»,7.57,77000.0,0.0,電子零組件業,https://www.moneydj.com/ETF/X/Basic/Basic0007.xdjhtm?etfid=00995A.TW&topc=
2026-07-17,00995A,主動中信台灣卓越,2454,è¯ç¼ç§,5.45,74000.0,0.0,半導體業,https://www.moneydj.com/ETF/X/Basic/Basic0007.xdjhtm?etfid=00995A.TW&topc=
2026-07-17,00995A,主動中信台灣卓越,2345,æºé¦,5.03,110000.0,0.0,通信網路業,https://www.moneydj.com/ETF/X/Basic/Basic0007.xdjhtm?etfid=00995A.TW&topc=
2026-07-17,00995A,主動中信台灣卓越,2327,åå·¨*,4.63,303000.0,0.0,電子零組件業,https://www.moneydj.com/ETF/X/Basic/Basic0007.xdjhtm?etfid=00995A.TW&topc=
2026-07-17,00995A,主動中信台灣卓越,6223,æºç½,4.41,36000.0,0.0,半導體業,https://www.moneydj.com/ETF/X/Basic/Basic0007.xdjhtm?etfid=00995A.TW&topc=
2026-07-17,00995A,主動中信台灣卓越,6669,ç·¯ç©,4.35,43000.0,0.0,電腦及週邊設備業,https://www.moneydj.com/ETF/X/Basic/Basic0007.xdjhtm?etfid=00995A.TW&topc=
2026-07-17,00995A,主動中信台灣卓越,8046,åé»,4.28,170000.0,0.0,電子零組件業,https://www.moneydj.com/ETF/X/Basic/Basic0007.xdjhtm?etfid=00995A.TW&topc=
2026-07-17,00995A,主動中信台灣卓越,3037,æ¬£è,4.03,232000.0,0.0,電子零組件業,https://www.moneydj.com/ETF/X/Basic/Basic0007.xdjhtm?etfid=00995A.TW&topc=
2026-07-17,00995A,主動中信台灣卓越,3017,å¥é,3.85,80000.0,0.0,電腦及週邊設備業,https://www.moneydj.com/ETF/X/Basic/Basic0007.xdjhtm?etfid=00995A.TW&topc=
2026-07-17,00996A,主動兆豐台灣豐收,2330,å°ç©é»,9.66,179000.0,0.0,半導體業,https://www.moneydj.com/ETF/X/Basic/Basic0007.xdjhtm?etfid=00996A.TW&topc=
2026-07-17,00996A,主動兆豐台灣豐收,4958,è»é¼-KY,7.5,611000.0,0.0,電子零組件業,https://www.moneydj.com/ETF/X/Basic/Basic0007.xdjhtm?etfid=00996A.TW&topc=
2026-07-17,00996A,主動兆豐台灣豐收,2327,åå·¨*,6.7,407000.0,0.0,電子零組件業,https://www.moneydj.com/ETF/X/Basic/Basic0007.xdjhtm?etfid=00996A.TW&topc=
2026-07-17,00996A,主動兆豐台灣豐收,2454,è¯ç¼ç§,6.43,81000.0,0.0,半導體業,https://www.moneydj.com/ETF/X/Basic/Basic0007.xdjhtm?etfid=00996A.TW&topc=
2026-07-17,00996A,主動兆豐台灣豐收,2383,å°åé»,5.4,51000.0,0.0,電子零組件業,https://www.moneydj.com/ETF/X/Basic/Basic0007.xdjhtm?etfid=00996A.TW&topc=
2026-07-17,00996A,主動兆豐台灣豐收,8046,åé»,4.74,175000.0,0.0,電子零組件業,https://www.moneydj.com/ETF/X/Basic/Basic0007.xdjhtm?etfid=00996A.TW&topc=
2026-07-17,00996A,主動兆豐台灣豐收,2308,å°éé»,4.3,105000.0,0.0,電子零組件業,https://www.moneydj.com/ETF/X/Basic/Basic0007.xdjhtm?etfid=00996A.TW&topc=
2026-07-17,00996A,主動兆豐台灣豐收,2472,ç«éé»,4.08,601000.0,0.0,電子零組件業,https://www.moneydj.com/ETF/X/Basic/Basic0007.xdjhtm?etfid=00996A.TW&topc=
2026-07-17,00996A,主動兆豐台灣豐收,2344,è¯é¦é»,3.27,895000.0,0.0,半導體業,https://www.moneydj.com/ETF/X/Basic/Basic0007.xdjhtm?etfid=00996A.TW&topc=
2026-07-17,00996A,主動兆豐台灣豐收,3042,æ¶æ,3.04,765000.0,0.0,電子零組件業,https://www.moneydj.com/ETF/X/Basic/Basic0007.xdjhtm?etfid=00996A.TW&topc=
2026-07-17,00997A,主動群益美國增長,B,群益,25.0,0.0,0.0,未分類,https://www.capitalfund.com.tw/etf/product/overview
2026-07-17,00997A,主動群益美國增長,3894,漲跌-,2.91,0.0,0.0,未分類,https://www.capitalfund.com.tw/etf/product/overview
2026-07-17,00997A,主動群益美國增長,L,群益臺灣加權正,2.0,0.0,0.0,未分類,https://www.capitalfund.com.tw/etf/product/overview
2026-07-17,00997A,主動群益美國增長,1035,漲跌-,1.63,0.0,0.0,未分類,https://www.capitalfund.com.tw/etf/product/overview
2026-07-17,00997A,主動群益美國增長,R,群益臺灣加權反,1.0,0.0,0.0,未分類,https://www.capitalfund.com.tw/etf/product/overview
2026-07-17,00997A,主動群益美國增長,1882,漲跌-,0.98,0.0,0.0,未分類,https://www.capitalfund.com.tw/etf/product/overview
2026-07-17,00997A,主動群益美國增長,2878,漲跌-,0.74,0.0,0.0,未分類,https://www.capitalfund.com.tw/etf/product/overview
2026-07-17,00997A,主動群益美國增長,1425,漲跌-,0.55,0.0,0.0,未分類,https://www.capitalfund.com.tw/etf/product/overview
2026-07-17,00997A,主動群益美國增長,2281,漲跌,0.44,0.0,0.0,未分類,https://www.capitalfund.com.tw/etf/product/overview
2026-07-17,00997A,主動群益美國增長,1008,漲跌-,0.22,0.0,0.0,未分類,https://www.capitalfund.com.tw/etf/product/overview
2026-07-17,00997A,主動群益美國增長,4049,漲跌,0.03,0.0,0.0,未分類,https://www.capitalfund.com.tw/etf/product/overview
2026-07-17,00999A,主動野村臺灣高息,2330,å°ç©é»,7.08,372000.0,0.0,半導體業,https://www.moneydj.com/ETF/X/Basic/Basic0007.xdjhtm?etfid=00999A.TW&topc=
2026-07-17,00999A,主動野村臺灣高息,2059,å·æ¹,4.79,73000.0,0.0,電子零組件業,https://www.moneydj.com/ETF/X/Basic/Basic0007.xdjhtm?etfid=00999A.TW&topc=
2026-07-17,00999A,主動野村臺灣高息,2454,è¯ç¼ç§,3.95,141000.0,0.0,半導體業,https://www.moneydj.com/ETF/X/Basic/Basic0007.xdjhtm?etfid=00999A.TW&topc=
2026-07-17,00999A,主動野村臺灣高息,2308,å°éé»,3.73,258000.0,0.0,電子零組件業,https://www.moneydj.com/ETF/X/Basic/Basic0007.xdjhtm?etfid=00999A.TW&topc=
2026-07-17,00999A,主動野村臺灣高息,2383,å°åé»,3.7,99000.0,0.0,電子零組件業,https://www.moneydj.com/ETF/X/Basic/Basic0007.xdjhtm?etfid=00999A.TW&topc=
2026-07-17,00999A,主動野村臺灣高息,7769,é´»å,3.13,62000.0,0.0,半導體業,https://www.moneydj.com/ETF/X/Basic/Basic0007.xdjhtm?etfid=00999A.TW&topc=
2026-07-17,00999A,主動野村臺灣高息,3653,å¥ç­,2.54,95000.0,0.0,電子零組件業,https://www.moneydj.com/ETF/X/Basic/Basic0007.xdjhtm?etfid=00999A.TW&topc=
2026-07-17,00999A,主動野村臺灣高息,3711,æ¥æåææ§,2.54,497000.0,0.0,半導體業,https://www.moneydj.com/ETF/X/Basic/Basic0007.xdjhtm?etfid=00999A.TW&topc=
2026-07-17,00999A,主動野村臺灣高息,2408,åäºç§,2.21,671000.0,0.0,半導體業,https://www.moneydj.com/ETF/X/Basic/Basic0007.xdjhtm?etfid=00999A.TW&topc=
2026-07-17,00999A,主動野村臺灣高息,2368,éåé»,2.16,280000.0,0.0,電子零組件業,https://www.moneydj.com/ETF/X/Basic/Basic0007.xdjhtm?etfid=00999A.TW&topc=
2026-07-18,00988A,主動統一全球創新,B,統一美債,10.0,0.0,0.0,未分類,https://www.ezmoney.com.tw/ETF/Transaction/PCFInfo
2026-07-18,00988A,主動統一全球創新,A,主動統一升級,9.46,50.0,0.0,未分類,https://www.ezmoney.com.tw/ETF/Transaction/PCFInfo
2026-07-18,00988A,主動統一全球創新,8388,台北市松山區東興路,8.0,0.0,0.0,未分類,https://www.ezmoney.com.tw/ETF/Transaction/PCFInfo
2026-07-18,00988A,主動統一全球創新,LOAD,Balance:,7.0,0.0,0.0,未分類,https://www.ezmoney.com.tw/ETF/Transaction/PCFInfo
2026-07-18,00988A,主動統一全球創新,0885,高雄市新興區中正三路,2.0,0.0,0.0,未分類,https://www.ezmoney.com.tw/ETF/Transaction/PCFInfo
2026-07-18,00988A,主動統一全球創新,7500,台南市永康區中華路,1.0,0.0,0.0,未分類,https://www.ezmoney.com.tw/ETF/Transaction/PCFInfo
2026-07-18,00988A,主動統一全球創新,2116,-,0.27,0.0,0.0,未分類,https://www.ezmoney.com.tw/ETF/Transaction/PCFInfo
2026-07-18,00988A,主動統一全球創新,1321,-,0.11,0.0,0.0,塑膠工業,https://www.ezmoney.com.tw/ETF/Transaction/PCFInfo
2026-07-20,00400A,主動國泰動能高息,2330,å°ç©é»,9.08,958000.0,0.0,半導體業,https://www.moneydj.com/ETF/X/Basic/Basic0007.xdjhtm?etfid=00400A.TW&topc=
2026-07-20,00400A,主動國泰動能高息,2454,è¯ç¼ç§,6.0,440000.0,0.0,半導體業,https://www.moneydj.com/ETF/X/Basic/Basic0007.xdjhtm?etfid=00400A.TW&topc=
2026-07-20,00400A,主動國泰動能高息,2383,å°åé»,5.04,281000.0,0.0,電子零組件業,https://www.moneydj.com/ETF/X/Basic/Basic0007.xdjhtm?etfid=00400A.TW&topc=
2026-07-20,00400A,主動國泰動能高息,6488,ç°çæ¶,4.41,853000.0,0.0,半導體業,https://www.moneydj.com/ETF/X/Basic/Basic0007.xdjhtm?etfid=00400A.TW&topc=
2026-07-20,00400A,主動國泰動能高息,2360,è´è,4.08,544000.0,0.0,其他電子業,https://www.moneydj.com/ETF/X/Basic/Basic0007.xdjhtm?etfid=00400A.TW&topc=
2026-07-20,00400A,主動國泰動能高息,3017,å¥é,3.99,457000.0,0.0,電腦及週邊設備業,https://www.moneydj.com/ETF/X/Basic/Basic0007.xdjhtm?etfid=00400A.TW&topc=
2026-07-20,00400A,主動國泰動能高息,6669,ç·¯ç©,3.88,203000.0,0.0,電腦及週邊設備業,https://www.moneydj.com/ETF/X/Basic/Basic0007.xdjhtm?etfid=00400A.TW&topc=
2026-07-20,00400A,主動國泰動能高息,6223,æºç½,3.81,171000.0,0.0,半導體業,https://www.moneydj.com/ETF/X/Basic/Basic0007.xdjhtm?etfid=00400A.TW&topc=
2026-07-20,00400A,主動國泰動能高息,2059,å·æ¹,3.42,108000.0,0.0,電子零組件業,https://www.moneydj.com/ETF/X/Basic/Basic0007.xdjhtm?etfid=00400A.TW&topc=
2026-07-20,00400A,主動國泰動能高息,3037,æ¬£è,3.28,1071000.0,0.0,電子零組件業,https://www.moneydj.com/ETF/X/Basic/Basic0007.xdjhtm?etfid=00400A.TW&topc=
2026-07-20,00980A,主動野村臺灣優選,2330,å°ç©é»,9.87,634000.0,0.0,半導體業,https://www.moneydj.com/ETF/X/Basic/Basic0007.xdjhtm?etfid=00980A.TW&topc=
2026-07-20,00980A,主動野村臺灣優選,2454,è¯ç¼ç§,6.03,269000.0,0.0,半導體業,https://www.moneydj.com/ETF/X/Basic/Basic0007.xdjhtm?etfid=00980A.TW&topc=
2026-07-20,00980A,主動野村臺灣優選,2059,å·æ¹,5.72,110000.0,0.0,電子零組件業,https://www.moneydj.com/ETF/X/Basic/Basic0007.xdjhtm?etfid=00980A.TW&topc=
2026-07-20,00980A,主動野村臺灣優選,2308,å°éé»,5.43,475000.0,0.0,電子零組件業,https://www.moneydj.com/ETF/X/Basic/Basic0007.xdjhtm?etfid=00980A.TW&topc=
2026-07-20,00980A,主動野村臺灣優選,2383,å°åé»,4.45,151000.0,0.0,電子零組件業,https://www.moneydj.com/ETF/X/Basic/Basic0007.xdjhtm?etfid=00980A.TW&topc=
2026-07-20,00980A,主動野村臺灣優選,7769,é´»å,3.75,93000.0,0.0,半導體業,https://www.moneydj.com/ETF/X/Basic/Basic0007.xdjhtm?etfid=00980A.TW&topc=
2026-07-20,00980A,主動野村臺灣優選,3653,å¥ç­,3.24,151000.0,0.0,電子零組件業,https://www.moneydj.com/ETF/X/Basic/Basic0007.xdjhtm?etfid=00980A.TW&topc=
2026-07-20,00980A,主動野村臺灣優選,3037,æ¬£è,2.83,562000.0,0.0,電子零組件業,https://www.moneydj.com/ETF/X/Basic/Basic0007.xdjhtm?etfid=00980A.TW&topc=
2026-07-20,00980A,主動野村臺灣優選,6223,æºç½,2.78,76000.0,0.0,半導體業,https://www.moneydj.com/ETF/X/Basic/Basic0007.xdjhtm?etfid=00980A.TW&topc=
2026-07-20,00980A,主動野村臺灣優選,2368,éåé»,2.44,393000.0,0.0,電子零組件業,https://www.moneydj.com/ETF/X/Basic/Basic0007.xdjhtm?etfid=00980A.TW&topc=
2026-07-20,00982A,主動群益台灣強棒,2330,台積電,9.83,1967000.0,0.0,半導體業,https://www.capitalfund.com.tw/etf/product/detail/399/buyback
2026-07-20,00982A,主動群益台灣強棒,5536,聖暉*,9.27,3775000.0,0.0,其他電子業,https://www.capitalfund.com.tw/etf/product/detail/399/buyback
2026-07-20,00982A,主動群益台灣強棒,2454,聯發科,6.25,869000.0,0.0,半導體業,https://www.capitalfund.com.tw/etf/product/detail/399/buyback
2026-07-20,00982A,主動群益台灣強棒,6139,亞翔,5.17,3099000.0,0.0,其他電子業,https://www.capitalfund.com.tw/etf/product/detail/399/buyback
2026-07-20,00982A,主動群益台灣強棒,2345,智邦,3.66,812000.0,0.0,通信網路業,https://www.capitalfund.com.tw/etf/product/detail/399/buyback
2026-07-20,00982A,主動群益台灣強棒,6223,旺矽,3.61,307000.0,0.0,半導體業,https://www.capitalfund.com.tw/etf/product/detail/399/buyback
2026-07-20,00982A,主動群益台灣強棒,2360,致茂,3.31,837000.0,0.0,其他電子業,https://www.capitalfund.com.tw/etf/product/detail/399/buyback
2026-07-20,00982A,主動群益台灣強棒,4958,臻鼎-KY,3.28,3178000.0,0.0,電子零組件業,https://www.capitalfund.com.tw/etf/product/detail/399/buyback
2026-07-20,00982A,主動群益台灣強棒,2383,台光電,3.14,332000.0,0.0,電子零組件業,https://www.capitalfund.com.tw/etf/product/detail/399/buyback
2026-07-20,00982A,主動群益台灣強棒,6488,環球晶,3.12,1146000.0,0.0,半導體業,https://www.capitalfund.com.tw/etf/product/detail/399/buyback
2026-07-20,00985A,主動野村台灣50,2330,å°ç©é»,22.34,905000.0,0.0,半導體業,https://www.moneydj.com/ETF/X/Basic/Basic0007.xdjhtm?etfid=00985A.TW&topc=
2026-07-20,00985A,主動野村台灣50,2376,æå,3.75,1064000.0,0.0,電腦及週邊設備業,https://www.moneydj.com/ETF/X/Basic/Basic0007.xdjhtm?etfid=00985A.TW&topc=
2026-07-20,00985A,主動野村台灣50,2059,å·æ¹,3.38,41000.0,0.0,電子零組件業,https://www.moneydj.com/ETF/X/Basic/Basic0007.xdjhtm?etfid=00985A.TW&topc=
2026-07-20,00985A,主動野村台灣50,2395,ç è¯,3.18,580000.0,0.0,電腦及週邊設備業,https://www.moneydj.com/ETF/X/Basic/Basic0007.xdjhtm?etfid=00985A.TW&topc=
2026-07-20,00985A,主動野村台灣50,6442,åè,3.02,233000.0,0.0,通信網路業,https://www.moneydj.com/ETF/X/Basic/Basic0007.xdjhtm?etfid=00985A.TW&topc=
2026-07-20,00985A,主動野村台灣50,4904,é å³,2.82,2538000.0,0.0,通信網路業,https://www.moneydj.com/ETF/X/Basic/Basic0007.xdjhtm?etfid=00985A.TW&topc=
2026-07-20,00985A,主動野村台灣50,3008,å¤§ç«å,2.8,68000.0,0.0,光電業,https://www.moneydj.com/ETF/X/Basic/Basic0007.xdjhtm?etfid=00985A.TW&topc=
2026-07-20,00985A,主動野村台灣50,2412,ä¸­è¯é»,2.79,1885000.0,0.0,通信網路業,https://www.moneydj.com/ETF/X/Basic/Basic0007.xdjhtm?etfid=00985A.TW&topc=
2026-07-20,00985A,主動野村台灣50,6505,å°å¡å,2.65,3200000.0,0.0,油電燃氣業,https://www.moneydj.com/ETF/X/Basic/Basic0007.xdjhtm?etfid=00985A.TW&topc=
2026-07-20,00985A,主動野村台灣50,3661,ä¸è¯-KY,2.61,73000.0,0.0,半導體業,https://www.moneydj.com/ETF/X/Basic/Basic0007.xdjhtm?etfid=00985A.TW&topc=
2026-07-20,00990A,主動元大AI新經濟,1068,N/AN/AN/AN/AN/AN/AN/AN/AN/AN/Aåºæºææ¸æ¼²è·å¹,22.92,0.0,0.0,未分類,https://www.moneydj.com/ETF/X/Basic/Basic0009.xdjhtm?etfid=00990A.TW
2026-07-20,00990A,主動元大AI新經濟,2808,-,14.43,1.16,0.0,未分類,https://www.moneydj.com/ETF/X/Basic/Basic0009.xdjhtm?etfid=00990A.TW
2026-07-20,00990A,主動元大AI新經濟,1041,-1.23,14.14,9816.0,0.0,未分類,https://www.moneydj.com/ETF/X/Basic/Basic0009.xdjhtm?etfid=00990A.TW
2026-07-20,00990A,主動元大AI新經濟,1097,N/AN/AN/AN/AN/AN/Aåºæºææ¸æ¼²è·å¹-,13.3,3.52,0.0,未分類,https://www.moneydj.com/ETF/X/Basic/Basic0009.xdjhtm?etfid=00990A.TW
2026-07-20,00990A,主動元大AI新經濟,4053,-,12.62,11.44,0.0,未分類,https://www.moneydj.com/ETF/X/Basic/Basic0009.xdjhtm?etfid=00990A.TW
2026-07-20,00990A,主動元大AI新經濟,1245,-,10.29,0.0,0.0,未分類,https://www.moneydj.com/ETF/X/Basic/Basic0009.xdjhtm?etfid=00990A.TW
2026-07-20,00990A,主動元大AI新經濟,0800,-,6.0,0.0,0.0,未分類,https://www.moneydj.com/ETF/X/Basic/Basic0009.xdjhtm?etfid=00990A.TW
2026-07-20,00990A,主動元大AI新經濟,2023,Q,2.0,0.0,0.0,鋼鐵工業,https://www.moneydj.com/ETF/X/Basic/Basic0009.xdjhtm?etfid=00990A.TW
2026-07-20,00990A,主動元大AI新經濟,1171,-,1.83,0.0,0.0,未分類,https://www.moneydj.com/ETF/X/Basic/Basic0009.xdjhtm?etfid=00990A.TW
2026-07-20,00991A,主動復華未來50,BMPSIM,義大利西恩那銀行股份公司,4.619,400000.0,0.0,未分類,https://www.fhtrust.com.tw/ETF/etf_detail/ETF24#nav
2026-07-20,00991A,主動復華未來50,UNIIM,Unipol保險股份公司,4.576,170000.0,0.0,未分類,https://www.fhtrust.com.tw/ETF/etf_detail/ETF24#nav
2026-07-20,00991A,主動復華未來50,HSBALN,匯豐控股有限公司,3.99,220000.0,0.0,未分類,https://www.fhtrust.com.tw/ETF/etf_detail/ETF24#nav
2026-07-20,00991A,主動復華未來50,ABNNA,荷蘭銀行公眾有限公司,3.861,100000.0,0.0,未分類,https://www.fhtrust.com.tw/ETF/etf_detail/ETF24#nav
2026-07-20,00991A,主動復華未來50,TPEIRGA,Piraeus Bank SA,3.697,400000.0,0.0,未分類,https://www.fhtrust.com.tw/ETF/etf_detail/ETF24#nav
2026-07-20,00991A,主動復華未來50,BACUS,美國銀行,3.597,65000.0,0.0,未分類,https://www.fhtrust.com.tw/ETF/etf_detail/ETF24#nav
2026-07-20,00991A,主動復華未來50,STANLN,渣打集團有限公司,3.578,140000.0,0.0,未分類,https://www.fhtrust.com.tw/ETF/etf_detail/ETF24#nav
2026-07-20,00991A,主動復華未來50,GLEFP,法國興業銀行股份有限公司,3.314,43000.0,0.0,未分類,https://www.fhtrust.com.tw/ETF/etf_detail/ETF24#nav
2026-07-20,00991A,主動復華未來50,BNPFP,法國巴黎銀行股份有限公司,3.267,31000.0,0.0,未分類,https://www.fhtrust.com.tw/ETF/etf_detail/ETF24#nav
2026-07-20,00991A,主動復華未來50,AMUNFP,東方匯理資產管理有限責任公司,3.231,35000.0,0.0,未分類,https://www.fhtrust.com.tw/ETF/etf_detail/ETF24#nav
2026-07-20,00993A,主動安聯台灣,2330,å°ç©é»,11.99,475000.0,0.0,半導體業,https://www.moneydj.com/ETF/X/Basic/Basic0007.xdjhtm?etfid=00993A.TW&topc=
2026-07-20,00993A,主動安聯台灣,2454,è¯ç¼ç§,5.97,164000.0,0.0,半導體業,https://www.moneydj.com/ETF/X/Basic/Basic0007.xdjhtm?etfid=00993A.TW&topc=
2026-07-20,00993A,主動安聯台灣,2383,å°åé»,5.27,110000.0,0.0,電子零組件業,https://www.moneydj.com/ETF/X/Basic/Basic0007.xdjhtm?etfid=00993A.TW&topc=
2026-07-20,00993A,主動安聯台灣,6223,æºç½,4.93,83000.0,0.0,半導體業,https://www.moneydj.com/ETF/X/Basic/Basic0007.xdjhtm?etfid=00993A.TW&topc=
2026-07-20,00993A,主動安聯台灣,2345,æºé¦,4.81,211000.0,0.0,通信網路業,https://www.moneydj.com/ETF/X/Basic/Basic0007.xdjhtm?etfid=00993A.TW&topc=
2026-07-20,00993A,主動安聯台灣,3017,å¥é,4.28,184000.0,0.0,電腦及週邊設備業,https://www.moneydj.com/ETF/X/Basic/Basic0007.xdjhtm?etfid=00993A.TW&topc=
2026-07-20,00993A,主動安聯台灣,3037,æ¬£è,4.1,502000.0,0.0,電子零組件業,https://www.moneydj.com/ETF/X/Basic/Basic0007.xdjhtm?etfid=00993A.TW&topc=
2026-07-20,00993A,主動安聯台灣,2327,åå·¨*,4.06,592000.0,0.0,電子零組件業,https://www.moneydj.com/ETF/X/Basic/Basic0007.xdjhtm?etfid=00993A.TW&topc=
2026-07-20,00993A,主動安聯台灣,6669,ç·¯ç©,3.37,66000.0,0.0,電腦及週邊設備業,https://www.moneydj.com/ETF/X/Basic/Basic0007.xdjhtm?etfid=00993A.TW&topc=
2026-07-20,00993A,主動安聯台灣,3711,æ¥æåææ§,3.19,490000.0,0.0,半導體業,https://www.moneydj.com/ETF/X/Basic/Basic0007.xdjhtm?etfid=00993A.TW&topc=
2026-07-20,00999A,主動野村臺灣高息,2330,å°ç©é»,6.0,308000.0,0.0,半導體業,https://www.moneydj.com/ETF/X/Basic/Basic0007.xdjhtm?etfid=00999A.TW&topc=
2026-07-20,00999A,主動野村臺灣高息,2059,å·æ¹,4.49,69000.0,0.0,電子零組件業,https://www.moneydj.com/ETF/X/Basic/Basic0007.xdjhtm?etfid=00999A.TW&topc=
2026-07-20,00999A,主動野村臺灣高息,2383,å°åé»,3.65,99000.0,0.0,電子零組件業,https://www.moneydj.com/ETF/X/Basic/Basic0007.xdjhtm?etfid=00999A.TW&topc=
2026-07-20,00999A,主動野村臺灣高息,2454,è¯ç¼ç§,3.62,129000.0,0.0,半導體業,https://www.moneydj.com/ETF/X/Basic/Basic0007.xdjhtm?etfid=00999A.TW&topc=
2026-07-20,00999A,主動野村臺灣高息,2308,å°éé»,3.39,237000.0,0.0,電子零組件業,https://www.moneydj.com/ETF/X/Basic/Basic0007.xdjhtm?etfid=00999A.TW&topc=
2026-07-20,00999A,主動野村臺灣高息,7769,é´»å,3.13,62000.0,0.0,半導體業,https://www.moneydj.com/ETF/X/Basic/Basic0007.xdjhtm?etfid=00999A.TW&topc=
2026-07-20,00999A,主動野村臺灣高息,3711,æ¥æåææ§,2.89,577000.0,0.0,半導體業,https://www.moneydj.com/ETF/X/Basic/Basic0007.xdjhtm?etfid=00999A.TW&topc=
2026-07-20,00999A,主動野村臺灣高息,3653,å¥ç­,2.55,95000.0,0.0,電子零組件業,https://www.moneydj.com/ETF/X/Basic/Basic0007.xdjhtm?etfid=00999A.TW&topc=
2026-07-20,00999A,主動野村臺灣高息,2368,éåé»,2.18,280000.0,0.0,電子零組件業,https://www.moneydj.com/ETF/X/Basic/Basic0007.xdjhtm?etfid=00999A.TW&topc=
2026-07-20,00999A,主動野村臺灣高息,6223,æºç½,1.92,42000.0,0.0,半導體業,https://www.moneydj.com/ETF/X/Basic/Basic0007.xdjhtm?etfid=00999A.TW&topc=
2026-07-21,00400A,主動國泰動能高息,2330,å°ç©é»,8.88,958000.0,0.0,半導體業,https://www.moneydj.com/ETF/X/Basic/Basic0007.xdjhtm?etfid=00400A.TW&topc=
2026-07-21,00400A,主動國泰動能高息,2454,è¯ç¼ç§,6.21,440000.0,0.0,半導體業,https://www.moneydj.com/ETF/X/Basic/Basic0007.xdjhtm?etfid=00400A.TW&topc=
2026-07-21,00400A,主動國泰動能高息,2383,å°åé»,5.41,291000.0,0.0,電子零組件業,https://www.moneydj.com/ETF/X/Basic/Basic0007.xdjhtm?etfid=00400A.TW&topc=
2026-07-21,00400A,主動國泰動能高息,2360,è´è,5.16,665000.0,0.0,其他電子業,https://www.moneydj.com/ETF/X/Basic/Basic0007.xdjhtm?etfid=00400A.TW&topc=
2026-07-21,00400A,主動國泰動能高息,3017,å¥é,4.08,457000.0,0.0,電腦及週邊設備業,https://www.moneydj.com/ETF/X/Basic/Basic0007.xdjhtm?etfid=00400A.TW&topc=
2026-07-21,00400A,主動國泰動能高息,3037,æ¬£è,3.97,1250000.0,0.0,電子零組件業,https://www.moneydj.com/ETF/X/Basic/Basic0007.xdjhtm?etfid=00400A.TW&topc=
2026-07-21,00400A,主動國泰動能高息,6488,ç°çæ¶,3.95,853000.0,0.0,半導體業,https://www.moneydj.com/ETF/X/Basic/Basic0007.xdjhtm?etfid=00400A.TW&topc=
2026-07-21,00400A,主動國泰動能高息,6669,ç·¯ç©,3.91,203000.0,0.0,電腦及週邊設備業,https://www.moneydj.com/ETF/X/Basic/Basic0007.xdjhtm?etfid=00400A.TW&topc=
2026-07-21,00400A,主動國泰動能高息,6223,æºç½,3.87,171000.0,0.0,半導體業,https://www.moneydj.com/ETF/X/Basic/Basic0007.xdjhtm?etfid=00400A.TW&topc=
2026-07-21,00400A,主動國泰動能高息,2059,å·æ¹,3.47,113000.0,0.0,電子零組件業,https://www.moneydj.com/ETF/X/Basic/Basic0007.xdjhtm?etfid=00400A.TW&topc=
2026-07-21,00980A,主動野村臺灣優選,2330,å°ç©é»,9.66,634000.0,0.0,半導體業,https://www.moneydj.com/ETF/X/Basic/Basic0007.xdjhtm?etfid=00980A.TW&topc=
2026-07-21,00980A,主動野村臺灣優選,2454,è¯ç¼ç§,6.24,269000.0,0.0,半導體業,https://www.moneydj.com/ETF/X/Basic/Basic0007.xdjhtm?etfid=00980A.TW&topc=
2026-07-21,00980A,主動野村臺灣優選,2059,å·æ¹,5.55,110000.0,0.0,電子零組件業,https://www.moneydj.com/ETF/X/Basic/Basic0007.xdjhtm?etfid=00980A.TW&topc=
2026-07-21,00980A,主動野村臺灣優選,2308,å°éé»,5.51,475000.0,0.0,電子零組件業,https://www.moneydj.com/ETF/X/Basic/Basic0007.xdjhtm?etfid=00980A.TW&topc=
2026-07-21,00980A,主動野村臺灣優選,2383,å°åé»,4.61,151000.0,0.0,電子零組件業,https://www.moneydj.com/ETF/X/Basic/Basic0007.xdjhtm?etfid=00980A.TW&topc=
2026-07-21,00980A,主動野村臺灣優選,7769,é´»å,3.82,93000.0,0.0,半導體業,https://www.moneydj.com/ETF/X/Basic/Basic0007.xdjhtm?etfid=00980A.TW&topc=
2026-07-21,00980A,主動野村臺灣優選,3653,å¥ç­,3.36,151000.0,0.0,電子零組件業,https://www.moneydj.com/ETF/X/Basic/Basic0007.xdjhtm?etfid=00980A.TW&topc=
2026-07-21,00980A,主動野村臺灣優選,3037,æ¬£è,2.93,562000.0,0.0,電子零組件業,https://www.moneydj.com/ETF/X/Basic/Basic0007.xdjhtm?etfid=00980A.TW&topc=
2026-07-21,00980A,主動野村臺灣優選,6223,æºç½,2.82,76000.0,0.0,半導體業,https://www.moneydj.com/ETF/X/Basic/Basic0007.xdjhtm?etfid=00980A.TW&topc=
2026-07-21,00980A,主動野村臺灣優選,2368,éåé»,2.43,393000.0,0.0,電子零組件業,https://www.moneydj.com/ETF/X/Basic/Basic0007.xdjhtm?etfid=00980A.TW&topc=
2026-07-21,00982A,主動群益台灣強棒,2330,台積電,9.71,1967000.0,0.0,半導體業,https://www.capitalfund.com.tw/etf/product/detail/399/buyback
2026-07-21,00982A,主動群益台灣強棒,5536,聖暉*,9.2,3775000.0,0.0,其他電子業,https://www.capitalfund.com.tw/etf/product/detail/399/buyback
2026-07-21,00982A,主動群益台灣強棒,2454,聯發科,6.53,869000.0,0.0,半導體業,https://www.capitalfund.com.tw/etf/product/detail/399/buyback
2026-07-21,00982A,主動群益台灣強棒,6139,亞翔,5.17,3099000.0,0.0,其他電子業,https://www.capitalfund.com.tw/etf/product/detail/399/buyback
2026-07-21,00982A,主動群益台灣強棒,6223,旺矽,3.7,307000.0,0.0,半導體業,https://www.capitalfund.com.tw/etf/product/detail/399/buyback
2026-07-21,00982A,主動群益台灣強棒,2345,智邦,3.69,812000.0,0.0,通信網路業,https://www.capitalfund.com.tw/etf/product/detail/399/buyback
2026-07-21,00982A,主動群益台灣強棒,2360,致茂,3.46,837000.0,0.0,其他電子業,https://www.capitalfund.com.tw/etf/product/detail/399/buyback
2026-07-21,00982A,主動群益台灣強棒,4958,臻鼎-KY,3.31,3178000.0,0.0,電子零組件業,https://www.capitalfund.com.tw/etf/product/detail/399/buyback
2026-07-21,00982A,主動群益台灣強棒,2383,台光電,3.29,332000.0,0.0,電子零組件業,https://www.capitalfund.com.tw/etf/product/detail/399/buyback
2026-07-21,00982A,主動群益台灣強棒,6669,緯穎,3.1,303000.0,0.0,電腦及週邊設備業,https://www.capitalfund.com.tw/etf/product/detail/399/buyback
2026-07-21,00985A,主動野村台灣50,2330,å°ç©é»,22.27,905000.0,0.0,半導體業,https://www.moneydj.com/ETF/X/Basic/Basic0007.xdjhtm?etfid=00985A.TW&topc=
2026-07-21,00985A,主動野村台灣50,2376,æå,3.7,1064000.0,0.0,電腦及週邊設備業,https://www.moneydj.com/ETF/X/Basic/Basic0007.xdjhtm?etfid=00985A.TW&topc=
2026-07-21,00985A,主動野村台灣50,2395,ç è¯,3.36,580000.0,0.0,電腦及週邊設備業,https://www.moneydj.com/ETF/X/Basic/Basic0007.xdjhtm?etfid=00985A.TW&topc=
2026-07-21,00985A,主動野村台灣50,2059,å·æ¹,3.34,41000.0,0.0,電子零組件業,https://www.moneydj.com/ETF/X/Basic/Basic0007.xdjhtm?etfid=00985A.TW&topc=
2026-07-21,00985A,主動野村台灣50,6442,åè,3.0,233000.0,0.0,通信網路業,https://www.moneydj.com/ETF/X/Basic/Basic0007.xdjhtm?etfid=00985A.TW&topc=
2026-07-21,00985A,主動野村台灣50,2327,åå·¨*,2.98,435000.0,0.0,電子零組件業,https://www.moneydj.com/ETF/X/Basic/Basic0007.xdjhtm?etfid=00985A.TW&topc=
2026-07-21,00985A,主動野村台灣50,2303,è¯é»,2.96,2153000.0,0.0,半導體業,https://www.moneydj.com/ETF/X/Basic/Basic0007.xdjhtm?etfid=00985A.TW&topc=
2026-07-21,00985A,主動野村台灣50,6505,å°å¡å,2.79,3200000.0,0.0,油電燃氣業,https://www.moneydj.com/ETF/X/Basic/Basic0007.xdjhtm?etfid=00985A.TW&topc=
2026-07-21,00985A,主動野村台灣50,3008,å¤§ç«å,2.77,68000.0,0.0,光電業,https://www.moneydj.com/ETF/X/Basic/Basic0007.xdjhtm?etfid=00985A.TW&topc=
2026-07-21,00985A,主動野村台灣50,2412,ä¸­è¯é»,2.68,1885000.0,0.0,通信網路業,https://www.moneydj.com/ETF/X/Basic/Basic0007.xdjhtm?etfid=00985A.TW&topc=
2026-07-21,00993A,主動安聯台灣,2330,å°ç©é»,12.81,518000.0,0.0,半導體業,https://www.moneydj.com/ETF/X/Basic/Basic0007.xdjhtm?etfid=00993A.TW&topc=
2026-07-21,00993A,主動安聯台灣,6223,æºç½,5.49,91000.0,0.0,半導體業,https://www.moneydj.com/ETF/X/Basic/Basic0007.xdjhtm?etfid=00993A.TW&topc=
2026-07-21,00993A,主動安聯台灣,2454,è¯ç¼ç§,5.13,136000.0,0.0,半導體業,https://www.moneydj.com/ETF/X/Basic/Basic0007.xdjhtm?etfid=00993A.TW&topc=
2026-07-21,00993A,主動安聯台灣,2383,å°åé»,4.46,90000.0,0.0,電子零組件業,https://www.moneydj.com/ETF/X/Basic/Basic0007.xdjhtm?etfid=00993A.TW&topc=
2026-07-21,00993A,主動安聯台灣,2345,æºé¦,3.72,163000.0,0.0,通信網路業,https://www.moneydj.com/ETF/X/Basic/Basic0007.xdjhtm?etfid=00993A.TW&topc=
2026-07-21,00993A,主動安聯台灣,3037,æ¬£è,3.32,392000.0,0.0,電子零組件業,https://www.moneydj.com/ETF/X/Basic/Basic0007.xdjhtm?etfid=00993A.TW&topc=
2026-07-21,00993A,主動安聯台灣,2327,åå·¨*,3.25,472000.0,0.0,電子零組件業,https://www.moneydj.com/ETF/X/Basic/Basic0007.xdjhtm?etfid=00993A.TW&topc=
2026-07-21,00993A,主動安聯台灣,3017,å¥é,3.1,130000.0,0.0,電腦及週邊設備業,https://www.moneydj.com/ETF/X/Basic/Basic0007.xdjhtm?etfid=00993A.TW&topc=
2026-07-21,00993A,主動安聯台灣,2059,å·æ¹,3.03,37000.0,0.0,電子零組件業,https://www.moneydj.com/ETF/X/Basic/Basic0007.xdjhtm?etfid=00993A.TW&topc=
2026-07-21,00993A,主動安聯台灣,2308,å°éé»,2.96,157000.0,0.0,電子零組件業,https://www.moneydj.com/ETF/X/Basic/Basic0007.xdjhtm?etfid=00993A.TW&topc=
2026-07-21,00999A,主動野村臺灣高息,2330,å°ç©é»,5.95,308000.0,0.0,半導體業,https://www.moneydj.com/ETF/X/Basic/Basic0007.xdjhtm?etfid=00999A.TW&topc=
2026-07-21,00999A,主動野村臺灣高息,2059,å·æ¹,4.41,69000.0,0.0,電子零組件業,https://www.moneydj.com/ETF/X/Basic/Basic0007.xdjhtm?etfid=00999A.TW&topc=
2026-07-21,00999A,主動野村臺灣高息,2383,å°åé»,3.83,99000.0,0.0,電子零組件業,https://www.moneydj.com/ETF/X/Basic/Basic0007.xdjhtm?etfid=00999A.TW&topc=
2026-07-21,00999A,主動野村臺灣高息,2454,è¯ç¼ç§,3.79,129000.0,0.0,半導體業,https://www.moneydj.com/ETF/X/Basic/Basic0007.xdjhtm?etfid=00999A.TW&topc=
2026-07-21,00999A,主動野村臺灣高息,3711,æ¥æåææ§,3.61,712000.0,0.0,半導體業,https://www.moneydj.com/ETF/X/Basic/Basic0007.xdjhtm?etfid=00999A.TW&topc=
2026-07-21,00999A,主動野村臺灣高息,2308,å°éé»,3.48,237000.0,0.0,電子零組件業,https://www.moneydj.com/ETF/X/Basic/Basic0007.xdjhtm?etfid=00999A.TW&topc=
2026-07-21,00999A,主動野村臺灣高息,7769,é´»å,3.23,62000.0,0.0,半導體業,https://www.moneydj.com/ETF/X/Basic/Basic0007.xdjhtm?etfid=00999A.TW&topc=
2026-07-21,00999A,主動野村臺灣高息,3653,å¥ç­,2.68,95000.0,0.0,電子零組件業,https://www.moneydj.com/ETF/X/Basic/Basic0007.xdjhtm?etfid=00999A.TW&topc=
2026-07-21,00999A,主動野村臺灣高息,2368,éåé»,2.2,280000.0,0.0,電子零組件業,https://www.moneydj.com/ETF/X/Basic/Basic0007.xdjhtm?etfid=00999A.TW&topc=
2026-07-21,00999A,主動野村臺灣高息,6223,æºç½,1.98,42000.0,0.0,半導體業,https://www.moneydj.com/ETF/X/Basic/Basic0007.xdjhtm?etfid=00999A.TW&topc=
2026-07-22,00400A,主動國泰動能高息,2330,å°ç©é»,8.54,958000.0,0.0,半導體業,https://www.moneydj.com/ETF/X/Basic/Basic0007.xdjhtm?etfid=00400A.TW&topc=
2026-07-22,00400A,主動國泰動能高息,2454,è¯ç¼ç§,6.3,440000.0,0.0,半導體業,https://www.moneydj.com/ETF/X/Basic/Basic0007.xdjhtm?etfid=00400A.TW&topc=
2026-07-22,00400A,主動國泰動能高息,2383,å°åé»,5.54,291000.0,0.0,電子零組件業,https://www.moneydj.com/ETF/X/Basic/Basic0007.xdjhtm?etfid=00400A.TW&topc=
2026-07-22,00400A,主動國泰動能高息,2360,è´è,5.25,665000.0,0.0,其他電子業,https://www.moneydj.com/ETF/X/Basic/Basic0007.xdjhtm?etfid=00400A.TW&topc=
2026-07-22,00400A,主動國泰動能高息,3037,æ¬£è,4.21,1250000.0,0.0,電子零組件業,https://www.moneydj.com/ETF/X/Basic/Basic0007.xdjhtm?etfid=00400A.TW&topc=
2026-07-22,00400A,主動國泰動能高息,6669,ç·¯ç©,4.15,203000.0,0.0,電腦及週邊設備業,https://www.moneydj.com/ETF/X/Basic/Basic0007.xdjhtm?etfid=00400A.TW&topc=
2026-07-22,00400A,主動國泰動能高息,6488,ç°çæ¶,3.93,853000.0,0.0,半導體業,https://www.moneydj.com/ETF/X/Basic/Basic0007.xdjhtm?etfid=00400A.TW&topc=
2026-07-22,00400A,主動國泰動能高息,3017,å¥é,3.85,457000.0,0.0,電腦及週邊設備業,https://www.moneydj.com/ETF/X/Basic/Basic0007.xdjhtm?etfid=00400A.TW&topc=
2026-07-22,00400A,主動國泰動能高息,6223,æºç½,3.81,171000.0,0.0,半導體業,https://www.moneydj.com/ETF/X/Basic/Basic0007.xdjhtm?etfid=00400A.TW&topc=
2026-07-22,00400A,主動國泰動能高息,2059,å·æ¹,3.41,113000.0,0.0,電子零組件業,https://www.moneydj.com/ETF/X/Basic/Basic0007.xdjhtm?etfid=00400A.TW&topc=
2026-07-22,00980A,主動野村臺灣優選,2330,å°ç©é»,9.35,634000.0,0.0,半導體業,https://www.moneydj.com/ETF/X/Basic/Basic0007.xdjhtm?etfid=00980A.TW&topc=
2026-07-22,00980A,主動野村臺灣優選,2454,è¯ç¼ç§,6.36,269000.0,0.0,半導體業,https://www.moneydj.com/ETF/X/Basic/Basic0007.xdjhtm?etfid=00980A.TW&topc=
2026-07-22,00980A,主動野村臺灣優選,2059,å·æ¹,5.49,110000.0,0.0,電子零組件業,https://www.moneydj.com/ETF/X/Basic/Basic0007.xdjhtm?etfid=00980A.TW&topc=
2026-07-22,00980A,主動野村臺灣優選,2308,å°éé»,4.78,414000.0,0.0,電子零組件業,https://www.moneydj.com/ETF/X/Basic/Basic0007.xdjhtm?etfid=00980A.TW&topc=
2026-07-22,00980A,主動野村臺灣優選,2383,å°åé»,4.76,151000.0,0.0,電子零組件業,https://www.moneydj.com/ETF/X/Basic/Basic0007.xdjhtm?etfid=00980A.TW&topc=
2026-07-22,00980A,主動野村臺灣優選,7769,é´»å,3.15,80000.0,0.0,半導體業,https://www.moneydj.com/ETF/X/Basic/Basic0007.xdjhtm?etfid=00980A.TW&topc=
2026-07-22,00980A,主動野村臺灣優選,3037,æ¬£è,3.13,562000.0,0.0,電子零組件業,https://www.moneydj.com/ETF/X/Basic/Basic0007.xdjhtm?etfid=00980A.TW&topc=
2026-07-22,00980A,主動野村臺灣優選,6223,æºç½,2.8,76000.0,0.0,半導體業,https://www.moneydj.com/ETF/X/Basic/Basic0007.xdjhtm?etfid=00980A.TW&topc=
2026-07-22,00980A,主動野村臺灣優選,3081,è¯äº,2.43,237600.0,0.0,通信網路業,https://www.moneydj.com/ETF/X/Basic/Basic0007.xdjhtm?etfid=00980A.TW&topc=
2026-07-22,00980A,主動野村臺灣優選,2368,éåé»,2.27,393000.0,0.0,電子零組件業,https://www.moneydj.com/ETF/X/Basic/Basic0007.xdjhtm?etfid=00980A.TW&topc=
2026-07-22,00982A,主動群益台灣強棒,2330,台積電,9.36,1967000.0,0.0,半導體業,https://www.capitalfund.com.tw/etf/product/detail/399/buyback
2026-07-22,00982A,主動群益台灣強棒,5536,聖暉*,8.98,3775000.0,0.0,其他電子業,https://www.capitalfund.com.tw/etf/product/detail/399/buyback
2026-07-22,00982A,主動群益台灣強棒,2454,聯發科,6.63,869000.0,0.0,半導體業,https://www.capitalfund.com.tw/etf/product/detail/399/buyback
2026-07-22,00982A,主動群益台灣強棒,6139,亞翔,5.19,3099000.0,0.0,其他電子業,https://www.capitalfund.com.tw/etf/product/detail/399/buyback
2026-07-22,00982A,主動群益台灣強棒,2345,智邦,3.68,812000.0,0.0,通信網路業,https://www.capitalfund.com.tw/etf/product/detail/399/buyback
2026-07-22,00982A,主動群益台灣強棒,6223,旺矽,3.65,307000.0,0.0,半導體業,https://www.capitalfund.com.tw/etf/product/detail/399/buyback
2026-07-22,00982A,主動群益台灣強棒,2360,致茂,3.53,837000.0,0.0,其他電子業,https://www.capitalfund.com.tw/etf/product/detail/399/buyback
2026-07-22,00982A,主動群益台灣強棒,4958,臻鼎-KY,3.52,3178000.0,0.0,電子零組件業,https://www.capitalfund.com.tw/etf/product/detail/399/buyback
2026-07-22,00982A,主動群益台灣強棒,2383,台光電,3.37,332000.0,0.0,電子零組件業,https://www.capitalfund.com.tw/etf/product/detail/399/buyback
2026-07-22,00982A,主動群益台灣強棒,6669,緯穎,3.3,303000.0,0.0,電腦及週邊設備業,https://www.capitalfund.com.tw/etf/product/detail/399/buyback
2026-07-22,00985A,主動野村台灣50,2330,å°ç©é»,21.66,905000.0,0.0,半導體業,https://www.moneydj.com/ETF/X/Basic/Basic0007.xdjhtm?etfid=00985A.TW&topc=
2026-07-22,00985A,主動野村台灣50,2376,æå,4.06,1170000.0,0.0,電腦及週邊設備業,https://www.moneydj.com/ETF/X/Basic/Basic0007.xdjhtm?etfid=00985A.TW&topc=
2026-07-22,00985A,主動野村台灣50,2327,åå·¨*,3.58,510000.0,0.0,電子零組件業,https://www.moneydj.com/ETF/X/Basic/Basic0007.xdjhtm?etfid=00985A.TW&topc=
2026-07-22,00985A,主動野村台灣50,2303,è¯é»,3.45,2492000.0,0.0,半導體業,https://www.moneydj.com/ETF/X/Basic/Basic0007.xdjhtm?etfid=00985A.TW&topc=
2026-07-22,00985A,主動野村台灣50,2027,å¤§æé¼,3.33,7635000.0,0.0,鋼鐵工業,https://www.moneydj.com/ETF/X/Basic/Basic0007.xdjhtm?etfid=00985A.TW&topc=
2026-07-22,00985A,主動野村台灣50,2059,å·æ¹,3.32,41000.0,0.0,電子零組件業,https://www.moneydj.com/ETF/X/Basic/Basic0007.xdjhtm?etfid=00985A.TW&topc=
2026-07-22,00985A,主動野村台灣50,6442,åè,3.22,233000.0,0.0,通信網路業,https://www.moneydj.com/ETF/X/Basic/Basic0007.xdjhtm?etfid=00985A.TW&topc=
2026-07-22,00985A,主動野村台灣50,6187,è¬æ½¤,3.16,300000.0,0.0,半導體業,https://www.moneydj.com/ETF/X/Basic/Basic0007.xdjhtm?etfid=00985A.TW&topc=
2026-07-22,00985A,主動野村台灣50,6147,é é¦,3.14,1656000.0,0.0,半導體業,https://www.moneydj.com/ETF/X/Basic/Basic0007.xdjhtm?etfid=00985A.TW&topc=
2026-07-22,00985A,主動野村台灣50,3008,å¤§ç«å,2.71,68000.0,0.0,光電業,https://www.moneydj.com/ETF/X/Basic/Basic0007.xdjhtm?etfid=00985A.TW&topc=
2026-07-22,00991A,主動復華未來50,BMPSIM,義大利西恩那銀行股份公司,4.596,400000.0,0.0,未分類,https://www.fhtrust.com.tw/ETF/etf_detail/ETF24#nav
2026-07-22,00991A,主動復華未來50,UNIIM,Unipol保險股份公司,4.509,170000.0,0.0,未分類,https://www.fhtrust.com.tw/ETF/etf_detail/ETF24#nav
2026-07-22,00991A,主動復華未來50,HSBALN,匯豐控股有限公司,3.96,220000.0,0.0,未分類,https://www.fhtrust.com.tw/ETF/etf_detail/ETF24#nav
2026-07-22,00991A,主動復華未來50,ABNNA,荷蘭銀行公眾有限公司,3.871,100000.0,0.0,未分類,https://www.fhtrust.com.tw/ETF/etf_detail/ETF24#nav
2026-07-22,00991A,主動復華未來50,TPEIRGA,Piraeus Bank SA,3.811,400000.0,0.0,未分類,https://www.fhtrust.com.tw/ETF/etf_detail/ETF24#nav
2026-07-22,00991A,主動復華未來50,BACUS,美國銀行,3.531,65000.0,0.0,未分類,https://www.fhtrust.com.tw/ETF/etf_detail/ETF24#nav
2026-07-22,00991A,主動復華未來50,STANLN,渣打集團有限公司,3.518,140000.0,0.0,未分類,https://www.fhtrust.com.tw/ETF/etf_detail/ETF24#nav
2026-07-22,00991A,主動復華未來50,GLEFP,法國興業銀行股份有限公司,3.364,43000.0,0.0,未分類,https://www.fhtrust.com.tw/ETF/etf_detail/ETF24#nav
2026-07-22,00991A,主動復華未來50,BNPFP,法國巴黎銀行股份有限公司,3.304,31000.0,0.0,未分類,https://www.fhtrust.com.tw/ETF/etf_detail/ETF24#nav
2026-07-22,00991A,主動復華未來50,AMUNFP,東方匯理資產管理有限責任公司,3.155,35000.0,0.0,未分類,https://www.fhtrust.com.tw/ETF/etf_detail/ETF24#nav
2026-07-22,00993A,主動安聯台灣,2330,å°ç©é»,13.62,572000.0,0.0,半導體業,https://www.moneydj.com/ETF/X/Basic/Basic0007.xdjhtm?etfid=00993A.TW&topc=
2026-07-22,00993A,主動安聯台灣,6223,æºç½,5.84,98000.0,0.0,半導體業,https://www.moneydj.com/ETF/X/Basic/Basic0007.xdjhtm?etfid=00993A.TW&topc=
2026-07-22,00993A,主動安聯台灣,2454,è¯ç¼ç§,4.36,114000.0,0.0,半導體業,https://www.moneydj.com/ETF/X/Basic/Basic0007.xdjhtm?etfid=00993A.TW&topc=
2026-07-22,00993A,主動安聯台灣,2383,å°åé»,3.87,76000.0,0.0,電子零組件業,https://www.moneydj.com/ETF/X/Basic/Basic0007.xdjhtm?etfid=00993A.TW&topc=
2026-07-22,00993A,主動安聯台灣,2059,å·æ¹,2.98,37000.0,0.0,電子零組件業,https://www.moneydj.com/ETF/X/Basic/Basic0007.xdjhtm?etfid=00993A.TW&topc=
2026-07-22,00993A,主動安聯台灣,2308,å°éé»,2.87,154000.0,0.0,電子零組件業,https://www.moneydj.com/ETF/X/Basic/Basic0007.xdjhtm?etfid=00993A.TW&topc=
2026-07-22,00993A,主動安聯台灣,2345,æºé¦,2.86,126000.0,0.0,通信網路業,https://www.moneydj.com/ETF/X/Basic/Basic0007.xdjhtm?etfid=00993A.TW&topc=
2026-07-22,00993A,主動安聯台灣,2344,è¯é¦é»,2.82,1664000.0,0.0,半導體業,https://www.moneydj.com/ETF/X/Basic/Basic0007.xdjhtm?etfid=00993A.TW&topc=
2026-07-22,00993A,主動安聯台灣,6274,å°ç¿,2.76,205000.0,0.0,電子零組件業,https://www.moneydj.com/ETF/X/Basic/Basic0007.xdjhtm?etfid=00993A.TW&topc=
2026-07-22,00993A,主動安聯台灣,3037,æ¬£è,2.71,301000.0,0.0,電子零組件業,https://www.moneydj.com/ETF/X/Basic/Basic0007.xdjhtm?etfid=00993A.TW&topc=
2026-07-22,00999A,主動野村臺灣高息,2330,å°ç©é»,5.86,308000.0,0.0,半導體業,https://www.moneydj.com/ETF/X/Basic/Basic0007.xdjhtm?etfid=00999A.TW&topc=
2026-07-22,00999A,主動野村臺灣高息,2059,å·æ¹,4.44,69000.0,0.0,電子零組件業,https://www.moneydj.com/ETF/X/Basic/Basic0007.xdjhtm?etfid=00999A.TW&topc=
2026-07-22,00999A,主動野村臺灣高息,2383,å°åé»,4.02,99000.0,0.0,電子零組件業,https://www.moneydj.com/ETF/X/Basic/Basic0007.xdjhtm?etfid=00999A.TW&topc=
2026-07-22,00999A,主動野村臺灣高息,2454,è¯ç¼ç§,3.94,129000.0,0.0,半導體業,https://www.moneydj.com/ETF/X/Basic/Basic0007.xdjhtm?etfid=00999A.TW&topc=
2026-07-22,00999A,主動野村臺灣高息,3711,æ¥æåææ§,3.7,712000.0,0.0,半導體業,https://www.moneydj.com/ETF/X/Basic/Basic0007.xdjhtm?etfid=00999A.TW&topc=
2026-07-22,00999A,主動野村臺灣高息,2308,å°éé»,3.53,237000.0,0.0,電子零組件業,https://www.moneydj.com/ETF/X/Basic/Basic0007.xdjhtm?etfid=00999A.TW&topc=
2026-07-22,00999A,主動野村臺灣高息,7769,é´»å,3.15,62000.0,0.0,半導體業,https://www.moneydj.com/ETF/X/Basic/Basic0007.xdjhtm?etfid=00999A.TW&topc=
2026-07-22,00999A,主動野村臺灣高息,3653,å¥ç­,2.64,95000.0,0.0,電子零組件業,https://www.moneydj.com/ETF/X/Basic/Basic0007.xdjhtm?etfid=00999A.TW&topc=
2026-07-22,00999A,主動野村臺灣高息,2368,éåé»,2.09,280000.0,0.0,電子零組件業,https://www.moneydj.com/ETF/X/Basic/Basic0007.xdjhtm?etfid=00999A.TW&topc=
2026-07-22,00999A,主動野村臺灣高息,2408,åäºç§,2.07,587000.0,0.0,半導體業,https://www.moneydj.com/ETF/X/Basic/Basic0007.xdjhtm?etfid=00999A.TW&topc=
2026-07-23,00400A,主動國泰動能高息,2330,å°ç©é»,8.53,958000.0,0.0,半導體業,https://www.moneydj.com/ETF/X/Basic/Basic0007.xdjhtm?etfid=00400A.TW&topc=
2026-07-23,00400A,主動國泰動能高息,2454,è¯ç¼ç§,6.31,440000.0,0.0,半導體業,https://www.moneydj.com/ETF/X/Basic/Basic0007.xdjhtm?etfid=00400A.TW&topc=
2026-07-23,00400A,主動國泰動能高息,2383,å°åé»,5.49,291000.0,0.0,電子零組件業,https://www.moneydj.com/ETF/X/Basic/Basic0007.xdjhtm?etfid=00400A.TW&topc=
2026-07-23,00400A,主動國泰動能高息,2360,è´è,5.31,665000.0,0.0,其他電子業,https://www.moneydj.com/ETF/X/Basic/Basic0007.xdjhtm?etfid=00400A.TW&topc=
2026-07-23,00400A,主動國泰動能高息,3037,æ¬£è,4.43,1336000.0,0.0,電子零組件業,https://www.moneydj.com/ETF/X/Basic/Basic0007.xdjhtm?etfid=00400A.TW&topc=
2026-07-23,00400A,主動國泰動能高息,3017,å¥é,4.13,457000.0,0.0,電腦及週邊設備業,https://www.moneydj.com/ETF/X/Basic/Basic0007.xdjhtm?etfid=00400A.TW&topc=
2026-07-23,00400A,主動國泰動能高息,6669,ç·¯ç©,4.11,203000.0,0.0,電腦及週邊設備業,https://www.moneydj.com/ETF/X/Basic/Basic0007.xdjhtm?etfid=00400A.TW&topc=
2026-07-23,00400A,主動國泰動能高息,6223,æºç½,3.96,171000.0,0.0,半導體業,https://www.moneydj.com/ETF/X/Basic/Basic0007.xdjhtm?etfid=00400A.TW&topc=
2026-07-23,00400A,主動國泰動能高息,6488,ç°çæ¶,3.54,853000.0,0.0,半導體業,https://www.moneydj.com/ETF/X/Basic/Basic0007.xdjhtm?etfid=00400A.TW&topc=
2026-07-23,00400A,主動國泰動能高息,2059,å·æ¹,3.43,113000.0,0.0,電子零組件業,https://www.moneydj.com/ETF/X/Basic/Basic0007.xdjhtm?etfid=00400A.TW&topc=
2026-07-23,00980A,主動野村臺灣優選,2330,å°ç©é»,9.31,634000.0,0.0,半導體業,https://www.moneydj.com/ETF/X/Basic/Basic0007.xdjhtm?etfid=00980A.TW&topc=
2026-07-23,00980A,主動野村臺灣優選,2454,è¯ç¼ç§,6.37,269000.0,0.0,半導體業,https://www.moneydj.com/ETF/X/Basic/Basic0007.xdjhtm?etfid=00980A.TW&topc=
2026-07-23,00980A,主動野村臺灣優選,2308,å°éé»,4.75,414000.0,0.0,電子零組件業,https://www.moneydj.com/ETF/X/Basic/Basic0007.xdjhtm?etfid=00980A.TW&topc=
2026-07-23,00980A,主動野村臺灣優選,2383,å°åé»,4.7,151000.0,0.0,電子零組件業,https://www.moneydj.com/ETF/X/Basic/Basic0007.xdjhtm?etfid=00980A.TW&topc=
2026-07-23,00980A,主動野村臺灣優選,2059,å·æ¹,4.56,91000.0,0.0,電子零組件業,https://www.moneydj.com/ETF/X/Basic/Basic0007.xdjhtm?etfid=00980A.TW&topc=
2026-07-23,00980A,主動野村臺灣優選,3037,æ¬£è,3.08,562000.0,0.0,電子零組件業,https://www.moneydj.com/ETF/X/Basic/Basic0007.xdjhtm?etfid=00980A.TW&topc=
2026-07-23,00980A,主動野村臺灣優選,6223,æºç½,2.9,76000.0,0.0,半導體業,https://www.moneydj.com/ETF/X/Basic/Basic0007.xdjhtm?etfid=00980A.TW&topc=
2026-07-23,00980A,主動野村臺灣優選,7769,é´»å,2.88,73000.0,0.0,半導體業,https://www.moneydj.com/ETF/X/Basic/Basic0007.xdjhtm?etfid=00980A.TW&topc=
2026-07-23,00980A,主動野村臺灣優選,3081,è¯äº,2.66,237600.0,0.0,通信網路業,https://www.moneydj.com/ETF/X/Basic/Basic0007.xdjhtm?etfid=00980A.TW&topc=
2026-07-23,00980A,主動野村臺灣優選,2408,åäºç§,2.31,889000.0,0.0,半導體業,https://www.moneydj.com/ETF/X/Basic/Basic0007.xdjhtm?etfid=00980A.TW&topc=
2026-07-23,00982A,主動群益台灣強棒,2330,台積電,9.4,1967000.0,0.0,半導體業,https://www.capitalfund.com.tw/etf/product/detail/399/buyback
2026-07-23,00982A,主動群益台灣強棒,5536,聖暉*,8.96,3775000.0,0.0,其他電子業,https://www.capitalfund.com.tw/etf/product/detail/399/buyback
2026-07-23,00982A,主動群益台灣強棒,2454,聯發科,6.69,869000.0,0.0,半導體業,https://www.capitalfund.com.tw/etf/product/detail/399/buyback
2026-07-23,00982A,主動群益台灣強棒,6139,亞翔,5.28,3099000.0,0.0,其他電子業,https://www.capitalfund.com.tw/etf/product/detail/399/buyback
2026-07-23,00982A,主動群益台灣強棒,6223,旺矽,3.81,307000.0,0.0,半導體業,https://www.capitalfund.com.tw/etf/product/detail/399/buyback
2026-07-23,00982A,主動群益台灣強棒,2345,智邦,3.75,812000.0,0.0,通信網路業,https://www.capitalfund.com.tw/etf/product/detail/399/buyback
2026-07-23,00982A,主動群益台灣強棒,2360,致茂,3.58,837000.0,0.0,其他電子業,https://www.capitalfund.com.tw/etf/product/detail/399/buyback
2026-07-23,00982A,主動群益台灣強棒,2383,台光電,3.36,332000.0,0.0,電子零組件業,https://www.capitalfund.com.tw/etf/product/detail/399/buyback
2026-07-23,00982A,主動群益台灣強棒,6669,緯穎,3.3,304000.0,0.0,電腦及週邊設備業,https://www.capitalfund.com.tw/etf/product/detail/399/buyback
2026-07-23,00982A,主動群益台灣強棒,4958,臻鼎-KY,3.19,3178000.0,0.0,電子零組件業,https://www.capitalfund.com.tw/etf/product/detail/399/buyback
2026-07-23,00985A,主動野村台灣50,2330,å°ç©é»,18.18,757000.0,0.0,半導體業,https://www.moneydj.com/ETF/X/Basic/Basic0007.xdjhtm?etfid=00985A.TW&topc=
2026-07-23,00985A,主動野村台灣50,2376,æå,4.14,1170000.0,0.0,電腦及週邊設備業,https://www.moneydj.com/ETF/X/Basic/Basic0007.xdjhtm?etfid=00985A.TW&topc=
2026-07-23,00985A,主動野村台灣50,2327,åå·¨*,3.55,510000.0,0.0,電子零組件業,https://www.moneydj.com/ETF/X/Basic/Basic0007.xdjhtm?etfid=00985A.TW&topc=
2026-07-23,00985A,主動野村台灣50,2303,è¯é»,3.45,2492000.0,0.0,半導體業,https://www.moneydj.com/ETF/X/Basic/Basic0007.xdjhtm?etfid=00985A.TW&topc=
2026-07-23,00985A,主動野村台灣50,2027,å¤§æé¼,3.39,7635000.0,0.0,鋼鐵工業,https://www.moneydj.com/ETF/X/Basic/Basic0007.xdjhtm?etfid=00985A.TW&topc=
2026-07-23,00985A,主動野村台灣50,2059,å·æ¹,3.36,41000.0,0.0,電子零組件業,https://www.moneydj.com/ETF/X/Basic/Basic0007.xdjhtm?etfid=00985A.TW&topc=
2026-07-23,00985A,主動野村台灣50,6442,åè,3.36,242000.0,0.0,通信網路業,https://www.moneydj.com/ETF/X/Basic/Basic0007.xdjhtm?etfid=00985A.TW&topc=
2026-07-23,00985A,主動野村台灣50,6187,è¬æ½¤,3.07,300000.0,0.0,半導體業,https://www.moneydj.com/ETF/X/Basic/Basic0007.xdjhtm?etfid=00985A.TW&topc=
2026-07-23,00985A,主動野村台灣50,6147,é é¦,2.9,1656000.0,0.0,半導體業,https://www.moneydj.com/ETF/X/Basic/Basic0007.xdjhtm?etfid=00985A.TW&topc=
2026-07-23,00985A,主動野村台灣50,3008,å¤§ç«å,2.81,68000.0,0.0,光電業,https://www.moneydj.com/ETF/X/Basic/Basic0007.xdjhtm?etfid=00985A.TW&topc=
2026-07-23,00991A,主動復華未來50,BMPSIM,義大利西恩那銀行股份公司,4.634,400000.0,0.0,未分類,https://www.fhtrust.com.tw/ETF/etf_detail/ETF24#nav
2026-07-23,00991A,主動復華未來50,UNIIM,Unipol保險股份公司,4.599,170000.0,0.0,未分類,https://www.fhtrust.com.tw/ETF/etf_detail/ETF24#nav
2026-07-23,00991A,主動復華未來50,HSBALN,匯豐控股有限公司,4.004,220000.0,0.0,未分類,https://www.fhtrust.com.tw/ETF/etf_detail/ETF24#nav
2026-07-23,00991A,主動復華未來50,ABNNA,荷蘭銀行公眾有限公司,3.791,100000.0,0.0,未分類,https://www.fhtrust.com.tw/ETF/etf_detail/ETF24#nav
2026-07-23,00991A,主動復華未來50,TPEIRGA,Piraeus Bank SA,3.743,400000.0,0.0,未分類,https://www.fhtrust.com.tw/ETF/etf_detail/ETF24#nav
2026-07-23,00991A,主動復華未來50,STANLN,渣打集團有限公司,3.552,140000.0,0.0,未分類,https://www.fhtrust.com.tw/ETF/etf_detail/ETF24#nav
2026-07-23,00991A,主動復華未來50,BACUS,美國銀行,3.549,65000.0,0.0,未分類,https://www.fhtrust.com.tw/ETF/etf_detail/ETF24#nav
2026-07-23,00991A,主動復華未來50,GLEFP,法國興業銀行股份有限公司,3.317,43000.0,0.0,未分類,https://www.fhtrust.com.tw/ETF/etf_detail/ETF24#nav
2026-07-23,00991A,主動復華未來50,BNPFP,法國巴黎銀行股份有限公司,3.275,31000.0,0.0,未分類,https://www.fhtrust.com.tw/ETF/etf_detail/ETF24#nav
2026-07-23,00991A,主動復華未來50,AMUNFP,東方匯理資產管理有限責任公司,3.12,35000.0,0.0,未分類,https://www.fhtrust.com.tw/ETF/etf_detail/ETF24#nav
2026-07-23,00993A,主動安聯台灣,2330,å°ç©é»,13.65,572000.0,0.0,半導體業,https://www.moneydj.com/ETF/X/Basic/Basic0007.xdjhtm?etfid=00993A.TW&topc=
2026-07-23,00993A,主動安聯台灣,6223,æºç½,6.09,98000.0,0.0,半導體業,https://www.moneydj.com/ETF/X/Basic/Basic0007.xdjhtm?etfid=00993A.TW&topc=
2026-07-23,00993A,主動安聯台灣,2454,è¯ç¼ç§,4.39,114000.0,0.0,半導體業,https://www.moneydj.com/ETF/X/Basic/Basic0007.xdjhtm?etfid=00993A.TW&topc=
2026-07-23,00993A,主動安聯台灣,2383,å°åé»,3.85,76000.0,0.0,電子零組件業,https://www.moneydj.com/ETF/X/Basic/Basic0007.xdjhtm?etfid=00993A.TW&topc=
2026-07-23,00993A,主動安聯台灣,2059,å·æ¹,3.02,37000.0,0.0,電子零組件業,https://www.moneydj.com/ETF/X/Basic/Basic0007.xdjhtm?etfid=00993A.TW&topc=
2026-07-23,00993A,主動安聯台灣,2345,æºé¦,2.91,126000.0,0.0,通信網路業,https://www.moneydj.com/ETF/X/Basic/Basic0007.xdjhtm?etfid=00993A.TW&topc=
2026-07-23,00993A,主動安聯台灣,2308,å°éé»,2.88,154000.0,0.0,電子零組件業,https://www.moneydj.com/ETF/X/Basic/Basic0007.xdjhtm?etfid=00993A.TW&topc=
2026-07-23,00993A,主動安聯台灣,6274,å°ç¿,2.87,216000.0,0.0,電子零組件業,https://www.moneydj.com/ETF/X/Basic/Basic0007.xdjhtm?etfid=00993A.TW&topc=
2026-07-23,00993A,主動安聯台灣,2344,è¯é¦é»,2.8,1749000.0,0.0,半導體業,https://www.moneydj.com/ETF/X/Basic/Basic0007.xdjhtm?etfid=00993A.TW&topc=
2026-07-23,00993A,主動安聯台灣,3037,æ¬£è,2.68,301000.0,0.0,電子零組件業,https://www.moneydj.com/ETF/X/Basic/Basic0007.xdjhtm?etfid=00993A.TW&topc=
2026-07-23,00999A,主動野村臺灣高息,2330,å°ç©é»,5.85,308000.0,0.0,半導體業,https://www.moneydj.com/ETF/X/Basic/Basic0007.xdjhtm?etfid=00999A.TW&topc=
2026-07-23,00999A,主動野村臺灣高息,2059,å·æ¹,4.47,69000.0,0.0,電子零組件業,https://www.moneydj.com/ETF/X/Basic/Basic0007.xdjhtm?etfid=00999A.TW&topc=
2026-07-23,00999A,主動野村臺灣高息,2383,å°åé»,3.98,99000.0,0.0,電子零組件業,https://www.moneydj.com/ETF/X/Basic/Basic0007.xdjhtm?etfid=00999A.TW&topc=
2026-07-23,00999A,主動野村臺灣高息,2454,è¯ç¼ç§,3.95,129000.0,0.0,半導體業,https://www.moneydj.com/ETF/X/Basic/Basic0007.xdjhtm?etfid=00999A.TW&topc=
2026-07-23,00999A,主動野村臺灣高息,3711,æ¥æåææ§,3.65,712000.0,0.0,半導體業,https://www.moneydj.com/ETF/X/Basic/Basic0007.xdjhtm?etfid=00999A.TW&topc=
2026-07-23,00999A,主動野村臺灣高息,2308,å°éé»,3.52,237000.0,0.0,電子零組件業,https://www.moneydj.com/ETF/X/Basic/Basic0007.xdjhtm?etfid=00999A.TW&topc=
2026-07-23,00999A,主動野村臺灣高息,7769,é´»å,3.16,62000.0,0.0,半導體業,https://www.moneydj.com/ETF/X/Basic/Basic0007.xdjhtm?etfid=00999A.TW&topc=
2026-07-23,00999A,主動野村臺灣高息,3653,å¥ç­,2.78,95000.0,0.0,電子零組件業,https://www.moneydj.com/ETF/X/Basic/Basic0007.xdjhtm?etfid=00999A.TW&topc=
2026-07-23,00999A,主動野村臺灣高息,2368,éåé»,2.08,280000.0,0.0,電子零組件業,https://www.moneydj.com/ETF/X/Basic/Basic0007.xdjhtm?etfid=00999A.TW&topc=
2026-07-23,00999A,主動野村臺灣高息,6223,æºç½,2.07,42000.0,0.0,半導體業,https://www.moneydj.com/ETF/X/Basic/Basic0007.xdjhtm?etfid=00999A.TW&topc=
2026-07-24,00400A,主動國泰動能高息,2330,å°ç©é»,8.6,958000.0,0.0,半導體業,https://www.moneydj.com/ETF/X/Basic/Basic0007.xdjhtm?etfid=00400A.TW&topc=
2026-07-24,00400A,主動國泰動能高息,2454,è¯ç¼ç§,6.3,440000.0,0.0,半導體業,https://www.moneydj.com/ETF/X/Basic/Basic0007.xdjhtm?etfid=00400A.TW&topc=
2026-07-24,00400A,主動國泰動能高息,2360,è´è,5.28,665000.0,0.0,其他電子業,https://www.moneydj.com/ETF/X/Basic/Basic0007.xdjhtm?etfid=00400A.TW&topc=
2026-07-24,00400A,主動國泰動能高息,2383,å°åé»,5.28,291000.0,0.0,電子零組件業,https://www.moneydj.com/ETF/X/Basic/Basic0007.xdjhtm?etfid=00400A.TW&topc=
2026-07-24,00400A,主動國泰動能高息,6669,ç·¯ç©,4.44,203000.0,0.0,電腦及週邊設備業,https://www.moneydj.com/ETF/X/Basic/Basic0007.xdjhtm?etfid=00400A.TW&topc=
2026-07-24,00400A,主動國泰動能高息,3037,æ¬£è,4.28,1336000.0,0.0,電子零組件業,https://www.moneydj.com/ETF/X/Basic/Basic0007.xdjhtm?etfid=00400A.TW&topc=
2026-07-24,00400A,主動國泰動能高息,3017,å¥é,4.15,457000.0,0.0,電腦及週邊設備業,https://www.moneydj.com/ETF/X/Basic/Basic0007.xdjhtm?etfid=00400A.TW&topc=
2026-07-24,00400A,主動國泰動能高息,6223,æºç½,3.73,171000.0,0.0,半導體業,https://www.moneydj.com/ETF/X/Basic/Basic0007.xdjhtm?etfid=00400A.TW&topc=
2026-07-24,00400A,主動國泰動能高息,6488,ç°çæ¶,3.35,853000.0,0.0,半導體業,https://www.moneydj.com/ETF/X/Basic/Basic0007.xdjhtm?etfid=00400A.TW&topc=
2026-07-24,00400A,主動國泰動能高息,2059,å·æ¹,3.34,113000.0,0.0,電子零組件業,https://www.moneydj.com/ETF/X/Basic/Basic0007.xdjhtm?etfid=00400A.TW&topc=
2026-07-24,00401A,主動摩根台灣鑫收,2330,å°ç©é»,8.71,110000.0,0.0,半導體業,https://www.moneydj.com/ETF/X/Basic/Basic0007.xdjhtm?etfid=00401A.TW&topc=
2026-07-24,00401A,主動摩根台灣鑫收,2454,è¯ç¼ç§,7.28,57600.0,0.0,半導體業,https://www.moneydj.com/ETF/X/Basic/Basic0007.xdjhtm?etfid=00401A.TW&topc=
2026-07-24,00401A,主動摩根台灣鑫收,2308,å°éé»,4.09,68000.0,0.0,電子零組件業,https://www.moneydj.com/ETF/X/Basic/Basic0007.xdjhtm?etfid=00401A.TW&topc=
2026-07-24,00401A,主動摩根台灣鑫收,2345,æºé¦,2.7,36053.0,0.0,通信網路業,https://www.moneydj.com/ETF/X/Basic/Basic0007.xdjhtm?etfid=00401A.TW&topc=
2026-07-24,00401A,主動摩根台灣鑫收,6669,ç·¯ç©,2.7,14000.0,0.0,電腦及週邊設備業,https://www.moneydj.com/ETF/X/Basic/Basic0007.xdjhtm?etfid=00401A.TW&topc=
2026-07-24,00401A,主動摩根台灣鑫收,7769,é´»å,2.65,13000.0,0.0,半導體業,https://www.moneydj.com/ETF/X/Basic/Basic0007.xdjhtm?etfid=00401A.TW&topc=
2026-07-24,00401A,主動摩根台灣鑫收,3711,æ¥æåææ§,2.35,114000.0,0.0,半導體業,https://www.moneydj.com/ETF/X/Basic/Basic0007.xdjhtm?etfid=00401A.TW&topc=
2026-07-24,00401A,主動摩根台灣鑫收,6223,æºç½,2.32,12074.0,0.0,半導體業,https://www.moneydj.com/ETF/X/Basic/Basic0007.xdjhtm?etfid=00401A.TW&topc=
2026-07-24,00401A,主動摩根台灣鑫收,4958,è»é¼-KY,2.19,135000.0,0.0,電子零組件業,https://www.moneydj.com/ETF/X/Basic/Basic0007.xdjhtm?etfid=00401A.TW&topc=
2026-07-24,00401A,主動摩根台灣鑫收,2883,å±åºé,2.15,2081000.0,0.0,金融保險業,https://www.moneydj.com/ETF/X/Basic/Basic0007.xdjhtm?etfid=00401A.TW&topc=
2026-07-24,00403A,主動統一升級50,2330,å°ç©é»,16.82,11600000.0,0.0,半導體業,https://www.moneydj.com/ETF/X/Basic/Basic0007.xdjhtm?etfid=00403A.TW&topc=
2026-07-24,00403A,主動統一升級50,2303,è¯é»,6.0,76000000.0,0.0,半導體業,https://www.moneydj.com/ETF/X/Basic/Basic0007.xdjhtm?etfid=00403A.TW&topc=
2026-07-24,00403A,主動統一升級50,3017,å¥é,5.07,3450000.0,0.0,電腦及週邊設備業,https://www.moneydj.com/ETF/X/Basic/Basic0007.xdjhtm?etfid=00403A.TW&topc=
2026-07-24,00403A,主動統一升級50,2454,è¯ç¼ç§,4.0,1730000.0,0.0,半導體業,https://www.moneydj.com/ETF/X/Basic/Basic0007.xdjhtm?etfid=00403A.TW&topc=
2026-07-24,00403A,主動統一升級50,3037,æ¬£è,3.93,7600000.0,0.0,電子零組件業,https://www.moneydj.com/ETF/X/Basic/Basic0007.xdjhtm?etfid=00403A.TW&topc=
2026-07-24,00403A,主動統一升級50,2383,å°åé»,3.9,1330000.0,0.0,電子零組件業,https://www.moneydj.com/ETF/X/Basic/Basic0007.xdjhtm?etfid=00403A.TW&topc=
2026-07-24,00403A,主動統一升級50,2344,è¯é¦é»,3.81,40000000.0,0.0,半導體業,https://www.moneydj.com/ETF/X/Basic/Basic0007.xdjhtm?etfid=00403A.TW&topc=
2026-07-24,00403A,主動統一升級50,6223,æºç½,3.52,1000000.0,0.0,半導體業,https://www.moneydj.com/ETF/X/Basic/Basic0007.xdjhtm?etfid=00403A.TW&topc=
2026-07-24,00403A,主動統一升級50,2308,å°éé»,3.35,3040000.0,0.0,電子零組件業,https://www.moneydj.com/ETF/X/Basic/Basic0007.xdjhtm?etfid=00403A.TW&topc=
2026-07-24,00403A,主動統一升級50,2345,æºé¦,3.1,2260000.0,0.0,通信網路業,https://www.moneydj.com/ETF/X/Basic/Basic0007.xdjhtm?etfid=00403A.TW&topc=
2026-07-24,00980A,主動野村臺灣優選,2330,å°ç©é»,9.49,634000.0,0.0,半導體業,https://www.moneydj.com/ETF/X/Basic/Basic0007.xdjhtm?etfid=00980A.TW&topc=
2026-07-24,00980A,主動野村臺灣優選,2454,è¯ç¼ç§,6.43,269000.0,0.0,半導體業,https://www.moneydj.com/ETF/X/Basic/Basic0007.xdjhtm?etfid=00980A.TW&topc=
2026-07-24,00980A,主動野村臺灣優選,2383,å°åé»,4.57,151000.0,0.0,電子零組件業,https://www.moneydj.com/ETF/X/Basic/Basic0007.xdjhtm?etfid=00980A.TW&topc=
2026-07-24,00980A,主動野村臺灣優選,2059,å·æ¹,4.48,91000.0,0.0,電子零組件業,https://www.moneydj.com/ETF/X/Basic/Basic0007.xdjhtm?etfid=00980A.TW&topc=
2026-07-24,00980A,主動野村臺灣優選,2308,å°éé»,4.3,378000.0,0.0,電子零組件業,https://www.moneydj.com/ETF/X/Basic/Basic0007.xdjhtm?etfid=00980A.TW&topc=
2026-07-24,00980A,主動野村臺灣優選,3037,æ¬£è,3.0,562000.0,0.0,電子零組件業,https://www.moneydj.com/ETF/X/Basic/Basic0007.xdjhtm?etfid=00980A.TW&topc=
2026-07-24,00980A,主動野村臺灣優選,7769,é´»å,2.82,73000.0,0.0,半導體業,https://www.moneydj.com/ETF/X/Basic/Basic0007.xdjhtm?etfid=00980A.TW&topc=
2026-07-24,00980A,主動野村臺灣優選,6223,æºç½,2.76,76000.0,0.0,半導體業,https://www.moneydj.com/ETF/X/Basic/Basic0007.xdjhtm?etfid=00980A.TW&topc=
2026-07-24,00980A,主動野村臺灣優選,3081,è¯äº,2.66,237600.0,0.0,通信網路業,https://www.moneydj.com/ETF/X/Basic/Basic0007.xdjhtm?etfid=00980A.TW&topc=
2026-07-24,00980A,主動野村臺灣優選,2408,åäºç§,2.58,1008000.0,0.0,半導體業,https://www.moneydj.com/ETF/X/Basic/Basic0007.xdjhtm?etfid=00980A.TW&topc=
2026-07-24,00981A,主動統一台股增長,2330,å°ç©é»,10.41,11840000.0,0.0,半導體業,https://www.moneydj.com/ETF/X/Basic/Basic0007.xdjhtm?etfid=00981A.TW&topc=
2026-07-24,00981A,主動統一台股增長,2383,å°åé»,8.28,4653000.0,0.0,電子零組件業,https://www.moneydj.com/ETF/X/Basic/Basic0007.xdjhtm?etfid=00981A.TW&topc=
2026-07-24,00981A,主動統一台股增長,2454,è¯ç¼ç§,7.2,5131000.0,0.0,半導體業,https://www.moneydj.com/ETF/X/Basic/Basic0007.xdjhtm?etfid=00981A.TW&topc=
2026-07-24,00981A,主動統一台股增長,2327,åå·¨*,6.03,25098000.0,0.0,電子零組件業,https://www.moneydj.com/ETF/X/Basic/Basic0007.xdjhtm?etfid=00981A.TW&topc=
2026-07-24,00981A,主動統一台股增長,3037,æ¬£è,5.33,16971000.0,0.0,電子零組件業,https://www.moneydj.com/ETF/X/Basic/Basic0007.xdjhtm?etfid=00981A.TW&topc=
2026-07-24,00981A,主動統一台股增長,2345,æºé¦,5.26,6334000.0,0.0,通信網路業,https://www.moneydj.com/ETF/X/Basic/Basic0007.xdjhtm?etfid=00981A.TW&topc=
2026-07-24,00981A,主動統一台股增長,6223,æºç½,5.21,2443000.0,0.0,半導體業,https://www.moneydj.com/ETF/X/Basic/Basic0007.xdjhtm?etfid=00981A.TW&topc=
2026-07-24,00981A,主動統一台股增長,6669,ç·¯ç©,5.18,2417000.0,0.0,電腦及週邊設備業,https://www.moneydj.com/ETF/X/Basic/Basic0007.xdjhtm?etfid=00981A.TW&topc=
2026-07-24,00981A,主動統一台股增長,3017,å¥é,4.83,5423000.0,0.0,電腦及週邊設備業,https://www.moneydj.com/ETF/X/Basic/Basic0007.xdjhtm?etfid=00981A.TW&topc=
2026-07-24,00981A,主動統一台股增長,2303,è¯é»,4.14,86550000.0,0.0,半導體業,https://www.moneydj.com/ETF/X/Basic/Basic0007.xdjhtm?etfid=00981A.TW&topc=
2026-07-24,00982A,主動群益台灣強棒,2330,台積電,9.6,1967000.0,0.0,半導體業,https://www.capitalfund.com.tw/etf/product/detail/399/buyback
2026-07-24,00982A,主動群益台灣強棒,5536,聖暉*,8.78,3775000.0,0.0,其他電子業,https://www.capitalfund.com.tw/etf/product/detail/399/buyback
2026-07-24,00982A,主動群益台灣強棒,2454,聯發科,6.77,869000.0,0.0,半導體業,https://www.capitalfund.com.tw/etf/product/detail/399/buyback
2026-07-24,00982A,主動群益台灣強棒,6139,亞翔,5.62,3219000.0,0.0,其他電子業,https://www.capitalfund.com.tw/etf/product/detail/399/buyback
2026-07-24,00982A,主動群益台灣強棒,2345,智邦,3.74,812000.0,0.0,通信網路業,https://www.capitalfund.com.tw/etf/product/detail/399/buyback
2026-07-24,00982A,主動群益台灣強棒,6223,旺矽,3.64,307000.0,0.0,半導體業,https://www.capitalfund.com.tw/etf/product/detail/399/buyback
2026-07-24,00982A,主動群益台灣強棒,2360,致茂,3.62,837000.0,0.0,其他電子業,https://www.capitalfund.com.tw/etf/product/detail/399/buyback
2026-07-24,00982A,主動群益台灣強棒,6669,緯穎,3.62,304000.0,0.0,電腦及週邊設備業,https://www.capitalfund.com.tw/etf/product/detail/399/buyback
2026-07-24,00982A,主動群益台灣強棒,2383,台光電,3.28,332000.0,0.0,電子零組件業,https://www.capitalfund.com.tw/etf/product/detail/399/buyback
2026-07-24,00982A,主動群益台灣強棒,4958,臻鼎-KY,3.18,3178000.0,0.0,電子零組件業,https://www.capitalfund.com.tw/etf/product/detail/399/buyback
2026-07-24,00983A,主動中信ARK創新,TSLA,Tesla,7.59,8239.0,0.0,未分類,https://www.moneydj.com/ETF/X/Basic/Basic0007.xdjhtm?etfid=00983A.TW&topc=
2026-07-24,00983A,主動中信ARK創新,AMD,AMD,7.41,4767.0,0.0,未分類,https://www.moneydj.com/ETF/X/Basic/Basic0007.xdjhtm?etfid=00983A.TW&topc=
2026-07-24,00983A,主動中信ARK創新,TXG,10x Genomics,5.93,42881.0,0.0,未分類,https://www.moneydj.com/ETF/X/Basic/Basic0007.xdjhtm?etfid=00983A.TW&topc=
2026-07-24,00983A,主動中信ARK創新,SHOP,Shopify,5.86,18165.0,0.0,未分類,https://www.moneydj.com/ETF/X/Basic/Basic0007.xdjhtm?etfid=00983A.TW&topc=
2026-07-24,00983A,主動中信ARK創新,HOOD,Robinhood Markets,4.71,16095.0,0.0,未分類,https://www.moneydj.com/ETF/X/Basic/Basic0007.xdjhtm?etfid=00983A.TW&topc=
2026-07-24,00983A,主動中信ARK創新,TWST,Twist Bioscience,4.54,17047.0,0.0,未分類,https://www.moneydj.com/ETF/X/Basic/Basic0007.xdjhtm?etfid=00983A.TW&topc=
2026-07-24,00983A,主動中信ARK創新,TEM,Tempus,4.39,33132.0,0.0,未分類,https://www.moneydj.com/ETF/X/Basic/Basic0007.xdjhtm?etfid=00983A.TW&topc=
2026-07-24,00983A,主動中信ARK創新,CRSP,CRISPR Therapeutics,3.98,29062.0,0.0,未分類,https://www.moneydj.com/ETF/X/Basic/Basic0007.xdjhtm?etfid=00983A.TW&topc=
2026-07-24,00983A,主動中信ARK創新,ILMN,Illumina,3.92,6919.0,0.0,未分類,https://www.moneydj.com/ETF/X/Basic/Basic0007.xdjhtm?etfid=00983A.TW&topc=
2026-07-24,00984A,主動安聯台灣高息,2330,å°ç©é»,3.03,120000.0,0.0,半導體業,https://www.moneydj.com/ETF/X/Basic/Basic0007.xdjhtm?etfid=00984A.TW&topc=
2026-07-24,00984A,主動安聯台灣高息,2357,è¯ç¢©,2.98,364000.0,0.0,電腦及週邊設備業,https://www.moneydj.com/ETF/X/Basic/Basic0007.xdjhtm?etfid=00984A.TW&topc=
2026-07-24,00984A,主動安聯台灣高息,2412,ä¸­è¯é»,2.72,1845000.0,0.0,通信網路業,https://www.moneydj.com/ETF/X/Basic/Basic0007.xdjhtm?etfid=00984A.TW&topc=
2026-07-24,00984A,主動安聯台灣高息,2881,å¯é¦é,2.67,1977025.0,0.0,金融保險業,https://www.moneydj.com/ETF/X/Basic/Basic0007.xdjhtm?etfid=00984A.TW&topc=
2026-07-24,00984A,主動安聯台灣高息,2891,ä¸­ä¿¡é,2.42,3592000.0,0.0,金融保險業,https://www.moneydj.com/ETF/X/Basic/Basic0007.xdjhtm?etfid=00984A.TW&topc=
2026-07-24,00984A,主動安聯台灣高息,2382,å»£é,2.33,669000.0,0.0,電腦及週邊設備業,https://www.moneydj.com/ETF/X/Basic/Basic0007.xdjhtm?etfid=00984A.TW&topc=
2026-07-24,00984A,主動安聯台灣高息,2303,è¯é»,2.17,1602000.0,0.0,半導體業,https://www.moneydj.com/ETF/X/Basic/Basic0007.xdjhtm?etfid=00984A.TW&topc=
2026-07-24,00984A,主動安聯台灣高息,3034,è¯è©,2.11,393000.0,0.0,半導體業,https://www.moneydj.com/ETF/X/Basic/Basic0007.xdjhtm?etfid=00984A.TW&topc=
2026-07-24,00984A,主動安聯台灣高息,3045,å°ç£å¤§,2.07,1723000.0,0.0,通信網路業,https://www.moneydj.com/ETF/X/Basic/Basic0007.xdjhtm?etfid=00984A.TW&topc=
2026-07-24,00984A,主動安聯台灣高息,1216,çµ±ä¸,2.01,2446000.0,0.0,食品工業,https://www.moneydj.com/ETF/X/Basic/Basic0007.xdjhtm?etfid=00984A.TW&topc=
2026-07-24,00985A,主動野村台灣50,2330,å°ç©é»,17.4,714000.0,0.0,半導體業,https://www.moneydj.com/ETF/X/Basic/Basic0007.xdjhtm?etfid=00985A.TW&topc=
2026-07-24,00985A,主動野村台灣50,2376,æå,4.3,1170000.0,0.0,電腦及週邊設備業,https://www.moneydj.com/ETF/X/Basic/Basic0007.xdjhtm?etfid=00985A.TW&topc=
2026-07-24,00985A,主動野村台灣50,2412,ä¸­è¯é»,3.62,2513000.0,0.0,通信網路業,https://www.moneydj.com/ETF/X/Basic/Basic0007.xdjhtm?etfid=00985A.TW&topc=
2026-07-24,00985A,主動野村台灣50,4904,é å³,3.61,3304000.0,0.0,通信網路業,https://www.moneydj.com/ETF/X/Basic/Basic0007.xdjhtm?etfid=00985A.TW&topc=
2026-07-24,00985A,主動野村台灣50,2027,å¤§æé¼,3.57,7900000.0,0.0,鋼鐵工業,https://www.moneydj.com/ETF/X/Basic/Basic0007.xdjhtm?etfid=00985A.TW&topc=
2026-07-24,00985A,主動野村台灣50,2327,åå·¨*,3.39,510000.0,0.0,電子零組件業,https://www.moneydj.com/ETF/X/Basic/Basic0007.xdjhtm?etfid=00985A.TW&topc=
2026-07-24,00985A,主動野村台灣50,6442,åè,3.38,246000.0,0.0,通信網路業,https://www.moneydj.com/ETF/X/Basic/Basic0007.xdjhtm?etfid=00985A.TW&topc=
2026-07-24,00985A,主動野村台灣50,2303,è¯é»,3.31,2492000.0,0.0,半導體業,https://www.moneydj.com/ETF/X/Basic/Basic0007.xdjhtm?etfid=00985A.TW&topc=
2026-07-24,00985A,主動野村台灣50,2059,å·æ¹,3.29,41000.0,0.0,電子零組件業,https://www.moneydj.com/ETF/X/Basic/Basic0007.xdjhtm?etfid=00985A.TW&topc=
2026-07-24,00985A,主動野村台灣50,3036,ææ,3.27,1533000.0,0.0,電子通路業,https://www.moneydj.com/ETF/X/Basic/Basic0007.xdjhtm?etfid=00985A.TW&topc=
2026-07-24,00986A,主動台新龍頭成長,2330,å°ç©é»,8.75,22000.0,0.0,半導體業,https://www.moneydj.com/ETF/X/Basic/Basic0007.xdjhtm?etfid=00986A.TW&topc=
2026-07-24,00986A,主動台新龍頭成長,GOOGL,lphabet - Class A Common Stock,6.79,4000.0,0.0,未分類,https://www.moneydj.com/ETF/X/Basic/Basic0007.xdjhtm?etfid=00986A.TW&topc=
2026-07-24,00986A,主動台新龍頭成長,NVDA,NVIDIA,5.91,5300.0,0.0,未分類,https://www.moneydj.com/ETF/X/Basic/Basic0007.xdjhtm?etfid=00986A.TW&topc=
2026-07-24,00986A,主動台新龍頭成長,AVGO,Broadcom,5.03,2400.0,0.0,未分類,https://www.moneydj.com/ETF/X/Basic/Basic0007.xdjhtm?etfid=00986A.TW&topc=
2026-07-24,00986A,主動台新龍頭成長,MU,Micron,5.02,948.0,0.0,未分類,https://www.moneydj.com/ETF/X/Basic/Basic0007.xdjhtm?etfid=00986A.TW&topc=
2026-07-24,00986A,主動台新龍頭成長,CRWD,CrowdStrike Holdings,3.68,3752.0,0.0,未分類,https://www.moneydj.com/ETF/X/Basic/Basic0007.xdjhtm?etfid=00986A.TW&topc=
2026-07-24,00986A,主動台新龍頭成長,GEV,GE Vernova,3.58,650.0,0.0,未分類,https://www.moneydj.com/ETF/X/Basic/Basic0007.xdjhtm?etfid=00986A.TW&topc=
2026-07-24,00986A,主動台新龍頭成長,AMZN,Amazon,3.5,2800.0,0.0,未分類,https://www.moneydj.com/ETF/X/Basic/Basic0007.xdjhtm?etfid=00986A.TW&topc=
2026-07-24,00986A,主動台新龍頭成長,LITE,Lumentum,3.47,780.0,0.0,未分類,https://www.moneydj.com/ETF/X/Basic/Basic0007.xdjhtm?etfid=00986A.TW&topc=
2026-07-24,00986A,主動台新龍頭成長,LRCX,Lam Research,3.45,2021.0,0.0,未分類,https://www.moneydj.com/ETF/X/Basic/Basic0007.xdjhtm?etfid=00986A.TW&topc=
2026-07-24,00987A,主動台新優勢成長,2330,å°ç©é»,8.57,90000.0,0.0,半導體業,https://www.moneydj.com/ETF/X/Basic/Basic0007.xdjhtm?etfid=00987A.TW&topc=
2026-07-24,00987A,主動台新優勢成長,3017,å¥é,8.3,86000.0,0.0,電腦及週邊設備業,https://www.moneydj.com/ETF/X/Basic/Basic0007.xdjhtm?etfid=00987A.TW&topc=
2026-07-24,00987A,主動台新優勢成長,2383,å°åé»,6.55,34000.0,0.0,電子零組件業,https://www.moneydj.com/ETF/X/Basic/Basic0007.xdjhtm?etfid=00987A.TW&topc=
2026-07-24,00987A,主動台新優勢成長,3037,æ¬£è,6.46,190000.0,0.0,電子零組件業,https://www.moneydj.com/ETF/X/Basic/Basic0007.xdjhtm?etfid=00987A.TW&topc=
2026-07-24,00987A,主動台新優勢成長,6223,æºç½,6.24,27000.0,0.0,半導體業,https://www.moneydj.com/ETF/X/Basic/Basic0007.xdjhtm?etfid=00987A.TW&topc=
2026-07-24,00987A,主動台新優勢成長,3443,åµæ,4.95,30000.0,0.0,半導體業,https://www.moneydj.com/ETF/X/Basic/Basic0007.xdjhtm?etfid=00987A.TW&topc=
2026-07-24,00987A,主動台新優勢成長,2454,è¯ç¼ç§,4.86,32000.0,0.0,半導體業,https://www.moneydj.com/ETF/X/Basic/Basic0007.xdjhtm?etfid=00987A.TW&topc=
2026-07-24,00987A,主動台新優勢成長,3665,è²¿è¯-KY,4.47,50000.0,0.0,其他電子業,https://www.moneydj.com/ETF/X/Basic/Basic0007.xdjhtm?etfid=00987A.TW&topc=
2026-07-24,00987A,主動台新優勢成長,2408,åäºç§,3.9,240000.0,0.0,半導體業,https://www.moneydj.com/ETF/X/Basic/Basic0007.xdjhtm?etfid=00987A.TW&topc=
2026-07-24,00987A,主動台新優勢成長,6274,å°ç¿,3.8,75000.0,0.0,電子零組件業,https://www.moneydj.com/ETF/X/Basic/Basic0007.xdjhtm?etfid=00987A.TW&topc=
2026-07-24,00989A,主動摩根美國科技,AVGO,Broadcom,4.12,3945.0,0.0,未分類,https://www.moneydj.com/ETF/X/Basic/Basic0007.xdjhtm?etfid=00989A.TW&topc=
2026-07-24,00989A,主動摩根美國科技,GOOG,phabet - Class C Capital Stock,4.1,4839.0,0.0,未分類,https://www.moneydj.com/ETF/X/Basic/Basic0007.xdjhtm?etfid=00989A.TW&topc=
2026-07-24,00989A,主動摩根美國科技,PANW,Palo Alto,3.98,4595.0,0.0,未分類,https://www.moneydj.com/ETF/X/Basic/Basic0007.xdjhtm?etfid=00989A.TW&topc=
2026-07-24,00989A,主動摩根美國科技,AMD,AMD,3.93,2737.0,0.0,未分類,https://www.moneydj.com/ETF/X/Basic/Basic0007.xdjhtm?etfid=00989A.TW&topc=
2026-07-24,00989A,主動摩根美國科技,NVDA,NVIDIA,3.92,7055.0,0.0,未分類,https://www.moneydj.com/ETF/X/Basic/Basic0007.xdjhtm?etfid=00989A.TW&topc=
2026-07-24,00989A,主動摩根美國科技,TTWO,Take-Two,3.69,6028.0,0.0,未分類,https://www.moneydj.com/ETF/X/Basic/Basic0007.xdjhtm?etfid=00989A.TW&topc=
2026-07-24,00989A,主動摩根美國科技,INTC,Intel,3.66,13714.0,0.0,未分類,https://www.moneydj.com/ETF/X/Basic/Basic0007.xdjhtm?etfid=00989A.TW&topc=
2026-07-24,00989A,主動摩根美國科技,LRCX,Lam Research,3.1,3643.0,0.0,未分類,https://www.moneydj.com/ETF/X/Basic/Basic0007.xdjhtm?etfid=00989A.TW&topc=
2026-07-24,00989A,主動摩根美國科技,ASML,ASML Holding,2.92,608.0,0.0,未分類,https://www.moneydj.com/ETF/X/Basic/Basic0007.xdjhtm?etfid=00989A.TW&topc=
2026-07-24,00989A,主動摩根美國科技,CRWD,CrowdStrike Holdings,2.87,5887.0,0.0,未分類,https://www.moneydj.com/ETF/X/Basic/Basic0007.xdjhtm?etfid=00989A.TW&topc=
2026-07-24,00992A,主動群益科技創新,2330,台積電,8.72,1406000.0,0.0,半導體業,https://www.capitalfund.com.tw/etf/product/detail/500/buyback
2026-07-24,00992A,主動群益科技創新,2383,台光電,7.07,563000.0,0.0,電子零組件業,https://www.capitalfund.com.tw/etf/product/detail/500/buyback
2026-07-24,00992A,主動群益科技創新,2345,智邦,6.33,1080000.0,0.0,通信網路業,https://www.capitalfund.com.tw/etf/product/detail/500/buyback
2026-07-24,00992A,主動群益科技創新,3017,奇鋐,6.3,1002000.0,0.0,電腦及週邊設備業,https://www.capitalfund.com.tw/etf/product/detail/500/buyback
2026-07-24,00992A,主動群益科技創新,2059,川湖,5.98,293000.0,0.0,電子零組件業,https://www.capitalfund.com.tw/etf/product/detail/500/buyback
2026-07-24,00992A,主動群益科技創新,3665,貿聯-KY,5.56,955000.0,0.0,其他電子業,https://www.capitalfund.com.tw/etf/product/detail/500/buyback
2026-07-24,00992A,主動群益科技創新,6223,旺矽,4.91,326000.0,0.0,半導體業,https://www.capitalfund.com.tw/etf/product/detail/500/buyback
2026-07-24,00992A,主動群益科技創新,3037,欣興,4.65,2097000.0,0.0,電子零組件業,https://www.capitalfund.com.tw/etf/product/detail/500/buyback
2026-07-24,00992A,主動群益科技創新,3008,大立光,4.35,420000.0,0.0,光電業,https://www.capitalfund.com.tw/etf/product/detail/500/buyback
2026-07-24,00992A,主動群益科技創新,8996,高力,4.33,1630000.0,0.0,電機機械,https://www.capitalfund.com.tw/etf/product/detail/500/buyback
2026-07-24,00993A,主動安聯台灣,2330,å°ç©é»,13.98,572000.0,0.0,半導體業,https://www.moneydj.com/ETF/X/Basic/Basic0007.xdjhtm?etfid=00993A.TW&topc=
2026-07-24,00993A,主動安聯台灣,6223,æºç½,5.82,98000.0,0.0,半導體業,https://www.moneydj.com/ETF/X/Basic/Basic0007.xdjhtm?etfid=00993A.TW&topc=
2026-07-24,00993A,主動安聯台灣,2454,è¯ç¼ç§,4.45,114000.0,0.0,半導體業,https://www.moneydj.com/ETF/X/Basic/Basic0007.xdjhtm?etfid=00993A.TW&topc=
2026-07-24,00993A,主動安聯台灣,2383,å°åé»,3.76,76000.0,0.0,電子零組件業,https://www.moneydj.com/ETF/X/Basic/Basic0007.xdjhtm?etfid=00993A.TW&topc=
2026-07-24,00993A,主動安聯台灣,2059,å·æ¹,2.98,37000.0,0.0,電子零組件業,https://www.moneydj.com/ETF/X/Basic/Basic0007.xdjhtm?etfid=00993A.TW&topc=
2026-07-24,00993A,主動安聯台灣,2345,æºé¦,2.91,126000.0,0.0,通信網路業,https://www.moneydj.com/ETF/X/Basic/Basic0007.xdjhtm?etfid=00993A.TW&topc=
2026-07-24,00993A,主動安聯台灣,2308,å°éé»,2.86,154000.0,0.0,電子零組件業,https://www.moneydj.com/ETF/X/Basic/Basic0007.xdjhtm?etfid=00993A.TW&topc=
2026-07-24,00993A,主動安聯台灣,2344,è¯é¦é»,2.81,1749000.0,0.0,半導體業,https://www.moneydj.com/ETF/X/Basic/Basic0007.xdjhtm?etfid=00993A.TW&topc=
2026-07-24,00993A,主動安聯台灣,6274,å°ç¿,2.81,216000.0,0.0,電子零組件業,https://www.moneydj.com/ETF/X/Basic/Basic0007.xdjhtm?etfid=00993A.TW&topc=
2026-07-24,00993A,主動安聯台灣,3037,æ¬£è,2.63,301000.0,0.0,電子零組件業,https://www.moneydj.com/ETF/X/Basic/Basic0007.xdjhtm?etfid=00993A.TW&topc=
2026-07-24,00994A,主動第一金台股優,2330,å°ç©é»,14.41,289999.0,0.0,半導體業,https://www.moneydj.com/ETF/X/Basic/Basic0007.xdjhtm?etfid=00994A.TW&topc=
2026-07-24,00994A,主動第一金台股優,2383,å°åé»,7.54,75000.0,0.0,電子零組件業,https://www.moneydj.com/ETF/X/Basic/Basic0007.xdjhtm?etfid=00994A.TW&topc=
2026-07-24,00994A,主動第一金台股優,2454,è¯ç¼ç§,7.3,92001.0,0.0,半導體業,https://www.moneydj.com/ETF/X/Basic/Basic0007.xdjhtm?etfid=00994A.TW&topc=
2026-07-24,00994A,主動第一金台股優,3037,æ¬£è,5.55,313001.0,0.0,電子零組件業,https://www.moneydj.com/ETF/X/Basic/Basic0007.xdjhtm?etfid=00994A.TW&topc=
2026-07-24,00994A,主動第一金台股優,8046,åé»,5.54,236000.0,0.0,電子零組件業,https://www.moneydj.com/ETF/X/Basic/Basic0007.xdjhtm?etfid=00994A.TW&topc=
2026-07-24,00994A,主動第一金台股優,2345,æºé¦,4.79,102000.0,0.0,通信網路業,https://www.moneydj.com/ETF/X/Basic/Basic0007.xdjhtm?etfid=00994A.TW&topc=
2026-07-24,00994A,主動第一金台股優,6223,æºç½,4.69,38901.0,0.0,半導體業,https://www.moneydj.com/ETF/X/Basic/Basic0007.xdjhtm?etfid=00994A.TW&topc=
2026-07-24,00994A,主動第一金台股優,3017,å¥é,4.5,89500.0,0.0,電腦及週邊設備業,https://www.moneydj.com/ETF/X/Basic/Basic0007.xdjhtm?etfid=00994A.TW&topc=
2026-07-24,00994A,主動第一金台股優,6274,å°ç¿,4.18,158000.0,0.0,電子零組件業,https://www.moneydj.com/ETF/X/Basic/Basic0007.xdjhtm?etfid=00994A.TW&topc=
2026-07-24,00994A,主動第一金台股優,2059,å·æ¹,3.44,21001.0,0.0,電子零組件業,https://www.moneydj.com/ETF/X/Basic/Basic0007.xdjhtm?etfid=00994A.TW&topc=
2026-07-24,00995A,主動中信台灣卓越,2330,å°ç©é»,9.28,188000.0,0.0,半導體業,https://www.moneydj.com/ETF/X/Basic/Basic0007.xdjhtm?etfid=00995A.TW&topc=
2026-07-24,00995A,主動中信台灣卓越,2383,å°åé»,7.68,77000.0,0.0,電子零組件業,https://www.moneydj.com/ETF/X/Basic/Basic0007.xdjhtm?etfid=00995A.TW&topc=
2026-07-24,00995A,主動中信台灣卓越,2454,è¯ç¼ç§,5.82,74000.0,0.0,半導體業,https://www.moneydj.com/ETF/X/Basic/Basic0007.xdjhtm?etfid=00995A.TW&topc=
2026-07-24,00995A,主動中信台灣卓越,6669,ç·¯ç©,5.17,43000.0,0.0,電腦及週邊設備業,https://www.moneydj.com/ETF/X/Basic/Basic0007.xdjhtm?etfid=00995A.TW&topc=
2026-07-24,00995A,主動中信台灣卓越,2345,æºé¦,5.12,110000.0,0.0,通信網路業,https://www.moneydj.com/ETF/X/Basic/Basic0007.xdjhtm?etfid=00995A.TW&topc=
2026-07-24,00995A,主動中信台灣卓越,6223,æºç½,4.31,36000.0,0.0,半導體業,https://www.moneydj.com/ETF/X/Basic/Basic0007.xdjhtm?etfid=00995A.TW&topc=
2026-07-24,00995A,主動中信台灣卓越,2327,åå·¨*,4.08,303000.0,0.0,電子零組件業,https://www.moneydj.com/ETF/X/Basic/Basic0007.xdjhtm?etfid=00995A.TW&topc=
2026-07-24,00995A,主動中信台灣卓越,3037,æ¬£è,4.08,232000.0,0.0,電子零組件業,https://www.moneydj.com/ETF/X/Basic/Basic0007.xdjhtm?etfid=00995A.TW&topc=
2026-07-24,00995A,主動中信台灣卓越,3017,å¥é,3.99,80000.0,0.0,電腦及週邊設備業,https://www.moneydj.com/ETF/X/Basic/Basic0007.xdjhtm?etfid=00995A.TW&topc=
2026-07-24,00995A,主動中信台灣卓越,8046,åé»,3.96,170000.0,0.0,電子零組件業,https://www.moneydj.com/ETF/X/Basic/Basic0007.xdjhtm?etfid=00995A.TW&topc=
2026-07-24,00996A,主動兆豐台灣豐收,2330,å°ç©é»,10.04,179000.0,0.0,半導體業,https://www.moneydj.com/ETF/X/Basic/Basic0007.xdjhtm?etfid=00996A.TW&topc=
2026-07-24,00996A,主動兆豐台灣豐收,2454,è¯ç¼ç§,7.25,81000.0,0.0,半導體業,https://www.moneydj.com/ETF/X/Basic/Basic0007.xdjhtm?etfid=00996A.TW&topc=
2026-07-24,00996A,主動兆豐台灣豐收,4958,è»é¼-KY,7.03,611000.0,0.0,電子零組件業,https://www.moneydj.com/ETF/X/Basic/Basic0007.xdjhtm?etfid=00996A.TW&topc=
2026-07-24,00996A,主動兆豐台灣豐收,2327,åå·¨*,6.69,437000.0,0.0,電子零組件業,https://www.moneydj.com/ETF/X/Basic/Basic0007.xdjhtm?etfid=00996A.TW&topc=
2026-07-24,00996A,主動兆豐台灣豐收,2383,å°åé»,5.79,51000.0,0.0,電子零組件業,https://www.moneydj.com/ETF/X/Basic/Basic0007.xdjhtm?etfid=00996A.TW&topc=
2026-07-24,00996A,主動兆豐台灣豐收,2308,å°éé»,4.47,105000.0,0.0,電子零組件業,https://www.moneydj.com/ETF/X/Basic/Basic0007.xdjhtm?etfid=00996A.TW&topc=
2026-07-24,00996A,主動兆豐台灣豐收,2472,ç«éé»,3.71,601000.0,0.0,電子零組件業,https://www.moneydj.com/ETF/X/Basic/Basic0007.xdjhtm?etfid=00996A.TW&topc=
2026-07-24,00996A,主動兆豐台灣豐收,8046,åé»,3.6,136000.0,0.0,電子零組件業,https://www.moneydj.com/ETF/X/Basic/Basic0007.xdjhtm?etfid=00996A.TW&topc=
2026-07-24,00996A,主動兆豐台灣豐收,2344,è¯é¦é»,3.3,895000.0,0.0,半導體業,https://www.moneydj.com/ETF/X/Basic/Basic0007.xdjhtm?etfid=00996A.TW&topc=
2026-07-24,00996A,主動兆豐台灣豐收,6831,éç§,2.86,177000.0,0.0,電腦及週邊設備業,https://www.moneydj.com/ETF/X/Basic/Basic0007.xdjhtm?etfid=00996A.TW&topc=
2026-07-24,00997A,主動群益美國增長,AMD,AMD,6.24,52840.0,0.0,未分類,https://www.moneydj.com/ETF/X/Basic/Basic0007.xdjhtm?etfid=00997A.TW&topc=
2026-07-24,00997A,主動群益美國增長,MU,Micron,5.05,23302.0,0.0,未分類,https://www.moneydj.com/ETF/X/Basic/Basic0007.xdjhtm?etfid=00997A.TW&topc=
2026-07-24,00997A,主動群益美國增長,AMAT,Applied Materials,4.99,40497.0,0.0,未分類,https://www.moneydj.com/ETF/X/Basic/Basic0007.xdjhtm?etfid=00997A.TW&topc=
2026-07-24,00997A,主動群益美國增長,WDC,Western Digital,3.62,29632.0,0.0,未分類,https://www.moneydj.com/ETF/X/Basic/Basic0007.xdjhtm?etfid=00997A.TW&topc=
2026-07-24,00997A,主動群益美國增長,MRVL,Marvell,3.23,70533.0,0.0,未分類,https://www.moneydj.com/ETF/X/Basic/Basic0007.xdjhtm?etfid=00997A.TW&topc=
2026-07-24,00997A,主動群益美國增長,SNDK,Sandisk,3.16,8980.0,0.0,未分類,https://www.moneydj.com/ETF/X/Basic/Basic0007.xdjhtm?etfid=00997A.TW&topc=
2026-07-24,00997A,主動群益美國增長,STX,Seagate,2.86,14302.0,0.0,未分類,https://www.moneydj.com/ETF/X/Basic/Basic0007.xdjhtm?etfid=00997A.TW&topc=
2026-07-24,00997A,主動群益美國增長,AAPL,Apple,2.83,40258.0,0.0,未分類,https://www.moneydj.com/ETF/X/Basic/Basic0007.xdjhtm?etfid=00997A.TW&topc=
2026-07-24,00997A,主動群益美國增長,GOOGL,lphabet - Class A Common Stock,2.77,39899.0,0.0,未分類,https://www.moneydj.com/ETF/X/Basic/Basic0007.xdjhtm?etfid=00997A.TW&topc=
2026-07-24,00997A,主動群益美國增長,LRCX,Lam Research,2.67,38116.0,0.0,未分類,https://www.moneydj.com/ETF/X/Basic/Basic0007.xdjhtm?etfid=00997A.TW&topc=
2026-07-24,00998A,主動復華金融股息,BMPSIM,義大利西恩那銀行股份公司,4.634,400000.0,0.0,未分類,https://www.fhtrust.com.tw/ETF/etf_detail/ETF24#nav
2026-07-24,00998A,主動復華金融股息,UNIIM,Unipol保險股份公司,4.599,170000.0,0.0,未分類,https://www.fhtrust.com.tw/ETF/etf_detail/ETF24#nav
2026-07-24,00998A,主動復華金融股息,HSBALN,匯豐控股有限公司,4.004,220000.0,0.0,未分類,https://www.fhtrust.com.tw/ETF/etf_detail/ETF24#nav
2026-07-24,00998A,主動復華金融股息,ABNNA,荷蘭銀行公眾有限公司,3.791,100000.0,0.0,未分類,https://www.fhtrust.com.tw/ETF/etf_detail/ETF24#nav
2026-07-24,00998A,主動復華金融股息,TPEIRGA,Piraeus Bank SA,3.743,400000.0,0.0,未分類,https://www.fhtrust.com.tw/ETF/etf_detail/ETF24#nav
2026-07-24,00998A,主動復華金融股息,STANLN,渣打集團有限公司,3.552,140000.0,0.0,未分類,https://www.fhtrust.com.tw/ETF/etf_detail/ETF24#nav
2026-07-24,00998A,主動復華金融股息,BACUS,美國銀行,3.549,65000.0,0.0,未分類,https://www.fhtrust.com.tw/ETF/etf_detail/ETF24#nav
2026-07-24,00998A,主動復華金融股息,GLEFP,法國興業銀行股份有限公司,3.317,43000.0,0.0,未分類,https://www.fhtrust.com.tw/ETF/etf_detail/ETF24#nav
2026-07-24,00998A,主動復華金融股息,BNPFP,法國巴黎銀行股份有限公司,3.275,31000.0,0.0,未分類,https://www.fhtrust.com.tw/ETF/etf_detail/ETF24#nav
2026-07-24,00998A,主動復華金融股息,AMUNFP,東方匯理資產管理有限責任公司,3.12,35000.0,0.0,未分類,https://www.fhtrust.com.tw/ETF/etf_detail/ETF24#nav
2026-07-24,00999A,主動野村臺灣高息,2330,å°ç©é»,5.89,308000.0,0.0,半導體業,https://www.moneydj.com/ETF/X/Basic/Basic0007.xdjhtm?etfid=00999A.TW&topc=
2026-07-24,00999A,主動野村臺灣高息,2059,å·æ¹,4.34,69000.0,0.0,電子零組件業,https://www.moneydj.com/ETF/X/Basic/Basic0007.xdjhtm?etfid=00999A.TW&topc=
2026-07-24,00999A,主動野村臺灣高息,2454,è¯ç¼ç§,3.94,129000.0,0.0,半導體業,https://www.moneydj.com/ETF/X/Basic/Basic0007.xdjhtm?etfid=00999A.TW&topc=
2026-07-24,00999A,主動野村臺灣高息,2383,å°åé»,3.83,99000.0,0.0,電子零組件業,https://www.moneydj.com/ETF/X/Basic/Basic0007.xdjhtm?etfid=00999A.TW&topc=
2026-07-24,00999A,主動野村臺灣高息,3711,æ¥æåææ§,3.55,712000.0,0.0,半導體業,https://www.moneydj.com/ETF/X/Basic/Basic0007.xdjhtm?etfid=00999A.TW&topc=
2026-07-24,00999A,主動野村臺灣高息,2308,å°éé»,3.44,237000.0,0.0,電子零組件業,https://www.moneydj.com/ETF/X/Basic/Basic0007.xdjhtm?etfid=00999A.TW&topc=
2026-07-24,00999A,主動野村臺灣高息,7769,é´»å,3.05,62000.0,0.0,半導體業,https://www.moneydj.com/ETF/X/Basic/Basic0007.xdjhtm?etfid=00999A.TW&topc=
2026-07-24,00999A,主動野村臺灣高息,3653,å¥ç­,2.65,95000.0,0.0,電子零組件業,https://www.moneydj.com/ETF/X/Basic/Basic0007.xdjhtm?etfid=00999A.TW&topc=
2026-07-24,00999A,主動野村臺灣高息,2368,éåé»,2.05,280000.0,0.0,電子零組件業,https://www.moneydj.com/ETF/X/Basic/Basic0007.xdjhtm?etfid=00999A.TW&topc=
2026-07-24,00999A,主動野村臺灣高息,6223,æºç½,1.95,42000.0,0.0,半導體業,https://www.moneydj.com/ETF/X/Basic/Basic0007.xdjhtm?etfid=00999A.TW&topc=
2026-07-27,00400A,主動國泰動能高息,2330,å°ç©é»,8.45,958000.0,0.0,半導體業,https://www.moneydj.com/ETF/X/Basic/Basic0007.xdjhtm?etfid=00400A.TW&topc=
2026-07-27,00400A,主動國泰動能高息,2454,è¯ç¼ç§,6.08,440000.0,0.0,半導體業,https://www.moneydj.com/ETF/X/Basic/Basic0007.xdjhtm?etfid=00400A.TW&topc=
2026-07-27,00400A,主動國泰動能高息,2383,å°åé»,5.26,291000.0,0.0,電子零組件業,https://www.moneydj.com/ETF/X/Basic/Basic0007.xdjhtm?etfid=00400A.TW&topc=
2026-07-27,00400A,主動國泰動能高息,2360,è´è,5.24,665000.0,0.0,其他電子業,https://www.moneydj.com/ETF/X/Basic/Basic0007.xdjhtm?etfid=00400A.TW&topc=
2026-07-27,00400A,主動國泰動能高息,6669,ç·¯ç©,4.38,203000.0,0.0,電腦及週邊設備業,https://www.moneydj.com/ETF/X/Basic/Basic0007.xdjhtm?etfid=00400A.TW&topc=
2026-07-27,00400A,主動國泰動能高息,3037,æ¬£è,4.25,1336000.0,0.0,電子零組件業,https://www.moneydj.com/ETF/X/Basic/Basic0007.xdjhtm?etfid=00400A.TW&topc=
2026-07-27,00400A,主動國泰動能高息,3017,å¥é,4.12,457000.0,0.0,電腦及週邊設備業,https://www.moneydj.com/ETF/X/Basic/Basic0007.xdjhtm?etfid=00400A.TW&topc=
2026-07-27,00400A,主動國泰動能高息,6223,æºç½,3.67,171000.0,0.0,半導體業,https://www.moneydj.com/ETF/X/Basic/Basic0007.xdjhtm?etfid=00400A.TW&topc=
2026-07-27,00400A,主動國泰動能高息,2059,å·æ¹,3.51,113000.0,0.0,電子零組件業,https://www.moneydj.com/ETF/X/Basic/Basic0007.xdjhtm?etfid=00400A.TW&topc=
2026-07-27,00400A,主動國泰動能高息,6488,ç°çæ¶,3.41,853000.0,0.0,半導體業,https://www.moneydj.com/ETF/X/Basic/Basic0007.xdjhtm?etfid=00400A.TW&topc=
2026-07-27,00980A,主動野村臺灣優選,2330,å°ç©é»,9.45,634000.0,0.0,半導體業,https://www.moneydj.com/ETF/X/Basic/Basic0007.xdjhtm?etfid=00980A.TW&topc=
2026-07-27,00980A,主動野村臺灣優選,2454,è¯ç¼ç§,6.28,269000.0,0.0,半導體業,https://www.moneydj.com/ETF/X/Basic/Basic0007.xdjhtm?etfid=00980A.TW&topc=
2026-07-27,00980A,主動野村臺灣優選,2059,å·æ¹,4.78,91000.0,0.0,電子零組件業,https://www.moneydj.com/ETF/X/Basic/Basic0007.xdjhtm?etfid=00980A.TW&topc=
2026-07-27,00980A,主動野村臺灣優選,2383,å°åé»,4.61,151000.0,0.0,電子零組件業,https://www.moneydj.com/ETF/X/Basic/Basic0007.xdjhtm?etfid=00980A.TW&topc=
2026-07-27,00980A,主動野村臺灣優選,2308,å°éé»,4.21,378000.0,0.0,電子零組件業,https://www.moneydj.com/ETF/X/Basic/Basic0007.xdjhtm?etfid=00980A.TW&topc=
2026-07-27,00980A,主動野村臺灣優選,3037,æ¬£è,3.02,562000.0,0.0,電子零組件業,https://www.moneydj.com/ETF/X/Basic/Basic0007.xdjhtm?etfid=00980A.TW&topc=
2026-07-27,00980A,主動野村臺灣優選,7769,é´»å,2.83,73000.0,0.0,半導體業,https://www.moneydj.com/ETF/X/Basic/Basic0007.xdjhtm?etfid=00980A.TW&topc=
2026-07-27,00980A,主動野村臺灣優選,2408,åäºç§,2.79,1008000.0,0.0,半導體業,https://www.moneydj.com/ETF/X/Basic/Basic0007.xdjhtm?etfid=00980A.TW&topc=
2026-07-27,00980A,主動野村臺灣優選,6223,æºç½,2.76,76000.0,0.0,半導體業,https://www.moneydj.com/ETF/X/Basic/Basic0007.xdjhtm?etfid=00980A.TW&topc=
2026-07-27,00980A,主動野村臺灣優選,3081,è¯äº,2.72,237600.0,0.0,通信網路業,https://www.moneydj.com/ETF/X/Basic/Basic0007.xdjhtm?etfid=00980A.TW&topc=
2026-07-27,00982A,主動群益台灣強棒,2330,台積電,9.62,1967000.0,0.0,半導體業,https://www.capitalfund.com.tw/etf/product/detail/399/buyback
2026-07-27,00982A,主動群益台灣強棒,5536,聖暉*,8.7,3783000.0,0.0,其他電子業,https://www.capitalfund.com.tw/etf/product/detail/399/buyback
2026-07-27,00982A,主動群益台灣強棒,2454,聯發科,6.67,871000.0,0.0,半導體業,https://www.capitalfund.com.tw/etf/product/detail/399/buyback
2026-07-27,00982A,主動群益台灣強棒,6139,亞翔,5.11,3219000.0,0.0,其他電子業,https://www.capitalfund.com.tw/etf/product/detail/399/buyback
2026-07-27,00982A,主動群益台灣強棒,6669,緯穎,4.25,355000.0,0.0,電腦及週邊設備業,https://www.capitalfund.com.tw/etf/product/detail/399/buyback
2026-07-27,00982A,主動群益台灣強棒,2345,智邦,3.8,814000.0,0.0,通信網路業,https://www.capitalfund.com.tw/etf/product/detail/399/buyback
2026-07-27,00982A,主動群益台灣強棒,2360,致茂,3.66,837000.0,0.0,其他電子業,https://www.capitalfund.com.tw/etf/product/detail/399/buyback
2026-07-27,00982A,主動群益台灣強棒,6223,旺矽,3.66,307000.0,0.0,半導體業,https://www.capitalfund.com.tw/etf/product/detail/399/buyback
2026-07-27,00982A,主動群益台灣強棒,2383,台光電,3.34,333000.0,0.0,電子零組件業,https://www.capitalfund.com.tw/etf/product/detail/399/buyback
2026-07-27,00982A,主動群益台灣強棒,2059,川湖,3.19,185000.0,0.0,電子零組件業,https://www.capitalfund.com.tw/etf/product/detail/399/buyback
2026-07-27,00985A,主動野村台灣50,2330,å°ç©é»,17.29,714000.0,0.0,半導體業,https://www.moneydj.com/ETF/X/Basic/Basic0007.xdjhtm?etfid=00985A.TW&topc=
2026-07-27,00985A,主動野村台灣50,2376,æå,4.21,1170000.0,0.0,電腦及週邊設備業,https://www.moneydj.com/ETF/X/Basic/Basic0007.xdjhtm?etfid=00985A.TW&topc=
2026-07-27,00985A,主動野村台灣50,2027,å¤§æé¼,3.76,8199000.0,0.0,鋼鐵工業,https://www.moneydj.com/ETF/X/Basic/Basic0007.xdjhtm?etfid=00985A.TW&topc=
2026-07-27,00985A,主動野村台灣50,4904,é å³,3.66,3304000.0,0.0,通信網路業,https://www.moneydj.com/ETF/X/Basic/Basic0007.xdjhtm?etfid=00985A.TW&topc=
2026-07-27,00985A,主動野村台灣50,2412,ä¸­è¯é»,3.64,2513000.0,0.0,通信網路業,https://www.moneydj.com/ETF/X/Basic/Basic0007.xdjhtm?etfid=00985A.TW&topc=
2026-07-27,00985A,主動野村台灣50,2059,å·æ¹,3.5,41000.0,0.0,電子零組件業,https://www.moneydj.com/ETF/X/Basic/Basic0007.xdjhtm?etfid=00985A.TW&topc=
2026-07-27,00985A,主動野村台灣50,6442,åè,3.49,255000.0,0.0,通信網路業,https://www.moneydj.com/ETF/X/Basic/Basic0007.xdjhtm?etfid=00985A.TW&topc=
2026-07-27,00985A,主動野村台灣50,3008,å¤§ç«å,3.33,79000.0,0.0,光電業,https://www.moneydj.com/ETF/X/Basic/Basic0007.xdjhtm?etfid=00985A.TW&topc=
2026-07-27,00985A,主動野村台灣50,3036,ææ,3.21,1533000.0,0.0,電子通路業,https://www.moneydj.com/ETF/X/Basic/Basic0007.xdjhtm?etfid=00985A.TW&topc=
2026-07-27,00985A,主動野村台灣50,6187,è¬æ½¤,3.2,300000.0,0.0,半導體業,https://www.moneydj.com/ETF/X/Basic/Basic0007.xdjhtm?etfid=00985A.TW&topc=
2026-07-27,00988A,主動統一全球創新,AMDUS,ADVANCED MICRO DEVICES.amd us(超微半導體公司),6.0,205000.0,0.0,未分類,https://www.ezmoney.com.tw/ETF/Transaction/PCF?fundCode=61YTW
2026-07-27,00988A,主動統一全球創新,MUUS,MICRON TECHNOLOGY INC,5.83,108569.0,0.0,未分類,https://www.ezmoney.com.tw/ETF/Transaction/PCF?fundCode=61YTW
2026-07-27,00988A,主動統一全球創新,009150KS,Samsung Electro-Mechanics co(009150 ks),4.51,83000.0,0.0,未分類,https://www.ezmoney.com.tw/ETF/Transaction/PCF?fundCode=61YTW
2026-07-27,00988A,主動統一全球創新,AMATUS,APPLIED MATERIALS INC,4.12,135000.0,0.0,未分類,https://www.ezmoney.com.tw/ETF/Transaction/PCF?fundCode=61YTW
2026-07-27,00988A,主動統一全球創新,6981JP,MURATA MANUFACTURING CO LTD,3.83,1350000.0,0.0,未分類,https://www.ezmoney.com.tw/ETF/Transaction/PCF?fundCode=61YTW
2026-07-27,00988A,主動統一全球創新,285AJP,KIOXIA HOLDINGS CORP,3.7,180000.0,0.0,未分類,https://www.ezmoney.com.tw/ETF/Transaction/PCF?fundCode=61YTW
2026-07-27,00988A,主動統一全球創新,BEUS,BLOOM ENERGY CORP- A,3.66,310000.0,0.0,未分類,https://www.ezmoney.com.tw/ETF/Transaction/PCF?fundCode=61YTW
2026-07-27,00988A,主動統一全球創新,3037,欣興,3.61,2400000.0,0.0,電子零組件業,https://www.ezmoney.com.tw/ETF/Transaction/PCF?fundCode=61YTW
2026-07-27,00988A,主動統一全球創新,2383,台光電,3.51,410000.0,0.0,電子零組件業,https://www.ezmoney.com.tw/ETF/Transaction/PCF?fundCode=61YTW
2026-07-27,00988A,主動統一全球創新,LITEUS,LUMENTUM HOLDINGS INC,3.48,77000.0,0.0,未分類,https://www.ezmoney.com.tw/ETF/Transaction/PCF?fundCode=61YTW
2026-07-27,00988A,主動統一全球創新,SNDKUS,SANDISK CORP,3.06,35000.0,0.0,未分類,https://www.ezmoney.com.tw/ETF/Transaction/PCF?fundCode=61YTW
2026-07-27,00988A,主動統一全球創新,2330,台積電,3.03,750000.0,0.0,半導體業,https://www.ezmoney.com.tw/ETF/Transaction/PCF?fundCode=61YTW
2026-07-27,00988A,主動統一全球創新,2454,聯發科,2.89,445000.0,0.0,半導體業,https://www.ezmoney.com.tw/ETF/Transaction/PCF?fundCode=61YTW
2026-07-27,00988A,主動統一全球創新,TSEMUS,TOWER SEMICONDUCTOR LTD,2.64,186825.0,0.0,未分類,https://www.ezmoney.com.tw/ETF/Transaction/PCF?fundCode=61YTW
2026-07-27,00988A,主動統一全球創新,CRDOUS,CREDO TECHNOLOGY GROUP HOLDI,2.57,200000.0,0.0,未分類,https://www.ezmoney.com.tw/ETF/Transaction/PCF?fundCode=61YTW
2026-07-27,00988A,主動統一全球創新,IFXGY,INFINEON TECHNOLOGIES AG,2.54,625000.0,0.0,未分類,https://www.ezmoney.com.tw/ETF/Transaction/PCF?fundCode=61YTW
2026-07-27,00988A,主動統一全球創新,6976JP,TAIYO YUDEN CO LTD,2.43,600000.0,0.0,未分類,https://www.ezmoney.com.tw/ETF/Transaction/PCF?fundCode=61YTW
2026-07-27,00988A,主動統一全球創新,WDCUS,WESTERN DIGITAL CORP,2.42,80000.0,0.0,未分類,https://www.ezmoney.com.tw/ETF/Transaction/PCF?fundCode=61YTW
2026-07-27,00988A,主動統一全球創新,8035JP,TOKYO ELECTRON LTD,2.41,110000.0,0.0,未分類,https://www.ezmoney.com.tw/ETF/Transaction/PCF?fundCode=61YTW
2026-07-27,00988A,主動統一全球創新,2327,國巨*,2.1,1800000.0,0.0,電子零組件業,https://www.ezmoney.com.tw/ETF/Transaction/PCF?fundCode=61YTW
2026-07-27,00988A,主動統一全球創新,6871JP,MICRONICS JAPAN CO LTD,2.01,370000.0,0.0,未分類,https://www.ezmoney.com.tw/ETF/Transaction/PCF?fundCode=61YTW
2026-07-27,00988A,主動統一全球創新,6223,旺矽,1.99,190000.0,0.0,半導體業,https://www.ezmoney.com.tw/ETF/Transaction/PCF?fundCode=61YTW
2026-07-27,00988A,主動統一全球創新,3711,日月光投控,1.96,1800000.0,0.0,半導體業,https://www.ezmoney.com.tw/ETF/Transaction/PCF?fundCode=61YTW
2026-07-27,00988A,主動統一全球創新,6920JP,LASERTEC CORP,1.95,130000.0,0.0,未分類,https://www.ezmoney.com.tw/ETF/Transaction/PCF?fundCode=61YTW
2026-07-27,00988A,主動統一全球創新,KLACUS,KLA CORP,1.9,160000.0,0.0,未分類,https://www.ezmoney.com.tw/ETF/Transaction/PCF?fundCode=61YTW
2026-07-27,00988A,主動統一全球創新,FTNTUS,FORTINET INC,1.64,200000.0,0.0,未分類,https://www.ezmoney.com.tw/ETF/Transaction/PCF?fundCode=61YTW
2026-07-27,00988A,主動統一全球創新,PANWUS,PALO ALTO NETWORKS INC,1.59,90000.0,0.0,未分類,https://www.ezmoney.com.tw/ETF/Transaction/PCF?fundCode=61YTW
2026-07-27,00988A,主動統一全球創新,MRVLUS,MARVELL TECHNOLOGY INC,1.48,130000.0,0.0,未分類,https://www.ezmoney.com.tw/ETF/Transaction/PCF?fundCode=61YTW
2026-07-27,00988A,主動統一全球創新,VECOUS,VEECO INSTRUMENTS INC,1.48,500000.0,0.0,未分類,https://www.ezmoney.com.tw/ETF/Transaction/PCF?fundCode=61YTW
2026-07-27,00988A,主動統一全球創新,3665,貿聯-KY,1.41,368000.0,0.0,其他電子業,https://www.ezmoney.com.tw/ETF/Transaction/PCF?fundCode=61YTW
2026-07-27,00988A,主動統一全球創新,6997JP,NIPPON CHEMI-CON CORP,1.4,1275100.0,0.0,未分類,https://www.ezmoney.com.tw/ETF/Transaction/PCF?fundCode=61YTW
2026-07-27,00988A,主動統一全球創新,NOWUS,SERVICENOW INC,1.35,270000.0,0.0,未分類,https://www.ezmoney.com.tw/ETF/Transaction/PCF?fundCode=61YTW
2026-07-27,00988A,主動統一全球創新,3436JP,SUMCO CORP,1.25,1000000.0,0.0,未分類,https://www.ezmoney.com.tw/ETF/Transaction/PCF?fundCode=61YTW
2026-07-27,00988A,主動統一全球創新,2303,聯電,1.05,4500000.0,0.0,半導體業,https://www.ezmoney.com.tw/ETF/Transaction/PCF?fundCode=61YTW
2026-07-27,00988A,主動統一全球創新,2308,台達電,1.01,320000.0,0.0,電子零組件業,https://www.ezmoney.com.tw/ETF/Transaction/PCF?fundCode=61YTW
2026-07-27,00988A,主動統一全球創新,STMUS,STMICROELECTRONICS NV-NY SHS,0.87,300000.0,0.0,未分類,https://www.ezmoney.com.tw/ETF/Transaction/PCF?fundCode=61YTW
2026-07-27,00988A,主動統一全球創新,300408CH,CHAOZHOU THREE-CIRCLE GROU-A,0.76,899909.0,0.0,未分類,https://www.ezmoney.com.tw/ETF/Transaction/PCF?fundCode=61YTW
2026-07-27,00988A,主動統一全球創新,301377CH,GUANGDONG DTECH TECHNOLOGY-A,0.61,189988.0,0.0,未分類,https://www.ezmoney.com.tw/ETF/Transaction/PCF?fundCode=61YTW
2026-07-27,00988A,主動統一全球創新,AIXAGY,AIXTRON SE,0.5,200000.0,0.0,未分類,https://www.ezmoney.com.tw/ETF/Transaction/PCF?fundCode=61YTW
2026-07-27,00988A,主動統一全球創新,3017,奇鋐,0.47,115000.0,0.0,電腦及週邊設備業,https://www.ezmoney.com.tw/ETF/Transaction/PCF?fundCode=61YTW
2026-07-27,00988A,主動統一全球創新,4062JP,IBIDEN CO LTD,0.36,60000.0,0.0,未分類,https://www.ezmoney.com.tw/ETF/Transaction/PCF?fundCode=61YTW
2026-07-27,00988A,主動統一全球創新,AEHRUS,AEHR TEST SYSTEMS,0.05,10459.0,0.0,未分類,https://www.ezmoney.com.tw/ETF/Transaction/PCF?fundCode=61YTW
2026-07-27,00993A,主動安聯台灣,2330,å°ç©é»,13.95,572000.0,0.0,半導體業,https://www.moneydj.com/ETF/X/Basic/Basic0007.xdjhtm?etfid=00993A.TW&topc=
2026-07-27,00993A,主動安聯台灣,6223,æºç½,5.81,98000.0,0.0,半導體業,https://www.moneydj.com/ETF/X/Basic/Basic0007.xdjhtm?etfid=00993A.TW&topc=
2026-07-27,00993A,主動安聯台灣,2454,è¯ç¼ç§,4.35,114000.0,0.0,半導體業,https://www.moneydj.com/ETF/X/Basic/Basic0007.xdjhtm?etfid=00993A.TW&topc=
2026-07-27,00993A,主動安聯台灣,2383,å°åé»,3.79,76000.0,0.0,電子零組件業,https://www.moneydj.com/ETF/X/Basic/Basic0007.xdjhtm?etfid=00993A.TW&topc=
2026-07-27,00993A,主動安聯台灣,2059,å·æ¹,3.17,37000.0,0.0,電子零組件業,https://www.moneydj.com/ETF/X/Basic/Basic0007.xdjhtm?etfid=00993A.TW&topc=
2026-07-27,00993A,主動安聯台灣,2345,æºé¦,2.92,126000.0,0.0,通信網路業,https://www.moneydj.com/ETF/X/Basic/Basic0007.xdjhtm?etfid=00993A.TW&topc=
2026-07-27,00993A,主動安聯台灣,2344,è¯é¦é»,2.9,1749000.0,0.0,半導體業,https://www.moneydj.com/ETF/X/Basic/Basic0007.xdjhtm?etfid=00993A.TW&topc=
2026-07-27,00993A,主動安聯台灣,6274,å°ç¿,2.81,216000.0,0.0,電子零組件業,https://www.moneydj.com/ETF/X/Basic/Basic0007.xdjhtm?etfid=00993A.TW&topc=
2026-07-27,00993A,主動安聯台灣,2308,å°éé»,2.8,154000.0,0.0,電子零組件業,https://www.moneydj.com/ETF/X/Basic/Basic0007.xdjhtm?etfid=00993A.TW&topc=
2026-07-27,00993A,主動安聯台灣,3037,æ¬£è,2.64,301000.0,0.0,電子零組件業,https://www.moneydj.com/ETF/X/Basic/Basic0007.xdjhtm?etfid=00993A.TW&topc=
2026-07-27,00999A,主動野村臺灣高息,2330,å°ç©é»,5.85,308000.0,0.0,半導體業,https://www.moneydj.com/ETF/X/Basic/Basic0007.xdjhtm?etfid=00999A.TW&topc=
2026-07-27,00999A,主動野村臺灣高息,2059,å·æ¹,4.62,69000.0,0.0,電子零組件業,https://www.moneydj.com/ETF/X/Basic/Basic0007.xdjhtm?etfid=00999A.TW&topc=
2026-07-27,00999A,主動野村臺灣高息,2383,å°åé»,3.85,99000.0,0.0,電子零組件業,https://www.moneydj.com/ETF/X/Basic/Basic0007.xdjhtm?etfid=00999A.TW&topc=
2026-07-27,00999A,主動野村臺灣高息,2454,è¯ç¼ç§,3.84,129000.0,0.0,半導體業,https://www.moneydj.com/ETF/X/Basic/Basic0007.xdjhtm?etfid=00999A.TW&topc=
2026-07-27,00999A,主動野村臺灣高息,3711,æ¥æåææ§,3.5,712000.0,0.0,半導體業,https://www.moneydj.com/ETF/X/Basic/Basic0007.xdjhtm?etfid=00999A.TW&topc=
2026-07-27,00999A,主動野村臺灣高息,2308,å°éé»,3.36,237000.0,0.0,電子零組件業,https://www.moneydj.com/ETF/X/Basic/Basic0007.xdjhtm?etfid=00999A.TW&topc=
2026-07-27,00999A,主動野村臺灣高息,7769,é´»å,3.06,62000.0,0.0,半導體業,https://www.moneydj.com/ETF/X/Basic/Basic0007.xdjhtm?etfid=00999A.TW&topc=
2026-07-27,00999A,主動野村臺灣高息,3653,å¥ç­,2.71,95000.0,0.0,電子零組件業,https://www.moneydj.com/ETF/X/Basic/Basic0007.xdjhtm?etfid=00999A.TW&topc=
2026-07-27,00999A,主動野村臺灣高息,2408,åäºç§,2.07,587000.0,0.0,半導體業,https://www.moneydj.com/ETF/X/Basic/Basic0007.xdjhtm?etfid=00999A.TW&topc=
2026-07-27,00999A,主動野村臺灣高息,2368,éåé»,2.03,280000.0,0.0,電子零組件業,https://www.moneydj.com/ETF/X/Basic/Basic0007.xdjhtm?etfid=00999A.TW&topc=
2026-07-28,00400A,主動國泰動能高息,2330,å°ç©é»,8.67,958000.0,0.0,半導體業,https://www.moneydj.com/ETF/X/Basic/Basic0007.xdjhtm?etfid=00400A.TW&topc=
2026-07-28,00400A,主動國泰動能高息,2360,è´è,5.12,665000.0,0.0,其他電子業,https://www.moneydj.com/ETF/X/Basic/Basic0007.xdjhtm?etfid=00400A.TW&topc=
2026-07-28,00400A,主動國泰動能高息,2383,å°åé»,5.09,291000.0,0.0,電子零組件業,https://www.moneydj.com/ETF/X/Basic/Basic0007.xdjhtm?etfid=00400A.TW&topc=
2026-07-28,00400A,主動國泰動能高息,2454,è¯ç¼ç§,5.05,384000.0,0.0,半導體業,https://www.moneydj.com/ETF/X/Basic/Basic0007.xdjhtm?etfid=00400A.TW&topc=
2026-07-28,00400A,主動國泰動能高息,6669,ç·¯ç©,4.28,203000.0,0.0,電腦及週邊設備業,https://www.moneydj.com/ETF/X/Basic/Basic0007.xdjhtm?etfid=00400A.TW&topc=
2026-07-28,00400A,主動國泰動能高息,3017,å¥é,4.06,457000.0,0.0,電腦及週邊設備業,https://www.moneydj.com/ETF/X/Basic/Basic0007.xdjhtm?etfid=00400A.TW&topc=
2026-07-28,00400A,主動國泰動能高息,3037,æ¬£è,4.05,1336000.0,0.0,電子零組件業,https://www.moneydj.com/ETF/X/Basic/Basic0007.xdjhtm?etfid=00400A.TW&topc=
2026-07-28,00400A,主動國泰動能高息,6223,æºç½,3.51,171000.0,0.0,半導體業,https://www.moneydj.com/ETF/X/Basic/Basic0007.xdjhtm?etfid=00400A.TW&topc=
2026-07-28,00400A,主動國泰動能高息,2059,å·æ¹,3.34,113000.0,0.0,電子零組件業,https://www.moneydj.com/ETF/X/Basic/Basic0007.xdjhtm?etfid=00400A.TW&topc=
2026-07-28,00400A,主動國泰動能高息,6488,ç°çæ¶,3.25,853000.0,0.0,半導體業,https://www.moneydj.com/ETF/X/Basic/Basic0007.xdjhtm?etfid=00400A.TW&topc=
2026-07-28,00980A,主動野村臺灣優選,2330,å°ç©é»,9.86,634000.0,0.0,半導體業,https://www.moneydj.com/ETF/X/Basic/Basic0007.xdjhtm?etfid=00980A.TW&topc=
2026-07-28,00980A,主動野村臺灣優選,2454,è¯ç¼ç§,6.08,269000.0,0.0,半導體業,https://www.moneydj.com/ETF/X/Basic/Basic0007.xdjhtm?etfid=00980A.TW&topc=
2026-07-28,00980A,主動野村臺灣優選,2059,å·æ¹,4.62,91000.0,0.0,電子零組件業,https://www.moneydj.com/ETF/X/Basic/Basic0007.xdjhtm?etfid=00980A.TW&topc=
2026-07-28,00980A,主動野村臺灣優選,2383,å°åé»,4.54,151000.0,0.0,電子零組件業,https://www.moneydj.com/ETF/X/Basic/Basic0007.xdjhtm?etfid=00980A.TW&topc=
2026-07-28,00980A,主動野村臺灣優選,2308,å°éé»,4.07,378000.0,0.0,電子零組件業,https://www.moneydj.com/ETF/X/Basic/Basic0007.xdjhtm?etfid=00980A.TW&topc=
2026-07-28,00980A,主動野村臺灣優選,3037,æ¬£è,2.93,562000.0,0.0,電子零組件業,https://www.moneydj.com/ETF/X/Basic/Basic0007.xdjhtm?etfid=00980A.TW&topc=
2026-07-28,00980A,主動野村臺灣優選,7769,é´»å,2.86,73000.0,0.0,半導體業,https://www.moneydj.com/ETF/X/Basic/Basic0007.xdjhtm?etfid=00980A.TW&topc=
2026-07-28,00980A,主動野村臺灣優選,3081,è¯äº,2.77,237600.0,0.0,通信網路業,https://www.moneydj.com/ETF/X/Basic/Basic0007.xdjhtm?etfid=00980A.TW&topc=
2026-07-28,00980A,主動野村臺灣優選,2408,åäºç§,2.7,1008000.0,0.0,半導體業,https://www.moneydj.com/ETF/X/Basic/Basic0007.xdjhtm?etfid=00980A.TW&topc=
2026-07-28,00980A,主動野村臺灣優選,6223,æºç½,2.68,76000.0,0.0,半導體業,https://www.moneydj.com/ETF/X/Basic/Basic0007.xdjhtm?etfid=00980A.TW&topc=
2026-07-28,00981A,主動統一台股增長,2330,å°ç©é»,9.71,10740000.0,0.0,半導體業,https://www.moneydj.com/ETF/X/Basic/Basic0007.xdjhtm?etfid=00981A.TW&topc=
2026-07-28,00981A,主動統一台股增長,2383,å°åé»,8.14,4653000.0,0.0,電子零組件業,https://www.moneydj.com/ETF/X/Basic/Basic0007.xdjhtm?etfid=00981A.TW&topc=
2026-07-28,00981A,主動統一台股增長,2454,è¯ç¼ç§,6.75,5131000.0,0.0,半導體業,https://www.moneydj.com/ETF/X/Basic/Basic0007.xdjhtm?etfid=00981A.TW&topc=
2026-07-28,00981A,主動統一台股增長,2327,åå·¨*,5.61,25098000.0,0.0,電子零組件業,https://www.moneydj.com/ETF/X/Basic/Basic0007.xdjhtm?etfid=00981A.TW&topc=
2026-07-28,00981A,主動統一台股增長,3037,æ¬£è,5.14,16971000.0,0.0,電子零組件業,https://www.moneydj.com/ETF/X/Basic/Basic0007.xdjhtm?etfid=00981A.TW&topc=
2026-07-28,00981A,主動統一台股增長,2345,æºé¦,5.13,6334000.0,0.0,通信網路業,https://www.moneydj.com/ETF/X/Basic/Basic0007.xdjhtm?etfid=00981A.TW&topc=
2026-07-28,00981A,主動統一台股增長,6669,ç·¯ç©,5.1,2417000.0,0.0,電腦及週邊設備業,https://www.moneydj.com/ETF/X/Basic/Basic0007.xdjhtm?etfid=00981A.TW&topc=
2026-07-28,00981A,主動統一台股增長,6223,æºç½,5.01,2443000.0,0.0,半導體業,https://www.moneydj.com/ETF/X/Basic/Basic0007.xdjhtm?etfid=00981A.TW&topc=
2026-07-28,00981A,主動統一台股增長,3017,å¥é,4.82,5423000.0,0.0,電腦及週邊設備業,https://www.moneydj.com/ETF/X/Basic/Basic0007.xdjhtm?etfid=00981A.TW&topc=
2026-07-28,00981A,主動統一台股增長,3665,è²¿è¯-KY,4.25,4833848.0,0.0,其他電子業,https://www.moneydj.com/ETF/X/Basic/Basic0007.xdjhtm?etfid=00981A.TW&topc=
2026-07-28,00982A,主動群益台灣強棒,2330,台積電,10.08,1967000.0,0.0,半導體業,https://www.capitalfund.com.tw/etf/product/detail/399/buyback
2026-07-28,00982A,主動群益台灣強棒,5536,聖暉*,8.65,3792000.0,0.0,其他電子業,https://www.capitalfund.com.tw/etf/product/detail/399/buyback
2026-07-28,00982A,主動群益台灣強棒,2454,聯發科,6.49,871000.0,0.0,半導體業,https://www.capitalfund.com.tw/etf/product/detail/399/buyback
2026-07-28,00982A,主動群益台灣強棒,6139,亞翔,5.09,3220000.0,0.0,其他電子業,https://www.capitalfund.com.tw/etf/product/detail/399/buyback
2026-07-28,00982A,主動群益台灣強棒,6669,緯穎,4.78,400000.0,0.0,電腦及週邊設備業,https://www.capitalfund.com.tw/etf/product/detail/399/buyback
2026-07-28,00982A,主動群益台灣強棒,2345,智邦,3.74,816000.0,0.0,通信網路業,https://www.capitalfund.com.tw/etf/product/detail/399/buyback
2026-07-28,00982A,主動群益台灣強棒,2360,致茂,3.65,837000.0,0.0,其他電子業,https://www.capitalfund.com.tw/etf/product/detail/399/buyback
2026-07-28,00982A,主動群益台灣強棒,6223,旺矽,3.56,307000.0,0.0,半導體業,https://www.capitalfund.com.tw/etf/product/detail/399/buyback
2026-07-28,00982A,主動群益台灣強棒,2383,台光電,3.3,333000.0,0.0,電子零組件業,https://www.capitalfund.com.tw/etf/product/detail/399/buyback
2026-07-28,00982A,主動群益台灣強棒,2059,川湖,3.1,185000.0,0.0,電子零組件業,https://www.capitalfund.com.tw/etf/product/detail/399/buyback
2026-07-28,00985A,主動野村台灣50,2330,å°ç©é»,17.73,714000.0,0.0,半導體業,https://www.moneydj.com/ETF/X/Basic/Basic0007.xdjhtm?etfid=00985A.TW&topc=
2026-07-28,00985A,主動野村台灣50,2376,æå,4.17,1170000.0,0.0,電腦及週邊設備業,https://www.moneydj.com/ETF/X/Basic/Basic0007.xdjhtm?etfid=00985A.TW&topc=
2026-07-28,00985A,主動野村台灣50,2059,å·æ¹,4.06,50000.0,0.0,電子零組件業,https://www.moneydj.com/ETF/X/Basic/Basic0007.xdjhtm?etfid=00985A.TW&topc=
2026-07-28,00985A,主動野村台灣50,2412,ä¸­è¯é»,3.86,2513000.0,0.0,通信網路業,https://www.moneydj.com/ETF/X/Basic/Basic0007.xdjhtm?etfid=00985A.TW&topc=
2026-07-28,00985A,主動野村台灣50,4904,é å³,3.81,3304000.0,0.0,通信網路業,https://www.moneydj.com/ETF/X/Basic/Basic0007.xdjhtm?etfid=00985A.TW&topc=
2026-07-28,00985A,主動野村台灣50,2027,å¤§æé¼,3.77,8199000.0,0.0,鋼鐵工業,https://www.moneydj.com/ETF/X/Basic/Basic0007.xdjhtm?etfid=00985A.TW&topc=
2026-07-28,00985A,主動野村台灣50,6442,åè,3.42,255000.0,0.0,通信網路業,https://www.moneydj.com/ETF/X/Basic/Basic0007.xdjhtm?etfid=00985A.TW&topc=
2026-07-28,00985A,主動野村台灣50,3008,å¤§ç«å,3.36,79000.0,0.0,光電業,https://www.moneydj.com/ETF/X/Basic/Basic0007.xdjhtm?etfid=00985A.TW&topc=
2026-07-28,00985A,主動野村台灣50,3036,ææ,3.18,1533000.0,0.0,電子通路業,https://www.moneydj.com/ETF/X/Basic/Basic0007.xdjhtm?etfid=00985A.TW&topc=
2026-07-28,00985A,主動野村台灣50,6187,è¬æ½¤,3.14,300000.0,0.0,半導體業,https://www.moneydj.com/ETF/X/Basic/Basic0007.xdjhtm?etfid=00985A.TW&topc=
2026-07-28,00991A,主動復華未來50,TPEIRGA,Piraeus Bank SA,5.931,620000.0,0.0,未分類,https://www.fhtrust.com.tw/ETF/etf_detail/ETF24#nav
2026-07-28,00991A,主動復華未來50,BMPSIM,義大利西恩那銀行股份公司,4.706,400000.0,0.0,未分類,https://www.fhtrust.com.tw/ETF/etf_detail/ETF24#nav
2026-07-28,00991A,主動復華未來50,UNIIM,Unipol保險股份公司,4.561,170000.0,0.0,未分類,https://www.fhtrust.com.tw/ETF/etf_detail/ETF24#nav
2026-07-28,00991A,主動復華未來50,HSBALN,匯豐控股有限公司,3.988,220000.0,0.0,未分類,https://www.fhtrust.com.tw/ETF/etf_detail/ETF24#nav
2026-07-28,00991A,主動復華未來50,ABNNA,荷蘭銀行公眾有限公司,3.794,100000.0,0.0,未分類,https://www.fhtrust.com.tw/ETF/etf_detail/ETF24#nav
2026-07-28,00991A,主動復華未來50,BACUS,美國銀行,3.539,65000.0,0.0,未分類,https://www.fhtrust.com.tw/ETF/etf_detail/ETF24#nav
2026-07-28,00991A,主動復華未來50,STANLN,渣打集團有限公司,3.495,140000.0,0.0,未分類,https://www.fhtrust.com.tw/ETF/etf_detail/ETF24#nav
2026-07-28,00991A,主動復華未來50,GLEFP,法國興業銀行股份有限公司,3.354,43000.0,0.0,未分類,https://www.fhtrust.com.tw/ETF/etf_detail/ETF24#nav
2026-07-28,00991A,主動復華未來50,BNPFP,法國巴黎銀行股份有限公司,3.331,31000.0,0.0,未分類,https://www.fhtrust.com.tw/ETF/etf_detail/ETF24#nav
2026-07-28,00991A,主動復華未來50,BARCLN,巴克萊集團,3.099,500000.0,0.0,未分類,https://www.fhtrust.com.tw/ETF/etf_detail/ETF24#nav
2026-07-28,00993A,主動安聯台灣,2330,å°ç©é»,14.56,572000.0,0.0,半導體業,https://www.moneydj.com/ETF/X/Basic/Basic0007.xdjhtm?etfid=00993A.TW&topc=
2026-07-28,00993A,主動安聯台灣,6223,æºç½,5.66,98000.0,0.0,半導體業,https://www.moneydj.com/ETF/X/Basic/Basic0007.xdjhtm?etfid=00993A.TW&topc=
2026-07-28,00993A,主動安聯台灣,2454,è¯ç¼ç§,4.22,114000.0,0.0,半導體業,https://www.moneydj.com/ETF/X/Basic/Basic0007.xdjhtm?etfid=00993A.TW&topc=
2026-07-28,00993A,主動安聯台灣,2383,å°åé»,3.75,76000.0,0.0,電子零組件業,https://www.moneydj.com/ETF/X/Basic/Basic0007.xdjhtm?etfid=00993A.TW&topc=
2026-07-28,00993A,主動安聯台灣,2059,å·æ¹,3.08,37000.0,0.0,電子零組件業,https://www.moneydj.com/ETF/X/Basic/Basic0007.xdjhtm?etfid=00993A.TW&topc=
2026-07-28,00993A,主動安聯台灣,2345,æºé¦,2.87,126000.0,0.0,通信網路業,https://www.moneydj.com/ETF/X/Basic/Basic0007.xdjhtm?etfid=00993A.TW&topc=
2026-07-28,00993A,主動安聯台灣,2344,è¯é¦é»,2.82,1749000.0,0.0,半導體業,https://www.moneydj.com/ETF/X/Basic/Basic0007.xdjhtm?etfid=00993A.TW&topc=
2026-07-28,00993A,主動安聯台灣,6274,å°ç¿,2.73,216000.0,0.0,電子零組件業,https://www.moneydj.com/ETF/X/Basic/Basic0007.xdjhtm?etfid=00993A.TW&topc=
2026-07-28,00993A,主動安聯台灣,2308,å°éé»,2.72,154000.0,0.0,電子零組件業,https://www.moneydj.com/ETF/X/Basic/Basic0007.xdjhtm?etfid=00993A.TW&topc=
2026-07-28,00993A,主動安聯台灣,3037,æ¬£è,2.57,301000.0,0.0,電子零組件業,https://www.moneydj.com/ETF/X/Basic/Basic0007.xdjhtm?etfid=00993A.TW&topc=
2026-07-28,00999A,主動野村臺灣高息,2330,å°ç©é»,6.0,308000.0,0.0,半導體業,https://www.moneydj.com/ETF/X/Basic/Basic0007.xdjhtm?etfid=00999A.TW&topc=
2026-07-28,00999A,主動野村臺灣高息,2059,å·æ¹,4.39,69000.0,0.0,電子零組件業,https://www.moneydj.com/ETF/X/Basic/Basic0007.xdjhtm?etfid=00999A.TW&topc=
2026-07-28,00999A,主動野村臺灣高息,2383,å°åé»,3.73,99000.0,0.0,電子零組件業,https://www.moneydj.com/ETF/X/Basic/Basic0007.xdjhtm?etfid=00999A.TW&topc=
2026-07-28,00999A,主動野村臺灣高息,2454,è¯ç¼ç§,3.65,129000.0,0.0,半導體業,https://www.moneydj.com/ETF/X/Basic/Basic0007.xdjhtm?etfid=00999A.TW&topc=
2026-07-28,00999A,主動野村臺灣高息,3711,æ¥æåææ§,3.37,712000.0,0.0,半導體業,https://www.moneydj.com/ETF/X/Basic/Basic0007.xdjhtm?etfid=00999A.TW&topc=
2026-07-28,00999A,主動野村臺灣高息,2308,å°éé»,3.2,237000.0,0.0,電子零組件業,https://www.moneydj.com/ETF/X/Basic/Basic0007.xdjhtm?etfid=00999A.TW&topc=
2026-07-28,00999A,主動野村臺灣高息,7769,é´»å,3.05,62000.0,0.0,半導體業,https://www.moneydj.com/ETF/X/Basic/Basic0007.xdjhtm?etfid=00999A.TW&topc=
2026-07-28,00999A,主動野村臺灣高息,3653,å¥ç­,2.73,95000.0,0.0,電子零組件業,https://www.moneydj.com/ETF/X/Basic/Basic0007.xdjhtm?etfid=00999A.TW&topc=
2026-07-28,00999A,主動野村臺灣高息,2408,åäºç§,1.97,587000.0,0.0,半導體業,https://www.moneydj.com/ETF/X/Basic/Basic0007.xdjhtm?etfid=00999A.TW&topc=
2026-07-28,00999A,主動野村臺灣高息,2368,éåé»,1.93,280000.0,0.0,電子零組件業,https://www.moneydj.com/ETF/X/Basic/Basic0007.xdjhtm?etfid=00999A.TW&topc=
2026-07-29,00400A,主動國泰動能高息,2330,å°ç©é»,8.55,958000.0,0.0,半導體業,https://www.moneydj.com/ETF/X/Basic/Basic0007.xdjhtm?etfid=00400A.TW&topc=
2026-07-29,00400A,主動國泰動能高息,2360,è´è,4.95,665000.0,0.0,其他電子業,https://www.moneydj.com/ETF/X/Basic/Basic0007.xdjhtm?etfid=00400A.TW&topc=
2026-07-29,00400A,主動國泰動能高息,2454,è¯ç¼ç§,4.91,384000.0,0.0,半導體業,https://www.moneydj.com/ETF/X/Basic/Basic0007.xdjhtm?etfid=00400A.TW&topc=
2026-07-29,00400A,主動國泰動能高息,2383,å°åé»,4.84,291000.0,0.0,電子零組件業,https://www.moneydj.com/ETF/X/Basic/Basic0007.xdjhtm?etfid=00400A.TW&topc=
2026-07-29,00400A,主動國泰動能高息,6669,ç·¯ç©,4.23,203000.0,0.0,電腦及週邊設備業,https://www.moneydj.com/ETF/X/Basic/Basic0007.xdjhtm?etfid=00400A.TW&topc=
2026-07-29,00400A,主動國泰動能高息,3017,å¥é,3.88,457000.0,0.0,電腦及週邊設備業,https://www.moneydj.com/ETF/X/Basic/Basic0007.xdjhtm?etfid=00400A.TW&topc=
2026-07-29,00400A,主動國泰動能高息,3037,æ¬£è,3.73,1336000.0,0.0,電子零組件業,https://www.moneydj.com/ETF/X/Basic/Basic0007.xdjhtm?etfid=00400A.TW&topc=
2026-07-29,00400A,主動國泰動能高息,6223,æºç½,3.32,171000.0,0.0,半導體業,https://www.moneydj.com/ETF/X/Basic/Basic0007.xdjhtm?etfid=00400A.TW&topc=
2026-07-29,00400A,主動國泰動能高息,2059,å·æ¹,3.28,113000.0,0.0,電子零組件業,https://www.moneydj.com/ETF/X/Basic/Basic0007.xdjhtm?etfid=00400A.TW&topc=
2026-07-29,00400A,主動國泰動能高息,3665,è²¿è¯-KY,3.0,354000.0,0.0,其他電子業,https://www.moneydj.com/ETF/X/Basic/Basic0007.xdjhtm?etfid=00400A.TW&topc=
2026-07-29,00980A,主動野村臺灣優選,2330,å°ç©é»,10.09,634000.0,0.0,半導體業,https://www.moneydj.com/ETF/X/Basic/Basic0007.xdjhtm?etfid=00980A.TW&topc=
2026-07-29,00980A,主動野村臺灣優選,2454,è¯ç¼ç§,6.13,269000.0,0.0,半導體業,https://www.moneydj.com/ETF/X/Basic/Basic0007.xdjhtm?etfid=00980A.TW&topc=
2026-07-29,00980A,主動野村臺灣優選,2059,å·æ¹,4.7,91000.0,0.0,電子零組件業,https://www.moneydj.com/ETF/X/Basic/Basic0007.xdjhtm?etfid=00980A.TW&topc=
2026-07-29,00980A,主動野村臺灣優選,2383,å°åé»,4.48,151000.0,0.0,電子零組件業,https://www.moneydj.com/ETF/X/Basic/Basic0007.xdjhtm?etfid=00980A.TW&topc=
2026-07-29,00980A,主動野村臺灣優選,2308,å°éé»,4.09,378000.0,0.0,電子零組件業,https://www.moneydj.com/ETF/X/Basic/Basic0007.xdjhtm?etfid=00980A.TW&topc=
2026-07-29,00980A,主動野村臺灣優選,3037,æ¬£è,2.8,562000.0,0.0,電子零組件業,https://www.moneydj.com/ETF/X/Basic/Basic0007.xdjhtm?etfid=00980A.TW&topc=
2026-07-29,00980A,主動野村臺灣優選,7769,é´»å,2.73,73000.0,0.0,半導體業,https://www.moneydj.com/ETF/X/Basic/Basic0007.xdjhtm?etfid=00980A.TW&topc=
2026-07-29,00980A,主動野村臺灣優選,3081,è¯äº,2.65,237600.0,0.0,通信網路業,https://www.moneydj.com/ETF/X/Basic/Basic0007.xdjhtm?etfid=00980A.TW&topc=
2026-07-29,00980A,主動野村臺灣優選,6223,æºç½,2.63,76000.0,0.0,半導體業,https://www.moneydj.com/ETF/X/Basic/Basic0007.xdjhtm?etfid=00980A.TW&topc=
2026-07-29,00980A,主動野村臺灣優選,2408,åäºç§,2.58,1008000.0,0.0,半導體業,https://www.moneydj.com/ETF/X/Basic/Basic0007.xdjhtm?etfid=00980A.TW&topc=
2026-07-29,00981A,主動統一台股增長,2330,å°ç©é»,9.86,10740000.0,0.0,半導體業,https://www.moneydj.com/ETF/X/Basic/Basic0007.xdjhtm?etfid=00981A.TW&topc=
2026-07-29,00981A,主動統一台股增長,2383,å°åé»,7.96,4653000.0,0.0,電子零組件業,https://www.moneydj.com/ETF/X/Basic/Basic0007.xdjhtm?etfid=00981A.TW&topc=
2026-07-29,00981A,主動統一台股增長,2454,è¯ç¼ç§,6.75,5131000.0,0.0,半導體業,https://www.moneydj.com/ETF/X/Basic/Basic0007.xdjhtm?etfid=00981A.TW&topc=
2026-07-29,00981A,主動統一台股增長,2327,åå·¨*,5.31,25098000.0,0.0,電子零組件業,https://www.moneydj.com/ETF/X/Basic/Basic0007.xdjhtm?etfid=00981A.TW&topc=
2026-07-29,00981A,主動統一台股增長,6669,ç·¯ç©,5.18,2417000.0,0.0,電腦及週邊設備業,https://www.moneydj.com/ETF/X/Basic/Basic0007.xdjhtm?etfid=00981A.TW&topc=
2026-07-29,00981A,主動統一台股增長,2345,æºé¦,5.05,6334000.0,0.0,通信網路業,https://www.moneydj.com/ETF/X/Basic/Basic0007.xdjhtm?etfid=00981A.TW&topc=
2026-07-29,00981A,主動統一台股增長,6223,æºç½,4.88,2443000.0,0.0,半導體業,https://www.moneydj.com/ETF/X/Basic/Basic0007.xdjhtm?etfid=00981A.TW&topc=
2026-07-29,00981A,主動統一台股增長,3037,æ¬£è,4.87,16971000.0,0.0,電子零組件業,https://www.moneydj.com/ETF/X/Basic/Basic0007.xdjhtm?etfid=00981A.TW&topc=
2026-07-29,00981A,主動統一台股增長,3017,å¥é,4.74,5423000.0,0.0,電腦及週邊設備業,https://www.moneydj.com/ETF/X/Basic/Basic0007.xdjhtm?etfid=00981A.TW&topc=
2026-07-29,00981A,主動統一台股增長,3665,è²¿è¯-KY,4.22,4833848.0,0.0,其他電子業,https://www.moneydj.com/ETF/X/Basic/Basic0007.xdjhtm?etfid=00981A.TW&topc=
2026-07-29,00982A,主動群益台灣強棒,2330,台積電,10.15,1967000.0,0.0,半導體業,https://www.capitalfund.com.tw/etf/product/detail/399/buyback
2026-07-29,00982A,主動群益台灣強棒,5536,聖暉*,8.4,3792000.0,0.0,其他電子業,https://www.capitalfund.com.tw/etf/product/detail/399/buyback
2026-07-29,00982A,主動群益台灣強棒,2454,聯發科,6.55,887000.0,0.0,半導體業,https://www.capitalfund.com.tw/etf/product/detail/399/buyback
2026-07-29,00982A,主動群益台灣強棒,6669,緯穎,5.11,424000.0,0.0,電腦及週邊設備業,https://www.capitalfund.com.tw/etf/product/detail/399/buyback
2026-07-29,00982A,主動群益台灣強棒,6139,亞翔,5.08,3225000.0,0.0,其他電子業,https://www.capitalfund.com.tw/etf/product/detail/399/buyback
2026-07-29,00982A,主動群益台灣強棒,2345,智邦,3.72,831000.0,0.0,通信網路業,https://www.capitalfund.com.tw/etf/product/detail/399/buyback
2026-07-29,00982A,主動群益台灣強棒,2360,致茂,3.6,837000.0,0.0,其他電子業,https://www.capitalfund.com.tw/etf/product/detail/399/buyback
2026-07-29,00982A,主動群益台灣強棒,6223,旺矽,3.45,307000.0,0.0,半導體業,https://www.capitalfund.com.tw/etf/product/detail/399/buyback
2026-07-29,00982A,主動群益台灣強棒,2383,台光電,3.2,333000.0,0.0,電子零組件業,https://www.capitalfund.com.tw/etf/product/detail/399/buyback
2026-07-29,00982A,主動群益台灣強棒,2059,川湖,3.1,185000.0,0.0,電子零組件業,https://www.capitalfund.com.tw/etf/product/detail/399/buyback
2026-07-29,00985A,主動野村台灣50,2330,å°ç©é»,14.82,588000.0,0.0,半導體業,https://www.moneydj.com/ETF/X/Basic/Basic0007.xdjhtm?etfid=00985A.TW&topc=
2026-07-29,00985A,主動野村台灣50,2027,å¤§æé¼,4.68,9445000.0,0.0,鋼鐵工業,https://www.moneydj.com/ETF/X/Basic/Basic0007.xdjhtm?etfid=00985A.TW&topc=
2026-07-29,00985A,主動野村台灣50,2376,æå,4.31,1170000.0,0.0,電腦及週邊設備業,https://www.moneydj.com/ETF/X/Basic/Basic0007.xdjhtm?etfid=00985A.TW&topc=
2026-07-29,00985A,主動野村台灣50,2059,å·æ¹,4.09,50000.0,0.0,電子零組件業,https://www.moneydj.com/ETF/X/Basic/Basic0007.xdjhtm?etfid=00985A.TW&topc=
2026-07-29,00985A,主動野村台灣50,3008,å¤§ç«å,3.57,81000.0,0.0,光電業,https://www.moneydj.com/ETF/X/Basic/Basic0007.xdjhtm?etfid=00985A.TW&topc=
2026-07-29,00985A,主動野村台灣50,2327,åå·¨*,3.48,600000.0,0.0,電子零組件業,https://www.moneydj.com/ETF/X/Basic/Basic0007.xdjhtm?etfid=00985A.TW&topc=
2026-07-29,00985A,主動野村台灣50,2303,è¯é»,3.4,2899000.0,0.0,半導體業,https://www.moneydj.com/ETF/X/Basic/Basic0007.xdjhtm?etfid=00985A.TW&topc=
2026-07-29,00985A,主動野村台灣50,6187,è¬æ½¤,3.25,319000.0,0.0,半導體業,https://www.moneydj.com/ETF/X/Basic/Basic0007.xdjhtm?etfid=00985A.TW&topc=
2026-07-29,00985A,主動野村台灣50,3036,ææ,3.24,1533000.0,0.0,電子通路業,https://www.moneydj.com/ETF/X/Basic/Basic0007.xdjhtm?etfid=00985A.TW&topc=
2026-07-29,00985A,主動野村台灣50,6442,åè,3.24,255000.0,0.0,通信網路業,https://www.moneydj.com/ETF/X/Basic/Basic0007.xdjhtm?etfid=00985A.TW&topc=
2026-07-29,00993A,主動安聯台灣,2330,å°ç©é»,15.06,572000.0,0.0,半導體業,https://www.moneydj.com/ETF/X/Basic/Basic0007.xdjhtm?etfid=00993A.TW&topc=
2026-07-29,00993A,主動安聯台灣,6223,æºç½,5.61,98000.0,0.0,半導體業,https://www.moneydj.com/ETF/X/Basic/Basic0007.xdjhtm?etfid=00993A.TW&topc=
2026-07-29,00993A,主動安聯台灣,2454,è¯ç¼ç§,4.3,114000.0,0.0,半導體業,https://www.moneydj.com/ETF/X/Basic/Basic0007.xdjhtm?etfid=00993A.TW&topc=
2026-07-29,00993A,主動安聯台灣,2383,å°åé»,3.73,76000.0,0.0,電子零組件業,https://www.moneydj.com/ETF/X/Basic/Basic0007.xdjhtm?etfid=00993A.TW&topc=
2026-07-29,00993A,主動安聯台灣,2059,å·æ¹,3.16,37000.0,0.0,電子零組件業,https://www.moneydj.com/ETF/X/Basic/Basic0007.xdjhtm?etfid=00993A.TW&topc=
2026-07-29,00993A,主動安聯台灣,2345,æºé¦,2.88,126000.0,0.0,通信網路業,https://www.moneydj.com/ETF/X/Basic/Basic0007.xdjhtm?etfid=00993A.TW&topc=
2026-07-29,00993A,主動安聯台灣,2308,å°éé»,2.75,154000.0,0.0,電子零組件業,https://www.moneydj.com/ETF/X/Basic/Basic0007.xdjhtm?etfid=00993A.TW&topc=
2026-07-29,00993A,主動安聯台灣,2344,è¯é¦é»,2.72,1749000.0,0.0,半導體業,https://www.moneydj.com/ETF/X/Basic/Basic0007.xdjhtm?etfid=00993A.TW&topc=
2026-07-29,00993A,主動安聯台灣,6274,å°ç¿,2.64,216000.0,0.0,電子零組件業,https://www.moneydj.com/ETF/X/Basic/Basic0007.xdjhtm?etfid=00993A.TW&topc=
2026-07-29,00993A,主動安聯台灣,5274,ä¿¡é©,2.56,16600.0,0.0,半導體業,https://www.moneydj.com/ETF/X/Basic/Basic0007.xdjhtm?etfid=00993A.TW&topc=
2026-07-29,00999A,主動野村臺灣高息,2330,å°ç©é»,6.01,308000.0,0.0,半導體業,https://www.moneydj.com/ETF/X/Basic/Basic0007.xdjhtm?etfid=00999A.TW&topc=
2026-07-29,00999A,主動野村臺灣高息,2059,å·æ¹,4.38,69000.0,0.0,電子零組件業,https://www.moneydj.com/ETF/X/Basic/Basic0007.xdjhtm?etfid=00999A.TW&topc=
2026-07-29,00999A,主動野村臺灣高息,2454,è¯ç¼ç§,3.61,129000.0,0.0,半導體業,https://www.moneydj.com/ETF/X/Basic/Basic0007.xdjhtm?etfid=00999A.TW&topc=
2026-07-29,00999A,主動野村臺灣高息,2383,å°åé»,3.6,99000.0,0.0,電子零組件業,https://www.moneydj.com/ETF/X/Basic/Basic0007.xdjhtm?etfid=00999A.TW&topc=
2026-07-29,00999A,主動野村臺灣高息,3711,æ¥æåææ§,3.15,712000.0,0.0,半導體業,https://www.moneydj.com/ETF/X/Basic/Basic0007.xdjhtm?etfid=00999A.TW&topc=
2026-07-29,00999A,主動野村臺灣高息,2308,å°éé»,3.14,237000.0,0.0,電子零組件業,https://www.moneydj.com/ETF/X/Basic/Basic0007.xdjhtm?etfid=00999A.TW&topc=
2026-07-29,00999A,主動野村臺灣高息,7769,é´»å,2.85,62000.0,0.0,半導體業,https://www.moneydj.com/ETF/X/Basic/Basic0007.xdjhtm?etfid=00999A.TW&topc=
2026-07-29,00999A,主動野村臺灣高息,3653,å¥ç­,2.79,95000.0,0.0,電子零組件業,https://www.moneydj.com/ETF/X/Basic/Basic0007.xdjhtm?etfid=00999A.TW&topc=
2026-07-29,00999A,主動野村臺灣高息,2408,åäºç§,1.84,587000.0,0.0,半導體業,https://www.moneydj.com/ETF/X/Basic/Basic0007.xdjhtm?etfid=00999A.TW&topc=
2026-07-29,00999A,主動野村臺灣高息,2368,éåé»,1.81,280000.0,0.0,電子零組件業,https://www.moneydj.com/ETF/X/Basic/Basic0007.xdjhtm?etfid=00999A.TW&topc=
2026-07-30,00400A,主動國泰動能高息,2330,å°ç©é»,8.58,958000.0,0.0,半導體業,https://www.moneydj.com/ETF/X/Basic/Basic0007.xdjhtm?etfid=00400A.TW&topc=
2026-07-30,00400A,主動國泰動能高息,2360,è´è,5.25,677000.0,0.0,其他電子業,https://www.moneydj.com/ETF/X/Basic/Basic0007.xdjhtm?etfid=00400A.TW&topc=
2026-07-30,00400A,主動國泰動能高息,2383,å°åé»,5.1,291000.0,0.0,電子零組件業,https://www.moneydj.com/ETF/X/Basic/Basic0007.xdjhtm?etfid=00400A.TW&topc=
2026-07-30,00400A,主動國泰動能高息,2454,è¯ç¼ç§,5.05,384000.0,0.0,半導體業,https://www.moneydj.com/ETF/X/Basic/Basic0007.xdjhtm?etfid=00400A.TW&topc=
2026-07-30,00400A,主動國泰動能高息,6669,ç·¯ç©,4.04,203000.0,0.0,電腦及週邊設備業,https://www.moneydj.com/ETF/X/Basic/Basic0007.xdjhtm?etfid=00400A.TW&topc=
2026-07-30,00400A,主動國泰動能高息,3017,å¥é,3.92,457000.0,0.0,電腦及週邊設備業,https://www.moneydj.com/ETF/X/Basic/Basic0007.xdjhtm?etfid=00400A.TW&topc=
2026-07-30,00400A,主動國泰動能高息,3037,æ¬£è,3.89,1336000.0,0.0,電子零組件業,https://www.moneydj.com/ETF/X/Basic/Basic0007.xdjhtm?etfid=00400A.TW&topc=
2026-07-30,00400A,主動國泰動能高息,6223,æºç½,3.34,171000.0,0.0,半導體業,https://www.moneydj.com/ETF/X/Basic/Basic0007.xdjhtm?etfid=00400A.TW&topc=
2026-07-30,00400A,主動國泰動能高息,2059,å·æ¹,3.28,113000.0,0.0,電子零組件業,https://www.moneydj.com/ETF/X/Basic/Basic0007.xdjhtm?etfid=00400A.TW&topc=
2026-07-30,00400A,主動國泰動能高息,5274,ä¿¡é©,2.81,52400.0,0.0,半導體業,https://www.moneydj.com/ETF/X/Basic/Basic0007.xdjhtm?etfid=00400A.TW&topc=
2026-07-30,00980A,主動野村臺灣優選,2330,å°ç©é»,9.86,634000.0,0.0,半導體業,https://www.moneydj.com/ETF/X/Basic/Basic0007.xdjhtm?etfid=00980A.TW&topc=
2026-07-30,00980A,主動野村臺灣優選,2454,è¯ç¼ç§,6.37,279000.0,0.0,半導體業,https://www.moneydj.com/ETF/X/Basic/Basic0007.xdjhtm?etfid=00980A.TW&topc=
2026-07-30,00980A,主動野村臺灣優選,2383,å°åé»,4.63,152000.0,0.0,電子零組件業,https://www.moneydj.com/ETF/X/Basic/Basic0007.xdjhtm?etfid=00980A.TW&topc=
2026-07-30,00980A,主動野村臺灣優選,2059,å·æ¹,4.58,91000.0,0.0,電子零組件業,https://www.moneydj.com/ETF/X/Basic/Basic0007.xdjhtm?etfid=00980A.TW&topc=
2026-07-30,00980A,主動野村臺灣優選,2308,å°éé»,4.08,378000.0,0.0,電子零組件業,https://www.moneydj.com/ETF/X/Basic/Basic0007.xdjhtm?etfid=00980A.TW&topc=
2026-07-30,00980A,主動野村臺灣優選,7769,é´»å,2.89,73000.0,0.0,半導體業,https://www.moneydj.com/ETF/X/Basic/Basic0007.xdjhtm?etfid=00980A.TW&topc=
2026-07-30,00980A,主動野村臺灣優選,3037,æ¬£è,2.84,563000.0,0.0,電子零組件業,https://www.moneydj.com/ETF/X/Basic/Basic0007.xdjhtm?etfid=00980A.TW&topc=
2026-07-30,00980A,主動野村臺灣優選,6223,æºç½,2.57,76000.0,0.0,半導體業,https://www.moneydj.com/ETF/X/Basic/Basic0007.xdjhtm?etfid=00980A.TW&topc=
2026-07-30,00980A,主動野村臺灣優選,3081,è¯äº,2.49,237600.0,0.0,通信網路業,https://www.moneydj.com/ETF/X/Basic/Basic0007.xdjhtm?etfid=00980A.TW&topc=
2026-07-30,00980A,主動野村臺灣優選,2408,åäºç§,2.4,1039000.0,0.0,半導體業,https://www.moneydj.com/ETF/X/Basic/Basic0007.xdjhtm?etfid=00980A.TW&topc=
2026-07-30,00982A,主動群益台灣強棒,2330,台積電,10.35,1967000.0,0.0,半導體業,https://www.capitalfund.com.tw/etf/product/detail/399/buyback
2026-07-30,00982A,主動群益台灣強棒,5536,聖暉*,8.2,3792000.0,0.0,其他電子業,https://www.capitalfund.com.tw/etf/product/detail/399/buyback
2026-07-30,00982A,主動群益台灣強棒,2454,聯發科,6.85,887000.0,0.0,半導體業,https://www.capitalfund.com.tw/etf/product/detail/399/buyback
2026-07-30,00982A,主動群益台灣強棒,6669,緯穎,4.96,424000.0,0.0,電腦及週邊設備業,https://www.capitalfund.com.tw/etf/product/detail/399/buyback
2026-07-30,00982A,主動群益台灣強棒,6139,亞翔,4.95,3225000.0,0.0,其他電子業,https://www.capitalfund.com.tw/etf/product/detail/399/buyback
2026-07-30,00982A,主動群益台灣強棒,2345,智邦,3.84,831000.0,0.0,通信網路業,https://www.capitalfund.com.tw/etf/product/detail/399/buyback
2026-07-30,00982A,主動群益台灣強棒,2360,致茂,3.81,837000.0,0.0,其他電子業,https://www.capitalfund.com.tw/etf/product/detail/399/buyback
2026-07-30,00982A,主動群益台灣強棒,6223,旺矽,3.52,307000.0,0.0,半導體業,https://www.capitalfund.com.tw/etf/product/detail/399/buyback
2026-07-30,00982A,主動群益台灣強棒,2383,台光電,3.43,333000.0,0.0,電子零組件業,https://www.capitalfund.com.tw/etf/product/detail/399/buyback
2026-07-30,00982A,主動群益台灣強棒,2059,川湖,3.15,185000.0,0.0,電子零組件業,https://www.capitalfund.com.tw/etf/product/detail/399/buyback
2026-07-30,00985A,主動野村台灣50,2330,å°ç©é»,15.21,588000.0,0.0,半導體業,https://www.moneydj.com/ETF/X/Basic/Basic0007.xdjhtm?etfid=00985A.TW&topc=
2026-07-30,00985A,主動野村台灣50,2027,å¤§æé¼,4.84,9445000.0,0.0,鋼鐵工業,https://www.moneydj.com/ETF/X/Basic/Basic0007.xdjhtm?etfid=00985A.TW&topc=
2026-07-30,00985A,主動野村台灣50,2376,æå,4.37,1170000.0,0.0,電腦及週邊設備業,https://www.moneydj.com/ETF/X/Basic/Basic0007.xdjhtm?etfid=00985A.TW&topc=
2026-07-30,00985A,主動野村台灣50,2059,å·æ¹,4.19,50000.0,0.0,電子零組件業,https://www.moneydj.com/ETF/X/Basic/Basic0007.xdjhtm?etfid=00985A.TW&topc=
2026-07-30,00985A,主動野村台灣50,2303,è¯é»,3.74,2899000.0,0.0,半導體業,https://www.moneydj.com/ETF/X/Basic/Basic0007.xdjhtm?etfid=00985A.TW&topc=
2026-07-30,00985A,主動野村台灣50,3008,å¤§ç«å,3.53,81000.0,0.0,光電業,https://www.moneydj.com/ETF/X/Basic/Basic0007.xdjhtm?etfid=00985A.TW&topc=
2026-07-30,00985A,主動野村台灣50,3036,ææ,3.3,1533000.0,0.0,電子通路業,https://www.moneydj.com/ETF/X/Basic/Basic0007.xdjhtm?etfid=00985A.TW&topc=
2026-07-30,00985A,主動野村台灣50,2327,åå·¨*,3.21,600000.0,0.0,電子零組件業,https://www.moneydj.com/ETF/X/Basic/Basic0007.xdjhtm?etfid=00985A.TW&topc=
2026-07-30,00985A,主動野村台灣50,6187,è¬æ½¤,3.16,319000.0,0.0,半導體業,https://www.moneydj.com/ETF/X/Basic/Basic0007.xdjhtm?etfid=00985A.TW&topc=
2026-07-30,00985A,主動野村台灣50,6442,åè,3.14,255000.0,0.0,通信網路業,https://www.moneydj.com/ETF/X/Basic/Basic0007.xdjhtm?etfid=00985A.TW&topc=
2026-07-30,00990A,主動元大AI新經濟,AMD,AMD,5.6,127179.0,0.0,未分類,https://www.moneydj.com/ETF/X/Basic/Basic0007.xdjhtm?etfid=00990A.TW&topc=
2026-07-30,00990A,主動元大AI新經濟,LITE,Lumentum,5.15,81912.0,0.0,未分類,https://www.moneydj.com/ETF/X/Basic/Basic0007.xdjhtm?etfid=00990A.TW&topc=
2026-07-30,00990A,主動元大AI新經濟,AMAT,Applied Materials,4.31,94706.0,0.0,未分類,https://www.moneydj.com/ETF/X/Basic/Basic0007.xdjhtm?etfid=00990A.TW&topc=
2026-07-30,00990A,主動元大AI新經濟,MU,Micron,3.68,46405.0,0.0,未分類,https://www.moneydj.com/ETF/X/Basic/Basic0007.xdjhtm?etfid=00990A.TW&topc=
2026-07-30,00990A,主動元大AI新經濟,2330,å°ç©é»,3.55,576000.0,0.0,半導體業,https://www.moneydj.com/ETF/X/Basic/Basic0007.xdjhtm?etfid=00990A.TW&topc=
2026-07-30,00990A,主動元大AI新經濟,DELL,Dell,3.28,89300.0,0.0,未分類,https://www.moneydj.com/ETF/X/Basic/Basic0007.xdjhtm?etfid=00990A.TW&topc=
2026-07-30,00990A,主動元大AI新經濟,BE,Bloom Energy,3.26,173500.0,0.0,未分類,https://www.moneydj.com/ETF/X/Basic/Basic0007.xdjhtm?etfid=00990A.TW&topc=
2026-07-30,00990A,主動元大AI新經濟,SNOW,Snowflake,3.11,115200.0,0.0,未分類,https://www.moneydj.com/ETF/X/Basic/Basic0007.xdjhtm?etfid=00990A.TW&topc=
2026-07-30,00990A,主動元大AI新經濟,WDC,Western Digital,3.06,63342.0,0.0,未分類,https://www.moneydj.com/ETF/X/Basic/Basic0007.xdjhtm?etfid=00990A.TW&topc=
2026-07-30,00991A,主動復華未來50,TPEIRGA,Piraeus Bank SA,6.936,700000.0,0.0,未分類,https://www.fhtrust.com.tw/ETF/etf_detail/ETF24#nav
2026-07-30,00991A,主動復華未來50,BMPSIM,義大利西恩那銀行股份公司,4.648,400000.0,0.0,未分類,https://www.fhtrust.com.tw/ETF/etf_detail/ETF24#nav
2026-07-30,00991A,主動復華未來50,BARCLN,巴克萊集團,4.196,700000.0,0.0,未分類,https://www.fhtrust.com.tw/ETF/etf_detail/ETF24#nav
2026-07-30,00991A,主動復華未來50,LLOYLN,勞埃德銀行集團,4.07,3000000.0,0.0,未分類,https://www.fhtrust.com.tw/ETF/etf_detail/ETF24#nav
2026-07-30,00991A,主動復華未來50,ABNNA,荷蘭銀行公眾有限公司,3.874,100000.0,0.0,未分類,https://www.fhtrust.com.tw/ETF/etf_detail/ETF24#nav
2026-07-30,00991A,主動復華未來50,STANLN,渣打集團有限公司,3.64,140000.0,0.0,未分類,https://www.fhtrust.com.tw/ETF/etf_detail/ETF24#nav
2026-07-30,00991A,主動復華未來50,BACUS,美國銀行,3.529,65000.0,0.0,未分類,https://www.fhtrust.com.tw/ETF/etf_detail/ETF24#nav
2026-07-30,00991A,主動復華未來50,UNIIM,Unipol保險股份公司,3.514,130000.0,0.0,未分類,https://www.fhtrust.com.tw/ETF/etf_detail/ETF24#nav
2026-07-30,00991A,主動復華未來50,GLEFP,法國興業銀行股份有限公司,3.508,43000.0,0.0,未分類,https://www.fhtrust.com.tw/ETF/etf_detail/ETF24#nav
2026-07-30,00991A,主動復華未來50,BNPFP,法國巴黎銀行股份有限公司,3.394,31000.0,0.0,未分類,https://www.fhtrust.com.tw/ETF/etf_detail/ETF24#nav
2026-07-30,00991A,主動復華未來50,NWGLN,國民西敏集團公開有限公司,3.008,380000.0,0.0,未分類,https://www.fhtrust.com.tw/ETF/etf_detail/ETF24#nav
2026-07-30,00993A,主動安聯台灣,2330,å°ç©é»,15.1,572000.0,0.0,半導體業,https://www.moneydj.com/ETF/X/Basic/Basic0007.xdjhtm?etfid=00993A.TW&topc=
2026-07-30,00993A,主動安聯台灣,6223,æºç½,5.64,98000.0,0.0,半導體業,https://www.moneydj.com/ETF/X/Basic/Basic0007.xdjhtm?etfid=00993A.TW&topc=
2026-07-30,00993A,主動安聯台灣,2454,è¯ç¼ç§,4.42,114000.0,0.0,半導體業,https://www.moneydj.com/ETF/X/Basic/Basic0007.xdjhtm?etfid=00993A.TW&topc=
2026-07-30,00993A,主動安聯台灣,2383,å°åé»,3.93,76000.0,0.0,電子零組件業,https://www.moneydj.com/ETF/X/Basic/Basic0007.xdjhtm?etfid=00993A.TW&topc=
2026-07-30,00993A,主動安聯台灣,2059,å·æ¹,3.17,37000.0,0.0,電子零組件業,https://www.moneydj.com/ETF/X/Basic/Basic0007.xdjhtm?etfid=00993A.TW&topc=
2026-07-30,00993A,主動安聯台灣,2345,æºé¦,2.92,126000.0,0.0,通信網路業,https://www.moneydj.com/ETF/X/Basic/Basic0007.xdjhtm?etfid=00993A.TW&topc=
2026-07-30,00993A,主動安聯台灣,2308,å°éé»,2.82,154000.0,0.0,電子零組件業,https://www.moneydj.com/ETF/X/Basic/Basic0007.xdjhtm?etfid=00993A.TW&topc=
2026-07-30,00993A,主動安聯台灣,5274,ä¿¡é©,2.63,16600.0,0.0,半導體業,https://www.moneydj.com/ETF/X/Basic/Basic0007.xdjhtm?etfid=00993A.TW&topc=
2026-07-30,00993A,主動安聯台灣,6274,å°ç¿,2.62,216000.0,0.0,電子零組件業,https://www.moneydj.com/ETF/X/Basic/Basic0007.xdjhtm?etfid=00993A.TW&topc=
2026-07-30,00993A,主動安聯台灣,3037,æ¬£è,2.58,301000.0,0.0,電子零組件業,https://www.moneydj.com/ETF/X/Basic/Basic0007.xdjhtm?etfid=00993A.TW&topc=
2026-07-30,00998A,主動復華金融股息,TPEIRGA,Piraeus Bank SA,6.936,700000.0,0.0,未分類,https://www.fhtrust.com.tw/ETF/etf_detail/ETF24#nav
2026-07-30,00998A,主動復華金融股息,BMPSIM,義大利西恩那銀行股份公司,4.648,400000.0,0.0,未分類,https://www.fhtrust.com.tw/ETF/etf_detail/ETF24#nav
2026-07-30,00998A,主動復華金融股息,BARCLN,巴克萊集團,4.196,700000.0,0.0,未分類,https://www.fhtrust.com.tw/ETF/etf_detail/ETF24#nav
2026-07-30,00998A,主動復華金融股息,LLOYLN,勞埃德銀行集團,4.07,3000000.0,0.0,未分類,https://www.fhtrust.com.tw/ETF/etf_detail/ETF24#nav
2026-07-30,00998A,主動復華金融股息,ABNNA,荷蘭銀行公眾有限公司,3.874,100000.0,0.0,未分類,https://www.fhtrust.com.tw/ETF/etf_detail/ETF24#nav
2026-07-30,00998A,主動復華金融股息,STANLN,渣打集團有限公司,3.64,140000.0,0.0,未分類,https://www.fhtrust.com.tw/ETF/etf_detail/ETF24#nav
2026-07-30,00998A,主動復華金融股息,BACUS,美國銀行,3.529,65000.0,0.0,未分類,https://www.fhtrust.com.tw/ETF/etf_detail/ETF24#nav
2026-07-30,00998A,主動復華金融股息,UNIIM,Unipol保險股份公司,3.514,130000.0,0.0,未分類,https://www.fhtrust.com.tw/ETF/etf_detail/ETF24#nav
2026-07-30,00998A,主動復華金融股息,GLEFP,法國興業銀行股份有限公司,3.508,43000.0,0.0,未分類,https://www.fhtrust.com.tw/ETF/etf_detail/ETF24#nav
2026-07-30,00998A,主動復華金融股息,BNPFP,法國巴黎銀行股份有限公司,3.394,31000.0,0.0,未分類,https://www.fhtrust.com.tw/ETF/etf_detail/ETF24#nav
2026-07-30,00999A,主動野村臺灣高息,2330,å°ç©é»,6.04,308000.0,0.0,半導體業,https://www.moneydj.com/ETF/X/Basic/Basic0007.xdjhtm?etfid=00999A.TW&topc=
2026-07-30,00999A,主動野村臺灣高息,2059,å·æ¹,4.38,69000.0,0.0,電子零組件業,https://www.moneydj.com/ETF/X/Basic/Basic0007.xdjhtm?etfid=00999A.TW&topc=
2026-07-30,00999A,主動野村臺灣高息,2383,å°åé»,3.8,99000.0,0.0,電子零組件業,https://www.moneydj.com/ETF/X/Basic/Basic0007.xdjhtm?etfid=00999A.TW&topc=
2026-07-30,00999A,主動野村臺灣高息,2454,è¯ç¼ç§,3.71,129000.0,0.0,半導體業,https://www.moneydj.com/ETF/X/Basic/Basic0007.xdjhtm?etfid=00999A.TW&topc=
2026-07-30,00999A,主動野村臺灣高息,2308,å°éé»,3.22,237000.0,0.0,電子零組件業,https://www.moneydj.com/ETF/X/Basic/Basic0007.xdjhtm?etfid=00999A.TW&topc=
2026-07-30,00999A,主動野村臺灣高息,3711,æ¥æåææ§,3.2,712000.0,0.0,半導體業,https://www.moneydj.com/ETF/X/Basic/Basic0007.xdjhtm?etfid=00999A.TW&topc=
2026-07-30,00999A,主動野村臺灣高息,7769,é´»å,3.1,62000.0,0.0,半導體業,https://www.moneydj.com/ETF/X/Basic/Basic0007.xdjhtm?etfid=00999A.TW&topc=
2026-07-30,00999A,主動野村臺灣高息,3653,å¥ç­,2.65,95000.0,0.0,電子零組件業,https://www.moneydj.com/ETF/X/Basic/Basic0007.xdjhtm?etfid=00999A.TW&topc=
2026-07-30,00999A,主動野村臺灣高息,2368,éåé»,1.79,280000.0,0.0,電子零組件業,https://www.moneydj.com/ETF/X/Basic/Basic0007.xdjhtm?etfid=00999A.TW&topc=
2026-07-30,00999A,主動野村臺灣高息,6223,æºç½,1.79,42000.0,0.0,半導體業,https://www.moneydj.com/ETF/X/Basic/Basic0007.xdjhtm?etfid=00999A.TW&topc=
2026-07-31,00400A,主動國泰動能高息,2330,å°ç©é»,8.97,1025000.0,0.0,半導體業,https://www.moneydj.com/ETF/X/Basic/Basic0007.xdjhtm?etfid=00400A.TW&topc=
2026-07-31,00400A,主動國泰動能高息,2360,è´è,5.13,677000.0,0.0,其他電子業,https://www.moneydj.com/ETF/X/Basic/Basic0007.xdjhtm?etfid=00400A.TW&topc=
2026-07-31,00400A,主動國泰動能高息,2383,å°åé»,4.98,291000.0,0.0,電子零組件業,https://www.moneydj.com/ETF/X/Basic/Basic0007.xdjhtm?etfid=00400A.TW&topc=
2026-07-31,00400A,主動國泰動能高息,2454,è¯ç¼ç§,4.93,384000.0,0.0,半導體業,https://www.moneydj.com/ETF/X/Basic/Basic0007.xdjhtm?etfid=00400A.TW&topc=
2026-07-31,00400A,主動國泰動能高息,3017,å¥é,4.08,487000.0,0.0,電腦及週邊設備業,https://www.moneydj.com/ETF/X/Basic/Basic0007.xdjhtm?etfid=00400A.TW&topc=
2026-07-31,00400A,主動國泰動能高息,6669,ç·¯ç©,3.95,203000.0,0.0,電腦及週邊設備業,https://www.moneydj.com/ETF/X/Basic/Basic0007.xdjhtm?etfid=00400A.TW&topc=
2026-07-31,00400A,主動國泰動能高息,3037,æ¬£è,3.79,1336000.0,0.0,電子零組件業,https://www.moneydj.com/ETF/X/Basic/Basic0007.xdjhtm?etfid=00400A.TW&topc=
2026-07-31,00400A,主動國泰動能高息,6223,æºç½,3.26,171000.0,0.0,半導體業,https://www.moneydj.com/ETF/X/Basic/Basic0007.xdjhtm?etfid=00400A.TW&topc=
2026-07-31,00400A,主動國泰動能高息,2059,å·æ¹,3.2,113000.0,0.0,電子零組件業,https://www.moneydj.com/ETF/X/Basic/Basic0007.xdjhtm?etfid=00400A.TW&topc=
2026-07-31,00400A,主動國泰動能高息,5274,ä¿¡é©,2.75,52400.0,0.0,半導體業,https://www.moneydj.com/ETF/X/Basic/Basic0007.xdjhtm?etfid=00400A.TW&topc=
2026-07-31,00401A,主動摩根台灣鑫收,2330,å°ç©é»,10.52,127000.0,0.0,半導體業,https://www.moneydj.com/ETF/X/Basic/Basic0007.xdjhtm?etfid=00401A.TW&topc=
2026-07-31,00401A,主動摩根台灣鑫收,2454,è¯ç¼ç§,7.0,57600.0,0.0,半導體業,https://www.moneydj.com/ETF/X/Basic/Basic0007.xdjhtm?etfid=00401A.TW&topc=
2026-07-31,00401A,主動摩根台灣鑫收,2308,å°éé»,3.81,68000.0,0.0,電子零組件業,https://www.moneydj.com/ETF/X/Basic/Basic0007.xdjhtm?etfid=00401A.TW&topc=
2026-07-31,00401A,主動摩根台灣鑫收,7769,é´»å,2.74,13000.0,0.0,半導體業,https://www.moneydj.com/ETF/X/Basic/Basic0007.xdjhtm?etfid=00401A.TW&topc=
2026-07-31,00401A,主動摩根台灣鑫收,2345,æºé¦,2.62,36053.0,0.0,通信網路業,https://www.moneydj.com/ETF/X/Basic/Basic0007.xdjhtm?etfid=00401A.TW&topc=
2026-07-31,00401A,主動摩根台灣鑫收,6669,ç·¯ç©,2.39,13000.0,0.0,電腦及週邊設備業,https://www.moneydj.com/ETF/X/Basic/Basic0007.xdjhtm?etfid=00401A.TW&topc=
2026-07-31,00401A,主動摩根台灣鑫收,6223,æºç½,2.18,12074.0,0.0,半導體業,https://www.moneydj.com/ETF/X/Basic/Basic0007.xdjhtm?etfid=00401A.TW&topc=
2026-07-31,00401A,主動摩根台灣鑫收,3711,æ¥æåææ§,2.16,114000.0,0.0,半導體業,https://www.moneydj.com/ETF/X/Basic/Basic0007.xdjhtm?etfid=00401A.TW&topc=
2026-07-31,00401A,主動摩根台灣鑫收,2884,çå±±é,2.12,1607000.0,0.0,金融保險業,https://www.moneydj.com/ETF/X/Basic/Basic0007.xdjhtm?etfid=00401A.TW&topc=
2026-07-31,00401A,主動摩根台灣鑫收,3037,æ¬£è,2.1,78000.0,0.0,電子零組件業,https://www.moneydj.com/ETF/X/Basic/Basic0007.xdjhtm?etfid=00401A.TW&topc=
2026-07-31,00403A,主動統一升級50,2330,å°ç©é»,18.45,12680000.0,0.0,半導體業,https://www.moneydj.com/ETF/X/Basic/Basic0007.xdjhtm?etfid=00403A.TW&topc=
2026-07-31,00403A,主動統一升級50,2303,è¯é»,5.52,76000000.0,0.0,半導體業,https://www.moneydj.com/ETF/X/Basic/Basic0007.xdjhtm?etfid=00403A.TW&topc=
2026-07-31,00403A,主動統一升級50,3017,å¥é,4.8,3450000.0,0.0,電腦及週邊設備業,https://www.moneydj.com/ETF/X/Basic/Basic0007.xdjhtm?etfid=00403A.TW&topc=
2026-07-31,00403A,主動統一升級50,2383,å°åé»,4.0,1405000.0,0.0,電子零組件業,https://www.moneydj.com/ETF/X/Basic/Basic0007.xdjhtm?etfid=00403A.TW&topc=
2026-07-31,00403A,主動統一升級50,2454,è¯ç¼ç§,3.83,1795000.0,0.0,半導體業,https://www.moneydj.com/ETF/X/Basic/Basic0007.xdjhtm?etfid=00403A.TW&topc=
2026-07-31,00403A,主動統一升級50,3037,æ¬£è,3.59,7600000.0,0.0,電子零組件業,https://www.moneydj.com/ETF/X/Basic/Basic0007.xdjhtm?etfid=00403A.TW&topc=
2026-07-31,00403A,主動統一升級50,6223,æºç½,3.17,1000000.0,0.0,半導體業,https://www.moneydj.com/ETF/X/Basic/Basic0007.xdjhtm?etfid=00403A.TW&topc=
2026-07-31,00403A,主動統一升級50,2344,è¯é¦é»,3.12,40000000.0,0.0,半導體業,https://www.moneydj.com/ETF/X/Basic/Basic0007.xdjhtm?etfid=00403A.TW&topc=
2026-07-31,00403A,主動統一升級50,2308,å°éé»,2.99,3040000.0,0.0,電子零組件業,https://www.moneydj.com/ETF/X/Basic/Basic0007.xdjhtm?etfid=00403A.TW&topc=
2026-07-31,00403A,主動統一升級50,2345,æºé¦,2.92,2290000.0,0.0,通信網路業,https://www.moneydj.com/ETF/X/Basic/Basic0007.xdjhtm?etfid=00403A.TW&topc=
2026-07-31,00980A,主動野村臺灣優選,2330,å°ç©é»,9.63,663000.0,0.0,半導體業,https://www.moneydj.com/ETF/X/Basic/Basic0007.xdjhtm?etfid=00980A.TW&topc=
2026-07-31,00980A,主動野村臺灣優選,2454,è¯ç¼ç§,5.94,279000.0,0.0,半導體業,https://www.moneydj.com/ETF/X/Basic/Basic0007.xdjhtm?etfid=00980A.TW&topc=
2026-07-31,00980A,主動野村臺灣優選,2383,å°åé»,4.32,152000.0,0.0,電子零組件業,https://www.moneydj.com/ETF/X/Basic/Basic0007.xdjhtm?etfid=00980A.TW&topc=
2026-07-31,00980A,主動野村臺灣優選,2059,å·æ¹,4.28,91000.0,0.0,電子零組件業,https://www.moneydj.com/ETF/X/Basic/Basic0007.xdjhtm?etfid=00980A.TW&topc=
2026-07-31,00980A,主動野村臺灣優選,2308,å°éé»,3.97,404000.0,0.0,電子零組件業,https://www.moneydj.com/ETF/X/Basic/Basic0007.xdjhtm?etfid=00980A.TW&topc=
2026-07-31,00980A,主動野村臺灣優選,7769,é´»å,2.7,73000.0,0.0,半導體業,https://www.moneydj.com/ETF/X/Basic/Basic0007.xdjhtm?etfid=00980A.TW&topc=
2026-07-31,00980A,主動野村臺灣優選,3037,æ¬£è,2.66,563000.0,0.0,電子零組件業,https://www.moneydj.com/ETF/X/Basic/Basic0007.xdjhtm?etfid=00980A.TW&topc=
2026-07-31,00980A,主動野村臺灣優選,6223,æºç½,2.4,76000.0,0.0,半導體業,https://www.moneydj.com/ETF/X/Basic/Basic0007.xdjhtm?etfid=00980A.TW&topc=
2026-07-31,00980A,主動野村臺灣優選,2317,é´»æµ·,2.36,1569000.0,0.0,其他電子業,https://www.moneydj.com/ETF/X/Basic/Basic0007.xdjhtm?etfid=00980A.TW&topc=
2026-07-31,00980A,主動野村臺灣優選,3081,è¯äº,2.32,237600.0,0.0,通信網路業,https://www.moneydj.com/ETF/X/Basic/Basic0007.xdjhtm?etfid=00980A.TW&topc=
2026-07-31,00981A,主動統一台股增長,2330,å°ç©é»,9.04,10740000.0,0.0,半導體業,https://www.moneydj.com/ETF/X/Basic/Basic0007.xdjhtm?etfid=00981A.TW&topc=
2026-07-31,00981A,主動統一台股增長,2383,å°åé»,7.77,4715000.0,0.0,電子零組件業,https://www.moneydj.com/ETF/X/Basic/Basic0007.xdjhtm?etfid=00981A.TW&topc=
2026-07-31,00981A,主動統一台股增長,2454,è¯ç¼ç§,6.42,5200000.0,0.0,半導體業,https://www.moneydj.com/ETF/X/Basic/Basic0007.xdjhtm?etfid=00981A.TW&topc=
2026-07-31,00981A,主動統一台股增長,3037,æ¬£è,4.87,17833000.0,0.0,電子零組件業,https://www.moneydj.com/ETF/X/Basic/Basic0007.xdjhtm?etfid=00981A.TW&topc=
2026-07-31,00981A,主動統一台股增長,6669,ç·¯ç©,4.8,2564000.0,0.0,電腦及週邊設備業,https://www.moneydj.com/ETF/X/Basic/Basic0007.xdjhtm?etfid=00981A.TW&topc=
2026-07-31,00981A,主動統一台股增長,2345,æºé¦,4.74,6419000.0,0.0,通信網路業,https://www.moneydj.com/ETF/X/Basic/Basic0007.xdjhtm?etfid=00981A.TW&topc=
2026-07-31,00981A,主動統一台股增長,3017,å¥é,4.56,5666000.0,0.0,電腦及週邊設備業,https://www.moneydj.com/ETF/X/Basic/Basic0007.xdjhtm?etfid=00981A.TW&topc=
2026-07-31,00981A,主動統一台股增長,6223,æºç½,4.48,2443000.0,0.0,半導體業,https://www.moneydj.com/ETF/X/Basic/Basic0007.xdjhtm?etfid=00981A.TW&topc=
2026-07-31,00981A,主動統一台股增長,2327,åå·¨*,4.43,25437000.0,0.0,電子零組件業,https://www.moneydj.com/ETF/X/Basic/Basic0007.xdjhtm?etfid=00981A.TW&topc=
2026-07-31,00981A,主動統一台股增長,3665,è²¿è¯-KY,3.74,5130848.0,0.0,其他電子業,https://www.moneydj.com/ETF/X/Basic/Basic0007.xdjhtm?etfid=00981A.TW&topc=
2026-07-31,00982A,主動群益台灣強棒,2330,å°ç©é»,9.35,1794000.0,0.0,半導體業,https://www.moneydj.com/ETF/X/Basic/Basic0007.xdjhtm?etfid=00982A.TW&topc=
2026-07-31,00982A,主動群益台灣強棒,5536,èæ*,7.54,3792000.0,0.0,其他電子業,https://www.moneydj.com/ETF/X/Basic/Basic0007.xdjhtm?etfid=00982A.TW&topc=
2026-07-31,00982A,主動群益台灣強棒,2454,è¯ç¼ç§,6.78,887000.0,0.0,半導體業,https://www.moneydj.com/ETF/X/Basic/Basic0007.xdjhtm?etfid=00982A.TW&topc=
2026-07-31,00982A,主動群益台灣強棒,6669,ç·¯ç©,4.95,427000.0,0.0,電腦及週邊設備業,https://www.moneydj.com/ETF/X/Basic/Basic0007.xdjhtm?etfid=00982A.TW&topc=
2026-07-31,00982A,主動群益台灣強棒,6139,äºç¿,4.9,3225000.0,0.0,其他電子業,https://www.moneydj.com/ETF/X/Basic/Basic0007.xdjhtm?etfid=00982A.TW&topc=
2026-07-31,00982A,主動群益台灣強棒,2345,æºé¦,3.8,831000.0,0.0,通信網路業,https://www.moneydj.com/ETF/X/Basic/Basic0007.xdjhtm?etfid=00982A.TW&topc=
2026-07-31,00982A,主動群益台灣強棒,2360,è´è,3.78,837000.0,0.0,其他電子業,https://www.moneydj.com/ETF/X/Basic/Basic0007.xdjhtm?etfid=00982A.TW&topc=
2026-07-31,00982A,主動群益台灣強棒,6223,æºç½,3.48,307000.0,0.0,半導體業,https://www.moneydj.com/ETF/X/Basic/Basic0007.xdjhtm?etfid=00982A.TW&topc=
2026-07-31,00982A,主動群益台灣強棒,2383,å°åé»,3.4,333000.0,0.0,電子零組件業,https://www.moneydj.com/ETF/X/Basic/Basic0007.xdjhtm?etfid=00982A.TW&topc=
2026-07-31,00982A,主動群益台灣強棒,2059,å·æ¹,3.12,185000.0,0.0,電子零組件業,https://www.moneydj.com/ETF/X/Basic/Basic0007.xdjhtm?etfid=00982A.TW&topc=
2026-07-31,00983A,主動中信ARK創新,TSLA,Tesla,7.42,8370.0,0.0,未分類,https://www.moneydj.com/ETF/X/Basic/Basic0007.xdjhtm?etfid=00983A.TW&topc=
2026-07-31,00983A,主動中信ARK創新,SHOP,Shopify,6.39,18165.0,0.0,未分類,https://www.moneydj.com/ETF/X/Basic/Basic0007.xdjhtm?etfid=00983A.TW&topc=
2026-07-31,00983A,主動中信ARK創新,TXG,10x Genomics,6.1,42881.0,0.0,未分類,https://www.moneydj.com/ETF/X/Basic/Basic0007.xdjhtm?etfid=00983A.TW&topc=
2026-07-31,00983A,主動中信ARK創新,AMD,AMD,6.03,4322.0,0.0,未分類,https://www.moneydj.com/ETF/X/Basic/Basic0007.xdjhtm?etfid=00983A.TW&topc=
2026-07-31,00983A,主動中信ARK創新,TWST,Twist Bioscience,4.18,15930.0,0.0,未分類,https://www.moneydj.com/ETF/X/Basic/Basic0007.xdjhtm?etfid=00983A.TW&topc=
2026-07-31,00983A,主動中信ARK創新,ILMN,Illumina,4.08,6919.0,0.0,未分類,https://www.moneydj.com/ETF/X/Basic/Basic0007.xdjhtm?etfid=00983A.TW&topc=
2026-07-31,00983A,主動中信ARK創新,HOOD,Robinhood Markets,4.01,16095.0,0.0,未分類,https://www.moneydj.com/ETF/X/Basic/Basic0007.xdjhtm?etfid=00983A.TW&topc=
2026-07-31,00983A,主動中信ARK創新,CRSP,CRISPR Therapeutics,3.99,28627.0,0.0,未分類,https://www.moneydj.com/ETF/X/Basic/Basic0007.xdjhtm?etfid=00983A.TW&topc=
2026-07-31,00983A,主動中信ARK創新,AMZN,Amazon,3.19,4709.0,0.0,未分類,https://www.moneydj.com/ETF/X/Basic/Basic0007.xdjhtm?etfid=00983A.TW&topc=
2026-07-31,00984A,主動安聯台灣高息,2357,è¯ç¢©,3.2,364000.0,0.0,電腦及週邊設備業,https://www.moneydj.com/ETF/X/Basic/Basic0007.xdjhtm?etfid=00984A.TW&topc=
2026-07-31,00984A,主動安聯台灣高息,2330,å°ç©é»,3.16,120000.0,0.0,半導體業,https://www.moneydj.com/ETF/X/Basic/Basic0007.xdjhtm?etfid=00984A.TW&topc=
2026-07-31,00984A,主動安聯台灣高息,2412,ä¸­è¯é»,2.8,1845000.0,0.0,通信網路業,https://www.moneydj.com/ETF/X/Basic/Basic0007.xdjhtm?etfid=00984A.TW&topc=
2026-07-31,00984A,主動安聯台灣高息,2881,å¯é¦é,2.79,1977025.0,0.0,金融保險業,https://www.moneydj.com/ETF/X/Basic/Basic0007.xdjhtm?etfid=00984A.TW&topc=
2026-07-31,00984A,主動安聯台灣高息,2891,ä¸­ä¿¡é,2.53,3592000.0,0.0,金融保險業,https://www.moneydj.com/ETF/X/Basic/Basic0007.xdjhtm?etfid=00984A.TW&topc=
2026-07-31,00984A,主動安聯台灣高息,3034,è¯è©,2.22,393000.0,0.0,半導體業,https://www.moneydj.com/ETF/X/Basic/Basic0007.xdjhtm?etfid=00984A.TW&topc=
2026-07-31,00984A,主動安聯台灣高息,2382,å»£é,2.12,669000.0,0.0,電腦及週邊設備業,https://www.moneydj.com/ETF/X/Basic/Basic0007.xdjhtm?etfid=00984A.TW&topc=
2026-07-31,00984A,主動安聯台灣高息,2303,è¯é»,2.11,1602000.0,0.0,半導體業,https://www.moneydj.com/ETF/X/Basic/Basic0007.xdjhtm?etfid=00984A.TW&topc=
2026-07-31,00984A,主動安聯台灣高息,3045,å°ç£å¤§,2.11,1723000.0,0.0,通信網路業,https://www.moneydj.com/ETF/X/Basic/Basic0007.xdjhtm?etfid=00984A.TW&topc=
2026-07-31,00984A,主動安聯台灣高息,1216,çµ±ä¸,1.96,2446000.0,0.0,食品工業,https://www.moneydj.com/ETF/X/Basic/Basic0007.xdjhtm?etfid=00984A.TW&topc=
2026-07-31,00985A,主動野村台灣50,2330,å°ç©é»,15.13,588000.0,0.0,半導體業,https://www.moneydj.com/ETF/X/Basic/Basic0007.xdjhtm?etfid=00985A.TW&topc=
2026-07-31,00985A,主動野村台灣50,2027,å¤§æé¼,4.33,9445000.0,0.0,鋼鐵工業,https://www.moneydj.com/ETF/X/Basic/Basic0007.xdjhtm?etfid=00985A.TW&topc=
2026-07-31,00985A,主動野村台灣50,2376,æå,4.18,1170000.0,0.0,電腦及週邊設備業,https://www.moneydj.com/ETF/X/Basic/Basic0007.xdjhtm?etfid=00985A.TW&topc=
2026-07-31,00985A,主動野村台灣50,2059,å·æ¹,4.17,50000.0,0.0,電子零組件業,https://www.moneydj.com/ETF/X/Basic/Basic0007.xdjhtm?etfid=00985A.TW&topc=
2026-07-31,00985A,主動野村台灣50,2303,è¯é»,3.72,2899000.0,0.0,半導體業,https://www.moneydj.com/ETF/X/Basic/Basic0007.xdjhtm?etfid=00985A.TW&topc=
2026-07-31,00985A,主動野村台灣50,3008,å¤§ç«å,3.47,81000.0,0.0,光電業,https://www.moneydj.com/ETF/X/Basic/Basic0007.xdjhtm?etfid=00985A.TW&topc=
2026-07-31,00985A,主動野村台灣50,2327,åå·¨*,3.2,600000.0,0.0,電子零組件業,https://www.moneydj.com/ETF/X/Basic/Basic0007.xdjhtm?etfid=00985A.TW&topc=
2026-07-31,00985A,主動野村台灣50,3036,ææ,3.2,1533000.0,0.0,電子通路業,https://www.moneydj.com/ETF/X/Basic/Basic0007.xdjhtm?etfid=00985A.TW&topc=
2026-07-31,00985A,主動野村台灣50,6187,è¬æ½¤,3.14,319000.0,0.0,半導體業,https://www.moneydj.com/ETF/X/Basic/Basic0007.xdjhtm?etfid=00985A.TW&topc=
2026-07-31,00985A,主動野村台灣50,6442,åè,3.13,255000.0,0.0,通信網路業,https://www.moneydj.com/ETF/X/Basic/Basic0007.xdjhtm?etfid=00985A.TW&topc=
2026-07-31,00986A,主動台新龍頭成長,2330,å°ç©é»,8.45,22000.0,0.0,半導體業,https://www.moneydj.com/ETF/X/Basic/Basic0007.xdjhtm?etfid=00986A.TW&topc=
2026-07-31,00986A,主動台新龍頭成長,GOOGL,lphabet - Class A Common Stock,7.54,4000.0,0.0,未分類,https://www.moneydj.com/ETF/X/Basic/Basic0007.xdjhtm?etfid=00986A.TW&topc=
2026-07-31,00986A,主動台新龍頭成長,NVDA,NVIDIA,5.73,5200.0,0.0,未分類,https://www.moneydj.com/ETF/X/Basic/Basic0007.xdjhtm?etfid=00986A.TW&topc=
2026-07-31,00986A,主動台新龍頭成長,AVGO,Broadcom,5.26,2400.0,0.0,未分類,https://www.moneydj.com/ETF/X/Basic/Basic0007.xdjhtm?etfid=00986A.TW&topc=
2026-07-31,00986A,主動台新龍頭成長,MU,Micron,3.96,800.0,0.0,未分類,https://www.moneydj.com/ETF/X/Basic/Basic0007.xdjhtm?etfid=00986A.TW&topc=
2026-07-31,00986A,主動台新龍頭成長,CRWD,CrowdStrike Holdings,3.93,3752.0,0.0,未分類,https://www.moneydj.com/ETF/X/Basic/Basic0007.xdjhtm?etfid=00986A.TW&topc=
2026-07-31,00986A,主動台新龍頭成長,AMZN,Amazon,3.73,2800.0,0.0,未分類,https://www.moneydj.com/ETF/X/Basic/Basic0007.xdjhtm?etfid=00986A.TW&topc=
2026-07-31,00986A,主動台新龍頭成長,GS,Goldman Sachs,3.19,550.0,0.0,未分類,https://www.moneydj.com/ETF/X/Basic/Basic0007.xdjhtm?etfid=00986A.TW&topc=
2026-07-31,00986A,主動台新龍頭成長,LITE,Lumentum,3.06,780.0,0.0,未分類,https://www.moneydj.com/ETF/X/Basic/Basic0007.xdjhtm?etfid=00986A.TW&topc=
2026-07-31,00987A,主動台新優勢成長,2330,å°ç©é»,9.18,90000.0,0.0,半導體業,https://www.moneydj.com/ETF/X/Basic/Basic0007.xdjhtm?etfid=00987A.TW&topc=
2026-07-31,00987A,主動台新優勢成長,3017,å¥é,8.39,86000.0,0.0,電腦及週邊設備業,https://www.moneydj.com/ETF/X/Basic/Basic0007.xdjhtm?etfid=00987A.TW&topc=
2026-07-31,00987A,主動台新優勢成長,2383,å°åé»,6.78,34000.0,0.0,電子零組件業,https://www.moneydj.com/ETF/X/Basic/Basic0007.xdjhtm?etfid=00987A.TW&topc=
2026-07-31,00987A,主動台新優勢成長,3037,æ¬£è,6.29,190000.0,0.0,電子零組件業,https://www.moneydj.com/ETF/X/Basic/Basic0007.xdjhtm?etfid=00987A.TW&topc=
2026-07-31,00987A,主動台新優勢成長,6223,æºç½,6.0,27000.0,0.0,半導體業,https://www.moneydj.com/ETF/X/Basic/Basic0007.xdjhtm?etfid=00987A.TW&topc=
2026-07-31,00987A,主動台新優勢成長,3443,åµæ,5.44,34000.0,0.0,半導體業,https://www.moneydj.com/ETF/X/Basic/Basic0007.xdjhtm?etfid=00987A.TW&topc=
2026-07-31,00987A,主動台新優勢成長,2454,è¯ç¼ç§,4.78,32000.0,0.0,半導體業,https://www.moneydj.com/ETF/X/Basic/Basic0007.xdjhtm?etfid=00987A.TW&topc=
2026-07-31,00987A,主動台新優勢成長,3665,è²¿è¯-KY,4.42,50000.0,0.0,其他電子業,https://www.moneydj.com/ETF/X/Basic/Basic0007.xdjhtm?etfid=00987A.TW&topc=
2026-07-31,00987A,主動台新優勢成長,2408,åäºç§,3.64,240000.0,0.0,半導體業,https://www.moneydj.com/ETF/X/Basic/Basic0007.xdjhtm?etfid=00987A.TW&topc=
2026-07-31,00987A,主動台新優勢成長,8046,åé»,3.52,91000.0,0.0,電子零組件業,https://www.moneydj.com/ETF/X/Basic/Basic0007.xdjhtm?etfid=00987A.TW&topc=
2026-07-31,00989A,主動摩根美國科技,GOOG,phabet - Class C Capital Stock,4.33,4731.0,0.0,未分類,https://www.moneydj.com/ETF/X/Basic/Basic0007.xdjhtm?etfid=00989A.TW&topc=
2026-07-31,00989A,主動摩根美國科技,AVGO,Broadcom,4.19,3945.0,0.0,未分類,https://www.moneydj.com/ETF/X/Basic/Basic0007.xdjhtm?etfid=00989A.TW&topc=
2026-07-31,00989A,主動摩根美國科技,PANW,Palo Alto,4.1,4595.0,0.0,未分類,https://www.moneydj.com/ETF/X/Basic/Basic0007.xdjhtm?etfid=00989A.TW&topc=
2026-07-31,00989A,主動摩根美國科技,TTWO,Take-Two,4.09,6028.0,0.0,未分類,https://www.moneydj.com/ETF/X/Basic/Basic0007.xdjhtm?etfid=00989A.TW&topc=
2026-07-31,00989A,主動摩根美國科技,NVDA,NVIDIA,3.77,7055.0,0.0,未分類,https://www.moneydj.com/ETF/X/Basic/Basic0007.xdjhtm?etfid=00989A.TW&topc=
2026-07-31,00989A,主動摩根美國科技,SNOW,Snowflake,3.09,3776.0,0.0,未分類,https://www.moneydj.com/ETF/X/Basic/Basic0007.xdjhtm?etfid=00989A.TW&topc=
2026-07-31,00989A,主動摩根美國科技,CRWD,CrowdStrike Holdings,2.99,5887.0,0.0,未分類,https://www.moneydj.com/ETF/X/Basic/Basic0007.xdjhtm?etfid=00989A.TW&topc=
2026-07-31,00989A,主動摩根美國科技,INTC,Intel,2.96,11841.0,0.0,未分類,https://www.moneydj.com/ETF/X/Basic/Basic0007.xdjhtm?etfid=00989A.TW&topc=
2026-07-31,00989A,主動摩根美國科技,MSFT,Microsoft,2.94,2379.0,0.0,未分類,https://www.moneydj.com/ETF/X/Basic/Basic0007.xdjhtm?etfid=00989A.TW&topc=
2026-07-31,00989A,主動摩根美國科技,NET,Cloudflare,2.82,3630.0,0.0,未分類,https://www.moneydj.com/ETF/X/Basic/Basic0007.xdjhtm?etfid=00989A.TW&topc=
2026-07-31,00990A,主動元大AI新經濟,AMD,AMD,5.6,127179.0,0.0,未分類,https://www.moneydj.com/ETF/X/Basic/Basic0007.xdjhtm?etfid=00990A.TW&topc=
2026-07-31,00990A,主動元大AI新經濟,LITE,Lumentum,5.15,81912.0,0.0,未分類,https://www.moneydj.com/ETF/X/Basic/Basic0007.xdjhtm?etfid=00990A.TW&topc=
2026-07-31,00990A,主動元大AI新經濟,AMAT,Applied Materials,4.31,94706.0,0.0,未分類,https://www.moneydj.com/ETF/X/Basic/Basic0007.xdjhtm?etfid=00990A.TW&topc=
2026-07-31,00990A,主動元大AI新經濟,MU,Micron,3.68,46405.0,0.0,未分類,https://www.moneydj.com/ETF/X/Basic/Basic0007.xdjhtm?etfid=00990A.TW&topc=
2026-07-31,00990A,主動元大AI新經濟,2330,å°ç©é»,3.55,576000.0,0.0,半導體業,https://www.moneydj.com/ETF/X/Basic/Basic0007.xdjhtm?etfid=00990A.TW&topc=
2026-07-31,00990A,主動元大AI新經濟,DELL,Dell,3.28,89300.0,0.0,未分類,https://www.moneydj.com/ETF/X/Basic/Basic0007.xdjhtm?etfid=00990A.TW&topc=
2026-07-31,00990A,主動元大AI新經濟,BE,Bloom Energy,3.26,173500.0,0.0,未分類,https://www.moneydj.com/ETF/X/Basic/Basic0007.xdjhtm?etfid=00990A.TW&topc=
2026-07-31,00990A,主動元大AI新經濟,SNOW,Snowflake,3.11,115200.0,0.0,未分類,https://www.moneydj.com/ETF/X/Basic/Basic0007.xdjhtm?etfid=00990A.TW&topc=
2026-07-31,00990A,主動元大AI新經濟,WDC,Western Digital,3.06,63342.0,0.0,未分類,https://www.moneydj.com/ETF/X/Basic/Basic0007.xdjhtm?etfid=00990A.TW&topc=
2026-07-31,00992A,主動群益科技創新,2330,å°ç©é»,9.0,1406000.0,0.0,半導體業,https://www.moneydj.com/ETF/X/Basic/Basic0007.xdjhtm?etfid=00992A.TW&topc=
2026-07-31,00992A,主動群益科技創新,2383,å°åé»,7.05,563000.0,0.0,電子零組件業,https://www.moneydj.com/ETF/X/Basic/Basic0007.xdjhtm?etfid=00992A.TW&topc=
2026-07-31,00992A,主動群益科技創新,3017,å¥é,6.13,1002000.0,0.0,電腦及週邊設備業,https://www.moneydj.com/ETF/X/Basic/Basic0007.xdjhtm?etfid=00992A.TW&topc=
2026-07-31,00992A,主動群益科技創新,2059,å·æ¹,6.07,293000.0,0.0,電子零組件業,https://www.moneydj.com/ETF/X/Basic/Basic0007.xdjhtm?etfid=00992A.TW&topc=
2026-07-31,00992A,主動群益科技創新,2345,æºé¦,6.06,1080000.0,0.0,通信網路業,https://www.moneydj.com/ETF/X/Basic/Basic0007.xdjhtm?etfid=00992A.TW&topc=
2026-07-31,00992A,主動群益科技創新,3008,å¤§ç«å,5.54,520000.0,0.0,光電業,https://www.moneydj.com/ETF/X/Basic/Basic0007.xdjhtm?etfid=00992A.TW&topc=
2026-07-31,00992A,主動群益科技創新,3665,è²¿è¯-KY,5.49,991000.0,0.0,其他電子業,https://www.moneydj.com/ETF/X/Basic/Basic0007.xdjhtm?etfid=00992A.TW&topc=
2026-07-31,00992A,主動群益科技創新,6223,æºç½,4.54,326000.0,0.0,半導體業,https://www.moneydj.com/ETF/X/Basic/Basic0007.xdjhtm?etfid=00992A.TW&topc=
2026-07-31,00992A,主動群益科技創新,3037,æ¬£è,4.35,2097000.0,0.0,電子零組件業,https://www.moneydj.com/ETF/X/Basic/Basic0007.xdjhtm?etfid=00992A.TW&topc=
2026-07-31,00992A,主動群益科技創新,2454,è¯ç¼ç§,3.81,406000.0,0.0,半導體業,https://www.moneydj.com/ETF/X/Basic/Basic0007.xdjhtm?etfid=00992A.TW&topc=
2026-07-31,00993A,主動安聯台灣,2330,å°ç©é»,15.03,572000.0,0.0,半導體業,https://www.moneydj.com/ETF/X/Basic/Basic0007.xdjhtm?etfid=00993A.TW&topc=
2026-07-31,00993A,主動安聯台灣,6223,æºç½,5.61,98000.0,0.0,半導體業,https://www.moneydj.com/ETF/X/Basic/Basic0007.xdjhtm?etfid=00993A.TW&topc=
2026-07-31,00993A,主動安聯台灣,2454,è¯ç¼ç§,4.39,114000.0,0.0,半導體業,https://www.moneydj.com/ETF/X/Basic/Basic0007.xdjhtm?etfid=00993A.TW&topc=
2026-07-31,00993A,主動安聯台灣,2383,å°åé»,3.91,76000.0,0.0,電子零組件業,https://www.moneydj.com/ETF/X/Basic/Basic0007.xdjhtm?etfid=00993A.TW&topc=
2026-07-31,00993A,主動安聯台灣,2059,å·æ¹,3.15,37000.0,0.0,電子零組件業,https://www.moneydj.com/ETF/X/Basic/Basic0007.xdjhtm?etfid=00993A.TW&topc=
2026-07-31,00993A,主動安聯台灣,2345,æºé¦,2.9,126000.0,0.0,通信網路業,https://www.moneydj.com/ETF/X/Basic/Basic0007.xdjhtm?etfid=00993A.TW&topc=
2026-07-31,00993A,主動安聯台灣,2308,å°éé»,2.74,154000.0,0.0,電子零組件業,https://www.moneydj.com/ETF/X/Basic/Basic0007.xdjhtm?etfid=00993A.TW&topc=
2026-07-31,00993A,主動安聯台灣,5274,ä¿¡é©,2.61,16600.0,0.0,半導體業,https://www.moneydj.com/ETF/X/Basic/Basic0007.xdjhtm?etfid=00993A.TW&topc=
2026-07-31,00993A,主動安聯台灣,6274,å°ç¿,2.6,216000.0,0.0,電子零組件業,https://www.moneydj.com/ETF/X/Basic/Basic0007.xdjhtm?etfid=00993A.TW&topc=
2026-07-31,00993A,主動安聯台灣,3037,æ¬£è,2.57,301000.0,0.0,電子零組件業,https://www.moneydj.com/ETF/X/Basic/Basic0007.xdjhtm?etfid=00993A.TW&topc=
2026-07-31,00994A,主動第一金台股優,2330,å°ç©é»,16.85,314999.0,0.0,半導體業,https://www.moneydj.com/ETF/X/Basic/Basic0007.xdjhtm?etfid=00994A.TW&topc=
2026-07-31,00994A,主動第一金台股優,2383,å°åé»,7.85,75000.0,0.0,電子零組件業,https://www.moneydj.com/ETF/X/Basic/Basic0007.xdjhtm?etfid=00994A.TW&topc=
2026-07-31,00994A,主動第一金台股優,2454,è¯ç¼ç§,7.29,93001.0,0.0,半導體業,https://www.moneydj.com/ETF/X/Basic/Basic0007.xdjhtm?etfid=00994A.TW&topc=
2026-07-31,00994A,主動第一金台股優,3037,æ¬£è,5.43,313001.0,0.0,電子零組件業,https://www.moneydj.com/ETF/X/Basic/Basic0007.xdjhtm?etfid=00994A.TW&topc=
2026-07-31,00994A,主動第一金台股優,8046,åé»,4.79,236000.0,0.0,電子零組件業,https://www.moneydj.com/ETF/X/Basic/Basic0007.xdjhtm?etfid=00994A.TW&topc=
2026-07-31,00994A,主動第一金台股優,2345,æºé¦,4.78,102000.0,0.0,通信網路業,https://www.moneydj.com/ETF/X/Basic/Basic0007.xdjhtm?etfid=00994A.TW&topc=
2026-07-31,00994A,主動第一金台股優,3017,å¥é,4.58,89500.0,0.0,電腦及週邊設備業,https://www.moneydj.com/ETF/X/Basic/Basic0007.xdjhtm?etfid=00994A.TW&topc=
2026-07-31,00994A,主動第一金台股優,6223,æºç½,4.53,38901.0,0.0,半導體業,https://www.moneydj.com/ETF/X/Basic/Basic0007.xdjhtm?etfid=00994A.TW&topc=
2026-07-31,00994A,主動第一金台股優,6274,å°ç¿,3.87,158000.0,0.0,電子零組件業,https://www.moneydj.com/ETF/X/Basic/Basic0007.xdjhtm?etfid=00994A.TW&topc=
2026-07-31,00994A,主動第一金台股優,2059,å·æ¹,3.63,21001.0,0.0,電子零組件業,https://www.moneydj.com/ETF/X/Basic/Basic0007.xdjhtm?etfid=00994A.TW&topc=
2026-07-31,00995A,主動中信台灣卓越,2330,å°ç©é»,8.63,171000.0,0.0,半導體業,https://www.moneydj.com/ETF/X/Basic/Basic0007.xdjhtm?etfid=00995A.TW&topc=
2026-07-31,00995A,主動中信台灣卓越,2383,å°åé»,7.58,77000.0,0.0,電子零組件業,https://www.moneydj.com/ETF/X/Basic/Basic0007.xdjhtm?etfid=00995A.TW&topc=
2026-07-31,00995A,主動中信台灣卓越,2454,è¯ç¼ç§,5.46,74000.0,0.0,半導體業,https://www.moneydj.com/ETF/X/Basic/Basic0007.xdjhtm?etfid=00995A.TW&topc=
2026-07-31,00995A,主動中信台灣卓越,2345,æºé¦,4.85,110000.0,0.0,通信網路業,https://www.moneydj.com/ETF/X/Basic/Basic0007.xdjhtm?etfid=00995A.TW&topc=
2026-07-31,00995A,主動中信台灣卓越,6669,ç·¯ç©,4.81,43000.0,0.0,電腦及週邊設備業,https://www.moneydj.com/ETF/X/Basic/Basic0007.xdjhtm?etfid=00995A.TW&topc=
2026-07-31,00995A,主動中信台灣卓越,6223,æºç½,3.94,36000.0,0.0,半導體業,https://www.moneydj.com/ETF/X/Basic/Basic0007.xdjhtm?etfid=00995A.TW&topc=
2026-07-31,00995A,主動中信台灣卓越,3017,å¥é,3.85,80000.0,0.0,電腦及週邊設備業,https://www.moneydj.com/ETF/X/Basic/Basic0007.xdjhtm?etfid=00995A.TW&topc=
2026-07-31,00995A,主動中信台灣卓越,3037,æ¬£è,3.79,232000.0,0.0,電子零組件業,https://www.moneydj.com/ETF/X/Basic/Basic0007.xdjhtm?etfid=00995A.TW&topc=
2026-07-31,00995A,主動中信台灣卓越,2308,å°éé»,3.54,104000.0,0.0,電子零組件業,https://www.moneydj.com/ETF/X/Basic/Basic0007.xdjhtm?etfid=00995A.TW&topc=
2026-07-31,00995A,主動中信台灣卓越,8046,åé»,3.24,170000.0,0.0,電子零組件業,https://www.moneydj.com/ETF/X/Basic/Basic0007.xdjhtm?etfid=00995A.TW&topc=
2026-07-31,00996A,主動兆豐台灣豐收,2330,å°ç©é»,11.17,179000.0,0.0,半導體業,https://www.moneydj.com/ETF/X/Basic/Basic0007.xdjhtm?etfid=00996A.TW&topc=
2026-07-31,00996A,主動兆豐台灣豐收,2454,è¯ç¼ç§,7.41,81000.0,0.0,半導體業,https://www.moneydj.com/ETF/X/Basic/Basic0007.xdjhtm?etfid=00996A.TW&topc=
2026-07-31,00996A,主動兆豐台灣豐收,2383,å°åé»,6.23,51000.0,0.0,電子零組件業,https://www.moneydj.com/ETF/X/Basic/Basic0007.xdjhtm?etfid=00996A.TW&topc=
2026-07-31,00996A,主動兆豐台灣豐收,4958,è»é¼-KY,5.98,562000.0,0.0,電子零組件業,https://www.moneydj.com/ETF/X/Basic/Basic0007.xdjhtm?etfid=00996A.TW&topc=
2026-07-31,00996A,主動兆豐台灣豐收,2327,åå·¨*,5.65,437000.0,0.0,電子零組件業,https://www.moneydj.com/ETF/X/Basic/Basic0007.xdjhtm?etfid=00996A.TW&topc=
2026-07-31,00996A,主動兆豐台灣豐收,2308,å°éé»,4.85,115000.0,0.0,電子零組件業,https://www.moneydj.com/ETF/X/Basic/Basic0007.xdjhtm?etfid=00996A.TW&topc=
2026-07-31,00996A,主動兆豐台灣豐收,2472,ç«éé»,3.4,601000.0,0.0,電子零組件業,https://www.moneydj.com/ETF/X/Basic/Basic0007.xdjhtm?etfid=00996A.TW&topc=
2026-07-31,00996A,主動兆豐台灣豐收,2344,è¯é¦é»,2.99,895000.0,0.0,半導體業,https://www.moneydj.com/ETF/X/Basic/Basic0007.xdjhtm?etfid=00996A.TW&topc=
2026-07-31,00996A,主動兆豐台灣豐收,2408,åäºç§,2.75,296000.0,0.0,半導體業,https://www.moneydj.com/ETF/X/Basic/Basic0007.xdjhtm?etfid=00996A.TW&topc=
2026-07-31,00996A,主動兆豐台灣豐收,8046,åé»,2.7,114000.0,0.0,電子零組件業,https://www.moneydj.com/ETF/X/Basic/Basic0007.xdjhtm?etfid=00996A.TW&topc=
2026-07-31,00997A,主動群益美國增長,AMD,AMD,6.1,52840.0,0.0,未分類,https://www.moneydj.com/ETF/X/Basic/Basic0007.xdjhtm?etfid=00997A.TW&topc=
2026-07-31,00997A,主動群益美國增長,MU,Micron,4.84,23302.0,0.0,未分類,https://www.moneydj.com/ETF/X/Basic/Basic0007.xdjhtm?etfid=00997A.TW&topc=
2026-07-31,00997A,主動群益美國增長,AMAT,Applied Materials,4.26,35718.0,0.0,未分類,https://www.moneydj.com/ETF/X/Basic/Basic0007.xdjhtm?etfid=00997A.TW&topc=
2026-07-31,00997A,主動群益美國增長,WDC,Western Digital,3.32,26169.0,0.0,未分類,https://www.moneydj.com/ETF/X/Basic/Basic0007.xdjhtm?etfid=00997A.TW&topc=
2026-07-31,00997A,主動群益美國增長,AAPL,Apple,3.19,40258.0,0.0,未分類,https://www.moneydj.com/ETF/X/Basic/Basic0007.xdjhtm?etfid=00997A.TW&topc=
2026-07-31,00997A,主動群益美國增長,GOOGL,lphabet - Class A Common Stock,3.16,39899.0,0.0,未分類,https://www.moneydj.com/ETF/X/Basic/Basic0007.xdjhtm?etfid=00997A.TW&topc=
2026-07-31,00997A,主動群益美國增長,MRVL,Marvell,3.07,70533.0,0.0,未分類,https://www.moneydj.com/ETF/X/Basic/Basic0007.xdjhtm?etfid=00997A.TW&topc=
2026-07-31,00997A,主動群益美國增長,LRCX,Lam Research,2.7,38116.0,0.0,未分類,https://www.moneydj.com/ETF/X/Basic/Basic0007.xdjhtm?etfid=00997A.TW&topc=
2026-07-31,00997A,主動群益美國增長,FTNT,Fortinet,2.61,71192.0,0.0,未分類,https://www.moneydj.com/ETF/X/Basic/Basic0007.xdjhtm?etfid=00997A.TW&topc=
2026-07-31,00997A,主動群益美國增長,CRWD,CrowdStrike Holdings,2.52,57213.0,0.0,未分類,https://www.moneydj.com/ETF/X/Basic/Basic0007.xdjhtm?etfid=00997A.TW&topc=
2026-07-31,00999A,主動野村臺灣高息,2330,å°ç©é»,6.23,308000.0,0.0,半導體業,https://www.moneydj.com/ETF/X/Basic/Basic0007.xdjhtm?etfid=00999A.TW&topc=
2026-07-31,00999A,主動野村臺灣高息,2059,å·æ¹,4.52,69000.0,0.0,電子零組件業,https://www.moneydj.com/ETF/X/Basic/Basic0007.xdjhtm?etfid=00999A.TW&topc=
2026-07-31,00999A,主動野村臺灣高息,2383,å°åé»,3.92,99000.0,0.0,電子零組件業,https://www.moneydj.com/ETF/X/Basic/Basic0007.xdjhtm?etfid=00999A.TW&topc=
2026-07-31,00999A,主動野村臺灣高息,2454,è¯ç¼ç§,3.83,129000.0,0.0,半導體業,https://www.moneydj.com/ETF/X/Basic/Basic0007.xdjhtm?etfid=00999A.TW&topc=
2026-07-31,00999A,主動野村臺灣高息,3711,æ¥æåææ§,3.3,712000.0,0.0,半導體業,https://www.moneydj.com/ETF/X/Basic/Basic0007.xdjhtm?etfid=00999A.TW&topc=
2026-07-31,00999A,主動野村臺灣高息,2308,å°éé»,3.24,237000.0,0.0,電子零組件業,https://www.moneydj.com/ETF/X/Basic/Basic0007.xdjhtm?etfid=00999A.TW&topc=
2026-07-31,00999A,主動野村臺灣高息,7769,é´»å,3.2,62000.0,0.0,半導體業,https://www.moneydj.com/ETF/X/Basic/Basic0007.xdjhtm?etfid=00999A.TW&topc=
2026-07-31,00999A,主動野村臺灣高息,3653,å¥ç­,2.73,95000.0,0.0,電子零組件業,https://www.moneydj.com/ETF/X/Basic/Basic0007.xdjhtm?etfid=00999A.TW&topc=
2026-07-31,00999A,主動野村臺灣高息,2368,éåé»,1.85,280000.0,0.0,電子零組件業,https://www.moneydj.com/ETF/X/Basic/Basic0007.xdjhtm?etfid=00999A.TW&topc=
2026-07-31,00999A,主動野村臺灣高息,6223,æºç½,1.85,42000.0,0.0,半導體業,https://www.moneydj.com/ETF/X/Basic/Basic0007.xdjhtm?etfid=00999A.TW&topc=
2026-08-03,00400A,主動國泰動能高息,2330,å°ç©é»,8.47,1025000.0,0.0,半導體業,https://www.moneydj.com/ETF/X/Basic/Basic0007.xdjhtm?etfid=00400A.TW&topc=
2026-08-03,00400A,主動國泰動能高息,2454,è¯ç¼ç§,5.23,384000.0,0.0,半導體業,https://www.moneydj.com/ETF/X/Basic/Basic0007.xdjhtm?etfid=00400A.TW&topc=
2026-08-03,00400A,主動國泰動能高息,2383,å°åé»,5.05,291000.0,0.0,電子零組件業,https://www.moneydj.com/ETF/X/Basic/Basic0007.xdjhtm?etfid=00400A.TW&topc=
2026-08-03,00400A,主動國泰動能高息,2360,è´è,4.63,677000.0,0.0,其他電子業,https://www.moneydj.com/ETF/X/Basic/Basic0007.xdjhtm?etfid=00400A.TW&topc=
2026-08-03,00400A,主動國泰動能高息,3017,å¥é,4.33,487000.0,0.0,電腦及週邊設備業,https://www.moneydj.com/ETF/X/Basic/Basic0007.xdjhtm?etfid=00400A.TW&topc=
2026-08-03,00400A,主動國泰動能高息,6669,ç·¯ç©,4.19,203000.0,0.0,電腦及週邊設備業,https://www.moneydj.com/ETF/X/Basic/Basic0007.xdjhtm?etfid=00400A.TW&topc=
2026-08-03,00400A,主動國泰動能高息,3037,æ¬£è,4.03,1336000.0,0.0,電子零組件業,https://www.moneydj.com/ETF/X/Basic/Basic0007.xdjhtm?etfid=00400A.TW&topc=
2026-08-03,00400A,主動國泰動能高息,6223,æºç½,3.46,171000.0,0.0,半導體業,https://www.moneydj.com/ETF/X/Basic/Basic0007.xdjhtm?etfid=00400A.TW&topc=
2026-08-03,00400A,主動國泰動能高息,2059,å·æ¹,3.4,113000.0,0.0,電子零組件業,https://www.moneydj.com/ETF/X/Basic/Basic0007.xdjhtm?etfid=00400A.TW&topc=
2026-08-03,00400A,主動國泰動能高息,5274,ä¿¡é©,2.92,52400.0,0.0,半導體業,https://www.moneydj.com/ETF/X/Basic/Basic0007.xdjhtm?etfid=00400A.TW&topc=
2026-08-03,00980A,主動野村臺灣優選,2330,å°ç©é»,8.93,663000.0,0.0,半導體業,https://www.moneydj.com/ETF/X/Basic/Basic0007.xdjhtm?etfid=00980A.TW&topc=
2026-08-03,00980A,主動野村臺灣優選,2454,è¯ç¼ç§,6.2,279000.0,0.0,半導體業,https://www.moneydj.com/ETF/X/Basic/Basic0007.xdjhtm?etfid=00980A.TW&topc=
2026-08-03,00980A,主動野村臺灣優選,2059,å·æ¹,4.47,91000.0,0.0,電子零組件業,https://www.moneydj.com/ETF/X/Basic/Basic0007.xdjhtm?etfid=00980A.TW&topc=
2026-08-03,00980A,主動野村臺灣優選,2383,å°åé»,4.3,152000.0,0.0,電子零組件業,https://www.moneydj.com/ETF/X/Basic/Basic0007.xdjhtm?etfid=00980A.TW&topc=
2026-08-03,00980A,主動野村臺灣優選,2308,å°éé»,3.63,404000.0,0.0,電子零組件業,https://www.moneydj.com/ETF/X/Basic/Basic0007.xdjhtm?etfid=00980A.TW&topc=
2026-08-03,00980A,主動野村臺灣優選,3037,æ¬£è,2.77,563000.0,0.0,電子零組件業,https://www.moneydj.com/ETF/X/Basic/Basic0007.xdjhtm?etfid=00980A.TW&topc=
2026-08-03,00980A,主動野村臺灣優選,7769,é´»å,2.67,73000.0,0.0,半導體業,https://www.moneydj.com/ETF/X/Basic/Basic0007.xdjhtm?etfid=00980A.TW&topc=
2026-08-03,00980A,主動野村臺灣優選,6223,æºç½,2.51,76000.0,0.0,半導體業,https://www.moneydj.com/ETF/X/Basic/Basic0007.xdjhtm?etfid=00980A.TW&topc=
2026-08-03,00980A,主動野村臺灣優選,3081,è¯äº,2.42,237600.0,0.0,通信網路業,https://www.moneydj.com/ETF/X/Basic/Basic0007.xdjhtm?etfid=00980A.TW&topc=
2026-08-03,00980A,主動野村臺灣優選,2408,åäºç§,2.34,1039000.0,0.0,半導體業,https://www.moneydj.com/ETF/X/Basic/Basic0007.xdjhtm?etfid=00980A.TW&topc=
2026-08-03,00982A,主動群益台灣強棒,2330,台積電,8.77,1794000.0,0.0,半導體業,https://www.capitalfund.com.tw/etf/product/detail/399/buyback
2026-08-03,00982A,主動群益台灣強棒,5536,聖暉*,7.37,3792000.0,0.0,其他電子業,https://www.capitalfund.com.tw/etf/product/detail/399/buyback
2026-08-03,00982A,主動群益台灣強棒,2454,聯發科,7.16,887000.0,0.0,半導體業,https://www.capitalfund.com.tw/etf/product/detail/399/buyback
2026-08-03,00982A,主動群益台灣強棒,6139,亞翔,5.96,3775000.0,0.0,其他電子業,https://www.capitalfund.com.tw/etf/product/detail/399/buyback
2026-08-03,00982A,主動群益台灣強棒,6669,緯穎,5.87,480000.0,0.0,電腦及週邊設備業,https://www.capitalfund.com.tw/etf/product/detail/399/buyback
2026-08-03,00982A,主動群益台灣強棒,2345,智邦,4.0,831000.0,0.0,通信網路業,https://www.capitalfund.com.tw/etf/product/detail/399/buyback
2026-08-03,00982A,主動群益台灣強棒,6223,旺矽,3.68,307000.0,0.0,半導體業,https://www.capitalfund.com.tw/etf/product/detail/399/buyback
2026-08-03,00982A,主動群益台灣強棒,2383,台光電,3.42,333000.0,0.0,電子零組件業,https://www.capitalfund.com.tw/etf/product/detail/399/buyback
2026-08-03,00982A,主動群益台灣強棒,2360,致茂,3.38,837000.0,0.0,其他電子業,https://www.capitalfund.com.tw/etf/product/detail/399/buyback
2026-08-03,00982A,主動群益台灣強棒,2059,川湖,3.3,185000.0,0.0,電子零組件業,https://www.capitalfund.com.tw/etf/product/detail/399/buyback
2026-08-03,00985A,主動野村台灣50,2330,å°ç©é»,14.45,588000.0,0.0,半導體業,https://www.moneydj.com/ETF/X/Basic/Basic0007.xdjhtm?etfid=00985A.TW&topc=
2026-08-03,00985A,主動野村台灣50,2059,å·æ¹,4.48,50000.0,0.0,電子零組件業,https://www.moneydj.com/ETF/X/Basic/Basic0007.xdjhtm?etfid=00985A.TW&topc=
2026-08-03,00985A,主動野村台灣50,2027,å¤§æé¼,4.35,9445000.0,0.0,鋼鐵工業,https://www.moneydj.com/ETF/X/Basic/Basic0007.xdjhtm?etfid=00985A.TW&topc=
2026-08-03,00985A,主動野村台灣50,2376,æå,3.94,1170000.0,0.0,電腦及週邊設備業,https://www.moneydj.com/ETF/X/Basic/Basic0007.xdjhtm?etfid=00985A.TW&topc=
2026-08-03,00985A,主動野村台灣50,2303,è¯é»,3.55,2899000.0,0.0,半導體業,https://www.moneydj.com/ETF/X/Basic/Basic0007.xdjhtm?etfid=00985A.TW&topc=
2026-08-03,00985A,主動野村台灣50,2327,åå·¨*,3.43,600000.0,0.0,電子零組件業,https://www.moneydj.com/ETF/X/Basic/Basic0007.xdjhtm?etfid=00985A.TW&topc=
2026-08-03,00985A,主動野村台灣50,6442,åè,3.36,255000.0,0.0,通信網路業,https://www.moneydj.com/ETF/X/Basic/Basic0007.xdjhtm?etfid=00985A.TW&topc=
2026-08-03,00985A,主動野村台灣50,3008,å¤§ç«å,3.33,81000.0,0.0,光電業,https://www.moneydj.com/ETF/X/Basic/Basic0007.xdjhtm?etfid=00985A.TW&topc=
2026-08-03,00985A,主動野村台灣50,6187,è¬æ½¤,3.32,319000.0,0.0,半導體業,https://www.moneydj.com/ETF/X/Basic/Basic0007.xdjhtm?etfid=00985A.TW&topc=
2026-08-03,00985A,主動野村台灣50,3036,ææ,3.25,1533000.0,0.0,電子通路業,https://www.moneydj.com/ETF/X/Basic/Basic0007.xdjhtm?etfid=00985A.TW&topc=
2026-08-03,00988A,主動統一全球創新,AMDUS,ADVANCED MICRO DEVICES.amd us(超微半導體公司),6.39,205000.0,0.0,未分類,https://www.ezmoney.com.tw/ETF/Transaction/PCF?fundCode=61YTW
2026-08-03,00988A,主動統一全球創新,MUUS,MICRON TECHNOLOGY INC,6.1,108569.0,0.0,未分類,https://www.ezmoney.com.tw/ETF/Transaction/PCF?fundCode=61YTW
2026-08-03,00988A,主動統一全球創新,AMATUS,APPLIED MATERIALS INC,4.35,135000.0,0.0,未分類,https://www.ezmoney.com.tw/ETF/Transaction/PCF?fundCode=61YTW
2026-08-03,00988A,主動統一全球創新,2383,台光電,3.8,445000.0,0.0,電子零組件業,https://www.ezmoney.com.tw/ETF/Transaction/PCF?fundCode=61YTW
2026-08-03,00988A,主動統一全球創新,3037,欣興,3.68,2600000.0,0.0,電子零組件業,https://www.ezmoney.com.tw/ETF/Transaction/PCF?fundCode=61YTW
2026-08-03,00988A,主動統一全球創新,LITEUS,LUMENTUM HOLDINGS INC,3.43,77000.0,0.0,未分類,https://www.ezmoney.com.tw/ETF/Transaction/PCF?fundCode=61YTW
2026-08-03,00988A,主動統一全球創新,6981JP,MURATA MANUFACTURING CO LTD,3.4,1350000.0,0.0,未分類,https://www.ezmoney.com.tw/ETF/Transaction/PCF?fundCode=61YTW
2026-08-03,00988A,主動統一全球創新,2330,台積電,3.27,750000.0,0.0,半導體業,https://www.ezmoney.com.tw/ETF/Transaction/PCF?fundCode=61YTW
2026-08-03,00988A,主動統一全球創新,2454,聯發科,2.85,445000.0,0.0,半導體業,https://www.ezmoney.com.tw/ETF/Transaction/PCF?fundCode=61YTW
2026-08-03,00988A,主動統一全球創新,285AJP,KIOXIA HOLDINGS CORP,2.79,180000.0,0.0,未分類,https://www.ezmoney.com.tw/ETF/Transaction/PCF?fundCode=61YTW
2026-08-03,00988A,主動統一全球創新,BEUS,BLOOM ENERGY CORP- A,2.79,210000.0,0.0,未分類,https://www.ezmoney.com.tw/ETF/Transaction/PCF?fundCode=61YTW
2026-08-03,00988A,主動統一全球創新,WDCUS,WESTERN DIGITAL CORP,2.74,80000.0,0.0,未分類,https://www.ezmoney.com.tw/ETF/Transaction/PCF?fundCode=61YTW
2026-08-03,00988A,主動統一全球創新,IFXGY,INFINEON TECHNOLOGIES AG,2.73,625000.0,0.0,未分類,https://www.ezmoney.com.tw/ETF/Transaction/PCF?fundCode=61YTW
2026-08-03,00988A,主動統一全球創新,009150KS,Samsung Electro-Mechanics co(009150 ks),2.6,65000.0,0.0,未分類,https://www.ezmoney.com.tw/ETF/Transaction/PCF?fundCode=61YTW
2026-08-03,00988A,主動統一全球創新,CRDOUS,CREDO TECHNOLOGY GROUP HOLDI,2.58,200000.0,0.0,未分類,https://www.ezmoney.com.tw/ETF/Transaction/PCF?fundCode=61YTW
2026-08-03,00988A,主動統一全球創新,TSEMUS,TOWER SEMICONDUCTOR LTD,2.53,186825.0,0.0,未分類,https://www.ezmoney.com.tw/ETF/Transaction/PCF?fundCode=61YTW
2026-08-03,00988A,主動統一全球創新,SNDKUS,SANDISK CORP,2.3,28000.0,0.0,未分類,https://www.ezmoney.com.tw/ETF/Transaction/PCF?fundCode=61YTW
2026-08-03,00988A,主動統一全球創新,8035JP,TOKYO ELECTRON LTD,2.25,110000.0,0.0,未分類,https://www.ezmoney.com.tw/ETF/Transaction/PCF?fundCode=61YTW
2026-08-03,00988A,主動統一全球創新,PANWUS,PALO ALTO NETWORKS INC,2.09,100000.0,0.0,未分類,https://www.ezmoney.com.tw/ETF/Transaction/PCF?fundCode=61YTW
2026-08-03,00988A,主動統一全球創新,3665,貿聯-KY,1.96,520000.0,0.0,其他電子業,https://www.ezmoney.com.tw/ETF/Transaction/PCF?fundCode=61YTW
2026-08-03,00988A,主動統一全球創新,NOWUS,SERVICENOW INC,1.91,270000.0,0.0,未分類,https://www.ezmoney.com.tw/ETF/Transaction/PCF?fundCode=61YTW
2026-08-03,00988A,主動統一全球創新,3711,日月光投控,1.8,1800000.0,0.0,半導體業,https://www.ezmoney.com.tw/ETF/Transaction/PCF?fundCode=61YTW
2026-08-03,00988A,主動統一全球創新,6223,旺矽,1.8,190000.0,0.0,半導體業,https://www.ezmoney.com.tw/ETF/Transaction/PCF?fundCode=61YTW
2026-08-03,00988A,主動統一全球創新,6871JP,MICRONICS JAPAN CO LTD,1.73,370000.0,0.0,未分類,https://www.ezmoney.com.tw/ETF/Transaction/PCF?fundCode=61YTW
2026-08-03,00988A,主動統一全球創新,6976JP,TAIYO YUDEN CO LTD,1.54,450000.0,0.0,未分類,https://www.ezmoney.com.tw/ETF/Transaction/PCF?fundCode=61YTW
2026-08-03,00988A,主動統一全球創新,MRVLUS,MARVELL TECHNOLOGY INC,1.53,130000.0,0.0,未分類,https://www.ezmoney.com.tw/ETF/Transaction/PCF?fundCode=61YTW
2026-08-03,00988A,主動統一全球創新,2327,國巨*,1.4,1550000.0,0.0,電子零組件業,https://www.ezmoney.com.tw/ETF/Transaction/PCF?fundCode=61YTW
2026-08-03,00988A,主動統一全球創新,LMTUS,LOCKHEED MARTIN CORP,1.4,38000.0,0.0,未分類,https://www.ezmoney.com.tw/ETF/Transaction/PCF?fundCode=61YTW
2026-08-03,00988A,主動統一全球創新,6997JP,NIPPON CHEMI-CON CORP,1.31,1275100.0,0.0,未分類,https://www.ezmoney.com.tw/ETF/Transaction/PCF?fundCode=61YTW
2026-08-03,00988A,主動統一全球創新,FTNTUS,FORTINET INC,0.99,100000.0,0.0,未分類,https://www.ezmoney.com.tw/ETF/Transaction/PCF?fundCode=61YTW
2026-08-03,00988A,主動統一全球創新,2308,台達電,0.97,320000.0,0.0,電子零組件業,https://www.ezmoney.com.tw/ETF/Transaction/PCF?fundCode=61YTW
2026-08-03,00988A,主動統一全球創新,VECOUS,VEECO INSTRUMENTS INC,0.96,310000.0,0.0,未分類,https://www.ezmoney.com.tw/ETF/Transaction/PCF?fundCode=61YTW
2026-08-03,00988A,主動統一全球創新,300408CH,CHAOZHOU THREE-CIRCLE GROU-A,0.9,899909.0,0.0,未分類,https://www.ezmoney.com.tw/ETF/Transaction/PCF?fundCode=61YTW
2026-08-03,00988A,主動統一全球創新,6920JP,LASERTEC CORP,0.86,65000.0,0.0,未分類,https://www.ezmoney.com.tw/ETF/Transaction/PCF?fundCode=61YTW
2026-08-03,00988A,主動統一全球創新,SNOWUS,SNOWFLAKE INC-CLASS A(Snowflake公司),0.77,40000.0,0.0,未分類,https://www.ezmoney.com.tw/ETF/Transaction/PCF?fundCode=61YTW
2026-08-03,00988A,主動統一全球創新,301377CH,GUANGDONG DTECH TECHNOLOGY-A,0.6,189988.0,0.0,未分類,https://www.ezmoney.com.tw/ETF/Transaction/PCF?fundCode=61YTW
2026-08-03,00988A,主動統一全球創新,2303,聯電,0.54,2500000.0,0.0,半導體業,https://www.ezmoney.com.tw/ETF/Transaction/PCF?fundCode=61YTW
2026-08-03,00988A,主動統一全球創新,AIXAGY,AIXTRON SE,0.51,200000.0,0.0,未分類,https://www.ezmoney.com.tw/ETF/Transaction/PCF?fundCode=61YTW
2026-08-03,00988A,主動統一全球創新,3017,奇鋐,0.48,115000.0,0.0,電腦及週邊設備業,https://www.ezmoney.com.tw/ETF/Transaction/PCF?fundCode=61YTW
2026-08-03,00988A,主動統一全球創新,4062JP,IBIDEN CO LTD,0.32,60000.0,0.0,未分類,https://www.ezmoney.com.tw/ETF/Transaction/PCF?fundCode=61YTW
2026-08-03,00988A,主動統一全球創新,AEHRUS,AEHR TEST SYSTEMS,0.05,10459.0,0.0,未分類,https://www.ezmoney.com.tw/ETF/Transaction/PCF?fundCode=61YTW
2026-08-03,00990A,主動元大AI新經濟,LITE,Lumentum,5.43,81912.0,0.0,未分類,https://www.moneydj.com/ETF/X/Basic/Basic0007.xdjhtm?etfid=00990A.TW&topc=
2026-08-03,00990A,主動元大AI新經濟,AMD,AMD,4.95,120079.0,0.0,未分類,https://www.moneydj.com/ETF/X/Basic/Basic0007.xdjhtm?etfid=00990A.TW&topc=
2026-08-03,00990A,主動元大AI新經濟,MSFT,Microsoft,4.72,113798.0,0.0,未分類,https://www.moneydj.com/ETF/X/Basic/Basic0007.xdjhtm?etfid=00990A.TW&topc=
2026-08-03,00990A,主動元大AI新經濟,AMAT,Applied Materials,4.17,94706.0,0.0,未分類,https://www.moneydj.com/ETF/X/Basic/Basic0007.xdjhtm?etfid=00990A.TW&topc=
2026-08-03,00990A,主動元大AI新經濟,2330,å°ç©é»,3.57,576000.0,0.0,半導體業,https://www.moneydj.com/ETF/X/Basic/Basic0007.xdjhtm?etfid=00990A.TW&topc=
2026-08-03,00990A,主動元大AI新經濟,MU,Micron,3.27,46405.0,0.0,未分類,https://www.moneydj.com/ETF/X/Basic/Basic0007.xdjhtm?etfid=00990A.TW&topc=
2026-08-03,00990A,主動元大AI新經濟,BE,Bloom Energy,3.22,173500.0,0.0,未分類,https://www.moneydj.com/ETF/X/Basic/Basic0007.xdjhtm?etfid=00990A.TW&topc=
2026-08-03,00990A,主動元大AI新經濟,DELL,Dell,3.17,89300.0,0.0,未分類,https://www.moneydj.com/ETF/X/Basic/Basic0007.xdjhtm?etfid=00990A.TW&topc=
2026-08-03,00990A,主動元大AI新經濟,SNOW,Snowflake,3.01,115200.0,0.0,未分類,https://www.moneydj.com/ETF/X/Basic/Basic0007.xdjhtm?etfid=00990A.TW&topc=
2026-08-03,00990A,主動元大AI新經濟,WDC,Western Digital,2.84,63342.0,0.0,未分類,https://www.moneydj.com/ETF/X/Basic/Basic0007.xdjhtm?etfid=00990A.TW&topc=
2026-08-03,00991A,主動復華未來50,TPEIRGA,Piraeus Bank SA,7.031,700000.0,0.0,未分類,https://www.fhtrust.com.tw/ETF/etf_detail/ETF24#nav
2026-08-03,00991A,主動復華未來50,ABNNA,荷蘭銀行公眾有限公司,5.093,130000.0,0.0,未分類,https://www.fhtrust.com.tw/ETF/etf_detail/ETF24#nav
2026-08-03,00991A,主動復華未來50,LLOYLN,勞埃德銀行集團,4.846,3600000.0,0.0,未分類,https://www.fhtrust.com.tw/ETF/etf_detail/ETF24#nav
2026-08-03,00991A,主動復華未來50,BMPSIM,義大利西恩那銀行股份公司,4.648,400000.0,0.0,未分類,https://www.fhtrust.com.tw/ETF/etf_detail/ETF24#nav
2026-08-03,00991A,主動復華未來50,BARCLN,巴克萊集團,4.179,700000.0,0.0,未分類,https://www.fhtrust.com.tw/ETF/etf_detail/ETF24#nav
2026-08-03,00991A,主動復華未來50,STANLN,渣打集團有限公司,3.595,140000.0,0.0,未分類,https://www.fhtrust.com.tw/ETF/etf_detail/ETF24#nav
2026-08-03,00991A,主動復華未來50,BACUS,美國銀行,3.513,65000.0,0.0,未分類,https://www.fhtrust.com.tw/ETF/etf_detail/ETF24#nav
2026-08-03,00991A,主動復華未來50,GLEFP,法國興業銀行股份有限公司,3.512,43000.0,0.0,未分類,https://www.fhtrust.com.tw/ETF/etf_detail/ETF24#nav
2026-08-03,00991A,主動復華未來50,BNPFP,法國巴黎銀行股份有限公司,3.415,31000.0,0.0,未分類,https://www.fhtrust.com.tw/ETF/etf_detail/ETF24#nav
2026-08-03,00991A,主動復華未來50,NWGLN,國民西敏集團公開有限公司,3.148,380000.0,0.0,未分類,https://www.fhtrust.com.tw/ETF/etf_detail/ETF24#nav
2026-08-03,00993A,主動安聯台灣,2330,å°ç©é»,14.1,572000.0,0.0,半導體業,https://www.moneydj.com/ETF/X/Basic/Basic0007.xdjhtm?etfid=00993A.TW&topc=
2026-08-03,00993A,主動安聯台灣,6223,æºç½,5.91,98000.0,0.0,半導體業,https://www.moneydj.com/ETF/X/Basic/Basic0007.xdjhtm?etfid=00993A.TW&topc=
2026-08-03,00993A,主動安聯台灣,2454,è¯ç¼ç§,4.63,114000.0,0.0,半導體業,https://www.moneydj.com/ETF/X/Basic/Basic0007.xdjhtm?etfid=00993A.TW&topc=
2026-08-03,00993A,主動安聯台灣,2383,å°åé»,3.93,76000.0,0.0,電子零組件業,https://www.moneydj.com/ETF/X/Basic/Basic0007.xdjhtm?etfid=00993A.TW&topc=
2026-08-03,00993A,主動安聯台灣,2059,å·æ¹,3.32,37000.0,0.0,電子零組件業,https://www.moneydj.com/ETF/X/Basic/Basic0007.xdjhtm?etfid=00993A.TW&topc=
2026-08-03,00993A,主動安聯台灣,2345,æºé¦,3.06,126000.0,0.0,通信網路業,https://www.moneydj.com/ETF/X/Basic/Basic0007.xdjhtm?etfid=00993A.TW&topc=
2026-08-03,00993A,主動安聯台灣,5274,ä¿¡é©,2.75,16600.0,0.0,半導體業,https://www.moneydj.com/ETF/X/Basic/Basic0007.xdjhtm?etfid=00993A.TW&topc=
2026-08-03,00993A,主動安聯台灣,6274,å°ç¿,2.74,216000.0,0.0,電子零組件業,https://www.moneydj.com/ETF/X/Basic/Basic0007.xdjhtm?etfid=00993A.TW&topc=
2026-08-03,00993A,主動安聯台灣,3037,æ¬£è,2.7,301000.0,0.0,電子零組件業,https://www.moneydj.com/ETF/X/Basic/Basic0007.xdjhtm?etfid=00993A.TW&topc=
2026-08-03,00993A,主動安聯台灣,2344,è¯é¦é»,2.6,1749000.0,0.0,半導體業,https://www.moneydj.com/ETF/X/Basic/Basic0007.xdjhtm?etfid=00993A.TW&topc=
2026-08-03,00999A,主動野村臺灣高息,2330,å°ç©é»,5.89,308000.0,0.0,半導體業,https://www.moneydj.com/ETF/X/Basic/Basic0007.xdjhtm?etfid=00999A.TW&topc=
2026-08-03,00999A,主動野村臺灣高息,2059,å·æ¹,4.81,69000.0,0.0,電子零組件業,https://www.moneydj.com/ETF/X/Basic/Basic0007.xdjhtm?etfid=00999A.TW&topc=
2026-08-03,00999A,主動野村臺灣高息,2454,è¯ç¼ç§,4.07,129000.0,0.0,半導體業,https://www.moneydj.com/ETF/X/Basic/Basic0007.xdjhtm?etfid=00999A.TW&topc=
2026-08-03,00999A,主動野村臺灣高息,2383,å°åé»,3.98,99000.0,0.0,電子零組件業,https://www.moneydj.com/ETF/X/Basic/Basic0007.xdjhtm?etfid=00999A.TW&topc=
2026-08-03,00999A,主動野村臺灣高息,3711,æ¥æåææ§,3.51,712000.0,0.0,半導體業,https://www.moneydj.com/ETF/X/Basic/Basic0007.xdjhtm?etfid=00999A.TW&topc=
2026-08-03,00999A,主動野村臺灣高息,7769,é´»å,3.22,62000.0,0.0,半導體業,https://www.moneydj.com/ETF/X/Basic/Basic0007.xdjhtm?etfid=00999A.TW&topc=
2026-08-03,00999A,主動野村臺灣高息,2308,å°éé»,3.02,237000.0,0.0,電子零組件業,https://www.moneydj.com/ETF/X/Basic/Basic0007.xdjhtm?etfid=00999A.TW&topc=
2026-08-03,00999A,主動野村臺灣高息,3653,å¥ç­,2.89,95000.0,0.0,電子零組件業,https://www.moneydj.com/ETF/X/Basic/Basic0007.xdjhtm?etfid=00999A.TW&topc=
2026-08-03,00999A,主動野村臺灣高息,2368,éåé»,1.97,280000.0,0.0,電子零組件業,https://www.moneydj.com/ETF/X/Basic/Basic0007.xdjhtm?etfid=00999A.TW&topc=
2026-08-03,00999A,主動野村臺灣高息,6223,æºç½,1.97,42000.0,0.0,半導體業,https://www.moneydj.com/ETF/X/Basic/Basic0007.xdjhtm?etfid=00999A.TW&topc=
2026-08-04,00400A,主動國泰動能高息,2330,å°ç©é»,8.19,1025000.0,0.0,半導體業,https://www.moneydj.com/ETF/X/Basic/Basic0007.xdjhtm?etfid=00400A.TW&topc=
2026-08-04,00400A,主動國泰動能高息,2454,è¯ç¼ç§,6.25,470000.0,0.0,半導體業,https://www.moneydj.com/ETF/X/Basic/Basic0007.xdjhtm?etfid=00400A.TW&topc=
2026-08-04,00400A,主動國泰動能高息,2383,å°åé»,5.15,291000.0,0.0,電子零組件業,https://www.moneydj.com/ETF/X/Basic/Basic0007.xdjhtm?etfid=00400A.TW&topc=
2026-08-04,00400A,主動國泰動能高息,6223,æºç½,4.83,238000.0,0.0,半導體業,https://www.moneydj.com/ETF/X/Basic/Basic0007.xdjhtm?etfid=00400A.TW&topc=
2026-08-04,00400A,主動國泰動能高息,2360,è´è,4.49,677000.0,0.0,其他電子業,https://www.moneydj.com/ETF/X/Basic/Basic0007.xdjhtm?etfid=00400A.TW&topc=
2026-08-04,00400A,主動國泰動能高息,3017,å¥é,4.36,487000.0,0.0,電腦及週邊設備業,https://www.moneydj.com/ETF/X/Basic/Basic0007.xdjhtm?etfid=00400A.TW&topc=
2026-08-04,00400A,主動國泰動能高息,6669,ç·¯ç©,4.34,203000.0,0.0,電腦及週邊設備業,https://www.moneydj.com/ETF/X/Basic/Basic0007.xdjhtm?etfid=00400A.TW&topc=
2026-08-04,00400A,主動國泰動能高息,3037,æ¬£è,4.25,1336000.0,0.0,電子零組件業,https://www.moneydj.com/ETF/X/Basic/Basic0007.xdjhtm?etfid=00400A.TW&topc=
2026-08-04,00400A,主動國泰動能高息,2059,å·æ¹,3.69,113000.0,0.0,電子零組件業,https://www.moneydj.com/ETF/X/Basic/Basic0007.xdjhtm?etfid=00400A.TW&topc=
2026-08-04,00400A,主動國泰動能高息,3653,å¥ç­,3.52,247000.0,0.0,電子零組件業,https://www.moneydj.com/ETF/X/Basic/Basic0007.xdjhtm?etfid=00400A.TW&topc=
2026-08-04,00980A,主動野村臺灣優選,2330,å°ç©é»,8.45,663000.0,0.0,半導體業,https://www.moneydj.com/ETF/X/Basic/Basic0007.xdjhtm?etfid=00980A.TW&topc=
2026-08-04,00980A,主動野村臺灣優選,2454,è¯ç¼ç§,5.93,279000.0,0.0,半導體業,https://www.moneydj.com/ETF/X/Basic/Basic0007.xdjhtm?etfid=00980A.TW&topc=
2026-08-04,00980A,主動野村臺灣優選,2059,å·æ¹,4.75,91000.0,0.0,電子零組件業,https://www.moneydj.com/ETF/X/Basic/Basic0007.xdjhtm?etfid=00980A.TW&topc=
2026-08-04,00980A,主動野村臺灣優選,2383,å°åé»,4.29,152000.0,0.0,電子零組件業,https://www.moneydj.com/ETF/X/Basic/Basic0007.xdjhtm?etfid=00980A.TW&topc=
2026-08-04,00980A,主動野村臺灣優選,2308,å°éé»,3.6,404000.0,0.0,電子零組件業,https://www.moneydj.com/ETF/X/Basic/Basic0007.xdjhtm?etfid=00980A.TW&topc=
2026-08-04,00980A,主動野村臺灣優選,3037,æ¬£è,2.86,563000.0,0.0,電子零組件業,https://www.moneydj.com/ETF/X/Basic/Basic0007.xdjhtm?etfid=00980A.TW&topc=
2026-08-04,00980A,主動野村臺灣優選,3081,è¯äº,2.57,237600.0,0.0,通信網路業,https://www.moneydj.com/ETF/X/Basic/Basic0007.xdjhtm?etfid=00980A.TW&topc=
2026-08-04,00980A,主動野村臺灣優選,2408,åäºç§,2.49,1039000.0,0.0,半導體業,https://www.moneydj.com/ETF/X/Basic/Basic0007.xdjhtm?etfid=00980A.TW&topc=
2026-08-04,00980A,主動野村臺灣優選,7769,é´»å,2.48,73000.0,0.0,半導體業,https://www.moneydj.com/ETF/X/Basic/Basic0007.xdjhtm?etfid=00980A.TW&topc=
2026-08-04,00980A,主動野村臺灣優選,6223,æºç½,2.46,76000.0,0.0,半導體業,https://www.moneydj.com/ETF/X/Basic/Basic0007.xdjhtm?etfid=00980A.TW&topc=
2026-08-04,00982A,主動群益台灣強棒,2330,台積電,8.47,1794000.0,0.0,半導體業,https://www.capitalfund.com.tw/etf/product/detail/399/buyback
2026-08-04,00982A,主動群益台灣強棒,5536,聖暉*,7.53,3736000.0,0.0,其他電子業,https://www.capitalfund.com.tw/etf/product/detail/399/buyback
2026-08-04,00982A,主動群益台灣強棒,2454,聯發科,6.86,872000.0,0.0,半導體業,https://www.capitalfund.com.tw/etf/product/detail/399/buyback
2026-08-04,00982A,主動群益台灣強棒,6669,緯穎,6.44,510000.0,0.0,電腦及週邊設備業,https://www.capitalfund.com.tw/etf/product/detail/399/buyback
2026-08-04,00982A,主動群益台灣強棒,6139,亞翔,6.04,3775000.0,0.0,其他電子業,https://www.capitalfund.com.tw/etf/product/detail/399/buyback
2026-08-04,00982A,主動群益台灣強棒,2345,智邦,3.86,817000.0,0.0,通信網路業,https://www.capitalfund.com.tw/etf/product/detail/399/buyback
2026-08-04,00982A,主動群益台灣強棒,6223,旺矽,3.69,307000.0,0.0,半導體業,https://www.capitalfund.com.tw/etf/product/detail/399/buyback
2026-08-04,00982A,主動群益台灣強棒,2059,川湖,3.58,185000.0,0.0,電子零組件業,https://www.capitalfund.com.tw/etf/product/detail/399/buyback
2026-08-04,00982A,主動群益台灣強棒,2383,台光電,3.42,327000.0,0.0,電子零組件業,https://www.capitalfund.com.tw/etf/product/detail/399/buyback
2026-08-04,00982A,主動群益台灣強棒,2360,致茂,3.28,837000.0,0.0,其他電子業,https://www.capitalfund.com.tw/etf/product/detail/399/buyback
2026-08-04,00985A,主動野村台灣50,2330,å°ç©é»,13.88,588000.0,0.0,半導體業,https://www.moneydj.com/ETF/X/Basic/Basic0007.xdjhtm?etfid=00985A.TW&topc=
2026-08-04,00985A,主動野村台灣50,2059,å·æ¹,4.83,50000.0,0.0,電子零組件業,https://www.moneydj.com/ETF/X/Basic/Basic0007.xdjhtm?etfid=00985A.TW&topc=
2026-08-04,00985A,主動野村台灣50,2027,å¤§æé¼,4.25,9445000.0,0.0,鋼鐵工業,https://www.moneydj.com/ETF/X/Basic/Basic0007.xdjhtm?etfid=00985A.TW&topc=
2026-08-04,00985A,主動野村台灣50,2376,æå,3.95,1170000.0,0.0,電腦及週邊設備業,https://www.moneydj.com/ETF/X/Basic/Basic0007.xdjhtm?etfid=00985A.TW&topc=
2026-08-04,00985A,主動野村台灣50,6442,åè,3.62,255000.0,0.0,通信網路業,https://www.moneydj.com/ETF/X/Basic/Basic0007.xdjhtm?etfid=00985A.TW&topc=
2026-08-04,00985A,主動野村台灣50,3008,å¤§ç«å,3.59,81000.0,0.0,光電業,https://www.moneydj.com/ETF/X/Basic/Basic0007.xdjhtm?etfid=00985A.TW&topc=
2026-08-04,00985A,主動野村台灣50,6187,è¬æ½¤,3.54,319000.0,0.0,半導體業,https://www.moneydj.com/ETF/X/Basic/Basic0007.xdjhtm?etfid=00985A.TW&topc=
2026-08-04,00985A,主動野村台灣50,2327,åå·¨*,3.46,600000.0,0.0,電子零組件業,https://www.moneydj.com/ETF/X/Basic/Basic0007.xdjhtm?etfid=00985A.TW&topc=
2026-08-04,00985A,主動野村台灣50,3036,ææ,3.32,1533000.0,0.0,電子通路業,https://www.moneydj.com/ETF/X/Basic/Basic0007.xdjhtm?etfid=00985A.TW&topc=
2026-08-04,00985A,主動野村台灣50,2408,åäºç§,2.98,671000.0,0.0,半導體業,https://www.moneydj.com/ETF/X/Basic/Basic0007.xdjhtm?etfid=00985A.TW&topc=
2026-08-04,00990A,主動元大AI新經濟,LITE,Lumentum,6.72,96992.0,0.0,未分類,https://www.moneydj.com/ETF/X/Basic/Basic0007.xdjhtm?etfid=00990A.TW&topc=
2026-08-04,00990A,主動元大AI新經濟,AMD,AMD,5.08,120079.0,0.0,未分類,https://www.moneydj.com/ETF/X/Basic/Basic0007.xdjhtm?etfid=00990A.TW&topc=
2026-08-04,00990A,主動元大AI新經濟,MSFT,Microsoft,4.57,113798.0,0.0,未分類,https://www.moneydj.com/ETF/X/Basic/Basic0007.xdjhtm?etfid=00990A.TW&topc=
2026-08-04,00990A,主動元大AI新經濟,AMAT,Applied Materials,4.22,94706.0,0.0,未分類,https://www.moneydj.com/ETF/X/Basic/Basic0007.xdjhtm?etfid=00990A.TW&topc=
2026-08-04,00990A,主動元大AI新經濟,MU,Micron,3.38,46405.0,0.0,未分類,https://www.moneydj.com/ETF/X/Basic/Basic0007.xdjhtm?etfid=00990A.TW&topc=
2026-08-04,00990A,主動元大AI新經濟,2330,å°ç©é»,3.36,576000.0,0.0,半導體業,https://www.moneydj.com/ETF/X/Basic/Basic0007.xdjhtm?etfid=00990A.TW&topc=
2026-08-04,00990A,主動元大AI新經濟,BE,Bloom Energy,3.23,173500.0,0.0,未分類,https://www.moneydj.com/ETF/X/Basic/Basic0007.xdjhtm?etfid=00990A.TW&topc=
2026-08-04,00990A,主動元大AI新經濟,SNOW,Snowflake,2.98,115200.0,0.0,未分類,https://www.moneydj.com/ETF/X/Basic/Basic0007.xdjhtm?etfid=00990A.TW&topc=
2026-08-04,00990A,主動元大AI新經濟,DELL,Dell,2.87,75300.0,0.0,未分類,https://www.moneydj.com/ETF/X/Basic/Basic0007.xdjhtm?etfid=00990A.TW&topc=
2026-08-04,00990A,主動元大AI新經濟,WDC,Western Digital,2.84,63342.0,0.0,未分類,https://www.moneydj.com/ETF/X/Basic/Basic0007.xdjhtm?etfid=00990A.TW&topc=
2026-08-04,00991A,主動復華未來50,2330,å°ç©é»,14.56,5400000.0,0.0,半導體業,https://www.moneydj.com/ETF/X/Basic/Basic0007.xdjhtm?etfid=00991A.TW&topc=
2026-08-04,00991A,主動復華未來50,2383,å°åé»,8.54,1430000.0,0.0,電子零組件業,https://www.moneydj.com/ETF/X/Basic/Basic0007.xdjhtm?etfid=00991A.TW&topc=
2026-08-04,00991A,主動復華未來50,2408,åäºç§,6.84,13500000.0,0.0,半導體業,https://www.moneydj.com/ETF/X/Basic/Basic0007.xdjhtm?etfid=00991A.TW&topc=
2026-08-04,00991A,主動復華未來50,2059,å·æ¹,5.52,500000.0,0.0,電子零組件業,https://www.moneydj.com/ETF/X/Basic/Basic0007.xdjhtm?etfid=00991A.TW&topc=
2026-08-04,00991A,主動復華未來50,3037,æ¬£è,5.37,5000000.0,0.0,電子零組件業,https://www.moneydj.com/ETF/X/Basic/Basic0007.xdjhtm?etfid=00991A.TW&topc=
2026-08-04,00991A,主動復華未來50,2454,è¯ç¼ç§,5.17,1150000.0,0.0,半導體業,https://www.moneydj.com/ETF/X/Basic/Basic0007.xdjhtm?etfid=00991A.TW&topc=
2026-08-04,00991A,主動復華未來50,2327,åå·¨*,5.07,7700000.0,0.0,電子零組件業,https://www.moneydj.com/ETF/X/Basic/Basic0007.xdjhtm?etfid=00991A.TW&topc=
2026-08-04,00991A,主動復華未來50,6223,æºç½,4.94,720000.0,0.0,半導體業,https://www.moneydj.com/ETF/X/Basic/Basic0007.xdjhtm?etfid=00991A.TW&topc=
2026-08-04,00991A,主動復華未來50,2345,æºé¦,4.85,1800000.0,0.0,通信網路業,https://www.moneydj.com/ETF/X/Basic/Basic0007.xdjhtm?etfid=00991A.TW&topc=
2026-08-04,00991A,主動復華未來50,6669,ç·¯ç©,4.11,570000.0,0.0,電腦及週邊設備業,https://www.moneydj.com/ETF/X/Basic/Basic0007.xdjhtm?etfid=00991A.TW&topc=
2026-08-04,00993A,主動安聯台灣,2330,å°ç©é»,13.27,549000.0,0.0,半導體業,https://www.moneydj.com/ETF/X/Basic/Basic0007.xdjhtm?etfid=00993A.TW&topc=
2026-08-04,00993A,主動安聯台灣,6223,æºç½,6.45,105000.0,0.0,半導體業,https://www.moneydj.com/ETF/X/Basic/Basic0007.xdjhtm?etfid=00993A.TW&topc=
2026-08-04,00993A,主動安聯台灣,2454,è¯ç¼ç§,4.83,120000.0,0.0,半導體業,https://www.moneydj.com/ETF/X/Basic/Basic0007.xdjhtm?etfid=00993A.TW&topc=
2026-08-04,00993A,主動安聯台灣,2383,å°åé»,4.39,82000.0,0.0,電子零組件業,https://www.moneydj.com/ETF/X/Basic/Basic0007.xdjhtm?etfid=00993A.TW&topc=
2026-08-04,00993A,主動安聯台灣,5274,ä¿¡é©,3.33,20600.0,0.0,半導體業,https://www.moneydj.com/ETF/X/Basic/Basic0007.xdjhtm?etfid=00993A.TW&topc=
2026-08-04,00993A,主動安聯台灣,2059,å·æ¹,3.26,33000.0,0.0,電子零組件業,https://www.moneydj.com/ETF/X/Basic/Basic0007.xdjhtm?etfid=00993A.TW&topc=
2026-08-04,00993A,主動安聯台灣,3037,æ¬£è,3.25,338000.0,0.0,電子零組件業,https://www.moneydj.com/ETF/X/Basic/Basic0007.xdjhtm?etfid=00993A.TW&topc=
2026-08-04,00993A,主動安聯台灣,2345,æºé¦,3.17,131000.0,0.0,通信網路業,https://www.moneydj.com/ETF/X/Basic/Basic0007.xdjhtm?etfid=00993A.TW&topc=
2026-08-04,00993A,主動安聯台灣,6274,å°ç¿,3.02,216000.0,0.0,電子零組件業,https://www.moneydj.com/ETF/X/Basic/Basic0007.xdjhtm?etfid=00993A.TW&topc=
2026-08-04,00993A,主動安聯台灣,2308,å°éé»,2.77,164000.0,0.0,電子零組件業,https://www.moneydj.com/ETF/X/Basic/Basic0007.xdjhtm?etfid=00993A.TW&topc=
2026-08-04,00999A,主動野村臺灣高息,2330,å°ç©é»,5.72,308000.0,0.0,半導體業,https://www.moneydj.com/ETF/X/Basic/Basic0007.xdjhtm?etfid=00999A.TW&topc=
2026-08-04,00999A,主動野村臺灣高息,2059,å·æ¹,5.24,69000.0,0.0,電子零組件業,https://www.moneydj.com/ETF/X/Basic/Basic0007.xdjhtm?etfid=00999A.TW&topc=
2026-08-04,00999A,主動野村臺灣高息,2383,å°åé»,4.07,99000.0,0.0,電子零組件業,https://www.moneydj.com/ETF/X/Basic/Basic0007.xdjhtm?etfid=00999A.TW&topc=
2026-08-04,00999A,主動野村臺灣高息,2454,è¯ç¼ç§,3.99,129000.0,0.0,半導體業,https://www.moneydj.com/ETF/X/Basic/Basic0007.xdjhtm?etfid=00999A.TW&topc=
2026-08-04,00999A,主動野村臺灣高息,3711,æ¥æåææ§,3.33,712000.0,0.0,半導體業,https://www.moneydj.com/ETF/X/Basic/Basic0007.xdjhtm?etfid=00999A.TW&topc=
2026-08-04,00999A,主動野村臺灣高息,3653,å¥ç­,3.15,95000.0,0.0,電子零組件業,https://www.moneydj.com/ETF/X/Basic/Basic0007.xdjhtm?etfid=00999A.TW&topc=
2026-08-04,00999A,主動野村臺灣高息,2308,å°éé»,3.07,237000.0,0.0,電子零組件業,https://www.moneydj.com/ETF/X/Basic/Basic0007.xdjhtm?etfid=00999A.TW&topc=
2026-08-04,00999A,主動野村臺灣高息,7769,é´»å,3.07,62000.0,0.0,半導體業,https://www.moneydj.com/ETF/X/Basic/Basic0007.xdjhtm?etfid=00999A.TW&topc=
2026-08-04,00999A,主動野村臺灣高息,2408,åäºç§,2.05,587000.0,0.0,半導體業,https://www.moneydj.com/ETF/X/Basic/Basic0007.xdjhtm?etfid=00999A.TW&topc=
2026-08-04,00999A,主動野村臺灣高息,3081,è¯äº,2.02,128700.0,0.0,通信網路業,https://www.moneydj.com/ETF/X/Basic/Basic0007.xdjhtm?etfid=00999A.TW&topc=
2026-08-05,00400A,主動國泰動能高息,2330,å°ç©é»,8.4,1025000.0,0.0,半導體業,https://www.moneydj.com/ETF/X/Basic/Basic0007.xdjhtm?etfid=00400A.TW&topc=
2026-08-05,00400A,主動國泰動能高息,2454,è¯ç¼ç§,6.4,470000.0,0.0,半導體業,https://www.moneydj.com/ETF/X/Basic/Basic0007.xdjhtm?etfid=00400A.TW&topc=
2026-08-05,00400A,主動國泰動能高息,2383,å°åé»,5.2,291000.0,0.0,電子零組件業,https://www.moneydj.com/ETF/X/Basic/Basic0007.xdjhtm?etfid=00400A.TW&topc=
2026-08-05,00400A,主動國泰動能高息,6223,æºç½,5.06,238000.0,0.0,半導體業,https://www.moneydj.com/ETF/X/Basic/Basic0007.xdjhtm?etfid=00400A.TW&topc=
2026-08-05,00400A,主動國泰動能高息,3037,æ¬£è,4.88,1479000.0,0.0,電子零組件業,https://www.moneydj.com/ETF/X/Basic/Basic0007.xdjhtm?etfid=00400A.TW&topc=
2026-08-05,00400A,主動國泰動能高息,3017,å¥é,4.53,487000.0,0.0,電腦及週邊設備業,https://www.moneydj.com/ETF/X/Basic/Basic0007.xdjhtm?etfid=00400A.TW&topc=
2026-08-05,00400A,主動國泰動能高息,6669,ç·¯ç©,4.27,203000.0,0.0,電腦及週邊設備業,https://www.moneydj.com/ETF/X/Basic/Basic0007.xdjhtm?etfid=00400A.TW&topc=
2026-08-05,00400A,主動國泰動能高息,3653,å¥ç­,3.65,247000.0,0.0,電子零組件業,https://www.moneydj.com/ETF/X/Basic/Basic0007.xdjhtm?etfid=00400A.TW&topc=
2026-08-05,00400A,主動國泰動能高息,2059,å·æ¹,3.64,113000.0,0.0,電子零組件業,https://www.moneydj.com/ETF/X/Basic/Basic0007.xdjhtm?etfid=00400A.TW&topc=
2026-08-05,00400A,主動國泰動能高息,2360,è´è,3.47,541000.0,0.0,其他電子業,https://www.moneydj.com/ETF/X/Basic/Basic0007.xdjhtm?etfid=00400A.TW&topc=
2026-08-05,00980A,主動野村臺灣優選,2330,å°ç©é»,8.46,663000.0,0.0,半導體業,https://www.moneydj.com/ETF/X/Basic/Basic0007.xdjhtm?etfid=00980A.TW&topc=
2026-08-05,00980A,主動野村臺灣優選,2454,è¯ç¼ç§,5.92,279000.0,0.0,半導體業,https://www.moneydj.com/ETF/X/Basic/Basic0007.xdjhtm?etfid=00980A.TW&topc=
2026-08-05,00980A,主動野村臺灣優選,2059,å·æ¹,4.57,91000.0,0.0,電子零組件業,https://www.moneydj.com/ETF/X/Basic/Basic0007.xdjhtm?etfid=00980A.TW&topc=
2026-08-05,00980A,主動野村臺灣優選,2383,å°åé»,4.23,152000.0,0.0,電子零組件業,https://www.moneydj.com/ETF/X/Basic/Basic0007.xdjhtm?etfid=00980A.TW&topc=
2026-08-05,00980A,主動野村臺灣優選,2308,å°éé»,3.54,404000.0,0.0,電子零組件業,https://www.moneydj.com/ETF/X/Basic/Basic0007.xdjhtm?etfid=00980A.TW&topc=
2026-08-05,00980A,主動野村臺灣優選,3037,æ¬£è,2.89,563000.0,0.0,電子零組件業,https://www.moneydj.com/ETF/X/Basic/Basic0007.xdjhtm?etfid=00980A.TW&topc=
2026-08-05,00980A,主動野村臺灣優選,3081,è¯äº,2.72,237600.0,0.0,通信網路業,https://www.moneydj.com/ETF/X/Basic/Basic0007.xdjhtm?etfid=00980A.TW&topc=
2026-08-05,00980A,主動野村臺灣優選,7769,é´»å,2.53,73000.0,0.0,半導體業,https://www.moneydj.com/ETF/X/Basic/Basic0007.xdjhtm?etfid=00980A.TW&topc=
2026-08-05,00980A,主動野村臺灣優選,6223,æºç½,2.52,76000.0,0.0,半導體業,https://www.moneydj.com/ETF/X/Basic/Basic0007.xdjhtm?etfid=00980A.TW&topc=
2026-08-05,00980A,主動野村臺灣優選,2408,åäºç§,2.45,1039000.0,0.0,半導體業,https://www.moneydj.com/ETF/X/Basic/Basic0007.xdjhtm?etfid=00980A.TW&topc=
2026-08-05,00982A,主動群益台灣強棒,2330,台積電,8.52,1794000.0,0.0,半導體業,https://www.capitalfund.com.tw/etf/product/detail/399/buyback
2026-08-05,00982A,主動群益台灣強棒,5536,聖暉*,7.53,3736000.0,0.0,其他電子業,https://www.capitalfund.com.tw/etf/product/detail/399/buyback
2026-08-05,00982A,主動群益台灣強棒,2454,聯發科,6.89,872000.0,0.0,半導體業,https://www.capitalfund.com.tw/etf/product/detail/399/buyback
2026-08-05,00982A,主動群益台灣強棒,6669,緯穎,6.22,510000.0,0.0,電腦及週邊設備業,https://www.capitalfund.com.tw/etf/product/detail/399/buyback
2026-08-05,00982A,主動群益台灣強棒,6139,亞翔,5.97,3775000.0,0.0,其他電子業,https://www.capitalfund.com.tw/etf/product/detail/399/buyback
2026-08-05,00982A,主動群益台灣強棒,2345,智邦,3.85,817000.0,0.0,通信網路業,https://www.capitalfund.com.tw/etf/product/detail/399/buyback
2026-08-05,00982A,主動群益台灣強棒,6223,旺矽,3.79,307000.0,0.0,半導體業,https://www.capitalfund.com.tw/etf/product/detail/399/buyback
2026-08-05,00982A,主動群益台灣強棒,2059,川湖,3.46,185000.0,0.0,電子零組件業,https://www.capitalfund.com.tw/etf/product/detail/399/buyback
2026-08-05,00982A,主動群益台灣強棒,2383,台光電,3.39,327000.0,0.0,電子零組件業,https://www.capitalfund.com.tw/etf/product/detail/399/buyback
2026-08-05,00982A,主動群益台灣強棒,3105,穩懋,3.14,4226000.0,0.0,半導體業,https://www.capitalfund.com.tw/etf/product/detail/399/buyback
2026-08-05,00985A,主動野村台灣50,2330,å°ç©é»,14.05,588000.0,0.0,半導體業,https://www.moneydj.com/ETF/X/Basic/Basic0007.xdjhtm?etfid=00985A.TW&topc=
2026-08-05,00985A,主動野村台灣50,2059,å·æ¹,4.71,50000.0,0.0,電子零組件業,https://www.moneydj.com/ETF/X/Basic/Basic0007.xdjhtm?etfid=00985A.TW&topc=
2026-08-05,00985A,主動野村台灣50,2027,å¤§æé¼,4.56,10341000.0,0.0,鋼鐵工業,https://www.moneydj.com/ETF/X/Basic/Basic0007.xdjhtm?etfid=00985A.TW&topc=
2026-08-05,00985A,主動野村台灣50,2376,æå,3.98,1170000.0,0.0,電腦及週邊設備業,https://www.moneydj.com/ETF/X/Basic/Basic0007.xdjhtm?etfid=00985A.TW&topc=
2026-08-05,00985A,主動野村台灣50,3008,å¤§ç«å,3.68,81000.0,0.0,光電業,https://www.moneydj.com/ETF/X/Basic/Basic0007.xdjhtm?etfid=00985A.TW&topc=
2026-08-05,00985A,主動野村台灣50,6442,åè,3.47,255000.0,0.0,通信網路業,https://www.moneydj.com/ETF/X/Basic/Basic0007.xdjhtm?etfid=00985A.TW&topc=
2026-08-05,00985A,主動野村台灣50,2327,åå·¨*,3.45,600000.0,0.0,電子零組件業,https://www.moneydj.com/ETF/X/Basic/Basic0007.xdjhtm?etfid=00985A.TW&topc=
2026-08-05,00985A,主動野村台灣50,6187,è¬æ½¤,3.39,319000.0,0.0,半導體業,https://www.moneydj.com/ETF/X/Basic/Basic0007.xdjhtm?etfid=00985A.TW&topc=
2026-08-05,00985A,主動野村台灣50,2408,åäºç§,2.97,671000.0,0.0,半導體業,https://www.moneydj.com/ETF/X/Basic/Basic0007.xdjhtm?etfid=00985A.TW&topc=
2026-08-05,00985A,主動野村台灣50,2345,æºé¦,2.94,124000.0,0.0,通信網路業,https://www.moneydj.com/ETF/X/Basic/Basic0007.xdjhtm?etfid=00985A.TW&topc=
2026-08-05,00990A,主動元大AI新經濟,LITE,Lumentum,6.54,96992.0,0.0,未分類,https://www.moneydj.com/ETF/X/Basic/Basic0007.xdjhtm?etfid=00990A.TW&topc=
2026-08-05,00990A,主動元大AI新經濟,MSFT,Microsoft,4.53,113798.0,0.0,未分類,https://www.moneydj.com/ETF/X/Basic/Basic0007.xdjhtm?etfid=00990A.TW&topc=
2026-08-05,00990A,主動元大AI新經濟,AMAT,Applied Materials,4.13,94706.0,0.0,未分類,https://www.moneydj.com/ETF/X/Basic/Basic0007.xdjhtm?etfid=00990A.TW&topc=
2026-08-05,00990A,主動元大AI新經濟,2330,å°ç©é»,3.5,576000.0,0.0,半導體業,https://www.moneydj.com/ETF/X/Basic/Basic0007.xdjhtm?etfid=00990A.TW&topc=
2026-08-05,00990A,主動元大AI新經濟,MU,Micron,3.38,46405.0,0.0,未分類,https://www.moneydj.com/ETF/X/Basic/Basic0007.xdjhtm?etfid=00990A.TW&topc=
2026-08-05,00990A,主動元大AI新經濟,BE,Bloom Energy,3.32,173500.0,0.0,未分類,https://www.moneydj.com/ETF/X/Basic/Basic0007.xdjhtm?etfid=00990A.TW&topc=
2026-08-05,00990A,主動元大AI新經濟,SNOW,Snowflake,2.98,115200.0,0.0,未分類,https://www.moneydj.com/ETF/X/Basic/Basic0007.xdjhtm?etfid=00990A.TW&topc=
2026-08-05,00990A,主動元大AI新經濟,AMD,AMD,2.87,72879.0,0.0,未分類,https://www.moneydj.com/ETF/X/Basic/Basic0007.xdjhtm?etfid=00990A.TW&topc=
2026-08-05,00990A,主動元大AI新經濟,DELL,Dell,2.84,75300.0,0.0,未分類,https://www.moneydj.com/ETF/X/Basic/Basic0007.xdjhtm?etfid=00990A.TW&topc=
2026-08-05,00990A,主動元大AI新經濟,WDC,Western Digital,2.68,63342.0,0.0,未分類,https://www.moneydj.com/ETF/X/Basic/Basic0007.xdjhtm?etfid=00990A.TW&topc=
2026-08-05,00991A,主動復華未來50,TPEIRGA,Piraeus Bank SA,5.934,600000.0,0.0,未分類,https://www.fhtrust.com.tw/ETF/etf_detail/ETF24#nav
2026-08-05,00991A,主動復華未來50,ABNNA,荷蘭銀行公眾有限公司,5.072,130000.0,0.0,未分類,https://www.fhtrust.com.tw/ETF/etf_detail/ETF24#nav
2026-08-05,00991A,主動復華未來50,LLOYLN,勞埃德銀行集團,4.95,3700000.0,0.0,未分類,https://www.fhtrust.com.tw/ETF/etf_detail/ETF24#nav
2026-08-05,00991A,主動復華未來50,BARCLN,巴克萊集團,4.179,700000.0,0.0,未分類,https://www.fhtrust.com.tw/ETF/etf_detail/ETF24#nav
2026-08-05,00991A,主動復華未來50,NWGLN,國民西敏集團公開有限公司,4.092,500000.0,0.0,未分類,https://www.fhtrust.com.tw/ETF/etf_detail/ETF24#nav
2026-08-05,00991A,主動復華未來50,STANLN,渣打集團有限公司,3.597,140000.0,0.0,未分類,https://www.fhtrust.com.tw/ETF/etf_detail/ETF24#nav
2026-08-05,00991A,主動復華未來50,GLEFP,法國興業銀行股份有限公司,3.495,43000.0,0.0,未分類,https://www.fhtrust.com.tw/ETF/etf_detail/ETF24#nav
2026-08-05,00991A,主動復華未來50,BACUS,美國銀行,3.478,65000.0,0.0,未分類,https://www.fhtrust.com.tw/ETF/etf_detail/ETF24#nav
2026-08-05,00991A,主動復華未來50,BMPSIM,義大利西恩那銀行股份公司,3.431,300000.0,0.0,未分類,https://www.fhtrust.com.tw/ETF/etf_detail/ETF24#nav
2026-08-05,00991A,主動復華未來50,BNPFP,法國巴黎銀行股份有限公司,3.396,31000.0,0.0,未分類,https://www.fhtrust.com.tw/ETF/etf_detail/ETF24#nav
2026-08-05,00993A,主動安聯台灣,2330,å°ç©é»,12.54,518000.0,0.0,半導體業,https://www.moneydj.com/ETF/X/Basic/Basic0007.xdjhtm?etfid=00993A.TW&topc=
2026-08-05,00993A,主動安聯台灣,6223,æºç½,6.87,109000.0,0.0,半導體業,https://www.moneydj.com/ETF/X/Basic/Basic0007.xdjhtm?etfid=00993A.TW&topc=
2026-08-05,00993A,主動安聯台灣,2454,è¯ç¼ç§,4.88,121000.0,0.0,半導體業,https://www.moneydj.com/ETF/X/Basic/Basic0007.xdjhtm?etfid=00993A.TW&topc=
2026-08-05,00993A,主動安聯台灣,2383,å°åé»,4.66,88000.0,0.0,電子零組件業,https://www.moneydj.com/ETF/X/Basic/Basic0007.xdjhtm?etfid=00993A.TW&topc=
2026-08-05,00993A,主動安聯台灣,5274,ä¿¡é©,3.81,23600.0,0.0,半導體業,https://www.moneydj.com/ETF/X/Basic/Basic0007.xdjhtm?etfid=00993A.TW&topc=
2026-08-05,00993A,主動安聯台灣,3037,æ¬£è,3.68,376000.0,0.0,電子零組件業,https://www.moneydj.com/ETF/X/Basic/Basic0007.xdjhtm?etfid=00993A.TW&topc=
2026-08-05,00993A,主動安聯台灣,6274,å°ç¿,3.2,216000.0,0.0,電子零組件業,https://www.moneydj.com/ETF/X/Basic/Basic0007.xdjhtm?etfid=00993A.TW&topc=
2026-08-05,00993A,主動安聯台灣,2059,å·æ¹,3.15,33000.0,0.0,電子零組件業,https://www.moneydj.com/ETF/X/Basic/Basic0007.xdjhtm?etfid=00993A.TW&topc=
2026-08-05,00993A,主動安聯台灣,2345,æºé¦,3.15,131000.0,0.0,通信網路業,https://www.moneydj.com/ETF/X/Basic/Basic0007.xdjhtm?etfid=00993A.TW&topc=
2026-08-05,00993A,主動安聯台灣,6669,ç·¯ç©,3.12,50000.0,0.0,電腦及週邊設備業,https://www.moneydj.com/ETF/X/Basic/Basic0007.xdjhtm?etfid=00993A.TW&topc=
2026-08-05,00999A,主動野村臺灣高息,2330,å°ç©é»,5.81,308000.0,0.0,半導體業,https://www.moneydj.com/ETF/X/Basic/Basic0007.xdjhtm?etfid=00999A.TW&topc=
2026-08-05,00999A,主動野村臺灣高息,2059,å·æ¹,5.12,69000.0,0.0,電子零組件業,https://www.moneydj.com/ETF/X/Basic/Basic0007.xdjhtm?etfid=00999A.TW&topc=
2026-08-05,00999A,主動野村臺灣高息,2383,å°åé»,4.07,99000.0,0.0,電子零組件業,https://www.moneydj.com/ETF/X/Basic/Basic0007.xdjhtm?etfid=00999A.TW&topc=
2026-08-05,00999A,主動野村臺灣高息,2454,è¯ç¼ç§,4.04,129000.0,0.0,半導體業,https://www.moneydj.com/ETF/X/Basic/Basic0007.xdjhtm?etfid=00999A.TW&topc=
2026-08-05,00999A,主動野村臺灣高息,3711,æ¥æåææ§,3.31,712000.0,0.0,半導體業,https://www.moneydj.com/ETF/X/Basic/Basic0007.xdjhtm?etfid=00999A.TW&topc=
2026-08-05,00999A,主動野村臺灣高息,3653,å¥ç­,3.23,95000.0,0.0,電子零組件業,https://www.moneydj.com/ETF/X/Basic/Basic0007.xdjhtm?etfid=00999A.TW&topc=
2026-08-05,00999A,主動野村臺灣高息,7769,é´»å,3.17,62000.0,0.0,半導體業,https://www.moneydj.com/ETF/X/Basic/Basic0007.xdjhtm?etfid=00999A.TW&topc=
2026-08-05,00999A,主動野村臺灣高息,2308,å°éé»,3.07,237000.0,0.0,電子零組件業,https://www.moneydj.com/ETF/X/Basic/Basic0007.xdjhtm?etfid=00999A.TW&topc=
2026-08-05,00999A,主動野村臺灣高息,2368,éåé»,2.06,280000.0,0.0,電子零組件業,https://www.moneydj.com/ETF/X/Basic/Basic0007.xdjhtm?etfid=00999A.TW&topc=
2026-08-05,00999A,主動野村臺灣高息,6223,æºç½,2.06,42000.0,0.0,半導體業,https://www.moneydj.com/ETF/X/Basic/Basic0007.xdjhtm?etfid=00999A.TW&topc=
2026-08-06,00400A,主動國泰動能高息,2330,å°ç©é»,8.19,1025000.0,0.0,半導體業,https://www.moneydj.com/ETF/X/Basic/Basic0007.xdjhtm?etfid=00400A.TW&topc=
2026-08-06,00400A,主動國泰動能高息,2454,è¯ç¼ç§,6.22,470000.0,0.0,半導體業,https://www.moneydj.com/ETF/X/Basic/Basic0007.xdjhtm?etfid=00400A.TW&topc=
2026-08-06,00400A,主動國泰動能高息,2383,å°åé»,5.22,291000.0,0.0,電子零組件業,https://www.moneydj.com/ETF/X/Basic/Basic0007.xdjhtm?etfid=00400A.TW&topc=
2026-08-06,00400A,主動國泰動能高息,6223,æºç½,5.07,238000.0,0.0,半導體業,https://www.moneydj.com/ETF/X/Basic/Basic0007.xdjhtm?etfid=00400A.TW&topc=
2026-08-06,00400A,主動國泰動能高息,3037,æ¬£è,4.86,1479000.0,0.0,電子零組件業,https://www.moneydj.com/ETF/X/Basic/Basic0007.xdjhtm?etfid=00400A.TW&topc=
2026-08-06,00400A,主動國泰動能高息,3017,å¥é,4.84,487000.0,0.0,電腦及週邊設備業,https://www.moneydj.com/ETF/X/Basic/Basic0007.xdjhtm?etfid=00400A.TW&topc=
2026-08-06,00400A,主動國泰動能高息,6669,ç·¯ç©,4.3,203000.0,0.0,電腦及週邊設備業,https://www.moneydj.com/ETF/X/Basic/Basic0007.xdjhtm?etfid=00400A.TW&topc=
2026-08-06,00400A,主動國泰動能高息,2059,å·æ¹,3.86,113000.0,0.0,電子零組件業,https://www.moneydj.com/ETF/X/Basic/Basic0007.xdjhtm?etfid=00400A.TW&topc=
2026-08-06,00400A,主動國泰動能高息,3653,å¥ç­,3.71,247000.0,0.0,電子零組件業,https://www.moneydj.com/ETF/X/Basic/Basic0007.xdjhtm?etfid=00400A.TW&topc=
2026-08-06,00400A,主動國泰動能高息,2360,è´è,3.61,541000.0,0.0,其他電子業,https://www.moneydj.com/ETF/X/Basic/Basic0007.xdjhtm?etfid=00400A.TW&topc=
2026-08-06,00980A,主動野村臺灣優選,2330,å°ç©é»,8.15,663000.0,0.0,半導體業,https://www.moneydj.com/ETF/X/Basic/Basic0007.xdjhtm?etfid=00980A.TW&topc=
2026-08-06,00980A,主動野村臺灣優選,2454,è¯ç¼ç§,5.68,279000.0,0.0,半導體業,https://www.moneydj.com/ETF/X/Basic/Basic0007.xdjhtm?etfid=00980A.TW&topc=
2026-08-06,00980A,主動野村臺灣優選,2059,å·æ¹,4.78,91000.0,0.0,電子零組件業,https://www.moneydj.com/ETF/X/Basic/Basic0007.xdjhtm?etfid=00980A.TW&topc=
2026-08-06,00980A,主動野村臺灣優選,2383,å°åé»,4.19,152000.0,0.0,電子零組件業,https://www.moneydj.com/ETF/X/Basic/Basic0007.xdjhtm?etfid=00980A.TW&topc=
2026-08-06,00980A,主動野村臺灣優選,2308,å°éé»,3.53,404000.0,0.0,電子零組件業,https://www.moneydj.com/ETF/X/Basic/Basic0007.xdjhtm?etfid=00980A.TW&topc=
2026-08-06,00980A,主動野村臺灣優選,3081,è¯äº,2.93,237600.0,0.0,通信網路業,https://www.moneydj.com/ETF/X/Basic/Basic0007.xdjhtm?etfid=00980A.TW&topc=
2026-08-06,00980A,主動野村臺灣優選,3037,æ¬£è,2.85,563000.0,0.0,電子零組件業,https://www.moneydj.com/ETF/X/Basic/Basic0007.xdjhtm?etfid=00980A.TW&topc=
2026-08-06,00980A,主動野村臺灣優選,6223,æºç½,2.49,76000.0,0.0,半導體業,https://www.moneydj.com/ETF/X/Basic/Basic0007.xdjhtm?etfid=00980A.TW&topc=
2026-08-06,00980A,主動野村臺灣優選,2408,åäºç§,2.48,1039000.0,0.0,半導體業,https://www.moneydj.com/ETF/X/Basic/Basic0007.xdjhtm?etfid=00980A.TW&topc=
2026-08-06,00980A,主動野村臺灣優選,7769,é´»å,2.46,73000.0,0.0,半導體業,https://www.moneydj.com/ETF/X/Basic/Basic0007.xdjhtm?etfid=00980A.TW&topc=
2026-08-06,00981A,主動統一台股增長,2330,å°ç©é»,9.28,12134000.0,0.0,半導體業,https://www.moneydj.com/ETF/X/Basic/Basic0007.xdjhtm?etfid=00981A.TW&topc=
2026-08-06,00981A,主動統一台股增長,2383,å°åé»,8.34,4863000.0,0.0,電子零組件業,https://www.moneydj.com/ETF/X/Basic/Basic0007.xdjhtm?etfid=00981A.TW&topc=
2026-08-06,00981A,主動統一台股增長,2454,è¯ç¼ç§,6.9,5448000.0,0.0,半導體業,https://www.moneydj.com/ETF/X/Basic/Basic0007.xdjhtm?etfid=00981A.TW&topc=
2026-08-06,00981A,主動統一台股增長,3037,æ¬£è,6.36,20210000.0,0.0,電子零組件業,https://www.moneydj.com/ETF/X/Basic/Basic0007.xdjhtm?etfid=00981A.TW&topc=
2026-08-06,00981A,主動統一台股增長,3017,å¥é,5.51,5801000.0,0.0,電腦及週邊設備業,https://www.moneydj.com/ETF/X/Basic/Basic0007.xdjhtm?etfid=00981A.TW&topc=
2026-08-06,00981A,主動統一台股增長,6669,ç·¯ç©,5.49,2708000.0,0.0,電腦及週邊設備業,https://www.moneydj.com/ETF/X/Basic/Basic0007.xdjhtm?etfid=00981A.TW&topc=
2026-08-06,00981A,主動統一台股增長,2345,æºé¦,5.0,6419000.0,0.0,通信網路業,https://www.moneydj.com/ETF/X/Basic/Basic0007.xdjhtm?etfid=00981A.TW&topc=
2026-08-06,00981A,主動統一台股增長,6223,æºç½,4.98,2443000.0,0.0,半導體業,https://www.moneydj.com/ETF/X/Basic/Basic0007.xdjhtm?etfid=00981A.TW&topc=
2026-08-06,00981A,主動統一台股增長,2327,åå·¨*,4.69,25437000.0,0.0,電子零組件業,https://www.moneydj.com/ETF/X/Basic/Basic0007.xdjhtm?etfid=00981A.TW&topc=
2026-08-06,00982A,主動群益台灣強棒,2330,台積電,8.22,1794000.0,0.0,半導體業,https://www.capitalfund.com.tw/etf/product/detail/399/buyback
2026-08-06,00982A,主動群益台灣強棒,5536,聖暉*,7.74,3736000.0,0.0,其他電子業,https://www.capitalfund.com.tw/etf/product/detail/399/buyback
2026-08-06,00982A,主動群益台灣強棒,2454,聯發科,6.62,872000.0,0.0,半導體業,https://www.capitalfund.com.tw/etf/product/detail/399/buyback
2026-08-06,00982A,主動群益台灣強棒,6669,緯穎,6.19,510000.0,0.0,電腦及週邊設備業,https://www.capitalfund.com.tw/etf/product/detail/399/buyback
2026-08-06,00982A,主動群益台灣強棒,6139,亞翔,6.11,3775000.0,0.0,其他電子業,https://www.capitalfund.com.tw/etf/product/detail/399/buyback
2026-08-06,00982A,主動群益台灣強棒,2345,智邦,3.81,817000.0,0.0,通信網路業,https://www.capitalfund.com.tw/etf/product/detail/399/buyback
2026-08-06,00982A,主動群益台灣強棒,6223,旺矽,3.75,307000.0,0.0,半導體業,https://www.capitalfund.com.tw/etf/product/detail/399/buyback
2026-08-06,00982A,主動群益台灣強棒,2059,川湖,3.62,185000.0,0.0,電子零組件業,https://www.capitalfund.com.tw/etf/product/detail/399/buyback
2026-08-06,00982A,主動群益台灣強棒,2383,台光電,3.36,327000.0,0.0,電子零組件業,https://www.capitalfund.com.tw/etf/product/detail/399/buyback
2026-08-06,00982A,主動群益台灣強棒,2360,致茂,3.2,837000.0,0.0,其他電子業,https://www.capitalfund.com.tw/etf/product/detail/399/buyback
2026-08-06,00985A,主動野村台灣50,2330,å°ç©é»,13.64,588000.0,0.0,半導體業,https://www.moneydj.com/ETF/X/Basic/Basic0007.xdjhtm?etfid=00985A.TW&topc=
2026-08-06,00985A,主動野村台灣50,2027,å¤§æé¼,4.67,10341000.0,0.0,鋼鐵工業,https://www.moneydj.com/ETF/X/Basic/Basic0007.xdjhtm?etfid=00985A.TW&topc=
2026-08-06,00985A,主動野村台灣50,2376,æå,3.95,1170000.0,0.0,電腦及週邊設備業,https://www.moneydj.com/ETF/X/Basic/Basic0007.xdjhtm?etfid=00985A.TW&topc=
2026-08-06,00985A,主動野村台灣50,6187,è¬æ½¤,3.68,319000.0,0.0,半導體業,https://www.moneydj.com/ETF/X/Basic/Basic0007.xdjhtm?etfid=00985A.TW&topc=
2026-08-06,00985A,主動野村台灣50,6442,åè,3.54,255000.0,0.0,通信網路業,https://www.moneydj.com/ETF/X/Basic/Basic0007.xdjhtm?etfid=00985A.TW&topc=
2026-08-06,00985A,主動野村台灣50,2059,å·æ¹,3.07,31000.0,0.0,電子零組件業,https://www.moneydj.com/ETF/X/Basic/Basic0007.xdjhtm?etfid=00985A.TW&topc=
2026-08-06,00985A,主動野村台灣50,4904,é å³,2.99,2988000.0,0.0,通信網路業,https://www.moneydj.com/ETF/X/Basic/Basic0007.xdjhtm?etfid=00985A.TW&topc=
2026-08-06,00985A,主動野村台灣50,2412,ä¸­è¯é»,2.96,2203000.0,0.0,通信網路業,https://www.moneydj.com/ETF/X/Basic/Basic0007.xdjhtm?etfid=00985A.TW&topc=
2026-08-06,00985A,主動野村台灣50,2345,æºé¦,2.93,124000.0,0.0,通信網路業,https://www.moneydj.com/ETF/X/Basic/Basic0007.xdjhtm?etfid=00985A.TW&topc=
2026-08-06,00985A,主動野村台灣50,2383,å°åé»,2.71,52000.0,0.0,電子零組件業,https://www.moneydj.com/ETF/X/Basic/Basic0007.xdjhtm?etfid=00985A.TW&topc=
2026-08-06,00990A,主動元大AI新經濟,LITE,Lumentum,6.74,96992.0,0.0,未分類,https://www.moneydj.com/ETF/X/Basic/Basic0007.xdjhtm?etfid=00990A.TW&topc=
2026-08-06,00990A,主動元大AI新經濟,MSFT,Microsoft,4.71,113798.0,0.0,未分類,https://www.moneydj.com/ETF/X/Basic/Basic0007.xdjhtm?etfid=00990A.TW&topc=
2026-08-06,00990A,主動元大AI新經濟,AMAT,Applied Materials,4.14,94706.0,0.0,未分類,https://www.moneydj.com/ETF/X/Basic/Basic0007.xdjhtm?etfid=00990A.TW&topc=
2026-08-06,00990A,主動元大AI新經濟,2330,å°ç©é»,3.5,576000.0,0.0,半導體業,https://www.moneydj.com/ETF/X/Basic/Basic0007.xdjhtm?etfid=00990A.TW&topc=
2026-08-06,00990A,主動元大AI新經濟,MU,Micron,3.39,46405.0,0.0,未分類,https://www.moneydj.com/ETF/X/Basic/Basic0007.xdjhtm?etfid=00990A.TW&topc=
2026-08-06,00990A,主動元大AI新經濟,BE,Bloom Energy,3.29,173500.0,0.0,未分類,https://www.moneydj.com/ETF/X/Basic/Basic0007.xdjhtm?etfid=00990A.TW&topc=
2026-08-06,00990A,主動元大AI新經濟,SNOW,Snowflake,3.04,115200.0,0.0,未分類,https://www.moneydj.com/ETF/X/Basic/Basic0007.xdjhtm?etfid=00990A.TW&topc=
2026-08-06,00990A,主動元大AI新經濟,AMD,AMD,2.96,72879.0,0.0,未分類,https://www.moneydj.com/ETF/X/Basic/Basic0007.xdjhtm?etfid=00990A.TW&topc=
2026-08-06,00990A,主動元大AI新經濟,3037,æ¬£è,2.87,1146000.0,0.0,電子零組件業,https://www.moneydj.com/ETF/X/Basic/Basic0007.xdjhtm?etfid=00990A.TW&topc=
2026-08-06,00990A,主動元大AI新經濟,DELL,Dell,2.73,75300.0,0.0,未分類,https://www.moneydj.com/ETF/X/Basic/Basic0007.xdjhtm?etfid=00990A.TW&topc=
2026-08-06,00990A,主動元大AI新經濟,WDC,Western Digital,2.68,63342.0,0.0,未分類,https://www.moneydj.com/ETF/X/Basic/Basic0007.xdjhtm?etfid=00990A.TW&topc=
2026-08-06,00991A,主動復華未來50,TPEIRGA,Piraeus Bank SA,5.321,550000.0,0.0,未分類,https://www.fhtrust.com.tw/ETF/etf_detail/ETF24#nav
2026-08-06,00991A,主動復華未來50,ABNNA,荷蘭銀行公眾有限公司,5.018,130000.0,0.0,未分類,https://www.fhtrust.com.tw/ETF/etf_detail/ETF24#nav
2026-08-06,00991A,主動復華未來50,LLOYLN,勞埃德銀行集團,4.801,3700000.0,0.0,未分類,https://www.fhtrust.com.tw/ETF/etf_detail/ETF24#nav
2026-08-06,00991A,主動復華未來50,BARCLN,巴克萊集團,4.707,800000.0,0.0,未分類,https://www.fhtrust.com.tw/ETF/etf_detail/ETF24#nav
2026-08-06,00991A,主動復華未來50,NWGLN,國民西敏集團公開有限公司,4.027,500000.0,0.0,未分類,https://www.fhtrust.com.tw/ETF/etf_detail/ETF24#nav
2026-08-06,00991A,主動復華未來50,GLEFP,法國興業銀行股份有限公司,3.514,43000.0,0.0,未分類,https://www.fhtrust.com.tw/ETF/etf_detail/ETF24#nav
2026-08-06,00991A,主動復華未來50,STANLN,渣打集團有限公司,3.477,140000.0,0.0,未分類,https://www.fhtrust.com.tw/ETF/etf_detail/ETF24#nav
2026-08-06,00991A,主動復華未來50,BMPSIM,義大利西恩那銀行股份公司,3.458,300000.0,0.0,未分類,https://www.fhtrust.com.tw/ETF/etf_detail/ETF24#nav
2026-08-06,00991A,主動復華未來50,BACUS,美國銀行,3.442,65000.0,0.0,未分類,https://www.fhtrust.com.tw/ETF/etf_detail/ETF24#nav
2026-08-06,00991A,主動復華未來50,BAMIIM,BPM銀行股份公司,3.334,200000.0,0.0,未分類,https://www.fhtrust.com.tw/ETF/etf_detail/ETF24#nav
2026-08-06,00993A,主動安聯台灣,2330,å°ç©é»,12.26,518000.0,0.0,半導體業,https://www.moneydj.com/ETF/X/Basic/Basic0007.xdjhtm?etfid=00993A.TW&topc=
2026-08-06,00993A,主動安聯台灣,6223,æºç½,6.87,109000.0,0.0,半導體業,https://www.moneydj.com/ETF/X/Basic/Basic0007.xdjhtm?etfid=00993A.TW&topc=
2026-08-06,00993A,主動安聯台灣,2454,è¯ç¼ç§,4.75,121000.0,0.0,半導體業,https://www.moneydj.com/ETF/X/Basic/Basic0007.xdjhtm?etfid=00993A.TW&topc=
2026-08-06,00993A,主動安聯台灣,2383,å°åé»,4.67,88000.0,0.0,電子零組件業,https://www.moneydj.com/ETF/X/Basic/Basic0007.xdjhtm?etfid=00993A.TW&topc=
2026-08-06,00993A,主動安聯台灣,5274,ä¿¡é©,3.96,23600.0,0.0,半導體業,https://www.moneydj.com/ETF/X/Basic/Basic0007.xdjhtm?etfid=00993A.TW&topc=
2026-08-06,00993A,主動安聯台灣,3037,æ¬£è,3.71,381000.0,0.0,電子零組件業,https://www.moneydj.com/ETF/X/Basic/Basic0007.xdjhtm?etfid=00993A.TW&topc=
2026-08-06,00993A,主動安聯台灣,6274,å°ç¿,3.58,234000.0,0.0,電子零組件業,https://www.moneydj.com/ETF/X/Basic/Basic0007.xdjhtm?etfid=00993A.TW&topc=
2026-08-06,00993A,主動安聯台灣,2059,å·æ¹,3.33,33000.0,0.0,電子零組件業,https://www.moneydj.com/ETF/X/Basic/Basic0007.xdjhtm?etfid=00993A.TW&topc=
2026-08-06,00993A,主動安聯台灣,2345,æºé¦,3.16,131000.0,0.0,通信網路業,https://www.moneydj.com/ETF/X/Basic/Basic0007.xdjhtm?etfid=00993A.TW&topc=
2026-08-06,00993A,主動安聯台灣,6669,ç·¯ç©,3.13,50000.0,0.0,電腦及週邊設備業,https://www.moneydj.com/ETF/X/Basic/Basic0007.xdjhtm?etfid=00993A.TW&topc=
2026-08-06,00999A,主動野村臺灣高息,2330,å°ç©é»,5.09,276000.0,0.0,半導體業,https://www.moneydj.com/ETF/X/Basic/Basic0007.xdjhtm?etfid=00999A.TW&topc=
2026-08-06,00999A,主動野村臺灣高息,2059,å·æ¹,4.49,57000.0,0.0,電子零組件業,https://www.moneydj.com/ETF/X/Basic/Basic0007.xdjhtm?etfid=00999A.TW&topc=
2026-08-06,00999A,主動野村臺灣高息,2383,å°åé»,4.09,99000.0,0.0,電子零組件業,https://www.moneydj.com/ETF/X/Basic/Basic0007.xdjhtm?etfid=00999A.TW&topc=
2026-08-06,00999A,主動野村臺灣高息,2454,è¯ç¼ç§,3.94,129000.0,0.0,半導體業,https://www.moneydj.com/ETF/X/Basic/Basic0007.xdjhtm?etfid=00999A.TW&topc=
2026-08-06,00999A,主動野村臺灣高息,3711,æ¥æåææ§,3.3,712000.0,0.0,半導體業,https://www.moneydj.com/ETF/X/Basic/Basic0007.xdjhtm?etfid=00999A.TW&topc=
2026-08-06,00999A,主動野村臺灣高息,2886,åè±é,3.26,8326000.0,0.0,金融保險業,https://www.moneydj.com/ETF/X/Basic/Basic0007.xdjhtm?etfid=00999A.TW&topc=
2026-08-06,00999A,主動野村臺灣高息,2308,å°éé»,3.1,237000.0,0.0,電子零組件業,https://www.moneydj.com/ETF/X/Basic/Basic0007.xdjhtm?etfid=00999A.TW&topc=
2026-08-06,00999A,主動野村臺灣高息,2892,ç¬¬ä¸é,2.65,9596000.0,0.0,金融保險業,https://www.moneydj.com/ETF/X/Basic/Basic0007.xdjhtm?etfid=00999A.TW&topc=
2026-08-06,00999A,主動野村臺灣高息,3653,å¥ç­,2.6,75000.0,0.0,電子零組件業,https://www.moneydj.com/ETF/X/Basic/Basic0007.xdjhtm?etfid=00999A.TW&topc=
2026-08-06,00999A,主動野村臺灣高息,7769,é´»å,2.57,51000.0,0.0,半導體業,https://www.moneydj.com/ETF/X/Basic/Basic0007.xdjhtm?etfid=00999A.TW&topc=
2026-08-07,00400A,主動國泰動能高息,2330,å°ç©é»,8.33,1025000.0,0.0,半導體業,https://www.moneydj.com/ETF/X/Basic/Basic0007.xdjhtm?etfid=00400A.TW&topc=
2026-08-07,00400A,主動國泰動能高息,2454,è¯ç¼ç§,6.28,470000.0,0.0,半導體業,https://www.moneydj.com/ETF/X/Basic/Basic0007.xdjhtm?etfid=00400A.TW&topc=
2026-08-07,00400A,主動國泰動能高息,2383,å°åé»,5.23,291000.0,0.0,電子零組件業,https://www.moneydj.com/ETF/X/Basic/Basic0007.xdjhtm?etfid=00400A.TW&topc=
2026-08-07,00400A,主動國泰動能高息,6223,æºç½,4.98,238000.0,0.0,半導體業,https://www.moneydj.com/ETF/X/Basic/Basic0007.xdjhtm?etfid=00400A.TW&topc=
2026-08-07,00400A,主動國泰動能高息,3037,æ¬£è,4.84,1479000.0,0.0,電子零組件業,https://www.moneydj.com/ETF/X/Basic/Basic0007.xdjhtm?etfid=00400A.TW&topc=
2026-08-07,00400A,主動國泰動能高息,3017,å¥é,4.65,487000.0,0.0,電腦及週邊設備業,https://www.moneydj.com/ETF/X/Basic/Basic0007.xdjhtm?etfid=00400A.TW&topc=
2026-08-07,00400A,主動國泰動能高息,2059,å·æ¹,4.3,113000.0,0.0,電子零組件業,https://www.moneydj.com/ETF/X/Basic/Basic0007.xdjhtm?etfid=00400A.TW&topc=
2026-08-07,00400A,主動國泰動能高息,6669,ç·¯ç©,3.89,186000.0,0.0,電腦及週邊設備業,https://www.moneydj.com/ETF/X/Basic/Basic0007.xdjhtm?etfid=00400A.TW&topc=
2026-08-07,00400A,主動國泰動能高息,2360,è´è,3.76,541000.0,0.0,其他電子業,https://www.moneydj.com/ETF/X/Basic/Basic0007.xdjhtm?etfid=00400A.TW&topc=
2026-08-07,00400A,主動國泰動能高息,3653,å¥ç­,3.71,247000.0,0.0,電子零組件業,https://www.moneydj.com/ETF/X/Basic/Basic0007.xdjhtm?etfid=00400A.TW&topc=
2026-08-07,00401A,主動摩根台灣鑫收,2330,å°ç©é»,14.1,178000.0,0.0,半導體業,https://www.moneydj.com/ETF/X/Basic/Basic0007.xdjhtm?etfid=00401A.TW&topc=
2026-08-07,00401A,主動摩根台灣鑫收,2454,è¯ç¼ç§,6.59,50600.0,0.0,半導體業,https://www.moneydj.com/ETF/X/Basic/Basic0007.xdjhtm?etfid=00401A.TW&topc=
2026-08-07,00401A,主動摩根台灣鑫收,2308,å°éé»,3.31,60000.0,0.0,電子零組件業,https://www.moneydj.com/ETF/X/Basic/Basic0007.xdjhtm?etfid=00401A.TW&topc=
2026-08-07,00401A,主動摩根台灣鑫收,7769,é´»å,2.53,12000.0,0.0,半導體業,https://www.moneydj.com/ETF/X/Basic/Basic0007.xdjhtm?etfid=00401A.TW&topc=
2026-08-07,00401A,主動摩根台灣鑫收,2345,æºé¦,2.52,34053.0,0.0,通信網路業,https://www.moneydj.com/ETF/X/Basic/Basic0007.xdjhtm?etfid=00401A.TW&topc=
2026-08-07,00401A,主動摩根台灣鑫收,3037,æ¬£è,2.36,74000.0,0.0,電子零組件業,https://www.moneydj.com/ETF/X/Basic/Basic0007.xdjhtm?etfid=00401A.TW&topc=
2026-08-07,00401A,主動摩根台灣鑫收,6223,æºç½,2.26,11074.0,0.0,半導體業,https://www.moneydj.com/ETF/X/Basic/Basic0007.xdjhtm?etfid=00401A.TW&topc=
2026-08-07,00401A,主動摩根台灣鑫收,6669,ç·¯ç©,2.18,10714.0,0.0,電腦及週邊設備業,https://www.moneydj.com/ETF/X/Basic/Basic0007.xdjhtm?etfid=00401A.TW&topc=
2026-08-07,00401A,主動摩根台灣鑫收,3711,æ¥æåææ§,2.13,109000.0,0.0,半導體業,https://www.moneydj.com/ETF/X/Basic/Basic0007.xdjhtm?etfid=00401A.TW&topc=
2026-08-07,00401A,主動摩根台灣鑫收,3008,å¤§ç«å,2.05,14000.0,0.0,光電業,https://www.moneydj.com/ETF/X/Basic/Basic0007.xdjhtm?etfid=00401A.TW&topc=
2026-08-07,00403A,主動統一升級50,2330,å°ç©é»,17.14,12680000.0,0.0,半導體業,https://www.moneydj.com/ETF/X/Basic/Basic0007.xdjhtm?etfid=00403A.TW&topc=
2026-08-07,00403A,主動統一升級50,3017,å¥é,5.48,3450000.0,0.0,電腦及週邊設備業,https://www.moneydj.com/ETF/X/Basic/Basic0007.xdjhtm?etfid=00403A.TW&topc=
2026-08-07,00403A,主動統一升級50,2303,è¯é»,5.23,79000000.0,0.0,半導體業,https://www.moneydj.com/ETF/X/Basic/Basic0007.xdjhtm?etfid=00403A.TW&topc=
2026-08-07,00403A,主動統一升級50,3037,æ¬£è,4.61,8460000.0,0.0,電子零組件業,https://www.moneydj.com/ETF/X/Basic/Basic0007.xdjhtm?etfid=00403A.TW&topc=
2026-08-07,00403A,主動統一升級50,2383,å°åé»,4.47,1495000.0,0.0,電子零組件業,https://www.moneydj.com/ETF/X/Basic/Basic0007.xdjhtm?etfid=00403A.TW&topc=
2026-08-07,00403A,主動統一升級50,2454,è¯ç¼ç§,4.45,2000000.0,0.0,半導體業,https://www.moneydj.com/ETF/X/Basic/Basic0007.xdjhtm?etfid=00403A.TW&topc=
2026-08-07,00403A,主動統一升級50,2344,è¯é¦é»,3.94,42300000.0,0.0,半導體業,https://www.moneydj.com/ETF/X/Basic/Basic0007.xdjhtm?etfid=00403A.TW&topc=
2026-08-07,00403A,主動統一升級50,6223,æºç½,3.65,1050000.0,0.0,半導體業,https://www.moneydj.com/ETF/X/Basic/Basic0007.xdjhtm?etfid=00403A.TW&topc=
2026-08-07,00403A,主動統一升級50,2345,æºé¦,2.91,2307000.0,0.0,通信網路業,https://www.moneydj.com/ETF/X/Basic/Basic0007.xdjhtm?etfid=00403A.TW&topc=
2026-08-07,00403A,主動統一升級50,2308,å°éé»,2.86,3040000.0,0.0,電子零組件業,https://www.moneydj.com/ETF/X/Basic/Basic0007.xdjhtm?etfid=00403A.TW&topc=
2026-08-07,00980A,主動野村臺灣優選,2330,å°ç©é»,8.23,663000.0,0.0,半導體業,https://www.moneydj.com/ETF/X/Basic/Basic0007.xdjhtm?etfid=00980A.TW&topc=
2026-08-07,00980A,主動野村臺灣優選,2454,è¯ç¼ç§,5.7,279000.0,0.0,半導體業,https://www.moneydj.com/ETF/X/Basic/Basic0007.xdjhtm?etfid=00980A.TW&topc=
2026-08-07,00980A,主動野村臺灣優選,2059,å·æ¹,5.3,91000.0,0.0,電子零組件業,https://www.moneydj.com/ETF/X/Basic/Basic0007.xdjhtm?etfid=00980A.TW&topc=
2026-08-07,00980A,主動野村臺灣優選,2383,å°åé»,4.17,152000.0,0.0,電子零組件業,https://www.moneydj.com/ETF/X/Basic/Basic0007.xdjhtm?etfid=00980A.TW&topc=
2026-08-07,00980A,主動野村臺灣優選,2308,å°éé»,3.49,404000.0,0.0,電子零組件業,https://www.moneydj.com/ETF/X/Basic/Basic0007.xdjhtm?etfid=00980A.TW&topc=
2026-08-07,00980A,主動野村臺灣優選,3081,è¯äº,2.87,237600.0,0.0,通信網路業,https://www.moneydj.com/ETF/X/Basic/Basic0007.xdjhtm?etfid=00980A.TW&topc=
2026-08-07,00980A,主動野村臺灣優選,3037,æ¬£è,2.82,563000.0,0.0,電子零組件業,https://www.moneydj.com/ETF/X/Basic/Basic0007.xdjhtm?etfid=00980A.TW&topc=
2026-08-07,00980A,主動野村臺灣優選,2408,åäºç§,2.49,1039000.0,0.0,半導體業,https://www.moneydj.com/ETF/X/Basic/Basic0007.xdjhtm?etfid=00980A.TW&topc=
2026-08-07,00980A,主動野村臺灣優選,6223,æºç½,2.43,76000.0,0.0,半導體業,https://www.moneydj.com/ETF/X/Basic/Basic0007.xdjhtm?etfid=00980A.TW&topc=
2026-08-07,00980A,主動野村臺灣優選,7769,é´»å,2.42,73000.0,0.0,半導體業,https://www.moneydj.com/ETF/X/Basic/Basic0007.xdjhtm?etfid=00980A.TW&topc=
2026-08-07,00982A,主動群益台灣強棒,2330,台積電,8.39,1794000.0,0.0,半導體業,https://www.capitalfund.com.tw/etf/product/detail/399/buyback
2026-08-07,00982A,主動群益台灣強棒,5536,聖暉*,7.82,3736000.0,0.0,其他電子業,https://www.capitalfund.com.tw/etf/product/detail/399/buyback
2026-08-07,00982A,主動群益台灣強棒,2454,聯發科,6.71,872000.0,0.0,半導體業,https://www.capitalfund.com.tw/etf/product/detail/399/buyback
2026-08-07,00982A,主動群益台灣強棒,6669,緯穎,6.14,510000.0,0.0,電腦及週邊設備業,https://www.capitalfund.com.tw/etf/product/detail/399/buyback
2026-08-07,00982A,主動群益台灣強棒,6139,亞翔,5.98,3775000.0,0.0,其他電子業,https://www.capitalfund.com.tw/etf/product/detail/399/buyback
2026-08-07,00982A,主動群益台灣強棒,2059,川湖,4.06,185000.0,0.0,電子零組件業,https://www.capitalfund.com.tw/etf/product/detail/399/buyback
2026-08-07,00982A,主動群益台灣強棒,6223,旺矽,3.7,307000.0,0.0,半導體業,https://www.capitalfund.com.tw/etf/product/detail/399/buyback
2026-08-07,00982A,主動群益台灣強棒,2345,智邦,3.57,817000.0,0.0,通信網路業,https://www.capitalfund.com.tw/etf/product/detail/399/buyback
2026-08-07,00982A,主動群益台灣強棒,2383,台光電,3.38,327000.0,0.0,電子零組件業,https://www.capitalfund.com.tw/etf/product/detail/399/buyback
2026-08-07,00982A,主動群益台灣強棒,2360,致茂,3.35,837000.0,0.0,其他電子業,https://www.capitalfund.com.tw/etf/product/detail/399/buyback
2026-08-07,00983A,主動中信ARK創新,TSLA,Tesla,7.84,8645.0,0.0,未分類,https://www.moneydj.com/ETF/X/Basic/Basic0007.xdjhtm?etfid=00983A.TW&topc=
2026-08-07,00983A,主動中信ARK創新,SHOP,Shopify,7.21,17206.0,0.0,未分類,https://www.moneydj.com/ETF/X/Basic/Basic0007.xdjhtm?etfid=00983A.TW&topc=
2026-08-07,00983A,主動中信ARK創新,AMD,AMD,5.43,3903.0,0.0,未分類,https://www.moneydj.com/ETF/X/Basic/Basic0007.xdjhtm?etfid=00983A.TW&topc=
2026-08-07,00983A,主動中信ARK創新,TWST,Twist Bioscience,4.7,15159.0,0.0,未分類,https://www.moneydj.com/ETF/X/Basic/Basic0007.xdjhtm?etfid=00983A.TW&topc=
2026-08-07,00983A,主動中信ARK創新,CRSP,CRISPR Therapeutics,4.2,28627.0,0.0,未分類,https://www.moneydj.com/ETF/X/Basic/Basic0007.xdjhtm?etfid=00983A.TW&topc=
2026-08-07,00983A,主動中信ARK創新,TXG,10x Genomics,4.17,32169.0,0.0,未分類,https://www.moneydj.com/ETF/X/Basic/Basic0007.xdjhtm?etfid=00983A.TW&topc=
2026-08-07,00983A,主動中信ARK創新,ILMN,Illumina,3.81,6919.0,0.0,未分類,https://www.moneydj.com/ETF/X/Basic/Basic0007.xdjhtm?etfid=00983A.TW&topc=
2026-08-07,00983A,主動中信ARK創新,HOOD,Robinhood Markets,3.75,14529.0,0.0,未分類,https://www.moneydj.com/ETF/X/Basic/Basic0007.xdjhtm?etfid=00983A.TW&topc=
2026-08-07,00983A,主動中信ARK創新,AMZN,Amazon,3.64,4709.0,0.0,未分類,https://www.moneydj.com/ETF/X/Basic/Basic0007.xdjhtm?etfid=00983A.TW&topc=
2026-08-07,00984A,主動安聯台灣高息,2059,å·æ¹,4.69,41000.0,0.0,電子零組件業,https://www.moneydj.com/ETF/X/Basic/Basic0007.xdjhtm?etfid=00984A.TW&topc=
2026-08-07,00984A,主動安聯台灣高息,2330,å°ç©é»,3.66,150000.0,0.0,半導體業,https://www.moneydj.com/ETF/X/Basic/Basic0007.xdjhtm?etfid=00984A.TW&topc=
2026-08-07,00984A,主動安聯台灣高息,6139,äºç¿,2.96,359000.0,0.0,其他電子業,https://www.moneydj.com/ETF/X/Basic/Basic0007.xdjhtm?etfid=00984A.TW&topc=
2026-08-07,00984A,主動安聯台灣高息,1303,åäº,2.34,1212000.0,0.0,塑膠工業,https://www.moneydj.com/ETF/X/Basic/Basic0007.xdjhtm?etfid=00984A.TW&topc=
2026-08-07,00984A,主動安聯台灣高息,6446,è¥è¯è¥,2.34,183424.0,0.0,生技醫療業,https://www.moneydj.com/ETF/X/Basic/Basic0007.xdjhtm?etfid=00984A.TW&topc=
2026-08-07,00984A,主動安聯台灣高息,2880,è¯åé,2.1,4602000.0,0.0,金融保險業,https://www.moneydj.com/ETF/X/Basic/Basic0007.xdjhtm?etfid=00984A.TW&topc=
2026-08-07,00984A,主動安聯台灣高息,2886,åè±é,2.09,3993000.0,0.0,金融保險業,https://www.moneydj.com/ETF/X/Basic/Basic0007.xdjhtm?etfid=00984A.TW&topc=
2026-08-07,00984A,主動安聯台灣高息,3008,å¤§ç«å,2.03,45000.0,0.0,光電業,https://www.moneydj.com/ETF/X/Basic/Basic0007.xdjhtm?etfid=00984A.TW&topc=
2026-08-07,00984A,主動安聯台灣高息,2408,åäºç§,1.84,391000.0,0.0,半導體業,https://www.moneydj.com/ETF/X/Basic/Basic0007.xdjhtm?etfid=00984A.TW&topc=
2026-08-07,00984A,主動安聯台灣高息,2892,ç¬¬ä¸é,1.79,4903000.0,0.0,金融保險業,https://www.moneydj.com/ETF/X/Basic/Basic0007.xdjhtm?etfid=00984A.TW&topc=
2026-08-07,00985A,主動野村台灣50,2330,å°ç©é»,13.87,588000.0,0.0,半導體業,https://www.moneydj.com/ETF/X/Basic/Basic0007.xdjhtm?etfid=00985A.TW&topc=
2026-08-07,00985A,主動野村台灣50,2027,å¤§æé¼,4.8,10341000.0,0.0,鋼鐵工業,https://www.moneydj.com/ETF/X/Basic/Basic0007.xdjhtm?etfid=00985A.TW&topc=
2026-08-07,00985A,主動野村台灣50,4904,é å³,3.56,3474000.0,0.0,通信網路業,https://www.moneydj.com/ETF/X/Basic/Basic0007.xdjhtm?etfid=00985A.TW&topc=
2026-08-07,00985A,主動野村台灣50,2412,ä¸­è¯é»,3.54,2587000.0,0.0,通信網路業,https://www.moneydj.com/ETF/X/Basic/Basic0007.xdjhtm?etfid=00985A.TW&topc=
2026-08-07,00985A,主動野村台灣50,2376,æå,3.48,1015000.0,0.0,電腦及週邊設備業,https://www.moneydj.com/ETF/X/Basic/Basic0007.xdjhtm?etfid=00985A.TW&topc=
2026-08-07,00985A,主動野村台灣50,6187,è¬æ½¤,2.94,261000.0,0.0,半導體業,https://www.moneydj.com/ETF/X/Basic/Basic0007.xdjhtm?etfid=00985A.TW&topc=
2026-08-07,00985A,主動野村台灣50,2059,å·æ¹,2.76,25000.0,0.0,電子零組件業,https://www.moneydj.com/ETF/X/Basic/Basic0007.xdjhtm?etfid=00985A.TW&topc=
2026-08-07,00985A,主動野村台灣50,2345,æºé¦,2.73,124000.0,0.0,通信網路業,https://www.moneydj.com/ETF/X/Basic/Basic0007.xdjhtm?etfid=00985A.TW&topc=
2026-08-07,00985A,主動野村台灣50,2383,å°åé»,2.71,52000.0,0.0,電子零組件業,https://www.moneydj.com/ETF/X/Basic/Basic0007.xdjhtm?etfid=00985A.TW&topc=
2026-08-07,00985A,主動野村台灣50,6669,ç·¯ç©,2.61,43000.0,0.0,電腦及週邊設備業,https://www.moneydj.com/ETF/X/Basic/Basic0007.xdjhtm?etfid=00985A.TW&topc=
2026-08-07,00986A,主動台新龍頭成長,2330,å°ç©é»,8.52,22000.0,0.0,半導體業,https://www.moneydj.com/ETF/X/Basic/Basic0007.xdjhtm?etfid=00986A.TW&topc=
2026-08-07,00986A,主動台新龍頭成長,GOOGL,lphabet - Class A Common Stock,6.99,3700.0,0.0,未分類,https://www.moneydj.com/ETF/X/Basic/Basic0007.xdjhtm?etfid=00986A.TW&topc=
2026-08-07,00986A,主動台新龍頭成長,NVDA,NVIDIA,6.02,5200.0,0.0,未分類,https://www.moneydj.com/ETF/X/Basic/Basic0007.xdjhtm?etfid=00986A.TW&topc=
2026-08-07,00986A,主動台新龍頭成長,AVGO,Broadcom,5.33,2400.0,0.0,未分類,https://www.moneydj.com/ETF/X/Basic/Basic0007.xdjhtm?etfid=00986A.TW&topc=
2026-08-07,00986A,主動台新龍頭成長,CRWD,CrowdStrike Holdings,4.11,3752.0,0.0,未分類,https://www.moneydj.com/ETF/X/Basic/Basic0007.xdjhtm?etfid=00986A.TW&topc=
2026-08-07,00986A,主動台新龍頭成長,AMZN,Amazon,4.03,2800.0,0.0,未分類,https://www.moneydj.com/ETF/X/Basic/Basic0007.xdjhtm?etfid=00986A.TW&topc=
2026-08-07,00986A,主動台新龍頭成長,MU,Micron,3.72,800.0,0.0,未分類,https://www.moneydj.com/ETF/X/Basic/Basic0007.xdjhtm?etfid=00986A.TW&topc=
2026-08-07,00986A,主動台新龍頭成長,LITE,Lumentum,3.45,780.0,0.0,未分類,https://www.moneydj.com/ETF/X/Basic/Basic0007.xdjhtm?etfid=00986A.TW&topc=
2026-08-07,00986A,主動台新龍頭成長,AMD,AMD,3.1,1200.0,0.0,未分類,https://www.moneydj.com/ETF/X/Basic/Basic0007.xdjhtm?etfid=00986A.TW&topc=
2026-08-07,00986A,主動台新龍頭成長,GS,Goldman Sachs,3.0,550.0,0.0,未分類,https://www.moneydj.com/ETF/X/Basic/Basic0007.xdjhtm?etfid=00986A.TW&topc=
2026-08-07,00987A,主動台新優勢成長,2330,å°ç©é»,8.34,90000.0,0.0,半導體業,https://www.moneydj.com/ETF/X/Basic/Basic0007.xdjhtm?etfid=00987A.TW&topc=
2026-08-07,00987A,主動台新優勢成長,3037,æ¬£è,7.1,190000.0,0.0,電子零組件業,https://www.moneydj.com/ETF/X/Basic/Basic0007.xdjhtm?etfid=00987A.TW&topc=
2026-08-07,00987A,主動台新優勢成長,2383,å°åé»,6.97,34000.0,0.0,電子零組件業,https://www.moneydj.com/ETF/X/Basic/Basic0007.xdjhtm?etfid=00987A.TW&topc=
2026-08-07,00987A,主動台新優勢成長,3443,åµæ,6.76,38000.0,0.0,半導體業,https://www.moneydj.com/ETF/X/Basic/Basic0007.xdjhtm?etfid=00987A.TW&topc=
2026-08-07,00987A,主動台新優勢成長,6223,æºç½,6.44,27000.0,0.0,半導體業,https://www.moneydj.com/ETF/X/Basic/Basic0007.xdjhtm?etfid=00987A.TW&topc=
2026-08-07,00987A,主動台新優勢成長,3017,å¥é,6.32,58000.0,0.0,電腦及週邊設備業,https://www.moneydj.com/ETF/X/Basic/Basic0007.xdjhtm?etfid=00987A.TW&topc=
2026-08-07,00987A,主動台新優勢成長,2454,è¯ç¼ç§,4.88,32000.0,0.0,半導體業,https://www.moneydj.com/ETF/X/Basic/Basic0007.xdjhtm?etfid=00987A.TW&topc=
2026-08-07,00987A,主動台新優勢成長,3665,è²¿è¯-KY,4.3,50000.0,0.0,其他電子業,https://www.moneydj.com/ETF/X/Basic/Basic0007.xdjhtm?etfid=00987A.TW&topc=
2026-08-07,00987A,主動台新優勢成長,2408,åäºç§,4.29,240000.0,0.0,半導體業,https://www.moneydj.com/ETF/X/Basic/Basic0007.xdjhtm?etfid=00987A.TW&topc=
2026-08-07,00987A,主動台新優勢成長,6274,å°ç¿,4.22,75000.0,0.0,電子零組件業,https://www.moneydj.com/ETF/X/Basic/Basic0007.xdjhtm?etfid=00987A.TW&topc=
2026-08-07,00989A,主動摩根美國科技,GOOG,phabet - Class C Capital Stock,4.41,5089.0,0.0,未分類,https://www.moneydj.com/ETF/X/Basic/Basic0007.xdjhtm?etfid=00989A.TW&topc=
2026-08-07,00989A,主動摩根美國科技,PANW,Palo Alto,4.28,4901.0,0.0,未分類,https://www.moneydj.com/ETF/X/Basic/Basic0007.xdjhtm?etfid=00989A.TW&topc=
2026-08-07,00989A,主動摩根美國科技,AVGO,Broadcom,4.22,4126.0,0.0,未分類,https://www.moneydj.com/ETF/X/Basic/Basic0007.xdjhtm?etfid=00989A.TW&topc=
2026-08-07,00989A,主動摩根美國科技,NVDA,NVIDIA,4.0,7524.0,0.0,未分類,https://www.moneydj.com/ETF/X/Basic/Basic0007.xdjhtm?etfid=00989A.TW&topc=
2026-08-07,00989A,主動摩根美國科技,TTWO,Take-Two,3.63,6429.0,0.0,未分類,https://www.moneydj.com/ETF/X/Basic/Basic0007.xdjhtm?etfid=00989A.TW&topc=
2026-08-07,00989A,主動摩根美國科技,MSFT,Microsoft,3.26,2687.0,0.0,未分類,https://www.moneydj.com/ETF/X/Basic/Basic0007.xdjhtm?etfid=00989A.TW&topc=
2026-08-07,00989A,主動摩根美國科技,CRWD,CrowdStrike Holdings,3.16,6278.0,0.0,未分類,https://www.moneydj.com/ETF/X/Basic/Basic0007.xdjhtm?etfid=00989A.TW&topc=
2026-08-07,00989A,主動摩根美國科技,SNOW,Snowflake,3.14,4067.0,0.0,未分類,https://www.moneydj.com/ETF/X/Basic/Basic0007.xdjhtm?etfid=00989A.TW&topc=
2026-08-07,00989A,主動摩根美國科技,INTC,Intel,2.96,12186.0,0.0,未分類,https://www.moneydj.com/ETF/X/Basic/Basic0007.xdjhtm?etfid=00989A.TW&topc=
2026-08-07,00989A,主動摩根美國科技,META,Meta,2.68,1872.0,0.0,未分類,https://www.moneydj.com/ETF/X/Basic/Basic0007.xdjhtm?etfid=00989A.TW&topc=
2026-08-07,00990A,主動元大AI新經濟,LITE,Lumentum,7.37,101272.0,0.0,未分類,https://www.moneydj.com/ETF/X/Basic/Basic0007.xdjhtm?etfid=00990A.TW&topc=
2026-08-07,00990A,主動元大AI新經濟,MSFT,Microsoft,4.65,113798.0,0.0,未分類,https://www.moneydj.com/ETF/X/Basic/Basic0007.xdjhtm?etfid=00990A.TW&topc=
2026-08-07,00990A,主動元大AI新經濟,AMAT,Applied Materials,4.17,94706.0,0.0,未分類,https://www.moneydj.com/ETF/X/Basic/Basic0007.xdjhtm?etfid=00990A.TW&topc=
2026-08-07,00990A,主動元大AI新經濟,2330,å°ç©é»,3.45,576000.0,0.0,半導體業,https://www.moneydj.com/ETF/X/Basic/Basic0007.xdjhtm?etfid=00990A.TW&topc=
2026-08-07,00990A,主動元大AI新經濟,MU,Micron,3.33,46405.0,0.0,未分類,https://www.moneydj.com/ETF/X/Basic/Basic0007.xdjhtm?etfid=00990A.TW&topc=
2026-08-07,00990A,主動元大AI新經濟,BE,Bloom Energy,3.11,173500.0,0.0,未分類,https://www.moneydj.com/ETF/X/Basic/Basic0007.xdjhtm?etfid=00990A.TW&topc=
2026-08-07,00990A,主動元大AI新經濟,SNOW,Snowflake,3.11,115200.0,0.0,未分類,https://www.moneydj.com/ETF/X/Basic/Basic0007.xdjhtm?etfid=00990A.TW&topc=
2026-08-07,00990A,主動元大AI新經濟,AMD,AMD,2.88,72879.0,0.0,未分類,https://www.moneydj.com/ETF/X/Basic/Basic0007.xdjhtm?etfid=00990A.TW&topc=
2026-08-07,00990A,主動元大AI新經濟,DELL,Dell,2.79,75300.0,0.0,未分類,https://www.moneydj.com/ETF/X/Basic/Basic0007.xdjhtm?etfid=00990A.TW&topc=
2026-08-07,00990A,主動元大AI新經濟,3037,æ¬£è,2.77,1146000.0,0.0,電子零組件業,https://www.moneydj.com/ETF/X/Basic/Basic0007.xdjhtm?etfid=00990A.TW&topc=
2026-08-07,00991A,主動復華未來50,TPEIRGA,Piraeus Bank SA,5.321,550000.0,0.0,未分類,https://www.fhtrust.com.tw/ETF/etf_detail/ETF24#nav
2026-08-07,00991A,主動復華未來50,ABNNA,荷蘭銀行公眾有限公司,5.018,130000.0,0.0,未分類,https://www.fhtrust.com.tw/ETF/etf_detail/ETF24#nav
2026-08-07,00991A,主動復華未來50,LLOYLN,勞埃德銀行集團,4.801,3700000.0,0.0,未分類,https://www.fhtrust.com.tw/ETF/etf_detail/ETF24#nav
2026-08-07,00991A,主動復華未來50,BARCLN,巴克萊集團,4.707,800000.0,0.0,未分類,https://www.fhtrust.com.tw/ETF/etf_detail/ETF24#nav
2026-08-07,00991A,主動復華未來50,NWGLN,國民西敏集團公開有限公司,4.027,500000.0,0.0,未分類,https://www.fhtrust.com.tw/ETF/etf_detail/ETF24#nav
2026-08-07,00991A,主動復華未來50,GLEFP,法國興業銀行股份有限公司,3.514,43000.0,0.0,未分類,https://www.fhtrust.com.tw/ETF/etf_detail/ETF24#nav
2026-08-07,00991A,主動復華未來50,STANLN,渣打集團有限公司,3.477,140000.0,0.0,未分類,https://www.fhtrust.com.tw/ETF/etf_detail/ETF24#nav
2026-08-07,00991A,主動復華未來50,BMPSIM,義大利西恩那銀行股份公司,3.458,300000.0,0.0,未分類,https://www.fhtrust.com.tw/ETF/etf_detail/ETF24#nav
2026-08-07,00991A,主動復華未來50,BACUS,美國銀行,3.442,65000.0,0.0,未分類,https://www.fhtrust.com.tw/ETF/etf_detail/ETF24#nav
2026-08-07,00991A,主動復華未來50,BAMIIM,BPM銀行股份公司,3.334,200000.0,0.0,未分類,https://www.fhtrust.com.tw/ETF/etf_detail/ETF24#nav
2026-08-07,00992A,主動群益科技創新,2330,台積電,7.87,1406000.0,0.0,半導體業,https://www.capitalfund.com.tw/etf/product/detail/500/buyback
2026-08-07,00992A,主動群益科技創新,2059,川湖,7.69,293000.0,0.0,電子零組件業,https://www.capitalfund.com.tw/etf/product/detail/500/buyback
2026-08-07,00992A,主動群益科技創新,3017,奇鋐,6.59,1002000.0,0.0,電腦及週邊設備業,https://www.capitalfund.com.tw/etf/product/detail/500/buyback
2026-08-07,00992A,主動群益科技創新,3665,貿聯-KY,6.03,1161000.0,0.0,其他電子業,https://www.capitalfund.com.tw/etf/product/detail/500/buyback
2026-08-07,00992A,主動群益科技創新,2383,台光電,5.77,466000.0,0.0,電子零組件業,https://www.capitalfund.com.tw/etf/product/detail/500/buyback
2026-08-07,00992A,主動群益科技創新,2345,智邦,5.65,1080000.0,0.0,通信網路業,https://www.capitalfund.com.tw/etf/product/detail/500/buyback
2026-08-07,00992A,主動群益科技創新,3037,欣興,5.63,2497000.0,0.0,電子零組件業,https://www.capitalfund.com.tw/etf/product/detail/500/buyback
2026-08-07,00992A,主動群益科技創新,3008,大立光,5.39,520000.0,0.0,光電業,https://www.capitalfund.com.tw/etf/product/detail/500/buyback
2026-08-07,00992A,主動群益科技創新,6223,旺矽,4.65,323000.0,0.0,半導體業,https://www.capitalfund.com.tw/etf/product/detail/500/buyback
2026-08-07,00992A,主動群益科技創新,8996,高力,4.02,1630000.0,0.0,電機機械,https://www.capitalfund.com.tw/etf/product/detail/500/buyback
2026-08-07,00993A,主動安聯台灣,2330,å°ç©é»,12.46,518000.0,0.0,半導體業,https://www.moneydj.com/ETF/X/Basic/Basic0007.xdjhtm?etfid=00993A.TW&topc=
2026-08-07,00993A,主動安聯台灣,6223,æºç½,6.75,109000.0,0.0,半導體業,https://www.moneydj.com/ETF/X/Basic/Basic0007.xdjhtm?etfid=00993A.TW&topc=
2026-08-07,00993A,主動安聯台灣,2454,è¯ç¼ç§,4.79,121000.0,0.0,半導體業,https://www.moneydj.com/ETF/X/Basic/Basic0007.xdjhtm?etfid=00993A.TW&topc=
2026-08-07,00993A,主動安聯台灣,2383,å°åé»,4.68,88000.0,0.0,電子零組件業,https://www.moneydj.com/ETF/X/Basic/Basic0007.xdjhtm?etfid=00993A.TW&topc=
2026-08-07,00993A,主動安聯台灣,5274,ä¿¡é©,3.92,23600.0,0.0,半導體業,https://www.moneydj.com/ETF/X/Basic/Basic0007.xdjhtm?etfid=00993A.TW&topc=
2026-08-07,00993A,主動安聯台灣,3037,æ¬£è,3.74,386000.0,0.0,電子零組件業,https://www.moneydj.com/ETF/X/Basic/Basic0007.xdjhtm?etfid=00993A.TW&topc=
2026-08-07,00993A,主動安聯台灣,2059,å·æ¹,3.72,33000.0,0.0,電子零組件業,https://www.moneydj.com/ETF/X/Basic/Basic0007.xdjhtm?etfid=00993A.TW&topc=
2026-08-07,00993A,主動安聯台灣,6274,å°ç¿,3.5,239000.0,0.0,電子零組件業,https://www.moneydj.com/ETF/X/Basic/Basic0007.xdjhtm?etfid=00993A.TW&topc=
2026-08-07,00993A,主動安聯台灣,6669,ç·¯ç©,3.1,50000.0,0.0,電腦及週邊設備業,https://www.moneydj.com/ETF/X/Basic/Basic0007.xdjhtm?etfid=00993A.TW&topc=
2026-08-07,00993A,主動安聯台灣,2408,åäºç§,3.04,654000.0,0.0,半導體業,https://www.moneydj.com/ETF/X/Basic/Basic0007.xdjhtm?etfid=00993A.TW&topc=
2026-08-07,00994A,主動第一金台股優,2330,å°ç©é»,14.97,314999.0,0.0,半導體業,https://www.moneydj.com/ETF/X/Basic/Basic0007.xdjhtm?etfid=00994A.TW&topc=
2026-08-07,00994A,主動第一金台股優,2383,å°åé»,7.99,76000.0,0.0,電子零組件業,https://www.moneydj.com/ETF/X/Basic/Basic0007.xdjhtm?etfid=00994A.TW&topc=
2026-08-07,00994A,主動第一金台股優,2454,è¯ç¼ç§,7.27,93001.0,0.0,半導體業,https://www.moneydj.com/ETF/X/Basic/Basic0007.xdjhtm?etfid=00994A.TW&topc=
2026-08-07,00994A,主動第一金台股優,3037,æ¬£è,6.4,334001.0,0.0,電子零組件業,https://www.moneydj.com/ETF/X/Basic/Basic0007.xdjhtm?etfid=00994A.TW&topc=
2026-08-07,00994A,主動第一金台股優,3017,å¥é,5.61,100500.0,0.0,電腦及週邊設備業,https://www.moneydj.com/ETF/X/Basic/Basic0007.xdjhtm?etfid=00994A.TW&topc=
2026-08-07,00994A,主動第一金台股優,6223,æºç½,5.13,41901.0,0.0,半導體業,https://www.moneydj.com/ETF/X/Basic/Basic0007.xdjhtm?etfid=00994A.TW&topc=
2026-08-07,00994A,主動第一金台股優,8046,åé»,5.11,236000.0,0.0,電子零組件業,https://www.moneydj.com/ETF/X/Basic/Basic0007.xdjhtm?etfid=00994A.TW&topc=
2026-08-07,00994A,主動第一金台股優,2059,å·æ¹,4.68,21001.0,0.0,電子零組件業,https://www.moneydj.com/ETF/X/Basic/Basic0007.xdjhtm?etfid=00994A.TW&topc=
2026-08-07,00994A,主動第一金台股優,6274,å°ç¿,4.56,158000.0,0.0,電子零組件業,https://www.moneydj.com/ETF/X/Basic/Basic0007.xdjhtm?etfid=00994A.TW&topc=
2026-08-07,00994A,主動第一金台股優,2345,æºé¦,3.64,82000.0,0.0,通信網路業,https://www.moneydj.com/ETF/X/Basic/Basic0007.xdjhtm?etfid=00994A.TW&topc=
2026-08-07,00995A,主動中信台灣卓越,2330,å°ç©é»,9.06,189000.0,0.0,半導體業,https://www.moneydj.com/ETF/X/Basic/Basic0007.xdjhtm?etfid=00995A.TW&topc=
2026-08-07,00995A,主動中信台灣卓越,2383,å°åé»,8.49,80000.0,0.0,電子零組件業,https://www.moneydj.com/ETF/X/Basic/Basic0007.xdjhtm?etfid=00995A.TW&topc=
2026-08-07,00995A,主動中信台灣卓越,2454,è¯ç¼ç§,5.84,74000.0,0.0,半導體業,https://www.moneydj.com/ETF/X/Basic/Basic0007.xdjhtm?etfid=00995A.TW&topc=
2026-08-07,00995A,主動中信台灣卓越,6669,ç·¯ç©,5.31,43000.0,0.0,電腦及週邊設備業,https://www.moneydj.com/ETF/X/Basic/Basic0007.xdjhtm?etfid=00995A.TW&topc=
2026-08-07,00995A,主動中信台灣卓越,2345,æºé¦,4.93,110000.0,0.0,通信網路業,https://www.moneydj.com/ETF/X/Basic/Basic0007.xdjhtm?etfid=00995A.TW&topc=
2026-08-07,00995A,主動中信台灣卓越,3017,å¥é,4.51,80000.0,0.0,電腦及週邊設備業,https://www.moneydj.com/ETF/X/Basic/Basic0007.xdjhtm?etfid=00995A.TW&topc=
2026-08-07,00995A,主動中信台灣卓越,3037,æ¬£è,4.49,232000.0,0.0,電子零組件業,https://www.moneydj.com/ETF/X/Basic/Basic0007.xdjhtm?etfid=00995A.TW&topc=
2026-08-07,00995A,主動中信台灣卓越,6223,æºç½,4.45,36000.0,0.0,半導體業,https://www.moneydj.com/ETF/X/Basic/Basic0007.xdjhtm?etfid=00995A.TW&topc=
2026-08-07,00995A,主動中信台灣卓越,8046,åé»,3.72,170000.0,0.0,電子零組件業,https://www.moneydj.com/ETF/X/Basic/Basic0007.xdjhtm?etfid=00995A.TW&topc=
2026-08-07,00995A,主動中信台灣卓越,2308,å°éé»,3.67,110000.0,0.0,電子零組件業,https://www.moneydj.com/ETF/X/Basic/Basic0007.xdjhtm?etfid=00995A.TW&topc=
2026-08-07,00996A,主動兆豐台灣豐收,2330,å°ç©é»,9.95,179000.0,0.0,半導體業,https://www.moneydj.com/ETF/X/Basic/Basic0007.xdjhtm?etfid=00996A.TW&topc=
2026-08-07,00996A,主動兆豐台灣豐收,2454,è¯ç¼ç§,7.41,81000.0,0.0,半導體業,https://www.moneydj.com/ETF/X/Basic/Basic0007.xdjhtm?etfid=00996A.TW&topc=
2026-08-07,00996A,主動兆豐台灣豐收,2383,å°åé»,6.27,51000.0,0.0,電子零組件業,https://www.moneydj.com/ETF/X/Basic/Basic0007.xdjhtm?etfid=00996A.TW&topc=
2026-08-07,00996A,主動兆豐台灣豐收,4958,è»é¼-KY,6.24,562000.0,0.0,電子零組件業,https://www.moneydj.com/ETF/X/Basic/Basic0007.xdjhtm?etfid=00996A.TW&topc=
2026-08-07,00996A,主動兆豐台灣豐收,2327,åå·¨*,5.7,450000.0,0.0,電子零組件業,https://www.moneydj.com/ETF/X/Basic/Basic0007.xdjhtm?etfid=00996A.TW&topc=
2026-08-07,00996A,主動兆豐台灣豐收,2308,å°éé»,4.45,115000.0,0.0,電子零組件業,https://www.moneydj.com/ETF/X/Basic/Basic0007.xdjhtm?etfid=00996A.TW&topc=
2026-08-07,00996A,主動兆豐台灣豐收,2344,è¯é¦é»,3.43,895000.0,0.0,半導體業,https://www.moneydj.com/ETF/X/Basic/Basic0007.xdjhtm?etfid=00996A.TW&topc=
2026-08-07,00996A,主動兆豐台灣豐收,2472,ç«éé»,3.41,633000.0,0.0,電子零組件業,https://www.moneydj.com/ETF/X/Basic/Basic0007.xdjhtm?etfid=00996A.TW&topc=
2026-08-07,00996A,主動兆豐台灣豐收,2408,åäºç§,3.17,296000.0,0.0,半導體業,https://www.moneydj.com/ETF/X/Basic/Basic0007.xdjhtm?etfid=00996A.TW&topc=
2026-08-07,00996A,主動兆豐台灣豐收,8046,åé»,2.89,114000.0,0.0,電子零組件業,https://www.moneydj.com/ETF/X/Basic/Basic0007.xdjhtm?etfid=00996A.TW&topc=
2026-08-07,00997A,主動群益美國增長,AMD,AMD,5.74,52840.0,0.0,未分類,https://www.moneydj.com/ETF/X/Basic/Basic0007.xdjhtm?etfid=00997A.TW&topc=
2026-08-07,00997A,主動群益美國增長,MU,Micron,4.56,23302.0,0.0,未分類,https://www.moneydj.com/ETF/X/Basic/Basic0007.xdjhtm?etfid=00997A.TW&topc=
2026-08-07,00997A,主動群益美國增長,AMAT,Applied Materials,4.18,35718.0,0.0,未分類,https://www.moneydj.com/ETF/X/Basic/Basic0007.xdjhtm?etfid=00997A.TW&topc=
2026-08-07,00997A,主動群益美國增長,MRVL,Marvell,3.3,70533.0,0.0,未分類,https://www.moneydj.com/ETF/X/Basic/Basic0007.xdjhtm?etfid=00997A.TW&topc=
2026-08-07,00997A,主動群益美國增長,GOOGL,lphabet - Class A Common Stock,3.17,39899.0,0.0,未分類,https://www.moneydj.com/ETF/X/Basic/Basic0007.xdjhtm?etfid=00997A.TW&topc=
2026-08-07,00997A,主動群益美國增長,LITE,Lumentum,2.94,15819.0,0.0,未分類,https://www.moneydj.com/ETF/X/Basic/Basic0007.xdjhtm?etfid=00997A.TW&topc=
2026-08-07,00997A,主動群益美國增長,AAPL,Apple,2.79,40258.0,0.0,未分類,https://www.moneydj.com/ETF/X/Basic/Basic0007.xdjhtm?etfid=00997A.TW&topc=
2026-08-07,00997A,主動群益美國增長,CRWD,CrowdStrike Holdings,2.63,57213.0,0.0,未分類,https://www.moneydj.com/ETF/X/Basic/Basic0007.xdjhtm?etfid=00997A.TW&topc=
2026-08-07,00997A,主動群益美國增長,LRCX,Lam Research,2.59,38116.0,0.0,未分類,https://www.moneydj.com/ETF/X/Basic/Basic0007.xdjhtm?etfid=00997A.TW&topc=
2026-08-07,00997A,主動群益美國增長,AVGO,Broadcom,2.55,27342.0,0.0,未分類,https://www.moneydj.com/ETF/X/Basic/Basic0007.xdjhtm?etfid=00997A.TW&topc=
2026-08-07,00998A,主動復華金融股息,TPEIRGA,Piraeus Bank SA,5.321,550000.0,0.0,未分類,https://www.fhtrust.com.tw/ETF/etf_detail/ETF24#nav
2026-08-07,00998A,主動復華金融股息,ABNNA,荷蘭銀行公眾有限公司,5.018,130000.0,0.0,未分類,https://www.fhtrust.com.tw/ETF/etf_detail/ETF24#nav
2026-08-07,00998A,主動復華金融股息,LLOYLN,勞埃德銀行集團,4.801,3700000.0,0.0,未分類,https://www.fhtrust.com.tw/ETF/etf_detail/ETF24#nav
2026-08-07,00998A,主動復華金融股息,BARCLN,巴克萊集團,4.707,800000.0,0.0,未分類,https://www.fhtrust.com.tw/ETF/etf_detail/ETF24#nav
2026-08-07,00998A,主動復華金融股息,NWGLN,國民西敏集團公開有限公司,4.027,500000.0,0.0,未分類,https://www.fhtrust.com.tw/ETF/etf_detail/ETF24#nav
2026-08-07,00998A,主動復華金融股息,GLEFP,法國興業銀行股份有限公司,3.514,43000.0,0.0,未分類,https://www.fhtrust.com.tw/ETF/etf_detail/ETF24#nav
2026-08-07,00998A,主動復華金融股息,STANLN,渣打集團有限公司,3.477,140000.0,0.0,未分類,https://www.fhtrust.com.tw/ETF/etf_detail/ETF24#nav
2026-08-07,00998A,主動復華金融股息,BMPSIM,義大利西恩那銀行股份公司,3.458,300000.0,0.0,未分類,https://www.fhtrust.com.tw/ETF/etf_detail/ETF24#nav
2026-08-07,00998A,主動復華金融股息,BACUS,美國銀行,3.442,65000.0,0.0,未分類,https://www.fhtrust.com.tw/ETF/etf_detail/ETF24#nav
2026-08-07,00998A,主動復華金融股息,BAMIIM,BPM銀行股份公司,3.334,200000.0,0.0,未分類,https://www.fhtrust.com.tw/ETF/etf_detail/ETF24#nav
2026-08-07,00999A,主動野村臺灣高息,2330,å°ç©é»,4.95,265000.0,0.0,半導體業,https://www.moneydj.com/ETF/X/Basic/Basic0007.xdjhtm?etfid=00999A.TW&topc=
2026-08-07,00999A,主動野村臺灣高息,2059,å·æ¹,4.38,50000.0,0.0,電子零組件業,https://www.moneydj.com/ETF/X/Basic/Basic0007.xdjhtm?etfid=00999A.TW&topc=
2026-08-07,00999A,主動野村臺灣高息,2383,å°åé»,4.09,99000.0,0.0,電子零組件業,https://www.moneydj.com/ETF/X/Basic/Basic0007.xdjhtm?etfid=00999A.TW&topc=
2026-08-07,00999A,主動野村臺灣高息,2454,è¯ç¼ç§,3.96,129000.0,0.0,半導體業,https://www.moneydj.com/ETF/X/Basic/Basic0007.xdjhtm?etfid=00999A.TW&topc=
2026-08-07,00999A,主動野村臺灣高息,2886,åè±é,3.7,9222000.0,0.0,金融保險業,https://www.moneydj.com/ETF/X/Basic/Basic0007.xdjhtm?etfid=00999A.TW&topc=
2026-08-07,00999A,主動野村臺灣高息,3711,æ¥æåææ§,3.28,712000.0,0.0,半導體業,https://www.moneydj.com/ETF/X/Basic/Basic0007.xdjhtm?etfid=00999A.TW&topc=
2026-08-07,00999A,主動野村臺灣高息,2308,å°éé»,3.08,237000.0,0.0,電子零組件業,https://www.moneydj.com/ETF/X/Basic/Basic0007.xdjhtm?etfid=00999A.TW&topc=
2026-08-07,00999A,主動野村臺灣高息,2892,ç¬¬ä¸é,3.04,10857000.0,0.0,金融保險業,https://www.moneydj.com/ETF/X/Basic/Basic0007.xdjhtm?etfid=00999A.TW&topc=
2026-08-07,00999A,主動野村臺灣高息,2880,è¯åé,2.7,7723800.0,0.0,金融保險業,https://www.moneydj.com/ETF/X/Basic/Basic0007.xdjhtm?etfid=00999A.TW&topc=
2026-08-07,00999A,主動野村臺灣高息,3653,å¥ç­,2.59,75000.0,0.0,電子零組件業,https://www.moneydj.com/ETF/X/Basic/Basic0007.xdjhtm?etfid=00999A.TW&topc=
2026-08-08,00988A,主動統一全球創新,LOAD,Balance:,24.0,0.0,0.0,未分類,https://www.ezmoney.com.tw/ETF/Transaction/PCFInfo
2026-08-08,00988A,主動統一全球創新,B,統一美債,10.0,0.0,0.0,未分類,https://www.ezmoney.com.tw/ETF/Transaction/PCFInfo
2026-08-08,00988A,主動統一全球創新,A,主動統一升級,9.73,50.0,0.0,未分類,https://www.ezmoney.com.tw/ETF/Transaction/PCFInfo
2026-08-08,00988A,主動統一全球創新,8388,台北市松山區東興路,8.0,0.0,0.0,未分類,https://www.ezmoney.com.tw/ETF/Transaction/PCFInfo
2026-08-08,00988A,主動統一全球創新,0885,高雄市新興區中正三路,2.0,0.0,0.0,未分類,https://www.ezmoney.com.tw/ETF/Transaction/PCFInfo
2026-08-08,00988A,主動統一全球創新,7500,台南市永康區中華路,1.0,0.0,0.0,未分類,https://www.ezmoney.com.tw/ETF/Transaction/PCFInfo
2026-08-08,00988A,主動統一全球創新,1278,-,0.07,8.0,0.0,未分類,https://www.ezmoney.com.tw/ETF/Transaction/PCFInfo
2026-08-08,00988A,主動統一全球創新,1353,-,0.02,0.0,0.0,未分類,https://www.ezmoney.com.tw/ETF/Transaction/PCFInfo
2026-08-10,00400A,主動國泰動能高息,2330,å°ç©é»,8.37,1025000.0,0.0,半導體業,https://www.moneydj.com/ETF/X/Basic/Basic0007.xdjhtm?etfid=00400A.TW&topc=
2026-08-10,00400A,主動國泰動能高息,2454,è¯ç¼ç§,6.39,470000.0,0.0,半導體業,https://www.moneydj.com/ETF/X/Basic/Basic0007.xdjhtm?etfid=00400A.TW&topc=
2026-08-10,00400A,主動國泰動能高息,2383,å°åé»,5.28,291000.0,0.0,電子零組件業,https://www.moneydj.com/ETF/X/Basic/Basic0007.xdjhtm?etfid=00400A.TW&topc=
2026-08-10,00400A,主動國泰動能高息,6223,æºç½,5.08,238000.0,0.0,半導體業,https://www.moneydj.com/ETF/X/Basic/Basic0007.xdjhtm?etfid=00400A.TW&topc=
2026-08-10,00400A,主動國泰動能高息,3037,æ¬£è,5.03,1479000.0,0.0,電子零組件業,https://www.moneydj.com/ETF/X/Basic/Basic0007.xdjhtm?etfid=00400A.TW&topc=
2026-08-10,00400A,主動國泰動能高息,2059,å·æ¹,4.62,113000.0,0.0,電子零組件業,https://www.moneydj.com/ETF/X/Basic/Basic0007.xdjhtm?etfid=00400A.TW&topc=
2026-08-10,00400A,主動國泰動能高息,3017,å¥é,4.62,487000.0,0.0,電腦及週邊設備業,https://www.moneydj.com/ETF/X/Basic/Basic0007.xdjhtm?etfid=00400A.TW&topc=
2026-08-10,00400A,主動國泰動能高息,6669,ç·¯ç©,3.84,186000.0,0.0,電腦及週邊設備業,https://www.moneydj.com/ETF/X/Basic/Basic0007.xdjhtm?etfid=00400A.TW&topc=
2026-08-10,00400A,主動國泰動能高息,2360,è´è,3.77,541000.0,0.0,其他電子業,https://www.moneydj.com/ETF/X/Basic/Basic0007.xdjhtm?etfid=00400A.TW&topc=
2026-08-10,00400A,主動國泰動能高息,3653,å¥ç­,3.51,247000.0,0.0,電子零組件業,https://www.moneydj.com/ETF/X/Basic/Basic0007.xdjhtm?etfid=00400A.TW&topc=
2026-08-10,00981A,主動統一台股增長,2330,å°ç©é»,9.56,12134000.0,0.0,半導體業,https://www.moneydj.com/ETF/X/Basic/Basic0007.xdjhtm?etfid=00981A.TW&topc=
2026-08-10,00981A,主動統一台股增長,2383,å°åé»,8.51,4863000.0,0.0,電子零組件業,https://www.moneydj.com/ETF/X/Basic/Basic0007.xdjhtm?etfid=00981A.TW&topc=
2026-08-10,00981A,主動統一台股增長,2454,è¯ç¼ç§,7.14,5448000.0,0.0,半導體業,https://www.moneydj.com/ETF/X/Basic/Basic0007.xdjhtm?etfid=00981A.TW&topc=
2026-08-10,00981A,主動統一台股增長,3037,æ¬£è,6.63,20210000.0,0.0,電子零組件業,https://www.moneydj.com/ETF/X/Basic/Basic0007.xdjhtm?etfid=00981A.TW&topc=
2026-08-10,00981A,主動統一台股增長,6669,ç·¯ç©,5.39,2708000.0,0.0,電腦及週邊設備業,https://www.moneydj.com/ETF/X/Basic/Basic0007.xdjhtm?etfid=00981A.TW&topc=
2026-08-10,00981A,主動統一台股增長,3017,å¥é,5.31,5801000.0,0.0,電腦及週邊設備業,https://www.moneydj.com/ETF/X/Basic/Basic0007.xdjhtm?etfid=00981A.TW&topc=
2026-08-10,00981A,主動統一台股增長,6223,æºç½,5.03,2443000.0,0.0,半導體業,https://www.moneydj.com/ETF/X/Basic/Basic0007.xdjhtm?etfid=00981A.TW&topc=
2026-08-10,00981A,主動統一台股增長,2327,åå·¨*,4.82,25437000.0,0.0,電子零組件業,https://www.moneydj.com/ETF/X/Basic/Basic0007.xdjhtm?etfid=00981A.TW&topc=
2026-08-10,00981A,主動統一台股增長,2345,æºé¦,4.6,6419000.0,0.0,通信網路業,https://www.moneydj.com/ETF/X/Basic/Basic0007.xdjhtm?etfid=00981A.TW&topc=
2026-08-10,00982A,主動群益台灣強棒,2330,台積電,8.32,1794000.0,0.0,半導體業,https://www.capitalfund.com.tw/etf/product/detail/399/buyback
2026-08-10,00982A,主動群益台灣強棒,5536,聖暉*,7.61,3736000.0,0.0,其他電子業,https://www.capitalfund.com.tw/etf/product/detail/399/buyback
2026-08-10,00982A,主動群益台灣強棒,2454,聯發科,6.73,872000.0,0.0,半導體業,https://www.capitalfund.com.tw/etf/product/detail/399/buyback
2026-08-10,00982A,主動群益台灣強棒,6669,緯穎,5.97,510000.0,0.0,電腦及週邊設備業,https://www.capitalfund.com.tw/etf/product/detail/399/buyback
2026-08-10,00982A,主動群益台灣強棒,6139,亞翔,5.94,3775000.0,0.0,其他電子業,https://www.capitalfund.com.tw/etf/product/detail/399/buyback
2026-08-10,00982A,主動群益台灣強棒,2059,川湖,4.29,185000.0,0.0,電子零組件業,https://www.capitalfund.com.tw/etf/product/detail/399/buyback
2026-08-10,00982A,主動群益台灣強棒,6223,旺矽,3.72,307000.0,0.0,半導體業,https://www.capitalfund.com.tw/etf/product/detail/399/buyback
2026-08-10,00982A,主動群益台灣強棒,2345,智邦,3.45,817000.0,0.0,通信網路業,https://www.capitalfund.com.tw/etf/product/detail/399/buyback
2026-08-10,00982A,主動群益台灣強棒,2383,台光電,3.37,327000.0,0.0,電子零組件業,https://www.capitalfund.com.tw/etf/product/detail/399/buyback
2026-08-10,00982A,主動群益台灣強棒,2360,致茂,3.31,837000.0,0.0,其他電子業,https://www.capitalfund.com.tw/etf/product/detail/399/buyback
2026-08-10,00990A,主動元大AI新經濟,LITE,Lumentum,6.79,101272.0,0.0,未分類,https://www.moneydj.com/ETF/X/Basic/Basic0007.xdjhtm?etfid=00990A.TW&topc=
2026-08-10,00990A,主動元大AI新經濟,MSFT,Microsoft,4.75,113798.0,0.0,未分類,https://www.moneydj.com/ETF/X/Basic/Basic0007.xdjhtm?etfid=00990A.TW&topc=
2026-08-10,00990A,主動元大AI新經濟,AMAT,Applied Materials,4.08,94706.0,0.0,未分類,https://www.moneydj.com/ETF/X/Basic/Basic0007.xdjhtm?etfid=00990A.TW&topc=
2026-08-10,00990A,主動元大AI新經濟,2330,å°ç©é»,3.51,576000.0,0.0,半導體業,https://www.moneydj.com/ETF/X/Basic/Basic0007.xdjhtm?etfid=00990A.TW&topc=
2026-08-10,00990A,主動元大AI新經濟,MU,Micron,3.3,46405.0,0.0,未分類,https://www.moneydj.com/ETF/X/Basic/Basic0007.xdjhtm?etfid=00990A.TW&topc=
2026-08-10,00990A,主動元大AI新經濟,SNOW,Snowflake,3.18,115200.0,0.0,未分類,https://www.moneydj.com/ETF/X/Basic/Basic0007.xdjhtm?etfid=00990A.TW&topc=
2026-08-10,00990A,主動元大AI新經濟,BE,Bloom Energy,3.01,173500.0,0.0,未分類,https://www.moneydj.com/ETF/X/Basic/Basic0007.xdjhtm?etfid=00990A.TW&topc=
2026-08-10,00990A,主動元大AI新經濟,3037,æ¬£è,2.91,1146000.0,0.0,電子零組件業,https://www.moneydj.com/ETF/X/Basic/Basic0007.xdjhtm?etfid=00990A.TW&topc=
2026-08-10,00990A,主動元大AI新經濟,DELL,Dell,2.84,75300.0,0.0,未分類,https://www.moneydj.com/ETF/X/Basic/Basic0007.xdjhtm?etfid=00990A.TW&topc=
2026-08-10,00990A,主動元大AI新經濟,AMD,AMD,2.82,72879.0,0.0,未分類,https://www.moneydj.com/ETF/X/Basic/Basic0007.xdjhtm?etfid=00990A.TW&topc=
2026-08-10,00993A,主動安聯台灣,2330,å°ç©é»,12.24,518000.0,0.0,半導體業,https://www.moneydj.com/ETF/X/Basic/Basic0007.xdjhtm?etfid=00993A.TW&topc=
2026-08-10,00993A,主動安聯台灣,6223,æºç½,6.75,109000.0,0.0,半導體業,https://www.moneydj.com/ETF/X/Basic/Basic0007.xdjhtm?etfid=00993A.TW&topc=
2026-08-10,00993A,主動安聯台灣,2454,è¯ç¼ç§,4.77,121000.0,0.0,半導體業,https://www.moneydj.com/ETF/X/Basic/Basic0007.xdjhtm?etfid=00993A.TW&topc=
2026-08-10,00993A,主動安聯台灣,2383,å°åé»,4.63,88000.0,0.0,電子零組件業,https://www.moneydj.com/ETF/X/Basic/Basic0007.xdjhtm?etfid=00993A.TW&topc=
2026-08-10,00993A,主動安聯台灣,2059,å·æ¹,3.91,33000.0,0.0,電子零組件業,https://www.moneydj.com/ETF/X/Basic/Basic0007.xdjhtm?etfid=00993A.TW&topc=
2026-08-10,00993A,主動安聯台灣,5274,ä¿¡é©,3.88,23600.0,0.0,半導體業,https://www.moneydj.com/ETF/X/Basic/Basic0007.xdjhtm?etfid=00993A.TW&topc=
2026-08-10,00993A,主動安聯台灣,3037,æ¬£è,3.81,386000.0,0.0,電子零組件業,https://www.moneydj.com/ETF/X/Basic/Basic0007.xdjhtm?etfid=00993A.TW&topc=
2026-08-10,00993A,主動安聯台灣,6274,å°ç¿,3.47,239000.0,0.0,電子零組件業,https://www.moneydj.com/ETF/X/Basic/Basic0007.xdjhtm?etfid=00993A.TW&topc=
2026-08-10,00993A,主動安聯台灣,2408,åäºç§,3.27,654000.0,0.0,半導體業,https://www.moneydj.com/ETF/X/Basic/Basic0007.xdjhtm?etfid=00993A.TW&topc=
2026-08-10,00993A,主動安聯台灣,2308,å°éé»,3.14,174000.0,0.0,電子零組件業,https://www.moneydj.com/ETF/X/Basic/Basic0007.xdjhtm?etfid=00993A.TW&topc=
2026-08-10,00993A,主動安聯台灣,6669,ç·¯ç©,3.1,50000.0,0.0,電腦及週邊設備業,https://www.moneydj.com/ETF/X/Basic/Basic0007.xdjhtm?etfid=00993A.TW&topc=
2026-08-10,00999A,主動野村臺灣高息,2330,å°ç©é»,4.89,265000.0,0.0,半導體業,https://www.moneydj.com/ETF/X/Basic/Basic0007.xdjhtm?etfid=00999A.TW&topc=
2026-08-10,00999A,主動野村臺灣高息,2886,åè±é,4.1,10357000.0,0.0,金融保險業,https://www.moneydj.com/ETF/X/Basic/Basic0007.xdjhtm?etfid=00999A.TW&topc=
2026-08-10,00999A,主動野村臺灣高息,2059,å·æ¹,4.06,44000.0,0.0,電子零組件業,https://www.moneydj.com/ETF/X/Basic/Basic0007.xdjhtm?etfid=00999A.TW&topc=
2026-08-10,00999A,主動野村臺灣高息,2383,å°åé»,4.06,99000.0,0.0,電子零組件業,https://www.moneydj.com/ETF/X/Basic/Basic0007.xdjhtm?etfid=00999A.TW&topc=
2026-08-10,00999A,主動野村臺灣高息,3711,æ¥æåææ§,3.48,712000.0,0.0,半導體業,https://www.moneydj.com/ETF/X/Basic/Basic0007.xdjhtm?etfid=00999A.TW&topc=
2026-08-10,00999A,主動野村臺灣高息,2892,ç¬¬ä¸é,3.38,12465000.0,0.0,金融保險業,https://www.moneydj.com/ETF/X/Basic/Basic0007.xdjhtm?etfid=00999A.TW&topc=
2026-08-10,00999A,主動野村臺灣高息,2308,å°éé»,3.34,237000.0,0.0,電子零組件業,https://www.moneydj.com/ETF/X/Basic/Basic0007.xdjhtm?etfid=00999A.TW&topc=
2026-08-10,00999A,主動野村臺灣高息,2454,è¯ç¼ç§,3.29,107000.0,0.0,半導體業,https://www.moneydj.com/ETF/X/Basic/Basic0007.xdjhtm?etfid=00999A.TW&topc=
2026-08-10,00999A,主動野村臺灣高息,2880,è¯åé,2.96,8658800.0,0.0,金融保險業,https://www.moneydj.com/ETF/X/Basic/Basic0007.xdjhtm?etfid=00999A.TW&topc=
2026-08-10,00999A,主動野村臺灣高息,7769,é´»å,2.49,51000.0,0.0,半導體業,https://www.moneydj.com/ETF/X/Basic/Basic0007.xdjhtm?etfid=00999A.TW&topc=
2026-08-11,00400A,主動國泰動能高息,2330,å°ç©é»,8.37,1025000.0,0.0,半導體業,https://www.moneydj.com/ETF/X/Basic/Basic0007.xdjhtm?etfid=00400A.TW&topc=
2026-08-11,00400A,主動國泰動能高息,2454,è¯ç¼ç§,6.44,470000.0,0.0,半導體業,https://www.moneydj.com/ETF/X/Basic/Basic0007.xdjhtm?etfid=00400A.TW&topc=
2026-08-11,00400A,主動國泰動能高息,2383,å°åé»,5.49,291000.0,0.0,電子零組件業,https://www.moneydj.com/ETF/X/Basic/Basic0007.xdjhtm?etfid=00400A.TW&topc=
2026-08-11,00400A,主動國泰動能高息,6223,æºç½,5.12,238000.0,0.0,半導體業,https://www.moneydj.com/ETF/X/Basic/Basic0007.xdjhtm?etfid=00400A.TW&topc=
2026-08-11,00400A,主動國泰動能高息,3037,æ¬£è,5.0,1479000.0,0.0,電子零組件業,https://www.moneydj.com/ETF/X/Basic/Basic0007.xdjhtm?etfid=00400A.TW&topc=
2026-08-11,00400A,主動國泰動能高息,2059,å·æ¹,4.74,113000.0,0.0,電子零組件業,https://www.moneydj.com/ETF/X/Basic/Basic0007.xdjhtm?etfid=00400A.TW&topc=
2026-08-11,00400A,主動國泰動能高息,3017,å¥é,4.58,487000.0,0.0,電腦及週邊設備業,https://www.moneydj.com/ETF/X/Basic/Basic0007.xdjhtm?etfid=00400A.TW&topc=
2026-08-11,00400A,主動國泰動能高息,2360,è´è,3.83,541000.0,0.0,其他電子業,https://www.moneydj.com/ETF/X/Basic/Basic0007.xdjhtm?etfid=00400A.TW&topc=
2026-08-11,00400A,主動國泰動能高息,6669,ç·¯ç©,3.76,186000.0,0.0,電腦及週邊設備業,https://www.moneydj.com/ETF/X/Basic/Basic0007.xdjhtm?etfid=00400A.TW&topc=
2026-08-11,00400A,主動國泰動能高息,3653,å¥ç­,3.42,247000.0,0.0,電子零組件業,https://www.moneydj.com/ETF/X/Basic/Basic0007.xdjhtm?etfid=00400A.TW&topc=
2026-08-11,00980A,主動野村臺灣優選,2330,å°ç©é»,8.01,663000.0,0.0,半導體業,https://www.moneydj.com/ETF/X/Basic/Basic0007.xdjhtm?etfid=00980A.TW&topc=
2026-08-11,00980A,主動野村臺灣優選,2059,å·æ¹,5.65,91000.0,0.0,電子零組件業,https://www.moneydj.com/ETF/X/Basic/Basic0007.xdjhtm?etfid=00980A.TW&topc=
2026-08-11,00980A,主動野村臺灣優選,2454,è¯ç¼ç§,5.65,279000.0,0.0,半導體業,https://www.moneydj.com/ETF/X/Basic/Basic0007.xdjhtm?etfid=00980A.TW&topc=
2026-08-11,00980A,主動野村臺灣優選,2383,å°åé»,4.24,152000.0,0.0,電子零組件業,https://www.moneydj.com/ETF/X/Basic/Basic0007.xdjhtm?etfid=00980A.TW&topc=
2026-08-11,00980A,主動野村臺灣優選,2308,å°éé»,3.68,404000.0,0.0,電子零組件業,https://www.moneydj.com/ETF/X/Basic/Basic0007.xdjhtm?etfid=00980A.TW&topc=
2026-08-11,00980A,主動野村臺灣優選,3081,è¯äº,2.97,237600.0,0.0,通信網路業,https://www.moneydj.com/ETF/X/Basic/Basic0007.xdjhtm?etfid=00980A.TW&topc=
2026-08-11,00980A,主動野村臺灣優選,3037,æ¬£è,2.82,563000.0,0.0,電子零組件業,https://www.moneydj.com/ETF/X/Basic/Basic0007.xdjhtm?etfid=00980A.TW&topc=
2026-08-11,00980A,主動野村臺灣優選,2408,åäºç§,2.56,1039000.0,0.0,半導體業,https://www.moneydj.com/ETF/X/Basic/Basic0007.xdjhtm?etfid=00980A.TW&topc=
2026-08-11,00980A,主動野村臺灣優選,6223,æºç½,2.42,76000.0,0.0,半導體業,https://www.moneydj.com/ETF/X/Basic/Basic0007.xdjhtm?etfid=00980A.TW&topc=
2026-08-11,00980A,主動野村臺灣優選,7769,é´»å,2.34,73000.0,0.0,半導體業,https://www.moneydj.com/ETF/X/Basic/Basic0007.xdjhtm?etfid=00980A.TW&topc=
2026-08-11,00981A,主動統一台股增長,2330,å°ç©é»,9.6,12134000.0,0.0,半導體業,https://www.moneydj.com/ETF/X/Basic/Basic0007.xdjhtm?etfid=00981A.TW&topc=
2026-08-11,00981A,主動統一台股增長,2383,å°åé»,8.9,4863000.0,0.0,電子零組件業,https://www.moneydj.com/ETF/X/Basic/Basic0007.xdjhtm?etfid=00981A.TW&topc=
2026-08-11,00981A,主動統一台股增長,2454,è¯ç¼ç§,7.24,5448000.0,0.0,半導體業,https://www.moneydj.com/ETF/X/Basic/Basic0007.xdjhtm?etfid=00981A.TW&topc=
2026-08-11,00981A,主動統一台股增長,3037,æ¬£è,6.63,20210000.0,0.0,電子零組件業,https://www.moneydj.com/ETF/X/Basic/Basic0007.xdjhtm?etfid=00981A.TW&topc=
2026-08-11,00981A,主動統一台股增長,3017,å¥é,5.29,5801000.0,0.0,電腦及週邊設備業,https://www.moneydj.com/ETF/X/Basic/Basic0007.xdjhtm?etfid=00981A.TW&topc=
2026-08-11,00981A,主動統一台股增長,2327,åå·¨*,5.19,25437000.0,0.0,電子零組件業,https://www.moneydj.com/ETF/X/Basic/Basic0007.xdjhtm?etfid=00981A.TW&topc=
2026-08-11,00981A,主動統一台股增長,6223,æºç½,5.1,2443000.0,0.0,半導體業,https://www.moneydj.com/ETF/X/Basic/Basic0007.xdjhtm?etfid=00981A.TW&topc=
2026-08-11,00981A,主動統一台股增長,6669,ç·¯ç©,4.89,2496000.0,0.0,電腦及週邊設備業,https://www.moneydj.com/ETF/X/Basic/Basic0007.xdjhtm?etfid=00981A.TW&topc=
2026-08-11,00981A,主動統一台股增長,2345,æºé¦,4.53,6419000.0,0.0,通信網路業,https://www.moneydj.com/ETF/X/Basic/Basic0007.xdjhtm?etfid=00981A.TW&topc=
2026-08-11,00982A,主動群益台灣強棒,2330,台積電,8.42,1794000.0,0.0,半導體業,https://www.capitalfund.com.tw/etf/product/detail/399/buyback
2026-08-11,00982A,主動群益台灣強棒,2454,聯發科,6.87,872000.0,0.0,半導體業,https://www.capitalfund.com.tw/etf/product/detail/399/buyback
2026-08-11,00982A,主動群益台灣強棒,5536,聖暉*,6.79,3679000.0,0.0,其他電子業,https://www.capitalfund.com.tw/etf/product/detail/399/buyback
2026-08-11,00982A,主動群益台灣強棒,6139,亞翔,6.17,3875000.0,0.0,其他電子業,https://www.capitalfund.com.tw/etf/product/detail/399/buyback
2026-08-11,00982A,主動群益台灣強棒,6669,緯穎,5.93,510000.0,0.0,電腦及週邊設備業,https://www.capitalfund.com.tw/etf/product/detail/399/buyback
2026-08-11,00982A,主動群益台灣強棒,2059,川湖,4.47,185000.0,0.0,電子零組件業,https://www.capitalfund.com.tw/etf/product/detail/399/buyback
2026-08-11,00982A,主動群益台灣強棒,6223,旺矽,3.8,307000.0,0.0,半導體業,https://www.capitalfund.com.tw/etf/product/detail/399/buyback
2026-08-11,00982A,主動群益台灣強棒,2383,台光電,3.55,327000.0,0.0,電子零組件業,https://www.capitalfund.com.tw/etf/product/detail/399/buyback
2026-08-11,00982A,主動群益台灣強棒,2345,智邦,3.42,817000.0,0.0,通信網路業,https://www.capitalfund.com.tw/etf/product/detail/399/buyback
2026-08-11,00982A,主動群益台灣強棒,2360,致茂,3.41,837000.0,0.0,其他電子業,https://www.capitalfund.com.tw/etf/product/detail/399/buyback
2026-08-11,00985A,主動野村台灣50,2330,å°ç©é»,13.94,588000.0,0.0,半導體業,https://www.moneydj.com/ETF/X/Basic/Basic0007.xdjhtm?etfid=00985A.TW&topc=
2026-08-11,00985A,主動野村台灣50,2027,å¤§æé¼,4.97,10802000.0,0.0,鋼鐵工業,https://www.moneydj.com/ETF/X/Basic/Basic0007.xdjhtm?etfid=00985A.TW&topc=
2026-08-11,00985A,主動野村台灣50,2376,æå,3.52,1015000.0,0.0,電腦及週邊設備業,https://www.moneydj.com/ETF/X/Basic/Basic0007.xdjhtm?etfid=00985A.TW&topc=
2026-08-11,00985A,主動野村台灣50,2412,ä¸­è¯é»,3.48,2587000.0,0.0,通信網路業,https://www.moneydj.com/ETF/X/Basic/Basic0007.xdjhtm?etfid=00985A.TW&topc=
2026-08-11,00985A,主動野村台灣50,4904,é å³,3.47,3474000.0,0.0,通信網路業,https://www.moneydj.com/ETF/X/Basic/Basic0007.xdjhtm?etfid=00985A.TW&topc=
2026-08-11,00985A,主動野村台灣50,2603,é·æ¦®,2.9,1344000.0,0.0,航運業,https://www.moneydj.com/ETF/X/Basic/Basic0007.xdjhtm?etfid=00985A.TW&topc=
2026-08-11,00985A,主動野村台灣50,6669,ç·¯ç©,2.88,49000.0,0.0,電腦及週邊設備業,https://www.moneydj.com/ETF/X/Basic/Basic0007.xdjhtm?etfid=00985A.TW&topc=
2026-08-11,00985A,主動野村台灣50,2383,å°åé»,2.85,52000.0,0.0,電子零組件業,https://www.moneydj.com/ETF/X/Basic/Basic0007.xdjhtm?etfid=00985A.TW&topc=
2026-08-11,00985A,主動野村台灣50,6446,è¥è¯è¥,2.82,195000.0,0.0,生技醫療業,https://www.moneydj.com/ETF/X/Basic/Basic0007.xdjhtm?etfid=00985A.TW&topc=
2026-08-11,00985A,主動野村台灣50,3008,å¤§ç«å,2.72,63000.0,0.0,光電業,https://www.moneydj.com/ETF/X/Basic/Basic0007.xdjhtm?etfid=00985A.TW&topc=
2026-08-11,00990A,主動元大AI新經濟,1068,N/AN/AN/AN/AN/AN/AN/AN/AN/AN/Aåºæºææ¸æ¼²è·å¹,22.92,0.0,0.0,未分類,https://www.moneydj.com/ETF/X/Basic/Basic0009.xdjhtm?etfid=00990A.TW
2026-08-11,00990A,主動元大AI新經濟,2808,-,14.43,1.16,0.0,未分類,https://www.moneydj.com/ETF/X/Basic/Basic0009.xdjhtm?etfid=00990A.TW
2026-08-11,00990A,主動元大AI新經濟,4053,-,12.62,11.44,0.0,未分類,https://www.moneydj.com/ETF/X/Basic/Basic0009.xdjhtm?etfid=00990A.TW
2026-08-11,00990A,主動元大AI新經濟,1245,-,10.29,0.0,0.0,未分類,https://www.moneydj.com/ETF/X/Basic/Basic0009.xdjhtm?etfid=00990A.TW
2026-08-11,00990A,主動元大AI新經濟,0800,-,6.0,0.0,0.0,未分類,https://www.moneydj.com/ETF/X/Basic/Basic0009.xdjhtm?etfid=00990A.TW
2026-08-11,00990A,主動元大AI新經濟,2023,Q,2.0,0.0,0.0,鋼鐵工業,https://www.moneydj.com/ETF/X/Basic/Basic0009.xdjhtm?etfid=00990A.TW
2026-08-11,00990A,主動元大AI新經濟,1171,-,1.83,0.0,0.0,未分類,https://www.moneydj.com/ETF/X/Basic/Basic0009.xdjhtm?etfid=00990A.TW
2026-08-11,00990A,主動元大AI新經濟,1097,N/AN/AN/AN/AN/Aåºæºææ¸æ¼²è·å¹-,1.5,0.0,0.0,未分類,https://www.moneydj.com/ETF/X/Basic/Basic0009.xdjhtm?etfid=00990A.TW
2026-08-11,00991A,主動復華未來50,ABNNA,荷蘭銀行公眾有限公司,5.904,153500.0,0.0,未分類,https://www.fhtrust.com.tw/ETF/etf_detail/ETF24#nav
2026-08-11,00991A,主動復華未來50,NWGLN,國民西敏集團公開有限公司,4.971,620000.0,0.0,未分類,https://www.fhtrust.com.tw/ETF/etf_detail/ETF24#nav
2026-08-11,00991A,主動復華未來50,TPEIRGA,Piraeus Bank SA,4.813,500000.0,0.0,未分類,https://www.fhtrust.com.tw/ETF/etf_detail/ETF24#nav
2026-08-11,00991A,主動復華未來50,LLOYLN,勞埃德銀行集團,4.778,3700000.0,0.0,未分類,https://www.fhtrust.com.tw/ETF/etf_detail/ETF24#nav
2026-08-11,00991A,主動復華未來50,BARCLN,巴克萊集團,4.668,800000.0,0.0,未分類,https://www.fhtrust.com.tw/ETF/etf_detail/ETF24#nav
2026-08-11,00991A,主動復華未來50,STANLN,渣打集團有限公司,3.523,140000.0,0.0,未分類,https://www.fhtrust.com.tw/ETF/etf_detail/ETF24#nav
2026-08-11,00991A,主動復華未來50,GLEFP,法國興業銀行股份有限公司,3.485,43000.0,0.0,未分類,https://www.fhtrust.com.tw/ETF/etf_detail/ETF24#nav
2026-08-11,00991A,主動復華未來50,BACUS,美國銀行,3.464,65000.0,0.0,未分類,https://www.fhtrust.com.tw/ETF/etf_detail/ETF24#nav
2026-08-11,00991A,主動復華未來50,BMPSIM,義大利西恩那銀行股份公司,3.451,300000.0,0.0,未分類,https://www.fhtrust.com.tw/ETF/etf_detail/ETF24#nav
2026-08-11,00991A,主動復華未來50,BAMIIM,BPM銀行股份公司,3.301,200000.0,0.0,未分類,https://www.fhtrust.com.tw/ETF/etf_detail/ETF24#nav
2026-08-11,00993A,主動安聯台灣,2330,å°ç©é»,12.19,508000.0,0.0,半導體業,https://www.moneydj.com/ETF/X/Basic/Basic0007.xdjhtm?etfid=00993A.TW&topc=
2026-08-11,00993A,主動安聯台灣,6223,æºç½,6.68,106000.0,0.0,半導體業,https://www.moneydj.com/ETF/X/Basic/Basic0007.xdjhtm?etfid=00993A.TW&topc=
2026-08-11,00993A,主動安聯台灣,2383,å°åé»,4.75,86000.0,0.0,電子零組件業,https://www.moneydj.com/ETF/X/Basic/Basic0007.xdjhtm?etfid=00993A.TW&topc=
2026-08-11,00993A,主動安聯台灣,2454,è¯ç¼ç§,4.74,118000.0,0.0,半導體業,https://www.moneydj.com/ETF/X/Basic/Basic0007.xdjhtm?etfid=00993A.TW&topc=
2026-08-11,00993A,主動安聯台灣,2059,å·æ¹,4.06,33000.0,0.0,電子零組件業,https://www.moneydj.com/ETF/X/Basic/Basic0007.xdjhtm?etfid=00993A.TW&topc=
2026-08-11,00993A,主動安聯台灣,6274,å°ç¿,3.83,239000.0,0.0,電子零組件業,https://www.moneydj.com/ETF/X/Basic/Basic0007.xdjhtm?etfid=00993A.TW&topc=
2026-08-11,00993A,主動安聯台灣,3037,æ¬£è,3.82,386000.0,0.0,電子零組件業,https://www.moneydj.com/ETF/X/Basic/Basic0007.xdjhtm?etfid=00993A.TW&topc=
2026-08-11,00993A,主動安聯台灣,5274,ä¿¡é©,3.71,22600.0,0.0,半導體業,https://www.moneydj.com/ETF/X/Basic/Basic0007.xdjhtm?etfid=00993A.TW&topc=
2026-08-11,00993A,主動安聯台灣,2408,åäºç§,3.12,640000.0,0.0,半導體業,https://www.moneydj.com/ETF/X/Basic/Basic0007.xdjhtm?etfid=00993A.TW&topc=
2026-08-11,00993A,主動安聯台灣,2308,å°éé»,3.06,170000.0,0.0,電子零組件業,https://www.moneydj.com/ETF/X/Basic/Basic0007.xdjhtm?etfid=00993A.TW&topc=
2026-08-11,00999A,主動野村臺灣高息,2330,å°ç©é»,5.01,265000.0,0.0,半導體業,https://www.moneydj.com/ETF/X/Basic/Basic0007.xdjhtm?etfid=00999A.TW&topc=
2026-08-11,00999A,主動野村臺灣高息,2383,å°åé»,4.33,99000.0,0.0,電子零組件業,https://www.moneydj.com/ETF/X/Basic/Basic0007.xdjhtm?etfid=00999A.TW&topc=
2026-08-11,00999A,主動野村臺灣高息,2886,åè±é,4.04,10357000.0,0.0,金融保險業,https://www.moneydj.com/ETF/X/Basic/Basic0007.xdjhtm?etfid=00999A.TW&topc=
2026-08-11,00999A,主動野村臺灣高息,3711,æ¥æåææ§,3.54,712000.0,0.0,半導體業,https://www.moneydj.com/ETF/X/Basic/Basic0007.xdjhtm?etfid=00999A.TW&topc=
2026-08-11,00999A,主動野村臺灣高息,2059,å·æ¹,3.5,36000.0,0.0,電子零組件業,https://www.moneydj.com/ETF/X/Basic/Basic0007.xdjhtm?etfid=00999A.TW&topc=
2026-08-11,00999A,主動野村臺灣高息,2454,è¯ç¼ç§,3.4,107000.0,0.0,半導體業,https://www.moneydj.com/ETF/X/Basic/Basic0007.xdjhtm?etfid=00999A.TW&topc=
2026-08-11,00999A,主動野村臺灣高息,2308,å°éé»,3.38,237000.0,0.0,電子零組件業,https://www.moneydj.com/ETF/X/Basic/Basic0007.xdjhtm?etfid=00999A.TW&topc=
2026-08-11,00999A,主動野村臺灣高息,2892,ç¬¬ä¸é,3.22,12465000.0,0.0,金融保險業,https://www.moneydj.com/ETF/X/Basic/Basic0007.xdjhtm?etfid=00999A.TW&topc=
2026-08-11,00999A,主動野村臺灣高息,2880,è¯åé,2.99,8658800.0,0.0,金融保險業,https://www.moneydj.com/ETF/X/Basic/Basic0007.xdjhtm?etfid=00999A.TW&topc=
2026-08-11,00999A,主動野村臺灣高息,7769,é´»å,2.56,51000.0,0.0,半導體業,https://www.moneydj.com/ETF/X/Basic/Basic0007.xdjhtm?etfid=00999A.TW&topc=
2026-08-12,00400A,主動國泰動能高息,2330,å°ç©é»,8.28,1025000.0,0.0,半導體業,https://www.moneydj.com/ETF/X/Basic/Basic0007.xdjhtm?etfid=00400A.TW&topc=
2026-08-12,00400A,主動國泰動能高息,2454,è¯ç¼ç§,6.31,470000.0,0.0,半導體業,https://www.moneydj.com/ETF/X/Basic/Basic0007.xdjhtm?etfid=00400A.TW&topc=
2026-08-12,00400A,主動國泰動能高息,2383,å°åé»,5.58,291000.0,0.0,電子零組件業,https://www.moneydj.com/ETF/X/Basic/Basic0007.xdjhtm?etfid=00400A.TW&topc=
2026-08-12,00400A,主動國泰動能高息,6223,æºç½,5.25,238000.0,0.0,半導體業,https://www.moneydj.com/ETF/X/Basic/Basic0007.xdjhtm?etfid=00400A.TW&topc=
2026-08-12,00400A,主動國泰動能高息,3037,æ¬£è,4.95,1479000.0,0.0,電子零組件業,https://www.moneydj.com/ETF/X/Basic/Basic0007.xdjhtm?etfid=00400A.TW&topc=
2026-08-12,00400A,主動國泰動能高息,3017,å¥é,4.74,487000.0,0.0,電腦及週邊設備業,https://www.moneydj.com/ETF/X/Basic/Basic0007.xdjhtm?etfid=00400A.TW&topc=
2026-08-12,00400A,主動國泰動能高息,2059,å·æ¹,4.55,113000.0,0.0,電子零組件業,https://www.moneydj.com/ETF/X/Basic/Basic0007.xdjhtm?etfid=00400A.TW&topc=
2026-08-12,00400A,主動國泰動能高息,2360,è´è,3.97,541000.0,0.0,其他電子業,https://www.moneydj.com/ETF/X/Basic/Basic0007.xdjhtm?etfid=00400A.TW&topc=
2026-08-12,00400A,主動國泰動能高息,6669,ç·¯ç©,3.75,186000.0,0.0,電腦及週邊設備業,https://www.moneydj.com/ETF/X/Basic/Basic0007.xdjhtm?etfid=00400A.TW&topc=
2026-08-12,00400A,主動國泰動能高息,3653,å¥ç­,3.69,247000.0,0.0,電子零組件業,https://www.moneydj.com/ETF/X/Basic/Basic0007.xdjhtm?etfid=00400A.TW&topc=
2026-08-12,00980A,主動野村臺灣優選,2330,å°ç©é»,7.93,663000.0,0.0,半導體業,https://www.moneydj.com/ETF/X/Basic/Basic0007.xdjhtm?etfid=00980A.TW&topc=
2026-08-12,00980A,主動野村臺灣優選,2454,è¯ç¼ç§,5.55,279000.0,0.0,半導體業,https://www.moneydj.com/ETF/X/Basic/Basic0007.xdjhtm?etfid=00980A.TW&topc=
2026-08-12,00980A,主動野村臺灣優選,2059,å·æ¹,5.43,91000.0,0.0,電子零組件業,https://www.moneydj.com/ETF/X/Basic/Basic0007.xdjhtm?etfid=00980A.TW&topc=
2026-08-12,00980A,主動野村臺灣優選,2383,å°åé»,4.31,152000.0,0.0,電子零組件業,https://www.moneydj.com/ETF/X/Basic/Basic0007.xdjhtm?etfid=00980A.TW&topc=
2026-08-12,00980A,主動野村臺灣優選,2308,å°éé»,3.58,404000.0,0.0,電子零組件業,https://www.moneydj.com/ETF/X/Basic/Basic0007.xdjhtm?etfid=00980A.TW&topc=
2026-08-12,00980A,主動野村臺灣優選,3081,è¯äº,3.2,237600.0,0.0,通信網路業,https://www.moneydj.com/ETF/X/Basic/Basic0007.xdjhtm?etfid=00980A.TW&topc=
2026-08-12,00980A,主動野村臺灣優選,3037,æ¬£è,2.79,563000.0,0.0,電子零組件業,https://www.moneydj.com/ETF/X/Basic/Basic0007.xdjhtm?etfid=00980A.TW&topc=
2026-08-12,00980A,主動野村臺灣優選,2408,åäºç§,2.48,1039000.0,0.0,半導體業,https://www.moneydj.com/ETF/X/Basic/Basic0007.xdjhtm?etfid=00980A.TW&topc=
2026-08-12,00980A,主動野村臺灣優選,6223,æºç½,2.48,76000.0,0.0,半導體業,https://www.moneydj.com/ETF/X/Basic/Basic0007.xdjhtm?etfid=00980A.TW&topc=
2026-08-12,00982A,主動群益台灣強棒,2330,台積電,8.35,1794000.0,0.0,半導體業,https://www.capitalfund.com.tw/etf/product/detail/399/buyback
2026-08-12,00982A,主動群益台灣強棒,2454,聯發科,6.75,872000.0,0.0,半導體業,https://www.capitalfund.com.tw/etf/product/detail/399/buyback
2026-08-12,00982A,主動群益台灣強棒,5536,聖暉*,6.51,3679000.0,0.0,其他電子業,https://www.capitalfund.com.tw/etf/product/detail/399/buyback
2026-08-12,00982A,主動群益台灣強棒,6139,亞翔,6.29,4025000.0,0.0,其他電子業,https://www.capitalfund.com.tw/etf/product/detail/399/buyback
2026-08-12,00982A,主動群益台灣強棒,6669,緯穎,5.92,510000.0,0.0,電腦及週邊設備業,https://www.capitalfund.com.tw/etf/product/detail/399/buyback
2026-08-12,00982A,主動群益台灣強棒,2059,川湖,4.29,185000.0,0.0,電子零組件業,https://www.capitalfund.com.tw/etf/product/detail/399/buyback
2026-08-12,00982A,主動群益台灣強棒,6223,旺矽,3.9,307000.0,0.0,半導體業,https://www.capitalfund.com.tw/etf/product/detail/399/buyback
2026-08-12,00982A,主動群益台灣強棒,2383,台光電,3.61,327000.0,0.0,電子零組件業,https://www.capitalfund.com.tw/etf/product/detail/399/buyback
2026-08-12,00982A,主動群益台灣強棒,2360,致茂,3.54,837000.0,0.0,其他電子業,https://www.capitalfund.com.tw/etf/product/detail/399/buyback
2026-08-12,00982A,主動群益台灣強棒,2345,智邦,3.49,817000.0,0.0,通信網路業,https://www.capitalfund.com.tw/etf/product/detail/399/buyback
2026-08-12,00985A,主動野村台灣50,2330,å°ç©é»,13.89,588000.0,0.0,半導體業,https://www.moneydj.com/ETF/X/Basic/Basic0007.xdjhtm?etfid=00985A.TW&topc=
2026-08-12,00985A,主動野村台灣50,2027,å¤§æé¼,4.95,10802000.0,0.0,鋼鐵工業,https://www.moneydj.com/ETF/X/Basic/Basic0007.xdjhtm?etfid=00985A.TW&topc=
2026-08-12,00985A,主動野村台灣50,2376,æå,3.97,1081000.0,0.0,電腦及週邊設備業,https://www.moneydj.com/ETF/X/Basic/Basic0007.xdjhtm?etfid=00985A.TW&topc=
2026-08-12,00985A,主動野村台灣50,2412,ä¸­è¯é»,3.44,2587000.0,0.0,通信網路業,https://www.moneydj.com/ETF/X/Basic/Basic0007.xdjhtm?etfid=00985A.TW&topc=
2026-08-12,00985A,主動野村台灣50,4904,é å³,3.43,3474000.0,0.0,通信網路業,https://www.moneydj.com/ETF/X/Basic/Basic0007.xdjhtm?etfid=00985A.TW&topc=
2026-08-12,00985A,主動野村台灣50,2383,å°åé»,2.92,52000.0,0.0,電子零組件業,https://www.moneydj.com/ETF/X/Basic/Basic0007.xdjhtm?etfid=00985A.TW&topc=
2026-08-12,00985A,主動野村台灣50,6669,ç·¯ç©,2.89,49000.0,0.0,電腦及週邊設備業,https://www.moneydj.com/ETF/X/Basic/Basic0007.xdjhtm?etfid=00985A.TW&topc=
2026-08-12,00985A,主動野村台灣50,3008,å¤§ç«å,2.83,63000.0,0.0,光電業,https://www.moneydj.com/ETF/X/Basic/Basic0007.xdjhtm?etfid=00985A.TW&topc=
2026-08-12,00985A,主動野村台灣50,2603,é·æ¦®,2.82,1344000.0,0.0,航運業,https://www.moneydj.com/ETF/X/Basic/Basic0007.xdjhtm?etfid=00985A.TW&topc=
2026-08-12,00991A,主動復華未來50,2330,å°ç©é»,13.84,5200000.0,0.0,半導體業,https://www.moneydj.com/ETF/X/Basic/Basic0007.xdjhtm?etfid=00991A.TW&topc=
2026-08-12,00991A,主動復華未來50,2383,å°åé»,9.03,1430000.0,0.0,電子零組件業,https://www.moneydj.com/ETF/X/Basic/Basic0007.xdjhtm?etfid=00991A.TW&topc=
2026-08-12,00991A,主動復華未來50,2408,åäºç§,7.45,14000000.0,0.0,半導體業,https://www.moneydj.com/ETF/X/Basic/Basic0007.xdjhtm?etfid=00991A.TW&topc=
2026-08-12,00991A,主動復華未來50,2059,å·æ¹,6.64,500000.0,0.0,電子零組件業,https://www.moneydj.com/ETF/X/Basic/Basic0007.xdjhtm?etfid=00991A.TW&topc=
2026-08-12,00991A,主動復華未來50,3037,æ¬£è,5.51,5000000.0,0.0,電子零組件業,https://www.moneydj.com/ETF/X/Basic/Basic0007.xdjhtm?etfid=00991A.TW&topc=
2026-08-12,00991A,主動復華未來50,6223,æºç½,5.24,720000.0,0.0,半導體業,https://www.moneydj.com/ETF/X/Basic/Basic0007.xdjhtm?etfid=00991A.TW&topc=
2026-08-12,00991A,主動復華未來50,2327,åå·¨*,5.11,7700000.0,0.0,電子零組件業,https://www.moneydj.com/ETF/X/Basic/Basic0007.xdjhtm?etfid=00991A.TW&topc=
2026-08-12,00991A,主動復華未來50,2454,è¯ç¼ç§,5.09,1150000.0,0.0,半導體業,https://www.moneydj.com/ETF/X/Basic/Basic0007.xdjhtm?etfid=00991A.TW&topc=
2026-08-12,00991A,主動復華未來50,2345,æºé¦,4.39,1800000.0,0.0,通信網路業,https://www.moneydj.com/ETF/X/Basic/Basic0007.xdjhtm?etfid=00991A.TW&topc=
2026-08-12,00991A,主動復華未來50,8046,åé»,4.18,3000000.0,0.0,電子零組件業,https://www.moneydj.com/ETF/X/Basic/Basic0007.xdjhtm?etfid=00991A.TW&topc=
2026-08-12,00993A,主動安聯台灣,2330,å°ç©é»,12.09,508000.0,0.0,半導體業,https://www.moneydj.com/ETF/X/Basic/Basic0007.xdjhtm?etfid=00993A.TW&topc=
2026-08-12,00993A,主動安聯台灣,6223,æºç½,6.89,106000.0,0.0,半導體業,https://www.moneydj.com/ETF/X/Basic/Basic0007.xdjhtm?etfid=00993A.TW&topc=
2026-08-12,00993A,主動安聯台灣,2383,å°åé»,4.85,86000.0,0.0,電子零組件業,https://www.moneydj.com/ETF/X/Basic/Basic0007.xdjhtm?etfid=00993A.TW&topc=
2026-08-12,00993A,主動安聯台灣,2454,è¯ç¼ç§,4.66,118000.0,0.0,半導體業,https://www.moneydj.com/ETF/X/Basic/Basic0007.xdjhtm?etfid=00993A.TW&topc=
2026-08-12,00993A,主動安聯台灣,2059,å·æ¹,3.91,33000.0,0.0,電子零組件業,https://www.moneydj.com/ETF/X/Basic/Basic0007.xdjhtm?etfid=00993A.TW&topc=
2026-08-12,00993A,主動安聯台灣,5274,ä¿¡é©,3.86,22600.0,0.0,半導體業,https://www.moneydj.com/ETF/X/Basic/Basic0007.xdjhtm?etfid=00993A.TW&topc=
2026-08-12,00993A,主動安聯台灣,3037,æ¬£è,3.8,386000.0,0.0,電子零組件業,https://www.moneydj.com/ETF/X/Basic/Basic0007.xdjhtm?etfid=00993A.TW&topc=
2026-08-12,00993A,主動安聯台灣,6274,å°ç¿,3.76,239000.0,0.0,電子零組件業,https://www.moneydj.com/ETF/X/Basic/Basic0007.xdjhtm?etfid=00993A.TW&topc=
2026-08-12,00993A,主動安聯台灣,2408,åäºç§,3.04,640000.0,0.0,半導體業,https://www.moneydj.com/ETF/X/Basic/Basic0007.xdjhtm?etfid=00993A.TW&topc=
2026-08-12,00993A,主動安聯台灣,2308,å°éé»,3.0,170000.0,0.0,電子零組件業,https://www.moneydj.com/ETF/X/Basic/Basic0007.xdjhtm?etfid=00993A.TW&topc=
2026-08-12,00999A,主動野村臺灣高息,2330,å°ç©é»,5.06,265000.0,0.0,半導體業,https://www.moneydj.com/ETF/X/Basic/Basic0007.xdjhtm?etfid=00999A.TW&topc=
2026-08-12,00999A,主動野村臺灣高息,2383,å°åé»,4.49,99000.0,0.0,電子零組件業,https://www.moneydj.com/ETF/X/Basic/Basic0007.xdjhtm?etfid=00999A.TW&topc=
2026-08-12,00999A,主動野村臺灣高息,2886,åè±é,3.99,10357000.0,0.0,金融保險業,https://www.moneydj.com/ETF/X/Basic/Basic0007.xdjhtm?etfid=00999A.TW&topc=
2026-08-12,00999A,主動野村臺灣高息,3711,æ¥æåææ§,3.5,712000.0,0.0,半導體業,https://www.moneydj.com/ETF/X/Basic/Basic0007.xdjhtm?etfid=00999A.TW&topc=
2026-08-12,00999A,主動野村臺灣高息,2059,å·æ¹,3.43,36000.0,0.0,電子零組件業,https://www.moneydj.com/ETF/X/Basic/Basic0007.xdjhtm?etfid=00999A.TW&topc=
2026-08-12,00999A,主動野村臺灣高息,2454,è¯ç¼ç§,3.4,107000.0,0.0,半導體業,https://www.moneydj.com/ETF/X/Basic/Basic0007.xdjhtm?etfid=00999A.TW&topc=
2026-08-12,00999A,主動野村臺灣高息,2308,å°éé»,3.35,237000.0,0.0,電子零組件業,https://www.moneydj.com/ETF/X/Basic/Basic0007.xdjhtm?etfid=00999A.TW&topc=
2026-08-12,00999A,主動野村臺灣高息,2892,ç¬¬ä¸é,3.27,12465000.0,0.0,金融保險業,https://www.moneydj.com/ETF/X/Basic/Basic0007.xdjhtm?etfid=00999A.TW&topc=
2026-08-12,00999A,主動野村臺灣高息,2880,è¯åé,2.96,8658800.0,0.0,金融保險業,https://www.moneydj.com/ETF/X/Basic/Basic0007.xdjhtm?etfid=00999A.TW&topc=
2026-08-12,00999A,主動野村臺灣高息,3653,å¥ç­,2.65,75000.0,0.0,電子零組件業,https://www.moneydj.com/ETF/X/Basic/Basic0007.xdjhtm?etfid=00999A.TW&topc=
2026-08-13,00400A,主動國泰動能高息,2330,å°ç©é»,8.23,1025000.0,0.0,半導體業,https://www.moneydj.com/ETF/X/Basic/Basic0007.xdjhtm?etfid=00400A.TW&topc=
2026-08-13,00400A,主動國泰動能高息,2454,è¯ç¼ç§,6.55,470000.0,0.0,半導體業,https://www.moneydj.com/ETF/X/Basic/Basic0007.xdjhtm?etfid=00400A.TW&topc=
2026-08-13,00400A,主動國泰動能高息,2383,å°åé»,5.46,291000.0,0.0,電子零組件業,https://www.moneydj.com/ETF/X/Basic/Basic0007.xdjhtm?etfid=00400A.TW&topc=
2026-08-13,00400A,主動國泰動能高息,3017,å¥é,5.14,487000.0,0.0,電腦及週邊設備業,https://www.moneydj.com/ETF/X/Basic/Basic0007.xdjhtm?etfid=00400A.TW&topc=
2026-08-13,00400A,主動國泰動能高息,6223,æºç½,5.1,238000.0,0.0,半導體業,https://www.moneydj.com/ETF/X/Basic/Basic0007.xdjhtm?etfid=00400A.TW&topc=
2026-08-13,00400A,主動國泰動能高息,3037,æ¬£è,4.88,1479000.0,0.0,電子零組件業,https://www.moneydj.com/ETF/X/Basic/Basic0007.xdjhtm?etfid=00400A.TW&topc=
2026-08-13,00400A,主動國泰動能高息,2059,å·æ¹,4.56,113000.0,0.0,電子零組件業,https://www.moneydj.com/ETF/X/Basic/Basic0007.xdjhtm?etfid=00400A.TW&topc=
2026-08-13,00400A,主動國泰動能高息,2360,è´è,4.1,541000.0,0.0,其他電子業,https://www.moneydj.com/ETF/X/Basic/Basic0007.xdjhtm?etfid=00400A.TW&topc=
2026-08-13,00400A,主動國泰動能高息,3653,å¥ç­,3.78,247000.0,0.0,電子零組件業,https://www.moneydj.com/ETF/X/Basic/Basic0007.xdjhtm?etfid=00400A.TW&topc=
2026-08-13,00400A,主動國泰動能高息,6669,ç·¯ç©,3.72,186000.0,0.0,電腦及週邊設備業,https://www.moneydj.com/ETF/X/Basic/Basic0007.xdjhtm?etfid=00400A.TW&topc=
2026-08-13,00980A,主動野村臺灣優選,2330,å°ç©é»,7.87,663000.0,0.0,半導體業,https://www.moneydj.com/ETF/X/Basic/Basic0007.xdjhtm?etfid=00980A.TW&topc=
2026-08-13,00980A,主動野村臺灣優選,2454,è¯ç¼ç§,5.75,279000.0,0.0,半導體業,https://www.moneydj.com/ETF/X/Basic/Basic0007.xdjhtm?etfid=00980A.TW&topc=
2026-08-13,00980A,主動野村臺灣優選,2059,å·æ¹,5.43,91000.0,0.0,電子零組件業,https://www.moneydj.com/ETF/X/Basic/Basic0007.xdjhtm?etfid=00980A.TW&topc=
2026-08-13,00980A,主動野村臺灣優選,2383,å°åé»,4.22,152000.0,0.0,電子零組件業,https://www.moneydj.com/ETF/X/Basic/Basic0007.xdjhtm?etfid=00980A.TW&topc=
2026-08-13,00980A,主動野村臺灣優選,2308,å°éé»,3.71,404000.0,0.0,電子零組件業,https://www.moneydj.com/ETF/X/Basic/Basic0007.xdjhtm?etfid=00980A.TW&topc=
2026-08-13,00980A,主動野村臺灣優選,3081,è¯äº,3.09,237600.0,0.0,通信網路業,https://www.moneydj.com/ETF/X/Basic/Basic0007.xdjhtm?etfid=00980A.TW&topc=
2026-08-13,00980A,主動野村臺灣優選,3037,æ¬£è,2.74,563000.0,0.0,電子零組件業,https://www.moneydj.com/ETF/X/Basic/Basic0007.xdjhtm?etfid=00980A.TW&topc=
2026-08-13,00980A,主動野村臺灣優選,2408,åäºç§,2.6,1039000.0,0.0,半導體業,https://www.moneydj.com/ETF/X/Basic/Basic0007.xdjhtm?etfid=00980A.TW&topc=
2026-08-13,00980A,主動野村臺灣優選,8299,ç¾¤è¯,2.42,218000.0,0.0,半導體業,https://www.moneydj.com/ETF/X/Basic/Basic0007.xdjhtm?etfid=00980A.TW&topc=
2026-08-13,00982A,主動群益台灣強棒,2330,台積電,8.31,1794000.0,0.0,半導體業,https://www.capitalfund.com.tw/etf/product/detail/399/buyback
2026-08-13,00982A,主動群益台灣強棒,2454,聯發科,7.01,872000.0,0.0,半導體業,https://www.capitalfund.com.tw/etf/product/detail/399/buyback
2026-08-13,00982A,主動群益台灣強棒,5536,聖暉*,6.32,3679000.0,0.0,其他電子業,https://www.capitalfund.com.tw/etf/product/detail/399/buyback
2026-08-13,00982A,主動群益台灣強棒,6139,亞翔,6.17,4025000.0,0.0,其他電子業,https://www.capitalfund.com.tw/etf/product/detail/399/buyback
2026-08-13,00982A,主動群益台灣強棒,6669,緯穎,5.89,510000.0,0.0,電腦及週邊設備業,https://www.capitalfund.com.tw/etf/product/detail/399/buyback
2026-08-13,00982A,主動群益台灣強棒,2059,川湖,4.31,185000.0,0.0,電子零組件業,https://www.capitalfund.com.tw/etf/product/detail/399/buyback
2026-08-13,00982A,主動群益台灣強棒,6223,旺矽,3.79,307000.0,0.0,半導體業,https://www.capitalfund.com.tw/etf/product/detail/399/buyback
2026-08-13,00982A,主動群益台灣強棒,2360,致茂,3.66,837000.0,0.0,其他電子業,https://www.capitalfund.com.tw/etf/product/detail/399/buyback
2026-08-13,00982A,主動群益台灣強棒,2383,台光電,3.54,327000.0,0.0,電子零組件業,https://www.capitalfund.com.tw/etf/product/detail/399/buyback
2026-08-13,00982A,主動群益台灣強棒,3105,穩懋,3.54,4809000.0,0.0,半導體業,https://www.capitalfund.com.tw/etf/product/detail/399/buyback
2026-08-13,00985A,主動野村台灣50,2330,å°ç©é»,13.77,588000.0,0.0,半導體業,https://www.moneydj.com/ETF/X/Basic/Basic0007.xdjhtm?etfid=00985A.TW&topc=
2026-08-13,00985A,主動野村台灣50,2376,æå,4.45,1177000.0,0.0,電腦及週邊設備業,https://www.moneydj.com/ETF/X/Basic/Basic0007.xdjhtm?etfid=00985A.TW&topc=
2026-08-13,00985A,主動野村台灣50,2027,å¤§æé¼,3.48,7182000.0,0.0,鋼鐵工業,https://www.moneydj.com/ETF/X/Basic/Basic0007.xdjhtm?etfid=00985A.TW&topc=
2026-08-13,00985A,主動野村台灣50,2412,ä¸­è¯é»,3.38,2587000.0,0.0,通信網路業,https://www.moneydj.com/ETF/X/Basic/Basic0007.xdjhtm?etfid=00985A.TW&topc=
2026-08-13,00985A,主動野村台灣50,4904,é å³,3.32,3474000.0,0.0,通信網路業,https://www.moneydj.com/ETF/X/Basic/Basic0007.xdjhtm?etfid=00985A.TW&topc=
2026-08-13,00985A,主動野村台灣50,3008,å¤§ç«å,3.23,72000.0,0.0,光電業,https://www.moneydj.com/ETF/X/Basic/Basic0007.xdjhtm?etfid=00985A.TW&topc=
2026-08-13,00985A,主動野村台灣50,6669,ç·¯ç©,2.86,49000.0,0.0,電腦及週邊設備業,https://www.moneydj.com/ETF/X/Basic/Basic0007.xdjhtm?etfid=00985A.TW&topc=
2026-08-13,00985A,主動野村台灣50,2383,å°åé»,2.84,52000.0,0.0,電子零組件業,https://www.moneydj.com/ETF/X/Basic/Basic0007.xdjhtm?etfid=00985A.TW&topc=
2026-08-13,00985A,主動野村台灣50,2603,é·æ¦®,2.78,1344000.0,0.0,航運業,https://www.moneydj.com/ETF/X/Basic/Basic0007.xdjhtm?etfid=00985A.TW&topc=
2026-08-13,00991A,主動復華未來50,ABNNA,荷蘭銀行公眾有限公司,6.091,153500.0,0.0,未分類,https://www.fhtrust.com.tw/ETF/etf_detail/ETF24#nav
2026-08-13,00991A,主動復華未來50,NWGLN,國民西敏集團公開有限公司,4.926,620000.0,0.0,未分類,https://www.fhtrust.com.tw/ETF/etf_detail/ETF24#nav
2026-08-13,00991A,主動復華未來50,TPEIRGA,Piraeus Bank SA,4.743,500000.0,0.0,未分類,https://www.fhtrust.com.tw/ETF/etf_detail/ETF24#nav
2026-08-13,00991A,主動復華未來50,LLOYLN,勞埃德銀行集團,4.739,3700000.0,0.0,未分類,https://www.fhtrust.com.tw/ETF/etf_detail/ETF24#nav
2026-08-13,00991A,主動復華未來50,BARCLN,巴克萊集團,4.62,800000.0,0.0,未分類,https://www.fhtrust.com.tw/ETF/etf_detail/ETF24#nav
2026-08-13,00991A,主動復華未來50,BACUS,美國銀行,3.467,65000.0,0.0,未分類,https://www.fhtrust.com.tw/ETF/etf_detail/ETF24#nav
2026-08-13,00991A,主動復華未來50,STANLN,渣打集團有限公司,3.463,140000.0,0.0,未分類,https://www.fhtrust.com.tw/ETF/etf_detail/ETF24#nav
2026-08-13,00991A,主動復華未來50,BMPSIM,義大利西恩那銀行股份公司,3.394,300000.0,0.0,未分類,https://www.fhtrust.com.tw/ETF/etf_detail/ETF24#nav
2026-08-13,00991A,主動復華未來50,GLEFP,法國興業銀行股份有限公司,3.394,43000.0,0.0,未分類,https://www.fhtrust.com.tw/ETF/etf_detail/ETF24#nav
2026-08-13,00991A,主動復華未來50,BAMIIM,BPM銀行股份公司,3.224,200000.0,0.0,未分類,https://www.fhtrust.com.tw/ETF/etf_detail/ETF24#nav
2026-08-13,00993A,主動安聯台灣,2330,å°ç©é»,11.94,502000.0,0.0,半導體業,https://www.moneydj.com/ETF/X/Basic/Basic0007.xdjhtm?etfid=00993A.TW&topc=
2026-08-13,00993A,主動安聯台灣,6223,æºç½,6.6,104000.0,0.0,半導體業,https://www.moneydj.com/ETF/X/Basic/Basic0007.xdjhtm?etfid=00993A.TW&topc=
2026-08-13,00993A,主動安聯台灣,2454,è¯ç¼ç§,4.79,116000.0,0.0,半導體業,https://www.moneydj.com/ETF/X/Basic/Basic0007.xdjhtm?etfid=00993A.TW&topc=
2026-08-13,00993A,主動安聯台灣,2383,å°åé»,4.72,85000.0,0.0,電子零組件業,https://www.moneydj.com/ETF/X/Basic/Basic0007.xdjhtm?etfid=00993A.TW&topc=
2026-08-13,00993A,主動安聯台灣,2059,å·æ¹,3.94,33000.0,0.0,電子零組件業,https://www.moneydj.com/ETF/X/Basic/Basic0007.xdjhtm?etfid=00993A.TW&topc=
2026-08-13,00993A,主動安聯台灣,3037,æ¬£è,3.77,386000.0,0.0,電子零組件業,https://www.moneydj.com/ETF/X/Basic/Basic0007.xdjhtm?etfid=00993A.TW&topc=
2026-08-13,00993A,主動安聯台灣,6274,å°ç¿,3.74,239000.0,0.0,電子零組件業,https://www.moneydj.com/ETF/X/Basic/Basic0007.xdjhtm?etfid=00993A.TW&topc=
2026-08-13,00993A,主動安聯台灣,5274,ä¿¡é©,3.69,21600.0,0.0,半導體業,https://www.moneydj.com/ETF/X/Basic/Basic0007.xdjhtm?etfid=00993A.TW&topc=
2026-08-13,00993A,主動安聯台灣,2408,åäºç§,3.18,633000.0,0.0,半導體業,https://www.moneydj.com/ETF/X/Basic/Basic0007.xdjhtm?etfid=00993A.TW&topc=
2026-08-13,00993A,主動安聯台灣,2308,å°éé»,3.09,168000.0,0.0,電子零組件業,https://www.moneydj.com/ETF/X/Basic/Basic0007.xdjhtm?etfid=00993A.TW&topc=
2026-08-13,00998A,主動復華金融股息,ABNNA,荷蘭銀行公眾有限公司,6.091,153500.0,0.0,未分類,https://www.fhtrust.com.tw/ETF/etf_detail/ETF24#nav
2026-08-13,00998A,主動復華金融股息,NWGLN,國民西敏集團公開有限公司,4.926,620000.0,0.0,未分類,https://www.fhtrust.com.tw/ETF/etf_detail/ETF24#nav
2026-08-13,00998A,主動復華金融股息,TPEIRGA,Piraeus Bank SA,4.743,500000.0,0.0,未分類,https://www.fhtrust.com.tw/ETF/etf_detail/ETF24#nav
2026-08-13,00998A,主動復華金融股息,LLOYLN,勞埃德銀行集團,4.739,3700000.0,0.0,未分類,https://www.fhtrust.com.tw/ETF/etf_detail/ETF24#nav
2026-08-13,00998A,主動復華金融股息,BARCLN,巴克萊集團,4.62,800000.0,0.0,未分類,https://www.fhtrust.com.tw/ETF/etf_detail/ETF24#nav
2026-08-13,00998A,主動復華金融股息,BACUS,美國銀行,3.467,65000.0,0.0,未分類,https://www.fhtrust.com.tw/ETF/etf_detail/ETF24#nav
2026-08-13,00998A,主動復華金融股息,STANLN,渣打集團有限公司,3.463,140000.0,0.0,未分類,https://www.fhtrust.com.tw/ETF/etf_detail/ETF24#nav
2026-08-13,00998A,主動復華金融股息,BMPSIM,義大利西恩那銀行股份公司,3.394,300000.0,0.0,未分類,https://www.fhtrust.com.tw/ETF/etf_detail/ETF24#nav
2026-08-13,00998A,主動復華金融股息,GLEFP,法國興業銀行股份有限公司,3.394,43000.0,0.0,未分類,https://www.fhtrust.com.tw/ETF/etf_detail/ETF24#nav
2026-08-13,00998A,主動復華金融股息,BAMIIM,BPM銀行股份公司,3.224,200000.0,0.0,未分類,https://www.fhtrust.com.tw/ETF/etf_detail/ETF24#nav
2026-08-13,00999A,主動野村臺灣高息,2330,å°ç©é»,5.12,265000.0,0.0,半導體業,https://www.moneydj.com/ETF/X/Basic/Basic0007.xdjhtm?etfid=00999A.TW&topc=
2026-08-13,00999A,主動野村臺灣高息,2383,å°åé»,4.47,99000.0,0.0,電子零組件業,https://www.moneydj.com/ETF/X/Basic/Basic0007.xdjhtm?etfid=00999A.TW&topc=
2026-08-13,00999A,主動野村臺灣高息,2886,åè±é,3.77,10357000.0,0.0,金融保險業,https://www.moneydj.com/ETF/X/Basic/Basic0007.xdjhtm?etfid=00999A.TW&topc=
2026-08-13,00999A,主動野村臺灣高息,2454,è¯ç¼ç§,3.59,107000.0,0.0,半導體業,https://www.moneydj.com/ETF/X/Basic/Basic0007.xdjhtm?etfid=00999A.TW&topc=
2026-08-13,00999A,主動野村臺灣高息,2308,å°éé»,3.54,237000.0,0.0,電子零組件業,https://www.moneydj.com/ETF/X/Basic/Basic0007.xdjhtm?etfid=00999A.TW&topc=
2026-08-13,00999A,主動野村臺灣高息,3711,æ¥æåææ§,3.54,712000.0,0.0,半導體業,https://www.moneydj.com/ETF/X/Basic/Basic0007.xdjhtm?etfid=00999A.TW&topc=
2026-08-13,00999A,主動野村臺灣高息,2059,å·æ¹,3.49,36000.0,0.0,電子零組件業,https://www.moneydj.com/ETF/X/Basic/Basic0007.xdjhtm?etfid=00999A.TW&topc=
2026-08-13,00999A,主動野村臺灣高息,2892,ç¬¬ä¸é,3.28,12465000.0,0.0,金融保險業,https://www.moneydj.com/ETF/X/Basic/Basic0007.xdjhtm?etfid=00999A.TW&topc=
2026-08-13,00999A,主動野村臺灣高息,3653,å¥ç­,2.76,75000.0,0.0,電子零組件業,https://www.moneydj.com/ETF/X/Basic/Basic0007.xdjhtm?etfid=00999A.TW&topc=
2026-08-13,00999A,主動野村臺灣高息,7769,é´»å,2.74,51000.0,0.0,半導體業,https://www.moneydj.com/ETF/X/Basic/Basic0007.xdjhtm?etfid=00999A.TW&topc=
2026-08-14,00400A,主動國泰動能高息,2330,å°ç©é»,8.1,1025000.0,0.0,半導體業,https://www.moneydj.com/ETF/X/Basic/Basic0007.xdjhtm?etfid=00400A.TW&topc=
2026-08-14,00400A,主動國泰動能高息,2454,è¯ç¼ç§,6.53,470000.0,0.0,半導體業,https://www.moneydj.com/ETF/X/Basic/Basic0007.xdjhtm?etfid=00400A.TW&topc=
2026-08-14,00400A,主動國泰動能高息,2383,å°åé»,5.92,291000.0,0.0,電子零組件業,https://www.moneydj.com/ETF/X/Basic/Basic0007.xdjhtm?etfid=00400A.TW&topc=
2026-08-14,00400A,主動國泰動能高息,3017,å¥é,5.2,487000.0,0.0,電腦及週邊設備業,https://www.moneydj.com/ETF/X/Basic/Basic0007.xdjhtm?etfid=00400A.TW&topc=
2026-08-14,00400A,主動國泰動能高息,6223,æºç½,5.06,238000.0,0.0,半導體業,https://www.moneydj.com/ETF/X/Basic/Basic0007.xdjhtm?etfid=00400A.TW&topc=
2026-08-14,00400A,主動國泰動能高息,3037,æ¬£è,4.98,1479000.0,0.0,電子零組件業,https://www.moneydj.com/ETF/X/Basic/Basic0007.xdjhtm?etfid=00400A.TW&topc=
2026-08-14,00400A,主動國泰動能高息,2059,å·æ¹,4.66,113000.0,0.0,電子零組件業,https://www.moneydj.com/ETF/X/Basic/Basic0007.xdjhtm?etfid=00400A.TW&topc=
2026-08-14,00400A,主動國泰動能高息,2360,è´è,4.11,541000.0,0.0,其他電子業,https://www.moneydj.com/ETF/X/Basic/Basic0007.xdjhtm?etfid=00400A.TW&topc=
2026-08-14,00400A,主動國泰動能高息,3653,å¥ç­,3.96,247000.0,0.0,電子零組件業,https://www.moneydj.com/ETF/X/Basic/Basic0007.xdjhtm?etfid=00400A.TW&topc=
2026-08-14,00400A,主動國泰動能高息,6669,ç·¯ç©,3.95,186000.0,0.0,電腦及週邊設備業,https://www.moneydj.com/ETF/X/Basic/Basic0007.xdjhtm?etfid=00400A.TW&topc=
2026-08-14,00401A,主動摩根台灣鑫收,2330,å°ç©é»,15.4,210647.0,0.0,半導體業,https://www.moneydj.com/ETF/X/Basic/Basic0007.xdjhtm?etfid=00401A.TW&topc=
2026-08-14,00401A,主動摩根台灣鑫收,2454,è¯ç¼ç§,6.5,50600.0,0.0,半導體業,https://www.moneydj.com/ETF/X/Basic/Basic0007.xdjhtm?etfid=00401A.TW&topc=
2026-08-14,00401A,主動摩根台灣鑫收,2308,å°éé»,3.45,60000.0,0.0,電子零組件業,https://www.moneydj.com/ETF/X/Basic/Basic0007.xdjhtm?etfid=00401A.TW&topc=
2026-08-14,00401A,主動摩根台灣鑫收,2345,æºé¦,2.39,34053.0,0.0,通信網路業,https://www.moneydj.com/ETF/X/Basic/Basic0007.xdjhtm?etfid=00401A.TW&topc=
2026-08-14,00401A,主動摩根台灣鑫收,2382,å»£é,2.32,232000.0,0.0,電腦及週邊設備業,https://www.moneydj.com/ETF/X/Basic/Basic0007.xdjhtm?etfid=00401A.TW&topc=
2026-08-14,00401A,主動摩根台灣鑫收,3037,æ¬£è,2.3,74000.0,0.0,電子零組件業,https://www.moneydj.com/ETF/X/Basic/Basic0007.xdjhtm?etfid=00401A.TW&topc=
2026-08-14,00401A,主動摩根台灣鑫收,3008,å¤§ç«å,2.25,16000.0,0.0,光電業,https://www.moneydj.com/ETF/X/Basic/Basic0007.xdjhtm?etfid=00401A.TW&topc=
2026-08-14,00401A,主動摩根台灣鑫收,6223,æºç½,2.18,11074.0,0.0,半導體業,https://www.moneydj.com/ETF/X/Basic/Basic0007.xdjhtm?etfid=00401A.TW&topc=
2026-08-14,00401A,主動摩根台灣鑫收,5274,ä¿¡é©,2.13,3951.0,0.0,半導體業,https://www.moneydj.com/ETF/X/Basic/Basic0007.xdjhtm?etfid=00401A.TW&topc=
2026-08-14,00401A,主動摩根台灣鑫收,6669,ç·¯ç©,2.1,10714.0,0.0,電腦及週邊設備業,https://www.moneydj.com/ETF/X/Basic/Basic0007.xdjhtm?etfid=00401A.TW&topc=
2026-08-14,00403A,主動統一升級50,2330,å°ç©é»,15.99,12000000.0,0.0,半導體業,https://www.moneydj.com/ETF/X/Basic/Basic0007.xdjhtm?etfid=00403A.TW&topc=
2026-08-14,00403A,主動統一升級50,3017,å¥é,6.33,3515000.0,0.0,電腦及週邊設備業,https://www.moneydj.com/ETF/X/Basic/Basic0007.xdjhtm?etfid=00403A.TW&topc=
2026-08-14,00403A,主動統一升級50,2383,å°åé»,5.8,1690000.0,0.0,電子零組件業,https://www.moneydj.com/ETF/X/Basic/Basic0007.xdjhtm?etfid=00403A.TW&topc=
2026-08-14,00403A,主動統一升級50,2303,è¯é»,5.32,79000000.0,0.0,半導體業,https://www.moneydj.com/ETF/X/Basic/Basic0007.xdjhtm?etfid=00403A.TW&topc=
2026-08-14,00403A,主動統一升級50,2454,è¯ç¼ç§,4.94,2110000.0,0.0,半導體業,https://www.moneydj.com/ETF/X/Basic/Basic0007.xdjhtm?etfid=00403A.TW&topc=
2026-08-14,00403A,主動統一升級50,3037,æ¬£è,4.8,8460000.0,0.0,電子零組件業,https://www.moneydj.com/ETF/X/Basic/Basic0007.xdjhtm?etfid=00403A.TW&topc=
2026-08-14,00403A,主動統一升級50,6223,æºç½,3.8,1060000.0,0.0,半導體業,https://www.moneydj.com/ETF/X/Basic/Basic0007.xdjhtm?etfid=00403A.TW&topc=
2026-08-14,00403A,主動統一升級50,2327,åå·¨*,3.39,9785000.0,0.0,電子零組件業,https://www.moneydj.com/ETF/X/Basic/Basic0007.xdjhtm?etfid=00403A.TW&topc=
2026-08-14,00403A,主動統一升級50,2308,å°éé»,3.19,3040000.0,0.0,電子零組件業,https://www.moneydj.com/ETF/X/Basic/Basic0007.xdjhtm?etfid=00403A.TW&topc=
2026-08-14,00403A,主動統一升級50,2345,æºé¦,2.95,2307000.0,0.0,通信網路業,https://www.moneydj.com/ETF/X/Basic/Basic0007.xdjhtm?etfid=00403A.TW&topc=
2026-08-14,00980A,主動野村臺灣優選,2330,å°ç©é»,7.67,663000.0,0.0,半導體業,https://www.moneydj.com/ETF/X/Basic/Basic0007.xdjhtm?etfid=00980A.TW&topc=
2026-08-14,00980A,主動野村臺灣優選,2454,è¯ç¼ç§,5.67,279000.0,0.0,半導體業,https://www.moneydj.com/ETF/X/Basic/Basic0007.xdjhtm?etfid=00980A.TW&topc=
2026-08-14,00980A,主動野村臺灣優選,2059,å·æ¹,5.49,91000.0,0.0,電子零組件業,https://www.moneydj.com/ETF/X/Basic/Basic0007.xdjhtm?etfid=00980A.TW&topc=
2026-08-14,00980A,主動野村臺灣優選,2383,å°åé»,4.53,152000.0,0.0,電子零組件業,https://www.moneydj.com/ETF/X/Basic/Basic0007.xdjhtm?etfid=00980A.TW&topc=
2026-08-14,00980A,主動野村臺灣優選,2308,å°éé»,3.68,404000.0,0.0,電子零組件業,https://www.moneydj.com/ETF/X/Basic/Basic0007.xdjhtm?etfid=00980A.TW&topc=
2026-08-14,00980A,主動野村臺灣優選,3081,è¯äº,2.91,237600.0,0.0,通信網路業,https://www.moneydj.com/ETF/X/Basic/Basic0007.xdjhtm?etfid=00980A.TW&topc=
2026-08-14,00980A,主動野村臺灣優選,3037,æ¬£è,2.77,563000.0,0.0,電子零組件業,https://www.moneydj.com/ETF/X/Basic/Basic0007.xdjhtm?etfid=00980A.TW&topc=
2026-08-14,00980A,主動野村臺灣優選,2408,åäºç§,2.57,1039000.0,0.0,半導體業,https://www.moneydj.com/ETF/X/Basic/Basic0007.xdjhtm?etfid=00980A.TW&topc=
2026-08-14,00980A,主動野村臺灣優選,1303,åäº,2.42,2416000.0,0.0,塑膠工業,https://www.moneydj.com/ETF/X/Basic/Basic0007.xdjhtm?etfid=00980A.TW&topc=
2026-08-14,00981A,主動統一台股增長,2383,å°åé»,9.6,4863000.0,0.0,電子零組件業,https://www.moneydj.com/ETF/X/Basic/Basic0007.xdjhtm?etfid=00981A.TW&topc=
2026-08-14,00981A,主動統一台股增長,2330,å°ç©é»,9.3,12134000.0,0.0,半導體業,https://www.moneydj.com/ETF/X/Basic/Basic0007.xdjhtm?etfid=00981A.TW&topc=
2026-08-14,00981A,主動統一台股增長,2454,è¯ç¼ç§,7.34,5448000.0,0.0,半導體業,https://www.moneydj.com/ETF/X/Basic/Basic0007.xdjhtm?etfid=00981A.TW&topc=
2026-08-14,00981A,主動統一台股增長,3037,æ¬£è,6.6,20210000.0,0.0,電子零組件業,https://www.moneydj.com/ETF/X/Basic/Basic0007.xdjhtm?etfid=00981A.TW&topc=
2026-08-14,00981A,主動統一台股增長,3017,å¥é,6.11,5900000.0,0.0,電腦及週邊設備業,https://www.moneydj.com/ETF/X/Basic/Basic0007.xdjhtm?etfid=00981A.TW&topc=
2026-08-14,00981A,主動統一台股增長,6669,ç·¯ç©,5.14,2496000.0,0.0,電腦及週邊設備業,https://www.moneydj.com/ETF/X/Basic/Basic0007.xdjhtm?etfid=00981A.TW&topc=
2026-08-14,00981A,主動統一台股增長,2327,åå·¨*,5.06,25437000.0,0.0,電子零組件業,https://www.moneydj.com/ETF/X/Basic/Basic0007.xdjhtm?etfid=00981A.TW&topc=
2026-08-14,00981A,主動統一台股增長,6223,æºç½,5.04,2443000.0,0.0,半導體業,https://www.moneydj.com/ETF/X/Basic/Basic0007.xdjhtm?etfid=00981A.TW&topc=
2026-08-14,00981A,主動統一台股增長,2345,æºé¦,4.85,6594000.0,0.0,通信網路業,https://www.moneydj.com/ETF/X/Basic/Basic0007.xdjhtm?etfid=00981A.TW&topc=
2026-08-14,00981A,主動統一台股增長,2308,å°éé»,4.27,7070000.0,0.0,電子零組件業,https://www.moneydj.com/ETF/X/Basic/Basic0007.xdjhtm?etfid=00981A.TW&topc=
2026-08-14,00982A,主動群益台灣強棒,2330,台積電,8.15,1794000.0,0.0,半導體業,https://www.capitalfund.com.tw/etf/product/detail/399/buyback
2026-08-14,00982A,主動群益台灣強棒,2454,聯發科,6.97,872000.0,0.0,半導體業,https://www.capitalfund.com.tw/etf/product/detail/399/buyback
2026-08-14,00982A,主動群益台灣強棒,5536,聖暉*,6.46,3679000.0,0.0,其他電子業,https://www.capitalfund.com.tw/etf/product/detail/399/buyback
2026-08-14,00982A,主動群益台灣強棒,6669,緯穎,6.23,510000.0,0.0,電腦及週邊設備業,https://www.capitalfund.com.tw/etf/product/detail/399/buyback
2026-08-14,00982A,主動群益台灣強棒,6139,亞翔,6.1,4025000.0,0.0,其他電子業,https://www.capitalfund.com.tw/etf/product/detail/399/buyback
2026-08-14,00982A,主動群益台灣強棒,2059,川湖,4.39,185000.0,0.0,電子零組件業,https://www.capitalfund.com.tw/etf/product/detail/399/buyback
2026-08-14,00982A,主動群益台灣強棒,2383,台光電,3.83,327000.0,0.0,電子零組件業,https://www.capitalfund.com.tw/etf/product/detail/399/buyback
2026-08-14,00982A,主動群益台灣強棒,6223,旺矽,3.75,307000.0,0.0,半導體業,https://www.capitalfund.com.tw/etf/product/detail/399/buyback
2026-08-14,00982A,主動群益台灣強棒,2360,致茂,3.65,837000.0,0.0,其他電子業,https://www.capitalfund.com.tw/etf/product/detail/399/buyback
2026-08-14,00982A,主動群益台灣強棒,2345,智邦,3.57,817000.0,0.0,通信網路業,https://www.capitalfund.com.tw/etf/product/detail/399/buyback
2026-08-14,00983A,主動中信ARK創新,TSLA,Tesla,8.03,8645.0,0.0,未分類,https://www.moneydj.com/ETF/X/Basic/Basic0007.xdjhtm?etfid=00983A.TW&topc=
2026-08-14,00983A,主動中信ARK創新,SHOP,Shopify,7.1,16377.0,0.0,未分類,https://www.moneydj.com/ETF/X/Basic/Basic0007.xdjhtm?etfid=00983A.TW&topc=
2026-08-14,00983A,主動中信ARK創新,TWST,Twist Bioscience,4.71,13745.0,0.0,未分類,https://www.moneydj.com/ETF/X/Basic/Basic0007.xdjhtm?etfid=00983A.TW&topc=
2026-08-14,00983A,主動中信ARK創新,AMD,AMD,4.68,3548.0,0.0,未分類,https://www.moneydj.com/ETF/X/Basic/Basic0007.xdjhtm?etfid=00983A.TW&topc=
2026-08-14,00983A,主動中信ARK創新,CRSP,CRISPR Therapeutics,4.22,28627.0,0.0,未分類,https://www.moneydj.com/ETF/X/Basic/Basic0007.xdjhtm?etfid=00983A.TW&topc=
2026-08-14,00983A,主動中信ARK創新,TXG,10x Genomics,4.1,25778.0,0.0,未分類,https://www.moneydj.com/ETF/X/Basic/Basic0007.xdjhtm?etfid=00983A.TW&topc=
2026-08-14,00983A,主動中信ARK創新,HOOD,Robinhood Markets,3.95,14529.0,0.0,未分類,https://www.moneydj.com/ETF/X/Basic/Basic0007.xdjhtm?etfid=00983A.TW&topc=
2026-08-14,00983A,主動中信ARK創新,TEM,Tempus,3.5,23579.0,0.0,未分類,https://www.moneydj.com/ETF/X/Basic/Basic0007.xdjhtm?etfid=00983A.TW&topc=
2026-08-14,00983A,主動中信ARK創新,AMZN,Amazon,3.41,4709.0,0.0,未分類,https://www.moneydj.com/ETF/X/Basic/Basic0007.xdjhtm?etfid=00983A.TW&topc=
2026-08-14,00985A,主動野村台灣50,2330,å°ç©é»,13.66,588000.0,0.0,半導體業,https://www.moneydj.com/ETF/X/Basic/Basic0007.xdjhtm?etfid=00985A.TW&topc=
2026-08-14,00985A,主動野村台灣50,2376,æå,4.54,1177000.0,0.0,電腦及週邊設備業,https://www.moneydj.com/ETF/X/Basic/Basic0007.xdjhtm?etfid=00985A.TW&topc=
2026-08-14,00985A,主動野村台灣50,2412,ä¸­è¯é»,3.39,2587000.0,0.0,通信網路業,https://www.moneydj.com/ETF/X/Basic/Basic0007.xdjhtm?etfid=00985A.TW&topc=
2026-08-14,00985A,主動野村台灣50,4904,é å³,3.34,3474000.0,0.0,通信網路業,https://www.moneydj.com/ETF/X/Basic/Basic0007.xdjhtm?etfid=00985A.TW&topc=
2026-08-14,00985A,主動野村台灣50,2027,å¤§æé¼,3.32,7182000.0,0.0,鋼鐵工業,https://www.moneydj.com/ETF/X/Basic/Basic0007.xdjhtm?etfid=00985A.TW&topc=
2026-08-14,00985A,主動野村台灣50,3008,å¤§ç«å,3.22,72000.0,0.0,光電業,https://www.moneydj.com/ETF/X/Basic/Basic0007.xdjhtm?etfid=00985A.TW&topc=
2026-08-14,00985A,主動野村台灣50,2383,å°åé»,3.11,52000.0,0.0,電子零組件業,https://www.moneydj.com/ETF/X/Basic/Basic0007.xdjhtm?etfid=00985A.TW&topc=
2026-08-14,00985A,主動野村台灣50,6669,ç·¯ç©,3.06,49000.0,0.0,電腦及週邊設備業,https://www.moneydj.com/ETF/X/Basic/Basic0007.xdjhtm?etfid=00985A.TW&topc=
2026-08-14,00985A,主動野村台灣50,2603,é·æ¦®,2.85,1344000.0,0.0,航運業,https://www.moneydj.com/ETF/X/Basic/Basic0007.xdjhtm?etfid=00985A.TW&topc=
2026-08-14,00986A,主動台新龍頭成長,2330,å°ç©é»,8.57,22000.0,0.0,半導體業,https://www.moneydj.com/ETF/X/Basic/Basic0007.xdjhtm?etfid=00986A.TW&topc=
2026-08-14,00986A,主動台新龍頭成長,GOOGL,lphabet - Class A Common Stock,6.24,3500.0,0.0,未分類,https://www.moneydj.com/ETF/X/Basic/Basic0007.xdjhtm?etfid=00986A.TW&topc=
2026-08-14,00986A,主動台新龍頭成長,NVDA,NVIDIA,6.03,5200.0,0.0,未分類,https://www.moneydj.com/ETF/X/Basic/Basic0007.xdjhtm?etfid=00986A.TW&topc=
2026-08-14,00986A,主動台新龍頭成長,AVGO,Broadcom,5.16,2400.0,0.0,未分類,https://www.moneydj.com/ETF/X/Basic/Basic0007.xdjhtm?etfid=00986A.TW&topc=
2026-08-14,00986A,主動台新龍頭成長,CRWD,CrowdStrike Holdings,4.35,3752.0,0.0,未分類,https://www.moneydj.com/ETF/X/Basic/Basic0007.xdjhtm?etfid=00986A.TW&topc=
2026-08-14,00986A,主動台新龍頭成長,MU,Micron,3.91,800.0,0.0,未分類,https://www.moneydj.com/ETF/X/Basic/Basic0007.xdjhtm?etfid=00986A.TW&topc=
2026-08-14,00986A,主動台新龍頭成長,AMZN,Amazon,3.82,2800.0,0.0,未分類,https://www.moneydj.com/ETF/X/Basic/Basic0007.xdjhtm?etfid=00986A.TW&topc=
2026-08-14,00986A,主動台新龍頭成長,LITE,Lumentum,3.53,780.0,0.0,未分類,https://www.moneydj.com/ETF/X/Basic/Basic0007.xdjhtm?etfid=00986A.TW&topc=
2026-08-14,00986A,主動台新龍頭成長,AMD,AMD,2.98,1200.0,0.0,未分類,https://www.moneydj.com/ETF/X/Basic/Basic0007.xdjhtm?etfid=00986A.TW&topc=
2026-08-14,00987A,主動台新優勢成長,2330,å°ç©é»,7.82,90000.0,0.0,半導體業,https://www.moneydj.com/ETF/X/Basic/Basic0007.xdjhtm?etfid=00987A.TW&topc=
2026-08-14,00987A,主動台新優勢成長,2383,å°åé»,7.6,34000.0,0.0,電子零組件業,https://www.moneydj.com/ETF/X/Basic/Basic0007.xdjhtm?etfid=00987A.TW&topc=
2026-08-14,00987A,主動台新優勢成長,3037,æ¬£è,7.03,190000.0,0.0,電子零組件業,https://www.moneydj.com/ETF/X/Basic/Basic0007.xdjhtm?etfid=00987A.TW&topc=
2026-08-14,00987A,主動台新優勢成長,3017,å¥é,6.8,58000.0,0.0,電腦及週邊設備業,https://www.moneydj.com/ETF/X/Basic/Basic0007.xdjhtm?etfid=00987A.TW&topc=
2026-08-14,00987A,主動台新優勢成長,6223,æºç½,6.3,27000.0,0.0,半導體業,https://www.moneydj.com/ETF/X/Basic/Basic0007.xdjhtm?etfid=00987A.TW&topc=
2026-08-14,00987A,主動台新優勢成長,3443,åµæ,5.94,30000.0,0.0,半導體業,https://www.moneydj.com/ETF/X/Basic/Basic0007.xdjhtm?etfid=00987A.TW&topc=
2026-08-14,00987A,主動台新優勢成長,2454,è¯ç¼ç§,4.88,32000.0,0.0,半導體業,https://www.moneydj.com/ETF/X/Basic/Basic0007.xdjhtm?etfid=00987A.TW&topc=
2026-08-14,00987A,主動台新優勢成長,6274,å°ç¿,4.56,75000.0,0.0,電子零組件業,https://www.moneydj.com/ETF/X/Basic/Basic0007.xdjhtm?etfid=00987A.TW&topc=
2026-08-14,00987A,主動台新優勢成長,2408,åäºç§,4.46,240000.0,0.0,半導體業,https://www.moneydj.com/ETF/X/Basic/Basic0007.xdjhtm?etfid=00987A.TW&topc=
2026-08-14,00987A,主動台新優勢成長,8046,åé»,4.31,91000.0,0.0,電子零組件業,https://www.moneydj.com/ETF/X/Basic/Basic0007.xdjhtm?etfid=00987A.TW&topc=
2026-08-14,00989A,主動摩根美國科技,PANW,Palo Alto,4.46,4460.0,0.0,未分類,https://www.moneydj.com/ETF/X/Basic/Basic0007.xdjhtm?etfid=00989A.TW&topc=
2026-08-14,00989A,主動摩根美國科技,GOOG,phabet - Class C Capital Stock,4.03,4631.0,0.0,未分類,https://www.moneydj.com/ETF/X/Basic/Basic0007.xdjhtm?etfid=00989A.TW&topc=
2026-08-14,00989A,主動摩根美國科技,AVGO,Broadcom,3.97,3755.0,0.0,未分類,https://www.moneydj.com/ETF/X/Basic/Basic0007.xdjhtm?etfid=00989A.TW&topc=
2026-08-14,00989A,主動摩根美國科技,NVDA,NVIDIA,3.9,6847.0,0.0,未分類,https://www.moneydj.com/ETF/X/Basic/Basic0007.xdjhtm?etfid=00989A.TW&topc=
2026-08-14,00989A,主動摩根美國科技,TTWO,Take-Two,3.58,5851.0,0.0,未分類,https://www.moneydj.com/ETF/X/Basic/Basic0007.xdjhtm?etfid=00989A.TW&topc=
2026-08-14,00989A,主動摩根美國科技,CRWD,CrowdStrike Holdings,3.26,5714.0,0.0,未分類,https://www.moneydj.com/ETF/X/Basic/Basic0007.xdjhtm?etfid=00989A.TW&topc=
2026-08-14,00989A,主動摩根美國科技,SNOW,Snowflake,3.16,3701.0,0.0,未分類,https://www.moneydj.com/ETF/X/Basic/Basic0007.xdjhtm?etfid=00989A.TW&topc=
2026-08-14,00989A,主動摩根美國科技,MSFT,Microsoft,3.07,2445.0,0.0,未分類,https://www.moneydj.com/ETF/X/Basic/Basic0007.xdjhtm?etfid=00989A.TW&topc=
2026-08-14,00989A,主動摩根美國科技,NET,Cloudflare,2.95,3523.0,0.0,未分類,https://www.moneydj.com/ETF/X/Basic/Basic0007.xdjhtm?etfid=00989A.TW&topc=
2026-08-14,00989A,主動摩根美國科技,INTC,Intel,2.93,11090.0,0.0,未分類,https://www.moneydj.com/ETF/X/Basic/Basic0007.xdjhtm?etfid=00989A.TW&topc=
2026-08-14,00990A,主動元大AI新經濟,1068,N/AN/AN/AN/AN/AN/AN/AN/AN/AN/Aåºæºææ¸æ¼²è·å¹,22.92,0.0,0.0,未分類,https://www.moneydj.com/ETF/X/Basic/Basic0009.xdjhtm?etfid=00990A.TW
2026-08-14,00990A,主動元大AI新經濟,2808,-,14.43,1.16,0.0,未分類,https://www.moneydj.com/ETF/X/Basic/Basic0009.xdjhtm?etfid=00990A.TW
2026-08-14,00990A,主動元大AI新經濟,4053,-,12.62,11.44,0.0,未分類,https://www.moneydj.com/ETF/X/Basic/Basic0009.xdjhtm?etfid=00990A.TW
2026-08-14,00990A,主動元大AI新經濟,1245,-,10.29,0.0,0.0,未分類,https://www.moneydj.com/ETF/X/Basic/Basic0009.xdjhtm?etfid=00990A.TW
2026-08-14,00990A,主動元大AI新經濟,0800,-,6.0,0.0,0.0,未分類,https://www.moneydj.com/ETF/X/Basic/Basic0009.xdjhtm?etfid=00990A.TW
2026-08-14,00990A,主動元大AI新經濟,2023,Q,2.0,0.0,0.0,鋼鐵工業,https://www.moneydj.com/ETF/X/Basic/Basic0009.xdjhtm?etfid=00990A.TW
2026-08-14,00990A,主動元大AI新經濟,1171,-,1.83,0.0,0.0,未分類,https://www.moneydj.com/ETF/X/Basic/Basic0009.xdjhtm?etfid=00990A.TW
2026-08-14,00990A,主動元大AI新經濟,1097,N/AN/AN/AN/AN/Aåºæºææ¸æ¼²è·å¹-,1.5,0.0,0.0,未分類,https://www.moneydj.com/ETF/X/Basic/Basic0009.xdjhtm?etfid=00990A.TW
2026-08-14,00992A,主動群益科技創新,2059,川湖,8.34,293000.0,0.0,電子零組件業,https://www.capitalfund.com.tw/etf/product/detail/500/buyback
2026-08-14,00992A,主動群益科技創新,2330,台積電,7.67,1406000.0,0.0,半導體業,https://www.capitalfund.com.tw/etf/product/detail/500/buyback
2026-08-14,00992A,主動群益科技創新,3017,奇鋐,7.38,1002000.0,0.0,電腦及週邊設備業,https://www.capitalfund.com.tw/etf/product/detail/500/buyback
2026-08-14,00992A,主動群益科技創新,2383,台光電,6.54,466000.0,0.0,電子零組件業,https://www.capitalfund.com.tw/etf/product/detail/500/buyback
2026-08-14,00992A,主動群益科技創新,3665,貿聯-KY,5.82,1161000.0,0.0,其他電子業,https://www.capitalfund.com.tw/etf/product/detail/500/buyback
2026-08-14,00992A,主動群益科技創新,3037,欣興,5.8,2497000.0,0.0,電子零組件業,https://www.capitalfund.com.tw/etf/product/detail/500/buyback
2026-08-14,00992A,主動群益科技創新,2345,智邦,5.66,1080000.0,0.0,通信網路業,https://www.capitalfund.com.tw/etf/product/detail/500/buyback
2026-08-14,00992A,主動群益科技創新,8996,高力,4.75,1630000.0,0.0,電機機械,https://www.capitalfund.com.tw/etf/product/detail/500/buyback
2026-08-14,00992A,主動群益科技創新,3008,大立光,4.41,420000.0,0.0,光電業,https://www.capitalfund.com.tw/etf/product/detail/500/buyback
2026-08-14,00992A,主動群益科技創新,2454,聯發科,3.89,406000.0,0.0,半導體業,https://www.capitalfund.com.tw/etf/product/detail/500/buyback
2026-08-14,00993A,主動安聯台灣,2330,å°ç©é»,11.68,502000.0,0.0,半導體業,https://www.moneydj.com/ETF/X/Basic/Basic0007.xdjhtm?etfid=00993A.TW&topc=
2026-08-14,00993A,主動安聯台灣,6223,æºç½,6.52,104000.0,0.0,半導體業,https://www.moneydj.com/ETF/X/Basic/Basic0007.xdjhtm?etfid=00993A.TW&topc=
2026-08-14,00993A,主動安聯台灣,2383,å°åé»,5.1,85000.0,0.0,電子零組件業,https://www.moneydj.com/ETF/X/Basic/Basic0007.xdjhtm?etfid=00993A.TW&topc=
2026-08-14,00993A,主動安聯台灣,2454,è¯ç¼ç§,4.75,116000.0,0.0,半導體業,https://www.moneydj.com/ETF/X/Basic/Basic0007.xdjhtm?etfid=00993A.TW&topc=
2026-08-14,00993A,主動安聯台灣,2059,å·æ¹,4.01,33000.0,0.0,電子零組件業,https://www.moneydj.com/ETF/X/Basic/Basic0007.xdjhtm?etfid=00993A.TW&topc=
2026-08-14,00993A,主動安聯台灣,6274,å°ç¿,3.9,239000.0,0.0,電子零組件業,https://www.moneydj.com/ETF/X/Basic/Basic0007.xdjhtm?etfid=00993A.TW&topc=
2026-08-14,00993A,主動安聯台灣,3037,æ¬£è,3.83,386000.0,0.0,電子零組件業,https://www.moneydj.com/ETF/X/Basic/Basic0007.xdjhtm?etfid=00993A.TW&topc=
2026-08-14,00993A,主動安聯台灣,5274,ä¿¡é©,3.72,21600.0,0.0,半導體業,https://www.moneydj.com/ETF/X/Basic/Basic0007.xdjhtm?etfid=00993A.TW&topc=
2026-08-14,00993A,主動安聯台灣,2408,åäºç§,3.15,633000.0,0.0,半導體業,https://www.moneydj.com/ETF/X/Basic/Basic0007.xdjhtm?etfid=00993A.TW&topc=
2026-08-14,00993A,主動安聯台灣,2308,å°éé»,3.08,168000.0,0.0,電子零組件業,https://www.moneydj.com/ETF/X/Basic/Basic0007.xdjhtm?etfid=00993A.TW&topc=
2026-08-14,00994A,主動第一金台股優,2330,å°ç©é»,13.18,292999.0,0.0,半導體業,https://www.moneydj.com/ETF/X/Basic/Basic0007.xdjhtm?etfid=00994A.TW&topc=
2026-08-14,00994A,主動第一金台股優,2383,å°åé»,8.8,76001.0,0.0,電子零組件業,https://www.moneydj.com/ETF/X/Basic/Basic0007.xdjhtm?etfid=00994A.TW&topc=
2026-08-14,00994A,主動第一金台股優,3017,å¥é,6.41,105500.0,0.0,電腦及週邊設備業,https://www.moneydj.com/ETF/X/Basic/Basic0007.xdjhtm?etfid=00994A.TW&topc=
2026-08-14,00994A,主動第一金台股優,3037,æ¬£è,6.4,334001.0,0.0,電子零組件業,https://www.moneydj.com/ETF/X/Basic/Basic0007.xdjhtm?etfid=00994A.TW&topc=
2026-08-14,00994A,主動第一金台股優,2454,è¯ç¼ç§,6.24,79001.0,0.0,半導體業,https://www.moneydj.com/ETF/X/Basic/Basic0007.xdjhtm?etfid=00994A.TW&topc=
2026-08-14,00994A,主動第一金台股優,8046,åé»,5.78,236000.0,0.0,電子零組件業,https://www.moneydj.com/ETF/X/Basic/Basic0007.xdjhtm?etfid=00994A.TW&topc=
2026-08-14,00994A,主動第一金台股優,6223,æºç½,5.07,41901.0,0.0,半導體業,https://www.moneydj.com/ETF/X/Basic/Basic0007.xdjhtm?etfid=00994A.TW&topc=
2026-08-14,00994A,主動第一金台股優,6274,å°ç¿,4.97,158000.0,0.0,電子零組件業,https://www.moneydj.com/ETF/X/Basic/Basic0007.xdjhtm?etfid=00994A.TW&topc=
2026-08-14,00994A,主動第一金台股優,2059,å·æ¹,4.93,21001.0,0.0,電子零組件業,https://www.moneydj.com/ETF/X/Basic/Basic0007.xdjhtm?etfid=00994A.TW&topc=
2026-08-14,00994A,主動第一金台股優,2345,æºé¦,3.41,79000.0,0.0,通信網路業,https://www.moneydj.com/ETF/X/Basic/Basic0007.xdjhtm?etfid=00994A.TW&topc=
2026-08-14,00995A,主動中信台灣卓越,2330,å°ç©é»,8.74,189000.0,0.0,半導體業,https://www.moneydj.com/ETF/X/Basic/Basic0007.xdjhtm?etfid=00995A.TW&topc=
2026-08-14,00995A,主動中信台灣卓越,2383,å°åé»,8.55,72000.0,0.0,電子零組件業,https://www.moneydj.com/ETF/X/Basic/Basic0007.xdjhtm?etfid=00995A.TW&topc=
2026-08-14,00995A,主動中信台灣卓越,2454,è¯ç¼ç§,6.0,74000.0,0.0,半導體業,https://www.moneydj.com/ETF/X/Basic/Basic0007.xdjhtm?etfid=00995A.TW&topc=
2026-08-14,00995A,主動中信台灣卓越,6669,ç·¯ç©,5.33,43000.0,0.0,電腦及週邊設備業,https://www.moneydj.com/ETF/X/Basic/Basic0007.xdjhtm?etfid=00995A.TW&topc=
2026-08-14,00995A,主動中信台灣卓越,3017,å¥é,4.99,80000.0,0.0,電腦及週邊設備業,https://www.moneydj.com/ETF/X/Basic/Basic0007.xdjhtm?etfid=00995A.TW&topc=
2026-08-14,00995A,主動中信台灣卓越,2345,æºé¦,4.87,110000.0,0.0,通信網路業,https://www.moneydj.com/ETF/X/Basic/Basic0007.xdjhtm?etfid=00995A.TW&topc=
2026-08-14,00995A,主動中信台灣卓越,3037,æ¬£è,4.56,232000.0,0.0,電子零組件業,https://www.moneydj.com/ETF/X/Basic/Basic0007.xdjhtm?etfid=00995A.TW&topc=
2026-08-14,00995A,主動中信台灣卓越,6223,æºç½,4.47,36000.0,0.0,半導體業,https://www.moneydj.com/ETF/X/Basic/Basic0007.xdjhtm?etfid=00995A.TW&topc=
2026-08-14,00995A,主動中信台灣卓越,8046,åé»,4.27,170000.0,0.0,電子零組件業,https://www.moneydj.com/ETF/X/Basic/Basic0007.xdjhtm?etfid=00995A.TW&topc=
2026-08-14,00995A,主動中信台灣卓越,2308,å°éé»,3.99,110000.0,0.0,電子零組件業,https://www.moneydj.com/ETF/X/Basic/Basic0007.xdjhtm?etfid=00995A.TW&topc=
2026-08-14,00996A,主動兆豐台灣豐收,2330,å°ç©é»,9.43,179000.0,0.0,半導體業,https://www.moneydj.com/ETF/X/Basic/Basic0007.xdjhtm?etfid=00996A.TW&topc=
2026-08-14,00996A,主動兆豐台灣豐收,2454,è¯ç¼ç§,7.5,81000.0,0.0,半導體業,https://www.moneydj.com/ETF/X/Basic/Basic0007.xdjhtm?etfid=00996A.TW&topc=
2026-08-14,00996A,主動兆豐台灣豐收,2383,å°åé»,6.91,51000.0,0.0,電子零組件業,https://www.moneydj.com/ETF/X/Basic/Basic0007.xdjhtm?etfid=00996A.TW&topc=
2026-08-14,00996A,主動兆豐台灣豐收,2327,åå·¨*,6.16,450000.0,0.0,電子零組件業,https://www.moneydj.com/ETF/X/Basic/Basic0007.xdjhtm?etfid=00996A.TW&topc=
2026-08-14,00996A,主動兆豐台灣豐收,4958,è»é¼-KY,6.05,562000.0,0.0,電子零組件業,https://www.moneydj.com/ETF/X/Basic/Basic0007.xdjhtm?etfid=00996A.TW&topc=
2026-08-14,00996A,主動兆豐台灣豐收,2308,å°éé»,4.77,115000.0,0.0,電子零組件業,https://www.moneydj.com/ETF/X/Basic/Basic0007.xdjhtm?etfid=00996A.TW&topc=
2026-08-14,00996A,主動兆豐台灣豐收,2344,è¯é¦é»,3.61,895000.0,0.0,半導體業,https://www.moneydj.com/ETF/X/Basic/Basic0007.xdjhtm?etfid=00996A.TW&topc=
2026-08-14,00996A,主動兆豐台灣豐收,2472,ç«éé»,3.41,633000.0,0.0,電子零組件業,https://www.moneydj.com/ETF/X/Basic/Basic0007.xdjhtm?etfid=00996A.TW&topc=
2026-08-14,00996A,主動兆豐台灣豐收,8046,åé»,3.27,114000.0,0.0,電子零組件業,https://www.moneydj.com/ETF/X/Basic/Basic0007.xdjhtm?etfid=00996A.TW&topc=
2026-08-14,00996A,主動兆豐台灣豐收,3443,åµæ,3.12,26000.0,0.0,半導體業,https://www.moneydj.com/ETF/X/Basic/Basic0007.xdjhtm?etfid=00996A.TW&topc=
2026-08-14,00997A,主動群益美國增長,B,群益,25.0,0.0,0.0,未分類,https://www.capitalfund.com.tw/etf/product/overview
2026-08-14,00997A,主動群益美國增長,L,群益臺灣加權正,2.0,0.0,0.0,未分類,https://www.capitalfund.com.tw/etf/product/overview
2026-08-14,00997A,主動群益美國增長,R,群益臺灣加權反,1.0,0.0,0.0,未分類,https://www.capitalfund.com.tw/etf/product/overview
2026-08-14,00997A,主動群益美國增長,3666,漲跌-,0.86,0.0,0.0,光電業,https://www.capitalfund.com.tw/etf/product/overview
2026-08-14,00997A,主動群益美國增長,4193,漲跌-,0.48,0.0,0.0,未分類,https://www.capitalfund.com.tw/etf/product/overview
2026-08-14,00997A,主動群益美國增長,2246,漲跌,0.25,0.0,0.0,未分類,https://www.capitalfund.com.tw/etf/product/overview
2026-08-14,00997A,主動群益美國增長,4271,漲跌-,0.22,0.0,0.0,未分類,https://www.capitalfund.com.tw/etf/product/overview
2026-08-14,00997A,主動群益美國增長,3076,漲跌,0.18,0.0,0.0,未分類,https://www.capitalfund.com.tw/etf/product/overview
2026-08-14,00997A,主動群益美國增長,1035,漲跌,0.11,0.0,0.0,未分類,https://www.capitalfund.com.tw/etf/product/overview
2026-08-14,00997A,主動群益美國增長,1179,漲跌-,0.11,0.0,0.0,未分類,https://www.capitalfund.com.tw/etf/product/overview
2026-08-14,00997A,主動群益美國增長,1559,漲跌-,0.11,0.0,0.0,未分類,https://www.capitalfund.com.tw/etf/product/overview
2026-08-14,00997A,主動群益美國增長,1072,漲跌,0.04,0.0,0.0,未分類,https://www.capitalfund.com.tw/etf/product/overview
2026-08-14,00997A,主動群益美國增長,1909,漲跌-,0.02,0.0,0.0,造紙工業,https://www.capitalfund.com.tw/etf/product/overview
2026-08-14,00999A,主動野村臺灣高息,2383,å°åé»,4.88,99000.0,0.0,電子零組件業,https://www.moneydj.com/ETF/X/Basic/Basic0007.xdjhtm?etfid=00999A.TW&topc=
2026-08-14,00999A,主動野村臺灣高息,2330,å°ç©é»,4.86,254000.0,0.0,半導體業,https://www.moneydj.com/ETF/X/Basic/Basic0007.xdjhtm?etfid=00999A.TW&topc=
2026-08-14,00999A,主動野村臺灣高息,2886,åè±é,3.92,10357000.0,0.0,金融保險業,https://www.moneydj.com/ETF/X/Basic/Basic0007.xdjhtm?etfid=00999A.TW&topc=
2026-08-14,00999A,主動野村臺灣高息,2059,å·æ¹,3.6,36000.0,0.0,電子零組件業,https://www.moneydj.com/ETF/X/Basic/Basic0007.xdjhtm?etfid=00999A.TW&topc=
2026-08-14,00999A,主動野村臺灣高息,2454,è¯ç¼ç§,3.6,107000.0,0.0,半導體業,https://www.moneydj.com/ETF/X/Basic/Basic0007.xdjhtm?etfid=00999A.TW&topc=
2026-08-14,00999A,主動野村臺灣高息,2892,ç¬¬ä¸é,3.32,12465000.0,0.0,金融保險業,https://www.moneydj.com/ETF/X/Basic/Basic0007.xdjhtm?etfid=00999A.TW&topc=
2026-08-14,00999A,主動野村臺灣高息,3711,æ¥æåææ§,3.29,668000.0,0.0,半導體業,https://www.moneydj.com/ETF/X/Basic/Basic0007.xdjhtm?etfid=00999A.TW&topc=
2026-08-14,00999A,主動野村臺灣高息,3653,å¥ç­,2.91,75000.0,0.0,電子零組件業,https://www.moneydj.com/ETF/X/Basic/Basic0007.xdjhtm?etfid=00999A.TW&topc=
2026-08-14,00999A,主動野村臺灣高息,2308,å°éé»,2.89,192000.0,0.0,電子零組件業,https://www.moneydj.com/ETF/X/Basic/Basic0007.xdjhtm?etfid=00999A.TW&topc=
2026-08-14,00999A,主動野村臺灣高息,2880,è¯åé,2.72,8745388.0,0.0,金融保險業,https://www.moneydj.com/ETF/X/Basic/Basic0007.xdjhtm?etfid=00999A.TW&topc=
2026-08-17,00400A,主動國泰動能高息,2330,å°ç©é»,8.11,1025000.0,0.0,半導體業,https://www.moneydj.com/ETF/X/Basic/Basic0007.xdjhtm?etfid=00400A.TW&topc=
2026-08-17,00400A,主動國泰動能高息,2454,è¯ç¼ç§,6.28,470000.0,0.0,半導體業,https://www.moneydj.com/ETF/X/Basic/Basic0007.xdjhtm?etfid=00400A.TW&topc=
2026-08-17,00400A,主動國泰動能高息,2383,å°åé»,6.09,291000.0,0.0,電子零組件業,https://www.moneydj.com/ETF/X/Basic/Basic0007.xdjhtm?etfid=00400A.TW&topc=
2026-08-17,00400A,主動國泰動能高息,3037,æ¬£è,5.46,1479000.0,0.0,電子零組件業,https://www.moneydj.com/ETF/X/Basic/Basic0007.xdjhtm?etfid=00400A.TW&topc=
2026-08-17,00400A,主動國泰動能高息,2059,å·æ¹,5.12,113000.0,0.0,電子零組件業,https://www.moneydj.com/ETF/X/Basic/Basic0007.xdjhtm?etfid=00400A.TW&topc=
2026-08-17,00400A,主動國泰動能高息,6223,æºç½,4.55,238000.0,0.0,半導體業,https://www.moneydj.com/ETF/X/Basic/Basic0007.xdjhtm?etfid=00400A.TW&topc=
2026-08-17,00400A,主動國泰動能高息,3653,å¥ç­,4.35,247000.0,0.0,電子零組件業,https://www.moneydj.com/ETF/X/Basic/Basic0007.xdjhtm?etfid=00400A.TW&topc=
2026-08-17,00400A,主動國泰動能高息,2360,è´è,4.21,541000.0,0.0,其他電子業,https://www.moneydj.com/ETF/X/Basic/Basic0007.xdjhtm?etfid=00400A.TW&topc=
2026-08-17,00400A,主動國泰動能高息,3443,åµæ,3.67,190000.0,0.0,半導體業,https://www.moneydj.com/ETF/X/Basic/Basic0007.xdjhtm?etfid=00400A.TW&topc=
2026-08-17,00400A,主動國泰動能高息,3017,å¥é,3.49,336000.0,0.0,電腦及週邊設備業,https://www.moneydj.com/ETF/X/Basic/Basic0007.xdjhtm?etfid=00400A.TW&topc=
2026-08-17,00982A,主動群益台灣強棒,2330,台積電,8.16,1794000.0,0.0,半導體業,https://www.capitalfund.com.tw/etf/product/detail/399/buyback
2026-08-17,00982A,主動群益台灣強棒,2454,聯發科,6.7,872000.0,0.0,半導體業,https://www.capitalfund.com.tw/etf/product/detail/399/buyback
2026-08-17,00982A,主動群益台灣強棒,6669,緯穎,6.4,510000.0,0.0,電腦及週邊設備業,https://www.capitalfund.com.tw/etf/product/detail/399/buyback
2026-08-17,00982A,主動群益台灣強棒,5536,聖暉*,6.33,3679000.0,0.0,其他電子業,https://www.capitalfund.com.tw/etf/product/detail/399/buyback
2026-08-17,00982A,主動群益台灣強棒,6139,亞翔,6.16,4025000.0,0.0,其他電子業,https://www.capitalfund.com.tw/etf/product/detail/399/buyback
2026-08-17,00982A,主動群益台灣強棒,2059,川湖,4.82,185000.0,0.0,電子零組件業,https://www.capitalfund.com.tw/etf/product/detail/399/buyback
2026-08-17,00982A,主動群益台灣強棒,2383,台光電,3.94,327000.0,0.0,電子零組件業,https://www.capitalfund.com.tw/etf/product/detail/399/buyback
2026-08-17,00982A,主動群益台灣強棒,2360,致茂,3.75,837000.0,0.0,其他電子業,https://www.capitalfund.com.tw/etf/product/detail/399/buyback
2026-08-17,00982A,主動群益台灣強棒,3105,穩懋,3.63,4809000.0,0.0,半導體業,https://www.capitalfund.com.tw/etf/product/detail/399/buyback
2026-08-17,00982A,主動群益台灣強棒,2345,智邦,3.55,817000.0,0.0,通信網路業,https://www.capitalfund.com.tw/etf/product/detail/399/buyback
2026-08-17,00985A,主動野村台灣50,2330,å°ç©é»,13.57,588000.0,0.0,半導體業,https://www.moneydj.com/ETF/X/Basic/Basic0007.xdjhtm?etfid=00985A.TW&topc=
2026-08-17,00985A,主動野村台灣50,2376,æå,4.98,1448000.0,0.0,電腦及週邊設備業,https://www.moneydj.com/ETF/X/Basic/Basic0007.xdjhtm?etfid=00985A.TW&topc=
2026-08-17,00985A,主動野村台灣50,2603,é·æ¦®,3.81,1712000.0,0.0,航運業,https://www.moneydj.com/ETF/X/Basic/Basic0007.xdjhtm?etfid=00985A.TW&topc=
2026-08-17,00985A,主動野村台灣50,2412,ä¸­è¯é»,3.38,2587000.0,0.0,通信網路業,https://www.moneydj.com/ETF/X/Basic/Basic0007.xdjhtm?etfid=00985A.TW&topc=
2026-08-17,00985A,主動野村台灣50,6669,ç·¯ç©,3.37,53000.0,0.0,電腦及週邊設備業,https://www.moneydj.com/ETF/X/Basic/Basic0007.xdjhtm?etfid=00985A.TW&topc=
2026-08-17,00985A,主動野村台灣50,4904,é å³,3.36,3474000.0,0.0,通信網路業,https://www.moneydj.com/ETF/X/Basic/Basic0007.xdjhtm?etfid=00985A.TW&topc=
2026-08-17,00985A,主動野村台灣50,2345,æºé¦,2.73,124000.0,0.0,通信網路業,https://www.moneydj.com/ETF/X/Basic/Basic0007.xdjhtm?etfid=00985A.TW&topc=
2026-08-17,00985A,主動野村台灣50,2027,å¤§æé¼,2.69,5599000.0,0.0,鋼鐵工業,https://www.moneydj.com/ETF/X/Basic/Basic0007.xdjhtm?etfid=00985A.TW&topc=
2026-08-17,00985A,主動野村台灣50,3105,ç©©æ,2.51,656000.0,0.0,半導體業,https://www.moneydj.com/ETF/X/Basic/Basic0007.xdjhtm?etfid=00985A.TW&topc=
2026-08-17,00988A,主動統一全球創新,LITEUS,LUMENTUM HOLDINGS INC,5.59,117000.0,0.0,未分類,https://www.ezmoney.com.tw/ETF/Transaction/PCF?fundCode=61YTW
2026-08-17,00988A,主動統一全球創新,3037,欣興,4.39,2600000.0,0.0,電子零組件業,https://www.ezmoney.com.tw/ETF/Transaction/PCF?fundCode=61YTW
2026-08-17,00988A,主動統一全球創新,2383,台光電,4.27,445000.0,0.0,電子零組件業,https://www.ezmoney.com.tw/ETF/Transaction/PCF?fundCode=61YTW
2026-08-17,00988A,主動統一全球創新,009150KS,Samsung Electro-Mechanics co(009150 ks),3.98,70000.0,0.0,未分類,https://www.ezmoney.com.tw/ETF/Transaction/PCF?fundCode=61YTW
2026-08-17,00988A,主動統一全球創新,6981JP,MURATA MANUFACTURING CO LTD,3.82,1350000.0,0.0,未分類,https://www.ezmoney.com.tw/ETF/Transaction/PCF?fundCode=61YTW
2026-08-17,00988A,主動統一全球創新,MUUS,MICRON TECHNOLOGY INC,3.61,70000.0,0.0,未分類,https://www.ezmoney.com.tw/ETF/Transaction/PCF?fundCode=61YTW
2026-08-17,00988A,主動統一全球創新,AMDUS,ADVANCED MICRO DEVICES.amd us(超微半導體公司),3.41,130000.0,0.0,未分類,https://www.ezmoney.com.tw/ETF/Transaction/PCF?fundCode=61YTW
2026-08-17,00988A,主動統一全球創新,CRDOUS,CREDO TECHNOLOGY GROUP HOLDI,3.25,225000.0,0.0,未分類,https://www.ezmoney.com.tw/ETF/Transaction/PCF?fundCode=61YTW
2026-08-17,00988A,主動統一全球創新,PANWUS,PALO ALTO NETWORKS INC,3.22,150000.0,0.0,未分類,https://www.ezmoney.com.tw/ETF/Transaction/PCF?fundCode=61YTW
2026-08-17,00988A,主動統一全球創新,2454,聯發科,3.17,445000.0,0.0,半導體業,https://www.ezmoney.com.tw/ETF/Transaction/PCF?fundCode=61YTW
2026-08-17,00988A,主動統一全球創新,285AJP,KIOXIA HOLDINGS CORP,3.17,180000.0,0.0,未分類,https://www.ezmoney.com.tw/ETF/Transaction/PCF?fundCode=61YTW
2026-08-17,00988A,主動統一全球創新,TSEMUS,TOWER SEMICONDUCTOR LTD,2.98,216825.0,0.0,未分類,https://www.ezmoney.com.tw/ETF/Transaction/PCF?fundCode=61YTW
2026-08-17,00988A,主動統一全球創新,BEUS,BLOOM ENERGY CORP- A,2.69,210000.0,0.0,未分類,https://www.ezmoney.com.tw/ETF/Transaction/PCF?fundCode=61YTW
2026-08-17,00988A,主動統一全球創新,2330,台積電,2.67,650000.0,0.0,半導體業,https://www.ezmoney.com.tw/ETF/Transaction/PCF?fundCode=61YTW
2026-08-17,00988A,主動統一全球創新,6223,旺矽,2.65,242000.0,0.0,半導體業,https://www.ezmoney.com.tw/ETF/Transaction/PCF?fundCode=61YTW
2026-08-17,00988A,主動統一全球創新,MRVLUS,MARVELL TECHNOLOGY INC,2.47,205000.0,0.0,未分類,https://www.ezmoney.com.tw/ETF/Transaction/PCF?fundCode=61YTW
2026-08-17,00988A,主動統一全球創新,SNOWUS,SNOWFLAKE INC-CLASS A(Snowflake公司),2.38,130000.0,0.0,未分類,https://www.ezmoney.com.tw/ETF/Transaction/PCF?fundCode=61YTW
2026-08-17,00988A,主動統一全球創新,WDCUS,WESTERN DIGITAL CORP,2.12,80000.0,0.0,未分類,https://www.ezmoney.com.tw/ETF/Transaction/PCF?fundCode=61YTW
2026-08-17,00988A,主動統一全球創新,AMATUS,APPLIED MATERIALS INC,1.97,68000.0,0.0,未分類,https://www.ezmoney.com.tw/ETF/Transaction/PCF?fundCode=61YTW
2026-08-17,00988A,主動統一全球創新,3711,日月光投控,1.9,1800000.0,0.0,半導體業,https://www.ezmoney.com.tw/ETF/Transaction/PCF?fundCode=61YTW
2026-08-17,00988A,主動統一全球創新,NOWUS,SERVICENOW INC,1.86,270000.0,0.0,未分類,https://www.ezmoney.com.tw/ETF/Transaction/PCF?fundCode=61YTW
2026-08-17,00988A,主動統一全球創新,6871JP,MICRONICS JAPAN CO LTD,1.82,370000.0,0.0,未分類,https://www.ezmoney.com.tw/ETF/Transaction/PCF?fundCode=61YTW
2026-08-17,00988A,主動統一全球創新,300408CH,CHAOZHOU THREE-CIRCLE GROU-A,1.81,1749879.0,0.0,未分類,https://www.ezmoney.com.tw/ETF/Transaction/PCF?fundCode=61YTW
2026-08-17,00988A,主動統一全球創新,SNDKUS,SANDISK CORP,1.74,21000.0,0.0,未分類,https://www.ezmoney.com.tw/ETF/Transaction/PCF?fundCode=61YTW
2026-08-17,00988A,主動統一全球創新,2327,國巨*,1.73,1550000.0,0.0,電子零組件業,https://www.ezmoney.com.tw/ETF/Transaction/PCF?fundCode=61YTW
2026-08-17,00988A,主動統一全球創新,COHRUS,COHERENT INC,1.69,95000.0,0.0,未分類,https://www.ezmoney.com.tw/ETF/Transaction/PCF?fundCode=61YTW
2026-08-17,00988A,主動統一全球創新,6976JP,TAIYO YUDEN CO LTD,1.68,450000.0,0.0,未分類,https://www.ezmoney.com.tw/ETF/Transaction/PCF?fundCode=61YTW
2026-08-17,00988A,主動統一全球創新,IFXGY,INFINEON TECHNOLOGIES AG,1.66,425000.0,0.0,未分類,https://www.ezmoney.com.tw/ETF/Transaction/PCF?fundCode=61YTW
2026-08-17,00988A,主動統一全球創新,2308,台達電,1.49,468000.0,0.0,電子零組件業,https://www.ezmoney.com.tw/ETF/Transaction/PCF?fundCode=61YTW
2026-08-17,00988A,主動統一全球創新,6997JP,NIPPON CHEMI-CON CORP,1.34,1275100.0,0.0,未分類,https://www.ezmoney.com.tw/ETF/Transaction/PCF?fundCode=61YTW
2026-08-17,00988A,主動統一全球創新,MPWRUS,MONOLITHIC POWER SYSTEMS INC,1.33,18000.0,0.0,未分類,https://www.ezmoney.com.tw/ETF/Transaction/PCF?fundCode=61YTW
2026-08-17,00988A,主動統一全球創新,PLTRUS,PALANTIR TECHNOLOGIES INC-A,1.26,130000.0,0.0,未分類,https://www.ezmoney.com.tw/ETF/Transaction/PCF?fundCode=61YTW
2026-08-17,00988A,主動統一全球創新,LMTUS,LOCKHEED MARTIN CORP,1.23,38000.0,0.0,未分類,https://www.ezmoney.com.tw/ETF/Transaction/PCF?fundCode=61YTW
2026-08-17,00988A,主動統一全球創新,TERUS,TERADYNE INC,1.23,55000.0,0.0,未分類,https://www.ezmoney.com.tw/ETF/Transaction/PCF?fundCode=61YTW
2026-08-17,00988A,主動統一全球創新,3017,奇鋐,1.16,215000.0,0.0,電腦及週邊設備業,https://www.ezmoney.com.tw/ETF/Transaction/PCF?fundCode=61YTW
2026-08-17,00988A,主動統一全球創新,FORMUS,FORMFACTOR INC,1.07,150454.0,0.0,未分類,https://www.ezmoney.com.tw/ETF/Transaction/PCF?fundCode=61YTW
2026-08-17,00988A,主動統一全球創新,301377CH,GUANGDONG DTECH TECHNOLOGY-A,1.05,291988.0,0.0,未分類,https://www.ezmoney.com.tw/ETF/Transaction/PCF?fundCode=61YTW
2026-08-17,00988A,主動統一全球創新,6787JP,MEIKO ELECTRONICS CO LTD,1.02,160000.0,0.0,未分類,https://www.ezmoney.com.tw/ETF/Transaction/PCF?fundCode=61YTW
2026-08-17,00988A,主動統一全球創新,STXUS,SEAGATE TECHNOLOGY,1.0,20000.0,0.0,未分類,https://www.ezmoney.com.tw/ETF/Transaction/PCF?fundCode=61YTW
2026-08-17,00988A,主動統一全球創新,3308HK,ZHONGJI INNOLIGHT CO LTD-H,0.87,110000.0,0.0,未分類,https://www.ezmoney.com.tw/ETF/Transaction/PCF?fundCode=61YTW
2026-08-17,00988A,主動統一全球創新,NETUS,CLOUDFLARE INC - CLASS A,0.81,45000.0,0.0,未分類,https://www.ezmoney.com.tw/ETF/Transaction/PCF?fundCode=61YTW
2026-08-17,00988A,主動統一全球創新,SPCXUS,SPACE EXPLORATION TECHN-CL A,0.77,100000.0,0.0,未分類,https://www.ezmoney.com.tw/ETF/Transaction/PCF?fundCode=61YTW
2026-08-17,00988A,主動統一全球創新,TWLOUS,TWILIO INC - A,0.74,55000.0,0.0,未分類,https://www.ezmoney.com.tw/ETF/Transaction/PCF?fundCode=61YTW
2026-08-17,00988A,主動統一全球創新,AIXAGY,AIXTRON SE,0.52,200000.0,0.0,未分類,https://www.ezmoney.com.tw/ETF/Transaction/PCF?fundCode=61YTW
2026-08-17,00988A,主動統一全球創新,AEHRUS,AEHR TEST SYSTEMS,0.47,70000.0,0.0,未分類,https://www.ezmoney.com.tw/ETF/Transaction/PCF?fundCode=61YTW
2026-08-17,00988A,主動統一全球創新,4979,華星光,0.43,450000.0,0.0,通信網路業,https://www.ezmoney.com.tw/ETF/Transaction/PCF?fundCode=61YTW
2026-08-17,00991A,主動復華未來50,ABNNA,荷蘭銀行公眾有限公司,5.98,153500.0,0.0,未分類,https://www.fhtrust.com.tw/ETF/etf_detail/ETF24#nav
2026-08-17,00991A,主動復華未來50,NWGLN,國民西敏集團公開有限公司,4.827,620000.0,0.0,未分類,https://www.fhtrust.com.tw/ETF/etf_detail/ETF24#nav
2026-08-17,00991A,主動復華未來50,TPEIRGA,Piraeus Bank SA,4.697,500000.0,0.0,未分類,https://www.fhtrust.com.tw/ETF/etf_detail/ETF24#nav
2026-08-17,00991A,主動復華未來50,LLOYLN,勞埃德銀行集團,4.689,3700000.0,0.0,未分類,https://www.fhtrust.com.tw/ETF/etf_detail/ETF24#nav
2026-08-17,00991A,主動復華未來50,BARCLN,巴克萊集團,4.58,800000.0,0.0,未分類,https://www.fhtrust.com.tw/ETF/etf_detail/ETF24#nav
2026-08-17,00991A,主動復華未來50,STANLN,渣打集團有限公司,3.417,140000.0,0.0,未分類,https://www.fhtrust.com.tw/ETF/etf_detail/ETF24#nav
2026-08-17,00991A,主動復華未來50,BMPSIM,義大利西恩那銀行股份公司,3.394,300000.0,0.0,未分類,https://www.fhtrust.com.tw/ETF/etf_detail/ETF24#nav
2026-08-17,00991A,主動復華未來50,GLEFP,法國興業銀行股份有限公司,3.33,43000.0,0.0,未分類,https://www.fhtrust.com.tw/ETF/etf_detail/ETF24#nav
2026-08-17,00991A,主動復華未來50,BAMIIM,BPM銀行股份公司,3.203,200000.0,0.0,未分類,https://www.fhtrust.com.tw/ETF/etf_detail/ETF24#nav
2026-08-17,00991A,主動復華未來50,UNIIM,Unipol保險股份公司,2.983,110000.0,0.0,未分類,https://www.fhtrust.com.tw/ETF/etf_detail/ETF24#nav
2026-08-17,00993A,主動安聯台灣,2330,å°ç©é»,11.73,502000.0,0.0,半導體業,https://www.moneydj.com/ETF/X/Basic/Basic0007.xdjhtm?etfid=00993A.TW&topc=
2026-08-17,00993A,主動安聯台灣,6223,æºç½,5.87,104000.0,0.0,半導體業,https://www.moneydj.com/ETF/X/Basic/Basic0007.xdjhtm?etfid=00993A.TW&topc=
2026-08-17,00993A,主動安聯台灣,2383,å°åé»,5.25,85000.0,0.0,電子零組件業,https://www.moneydj.com/ETF/X/Basic/Basic0007.xdjhtm?etfid=00993A.TW&topc=
2026-08-17,00993A,主動安聯台灣,2454,è¯ç¼ç§,4.57,116000.0,0.0,半導體業,https://www.moneydj.com/ETF/X/Basic/Basic0007.xdjhtm?etfid=00993A.TW&topc=
2026-08-17,00993A,主動安聯台灣,2059,å·æ¹,4.42,33000.0,0.0,電子零組件業,https://www.moneydj.com/ETF/X/Basic/Basic0007.xdjhtm?etfid=00993A.TW&topc=
2026-08-17,00993A,主動安聯台灣,3037,æ¬£è,4.21,386000.0,0.0,電子零組件業,https://www.moneydj.com/ETF/X/Basic/Basic0007.xdjhtm?etfid=00993A.TW&topc=
2026-08-17,00993A,主動安聯台灣,6274,å°ç¿,3.72,239000.0,0.0,電子零組件業,https://www.moneydj.com/ETF/X/Basic/Basic0007.xdjhtm?etfid=00993A.TW&topc=
2026-08-17,00993A,主動安聯台灣,5274,ä¿¡é©,3.58,21600.0,0.0,半導體業,https://www.moneydj.com/ETF/X/Basic/Basic0007.xdjhtm?etfid=00993A.TW&topc=
2026-08-17,00993A,主動安聯台灣,2408,åäºç§,3.23,633000.0,0.0,半導體業,https://www.moneydj.com/ETF/X/Basic/Basic0007.xdjhtm?etfid=00993A.TW&topc=
2026-08-17,00993A,主動安聯台灣,6669,ç·¯ç©,3.09,48000.0,0.0,電腦及週邊設備業,https://www.moneydj.com/ETF/X/Basic/Basic0007.xdjhtm?etfid=00993A.TW&topc=
2026-08-17,00999A,主動野村臺灣高息,2383,å°åé»,5.06,99000.0,0.0,電子零組件業,https://www.moneydj.com/ETF/X/Basic/Basic0007.xdjhtm?etfid=00999A.TW&topc=
2026-08-17,00999A,主動野村臺灣高息,2330,å°ç©é»,4.73,245000.0,0.0,半導體業,https://www.moneydj.com/ETF/X/Basic/Basic0007.xdjhtm?etfid=00999A.TW&topc=
2026-08-17,00999A,主動野村臺灣高息,2059,å·æ¹,3.98,36000.0,0.0,電子零組件業,https://www.moneydj.com/ETF/X/Basic/Basic0007.xdjhtm?etfid=00999A.TW&topc=
2026-08-17,00999A,主動野村臺灣高息,2886,åè±é,3.88,10357000.0,0.0,金融保險業,https://www.moneydj.com/ETF/X/Basic/Basic0007.xdjhtm?etfid=00999A.TW&topc=
2026-08-17,00999A,主動野村臺灣高息,2454,è¯ç¼ç§,3.49,107000.0,0.0,半導體業,https://www.moneydj.com/ETF/X/Basic/Basic0007.xdjhtm?etfid=00999A.TW&topc=
2026-08-17,00999A,主動野村臺灣高息,2892,ç¬¬ä¸é,3.35,12465000.0,0.0,金融保險業,https://www.moneydj.com/ETF/X/Basic/Basic0007.xdjhtm?etfid=00999A.TW&topc=
2026-08-17,00999A,主動野村臺灣高息,3711,æ¥æåææ§,3.3,668000.0,0.0,半導體業,https://www.moneydj.com/ETF/X/Basic/Basic0007.xdjhtm?etfid=00999A.TW&topc=
2026-08-17,00999A,主動野村臺灣高息,3653,å¥ç­,3.22,75000.0,0.0,電子零組件業,https://www.moneydj.com/ETF/X/Basic/Basic0007.xdjhtm?etfid=00999A.TW&topc=
2026-08-17,00999A,主動野村臺灣高息,7769,é´»å,2.77,51000.0,0.0,半導體業,https://www.moneydj.com/ETF/X/Basic/Basic0007.xdjhtm?etfid=00999A.TW&topc=
2026-08-17,00999A,主動野村臺灣高息,2880,è¯åé,2.76,8745388.0,0.0,金融保險業,https://www.moneydj.com/ETF/X/Basic/Basic0007.xdjhtm?etfid=00999A.TW&topc=
2026-08-18,00980A,主動野村臺灣優選,2330,å°ç©é»,7.84,663000.0,0.0,半導體業,https://www.moneydj.com/ETF/X/Basic/Basic0007.xdjhtm?etfid=00980A.TW&topc=
2026-08-18,00980A,主動野村臺灣優選,2059,å·æ¹,6.5,91000.0,0.0,電子零組件業,https://www.moneydj.com/ETF/X/Basic/Basic0007.xdjhtm?etfid=00980A.TW&topc=
2026-08-18,00980A,主動野村臺灣優選,2454,è¯ç¼ç§,4.9,254000.0,0.0,半導體業,https://www.moneydj.com/ETF/X/Basic/Basic0007.xdjhtm?etfid=00980A.TW&topc=
2026-08-18,00980A,主動野村臺灣優選,2383,å°åé»,4.19,136000.0,0.0,電子零組件業,https://www.moneydj.com/ETF/X/Basic/Basic0007.xdjhtm?etfid=00980A.TW&topc=
2026-08-18,00980A,主動野村臺灣優選,2308,å°éé»,3.65,404000.0,0.0,電子零組件業,https://www.moneydj.com/ETF/X/Basic/Basic0007.xdjhtm?etfid=00980A.TW&topc=
2026-08-18,00980A,主動野村臺灣優選,3081,è¯äº,3.32,228600.0,0.0,通信網路業,https://www.moneydj.com/ETF/X/Basic/Basic0007.xdjhtm?etfid=00980A.TW&topc=
2026-08-18,00980A,主動野村臺灣優選,3037,æ¬£è,3.2,563000.0,0.0,電子零組件業,https://www.moneydj.com/ETF/X/Basic/Basic0007.xdjhtm?etfid=00980A.TW&topc=
2026-08-18,00980A,主動野村臺灣優選,2408,åäºç§,2.8,1096000.0,0.0,半導體業,https://www.moneydj.com/ETF/X/Basic/Basic0007.xdjhtm?etfid=00980A.TW&topc=
2026-08-18,00980A,主動野村臺灣優選,1303,åäº,2.4,2416000.0,0.0,塑膠工業,https://www.moneydj.com/ETF/X/Basic/Basic0007.xdjhtm?etfid=00980A.TW&topc=
2026-08-18,00982A,主動群益台灣強棒,2330,台積電,8.53,1794000.0,0.0,半導體業,https://www.capitalfund.com.tw/etf/product/detail/399/buyback
2026-08-18,00982A,主動群益台灣強棒,2454,聯發科,6.77,872000.0,0.0,半導體業,https://www.capitalfund.com.tw/etf/product/detail/399/buyback
2026-08-18,00982A,主動群益台灣強棒,6669,緯穎,6.52,510000.0,0.0,電腦及週邊設備業,https://www.capitalfund.com.tw/etf/product/detail/399/buyback
2026-08-18,00982A,主動群益台灣強棒,6139,亞翔,6.29,4025000.0,0.0,其他電子業,https://www.capitalfund.com.tw/etf/product/detail/399/buyback
2026-08-18,00982A,主動群益台灣強棒,2059,川湖,5.31,185000.0,0.0,電子零組件業,https://www.capitalfund.com.tw/etf/product/detail/399/buyback
2026-08-18,00982A,主動群益台灣強棒,5536,聖暉*,5.06,2848000.0,0.0,其他電子業,https://www.capitalfund.com.tw/etf/product/detail/399/buyback
2026-08-18,00982A,主動群益台灣強棒,2383,台光電,4.05,327000.0,0.0,電子零組件業,https://www.capitalfund.com.tw/etf/product/detail/399/buyback
2026-08-18,00982A,主動群益台灣強棒,2360,致茂,3.85,837000.0,0.0,其他電子業,https://www.capitalfund.com.tw/etf/product/detail/399/buyback
2026-08-18,00982A,主動群益台灣強棒,2345,智邦,3.63,817000.0,0.0,通信網路業,https://www.capitalfund.com.tw/etf/product/detail/399/buyback
2026-08-18,00982A,主動群益台灣強棒,3105,穩懋,3.6,4809000.0,0.0,半導體業,https://www.capitalfund.com.tw/etf/product/detail/399/buyback
2026-08-18,00985A,主動野村台灣50,2330,å°ç©é»,13.63,588000.0,0.0,半導體業,https://www.moneydj.com/ETF/X/Basic/Basic0007.xdjhtm?etfid=00985A.TW&topc=
2026-08-18,00985A,主動野村台灣50,2376,æå,4.91,1448000.0,0.0,電腦及週邊設備業,https://www.moneydj.com/ETF/X/Basic/Basic0007.xdjhtm?etfid=00985A.TW&topc=
2026-08-18,00985A,主動野村台灣50,2603,é·æ¦®,4.03,1737000.0,0.0,航運業,https://www.moneydj.com/ETF/X/Basic/Basic0007.xdjhtm?etfid=00985A.TW&topc=
2026-08-18,00985A,主動野村台灣50,4904,é å³,3.79,3832000.0,0.0,通信網路業,https://www.moneydj.com/ETF/X/Basic/Basic0007.xdjhtm?etfid=00985A.TW&topc=
2026-08-18,00985A,主動野村台灣50,2412,ä¸­è¯é»,3.77,2828000.0,0.0,通信網路業,https://www.moneydj.com/ETF/X/Basic/Basic0007.xdjhtm?etfid=00985A.TW&topc=
2026-08-18,00985A,主動野村台灣50,6669,ç·¯ç©,3.3,53000.0,0.0,電腦及週邊設備業,https://www.moneydj.com/ETF/X/Basic/Basic0007.xdjhtm?etfid=00985A.TW&topc=
2026-08-18,00985A,主動野村台灣50,2345,æºé¦,2.69,124000.0,0.0,通信網路業,https://www.moneydj.com/ETF/X/Basic/Basic0007.xdjhtm?etfid=00985A.TW&topc=
2026-08-18,00985A,主動野村台灣50,3105,ç©©æ,2.39,656000.0,0.0,半導體業,https://www.moneydj.com/ETF/X/Basic/Basic0007.xdjhtm?etfid=00985A.TW&topc=
2026-08-18,00985A,主動野村台灣50,3081,è¯äº,2.36,83000.0,0.0,通信網路業,https://www.moneydj.com/ETF/X/Basic/Basic0007.xdjhtm?etfid=00985A.TW&topc=
2026-08-18,00993A,主動安聯台灣,2330,å°ç©é»,10.64,448000.0,0.0,半導體業,https://www.moneydj.com/ETF/X/Basic/Basic0007.xdjhtm?etfid=00993A.TW&topc=
2026-08-18,00993A,主動安聯台灣,2383,å°åé»,6.06,98000.0,0.0,電子零組件業,https://www.moneydj.com/ETF/X/Basic/Basic0007.xdjhtm?etfid=00993A.TW&topc=
2026-08-18,00993A,主動安聯台灣,6223,æºç½,5.88,112000.0,0.0,半導體業,https://www.moneydj.com/ETF/X/Basic/Basic0007.xdjhtm?etfid=00993A.TW&topc=
2026-08-18,00993A,主動安聯台灣,3037,æ¬£è,5.13,450000.0,0.0,電子零組件業,https://www.moneydj.com/ETF/X/Basic/Basic0007.xdjhtm?etfid=00993A.TW&topc=
2026-08-18,00993A,主動安聯台灣,2059,å·æ¹,4.72,33000.0,0.0,電子零組件業,https://www.moneydj.com/ETF/X/Basic/Basic0007.xdjhtm?etfid=00993A.TW&topc=
2026-08-18,00993A,主動安聯台灣,2454,è¯ç¼ç§,4.3,111000.0,0.0,半導體業,https://www.moneydj.com/ETF/X/Basic/Basic0007.xdjhtm?etfid=00993A.TW&topc=
2026-08-18,00993A,主動安聯台灣,6274,å°ç¿,4.14,269000.0,0.0,電子零組件業,https://www.moneydj.com/ETF/X/Basic/Basic0007.xdjhtm?etfid=00993A.TW&topc=
2026-08-18,00993A,主動安聯台灣,5274,ä¿¡é©,4.01,23600.0,0.0,半導體業,https://www.moneydj.com/ETF/X/Basic/Basic0007.xdjhtm?etfid=00993A.TW&topc=
2026-08-18,00993A,主動安聯台灣,3017,å¥é,3.72,123000.0,0.0,電腦及週邊設備業,https://www.moneydj.com/ETF/X/Basic/Basic0007.xdjhtm?etfid=00993A.TW&topc=
2026-08-18,00993A,主動安聯台灣,2408,åäºç§,3.55,692000.0,0.0,半導體業,https://www.moneydj.com/ETF/X/Basic/Basic0007.xdjhtm?etfid=00993A.TW&topc=
2026-08-18,00999A,主動野村臺灣高息,2383,å°åé»,4.92,97000.0,0.0,電子零組件業,https://www.moneydj.com/ETF/X/Basic/Basic0007.xdjhtm?etfid=00999A.TW&topc=
2026-08-18,00999A,主動野村臺灣高息,2330,å°ç©é»,4.69,241000.0,0.0,半導體業,https://www.moneydj.com/ETF/X/Basic/Basic0007.xdjhtm?etfid=00999A.TW&topc=
2026-08-18,00999A,主動野村臺灣高息,2059,å·æ¹,4.11,35000.0,0.0,電子零組件業,https://www.moneydj.com/ETF/X/Basic/Basic0007.xdjhtm?etfid=00999A.TW&topc=
2026-08-18,00999A,主動野村臺灣高息,2886,åè±é,3.9,10176000.0,0.0,金融保險業,https://www.moneydj.com/ETF/X/Basic/Basic0007.xdjhtm?etfid=00999A.TW&topc=
2026-08-18,00999A,主動野村臺灣高息,2892,ç¬¬ä¸é,3.37,12247000.0,0.0,金融保險業,https://www.moneydj.com/ETF/X/Basic/Basic0007.xdjhtm?etfid=00999A.TW&topc=
2026-08-18,00999A,主動野村臺灣高息,2454,è¯ç¼ç§,3.33,105000.0,0.0,半導體業,https://www.moneydj.com/ETF/X/Basic/Basic0007.xdjhtm?etfid=00999A.TW&topc=
2026-08-18,00999A,主動野村臺灣高息,3711,æ¥æåææ§,3.21,656000.0,0.0,半導體業,https://www.moneydj.com/ETF/X/Basic/Basic0007.xdjhtm?etfid=00999A.TW&topc=
2026-08-18,00999A,主動野村臺灣高息,3653,å¥ç­,3.11,74000.0,0.0,電子零組件業,https://www.moneydj.com/ETF/X/Basic/Basic0007.xdjhtm?etfid=00999A.TW&topc=
2026-08-18,00999A,主動野村臺灣高息,2880,è¯åé,2.79,8592388.0,0.0,金融保險業,https://www.moneydj.com/ETF/X/Basic/Basic0007.xdjhtm?etfid=00999A.TW&topc=
2026-08-18,00999A,主動野村臺灣高息,7769,é´»å,2.67,50000.0,0.0,半導體業,https://www.moneydj.com/ETF/X/Basic/Basic0007.xdjhtm?etfid=00999A.TW&topc=
2026-08-19,00400A,主動國泰動能高息,2330,å°ç©é»,8.39,1025000.0,0.0,半導體業,https://www.moneydj.com/ETF/X/Basic/Basic0007.xdjhtm?etfid=00400A.TW&topc=
2026-08-19,00400A,主動國泰動能高息,2454,è¯ç¼ç§,6.3,470000.0,0.0,半導體業,https://www.moneydj.com/ETF/X/Basic/Basic0007.xdjhtm?etfid=00400A.TW&topc=
2026-08-19,00400A,主動國泰動能高息,2059,å·æ¹,6.04,123000.0,0.0,電子零組件業,https://www.moneydj.com/ETF/X/Basic/Basic0007.xdjhtm?etfid=00400A.TW&topc=
2026-08-19,00400A,主動國泰動能高息,3037,æ¬£è,5.82,1479000.0,0.0,電子零組件業,https://www.moneydj.com/ETF/X/Basic/Basic0007.xdjhtm?etfid=00400A.TW&topc=
2026-08-19,00400A,主動國泰動能高息,2383,å°åé»,4.94,241000.0,0.0,電子零組件業,https://www.moneydj.com/ETF/X/Basic/Basic0007.xdjhtm?etfid=00400A.TW&topc=
2026-08-19,00400A,主動國泰動能高息,3653,å¥ç­,4.7,247000.0,0.0,電子零組件業,https://www.moneydj.com/ETF/X/Basic/Basic0007.xdjhtm?etfid=00400A.TW&topc=
2026-08-19,00400A,主動國泰動能高息,6223,æºç½,4.36,238000.0,0.0,半導體業,https://www.moneydj.com/ETF/X/Basic/Basic0007.xdjhtm?etfid=00400A.TW&topc=
2026-08-19,00400A,主動國泰動能高息,3017,å¥é,3.62,336000.0,0.0,電腦及週邊設備業,https://www.moneydj.com/ETF/X/Basic/Basic0007.xdjhtm?etfid=00400A.TW&topc=
2026-08-19,00400A,主動國泰動能高息,3443,åµæ,3.51,190000.0,0.0,半導體業,https://www.moneydj.com/ETF/X/Basic/Basic0007.xdjhtm?etfid=00400A.TW&topc=
2026-08-19,00400A,主動國泰動能高息,2360,è´è,3.47,470000.0,0.0,其他電子業,https://www.moneydj.com/ETF/X/Basic/Basic0007.xdjhtm?etfid=00400A.TW&topc=
2026-08-19,00980A,主動野村臺灣優選,2330,å°ç©é»,7.87,663000.0,0.0,半導體業,https://www.moneydj.com/ETF/X/Basic/Basic0007.xdjhtm?etfid=00980A.TW&topc=
2026-08-19,00980A,主動野村臺灣優選,2059,å·æ¹,6.48,91000.0,0.0,電子零組件業,https://www.moneydj.com/ETF/X/Basic/Basic0007.xdjhtm?etfid=00980A.TW&topc=
2026-08-19,00980A,主動野村臺灣優選,2454,è¯ç¼ç§,4.93,254000.0,0.0,半導體業,https://www.moneydj.com/ETF/X/Basic/Basic0007.xdjhtm?etfid=00980A.TW&topc=
2026-08-19,00980A,主動野村臺灣優選,2383,å°åé»,4.04,136000.0,0.0,電子零組件業,https://www.moneydj.com/ETF/X/Basic/Basic0007.xdjhtm?etfid=00980A.TW&topc=
2026-08-19,00980A,主動野村臺灣優選,2308,å°éé»,3.6,404000.0,0.0,電子零組件業,https://www.moneydj.com/ETF/X/Basic/Basic0007.xdjhtm?etfid=00980A.TW&topc=
2026-08-19,00980A,主動野村臺灣優選,3037,æ¬£è,3.21,563000.0,0.0,電子零組件業,https://www.moneydj.com/ETF/X/Basic/Basic0007.xdjhtm?etfid=00980A.TW&topc=
2026-08-19,00980A,主動野村臺灣優選,3081,è¯äº,3.1,228600.0,0.0,通信網路業,https://www.moneydj.com/ETF/X/Basic/Basic0007.xdjhtm?etfid=00980A.TW&topc=
2026-08-19,00980A,主動野村臺灣優選,2408,åäºç§,2.66,1096000.0,0.0,半導體業,https://www.moneydj.com/ETF/X/Basic/Basic0007.xdjhtm?etfid=00980A.TW&topc=
2026-08-19,00980A,主動野村臺灣優選,2317,é´»æµ·,2.38,1921000.0,0.0,其他電子業,https://www.moneydj.com/ETF/X/Basic/Basic0007.xdjhtm?etfid=00980A.TW&topc=
2026-08-19,00982A,主動群益台灣強棒,2330,台積電,8.54,1794000.0,0.0,半導體業,https://www.capitalfund.com.tw/etf/product/detail/399/buyback
2026-08-19,00982A,主動群益台灣強棒,2454,聯發科,6.8,872000.0,0.0,半導體業,https://www.capitalfund.com.tw/etf/product/detail/399/buyback
2026-08-19,00982A,主動群益台灣強棒,6669,緯穎,6.59,510000.0,0.0,電腦及週邊設備業,https://www.capitalfund.com.tw/etf/product/detail/399/buyback
2026-08-19,00982A,主動群益台灣強棒,6139,亞翔,6.25,4025000.0,0.0,其他電子業,https://www.capitalfund.com.tw/etf/product/detail/399/buyback
2026-08-19,00982A,主動群益台灣強棒,2059,川湖,5.29,185000.0,0.0,電子零組件業,https://www.capitalfund.com.tw/etf/product/detail/399/buyback
2026-08-19,00982A,主動群益台灣強棒,2383,台光電,3.9,327000.0,0.0,電子零組件業,https://www.capitalfund.com.tw/etf/product/detail/399/buyback
2026-08-19,00982A,主動群益台灣強棒,2360,致茂,3.6,837000.0,0.0,其他電子業,https://www.capitalfund.com.tw/etf/product/detail/399/buyback
2026-08-19,00982A,主動群益台灣強棒,5536,聖暉*,3.57,2017000.0,0.0,其他電子業,https://www.capitalfund.com.tw/etf/product/detail/399/buyback
2026-08-19,00982A,主動群益台灣強棒,3105,穩懋,3.54,4809000.0,0.0,半導體業,https://www.capitalfund.com.tw/etf/product/detail/399/buyback
2026-08-19,00982A,主動群益台灣強棒,2345,智邦,3.52,817000.0,0.0,通信網路業,https://www.capitalfund.com.tw/etf/product/detail/399/buyback
2026-08-19,00985A,主動野村台灣50,2330,å°ç©é»,13.6,588000.0,0.0,半導體業,https://www.moneydj.com/ETF/X/Basic/Basic0007.xdjhtm?etfid=00985A.TW&topc=
2026-08-19,00985A,主動野村台灣50,2376,æå,4.97,1448000.0,0.0,電腦及週邊設備業,https://www.moneydj.com/ETF/X/Basic/Basic0007.xdjhtm?etfid=00985A.TW&topc=
2026-08-19,00985A,主動野村台灣50,2603,é·æ¦®,4.11,1737000.0,0.0,航運業,https://www.moneydj.com/ETF/X/Basic/Basic0007.xdjhtm?etfid=00985A.TW&topc=
2026-08-19,00985A,主動野村台灣50,4904,é å³,3.83,3832000.0,0.0,通信網路業,https://www.moneydj.com/ETF/X/Basic/Basic0007.xdjhtm?etfid=00985A.TW&topc=
2026-08-19,00985A,主動野村台灣50,2412,ä¸­è¯é»,3.79,2828000.0,0.0,通信網路業,https://www.moneydj.com/ETF/X/Basic/Basic0007.xdjhtm?etfid=00985A.TW&topc=
2026-08-19,00985A,主動野村台灣50,6669,ç·¯ç©,3.33,53000.0,0.0,電腦及週邊設備業,https://www.moneydj.com/ETF/X/Basic/Basic0007.xdjhtm?etfid=00985A.TW&topc=
2026-08-19,00985A,主動野村台灣50,7750,æ°ä»£,2.67,108000.0,0.0,電機機械,https://www.moneydj.com/ETF/X/Basic/Basic0007.xdjhtm?etfid=00985A.TW&topc=
2026-08-19,00985A,主動野村台灣50,2345,æºé¦,2.59,124000.0,0.0,通信網路業,https://www.moneydj.com/ETF/X/Basic/Basic0007.xdjhtm?etfid=00985A.TW&topc=
2026-08-19,00985A,主動野村台灣50,3105,ç©©æ,2.35,656000.0,0.0,半導體業,https://www.moneydj.com/ETF/X/Basic/Basic0007.xdjhtm?etfid=00985A.TW&topc=
2026-08-19,00991A,主動復華未來50,ABNNA,荷蘭銀行公眾有限公司,6.031,153500.0,0.0,未分類,https://www.fhtrust.com.tw/ETF/etf_detail/ETF24#nav
2026-08-19,00991A,主動復華未來50,TPEIRGA,Piraeus Bank SA,4.765,500000.0,0.0,未分類,https://www.fhtrust.com.tw/ETF/etf_detail/ETF24#nav
2026-08-19,00991A,主動復華未來50,NWGLN,國民西敏集團公開有限公司,4.596,600000.0,0.0,未分類,https://www.fhtrust.com.tw/ETF/etf_detail/ETF24#nav
2026-08-19,00991A,主動復華未來50,LLOYLN,勞埃德銀行集團,4.361,3500000.0,0.0,未分類,https://www.fhtrust.com.tw/ETF/etf_detail/ETF24#nav
2026-08-19,00991A,主動復華未來50,LGENLN,法通保險集團公開有限公司,3.99,1200000.0,0.0,未分類,https://www.fhtrust.com.tw/ETF/etf_detail/ETF24#nav
2026-08-19,00991A,主動復華未來50,BARCLN,巴克萊集團,3.896,700000.0,0.0,未分類,https://www.fhtrust.com.tw/ETF/etf_detail/ETF24#nav
2026-08-19,00991A,主動復華未來50,STANLN,渣打集團有限公司,3.405,140000.0,0.0,未分類,https://www.fhtrust.com.tw/ETF/etf_detail/ETF24#nav
2026-08-19,00991A,主動復華未來50,GLEFP,法國興業銀行股份有限公司,3.254,43000.0,0.0,未分類,https://www.fhtrust.com.tw/ETF/etf_detail/ETF24#nav
2026-08-19,00991A,主動復華未來50,BAMIIM,BPM銀行股份公司,3.162,200000.0,0.0,未分類,https://www.fhtrust.com.tw/ETF/etf_detail/ETF24#nav
2026-08-19,00991A,主動復華未來50,UNIIM,Unipol保險股份公司,3.026,110000.0,0.0,未分類,https://www.fhtrust.com.tw/ETF/etf_detail/ETF24#nav
2026-08-19,00993A,主動安聯台灣,2330,å°ç©é»,9.58,415000.0,0.0,半導體業,https://www.moneydj.com/ETF/X/Basic/Basic0007.xdjhtm?etfid=00993A.TW&topc=
2026-08-19,00993A,主動安聯台灣,2383,å°åé»,6.36,110000.0,0.0,電子零組件業,https://www.moneydj.com/ETF/X/Basic/Basic0007.xdjhtm?etfid=00993A.TW&topc=
2026-08-19,00993A,主動安聯台灣,6223,æºç½,5.78,112000.0,0.0,半導體業,https://www.moneydj.com/ETF/X/Basic/Basic0007.xdjhtm?etfid=00993A.TW&topc=
2026-08-19,00993A,主動安聯台灣,3037,æ¬£è,5.65,509000.0,0.0,電子零組件業,https://www.moneydj.com/ETF/X/Basic/Basic0007.xdjhtm?etfid=00993A.TW&topc=
2026-08-19,00993A,主動安聯台灣,2059,å·æ¹,4.57,33000.0,0.0,電子零組件業,https://www.moneydj.com/ETF/X/Basic/Basic0007.xdjhtm?etfid=00993A.TW&topc=
2026-08-19,00993A,主動安聯台灣,6274,å°ç¿,4.29,291000.0,0.0,電子零組件業,https://www.moneydj.com/ETF/X/Basic/Basic0007.xdjhtm?etfid=00993A.TW&topc=
2026-08-19,00993A,主動安聯台灣,3017,å¥é,4.23,139000.0,0.0,電腦及週邊設備業,https://www.moneydj.com/ETF/X/Basic/Basic0007.xdjhtm?etfid=00993A.TW&topc=
2026-08-19,00993A,主動安聯台灣,2454,è¯ç¼ç§,4.08,108000.0,0.0,半導體業,https://www.moneydj.com/ETF/X/Basic/Basic0007.xdjhtm?etfid=00993A.TW&topc=
2026-08-19,00993A,主動安聯台灣,5274,ä¿¡é©,3.98,25600.0,0.0,半導體業,https://www.moneydj.com/ETF/X/Basic/Basic0007.xdjhtm?etfid=00993A.TW&topc=
2026-08-19,00993A,主動安聯台灣,2408,åäºç§,3.64,771000.0,0.0,半導體業,https://www.moneydj.com/ETF/X/Basic/Basic0007.xdjhtm?etfid=00993A.TW&topc=
2026-08-19,00999A,主動野村臺灣高息,2383,å°åé»,4.41,89000.0,0.0,電子零組件業,https://www.moneydj.com/ETF/X/Basic/Basic0007.xdjhtm?etfid=00999A.TW&topc=
2026-08-19,00999A,主動野村臺灣高息,2330,å°ç©é»,4.38,221000.0,0.0,半導體業,https://www.moneydj.com/ETF/X/Basic/Basic0007.xdjhtm?etfid=00999A.TW&topc=
2026-08-19,00999A,主動野村臺灣高息,2059,å·æ¹,3.8,32000.0,0.0,電子零組件業,https://www.moneydj.com/ETF/X/Basic/Basic0007.xdjhtm?etfid=00999A.TW&topc=
2026-08-19,00999A,主動野村臺灣高息,2886,åè±é,3.7,9327000.0,0.0,金融保險業,https://www.moneydj.com/ETF/X/Basic/Basic0007.xdjhtm?etfid=00999A.TW&topc=
2026-08-19,00999A,主動野村臺灣高息,3653,å¥ç­,3.41,74000.0,0.0,電子零組件業,https://www.moneydj.com/ETF/X/Basic/Basic0007.xdjhtm?etfid=00999A.TW&topc=
2026-08-19,00999A,主動野村臺灣高息,3711,æ¥æåææ§,3.25,656000.0,0.0,半導體業,https://www.moneydj.com/ETF/X/Basic/Basic0007.xdjhtm?etfid=00999A.TW&topc=
2026-08-19,00999A,主動野村臺灣高息,2892,ç¬¬ä¸é,3.18,11226000.0,0.0,金融保險業,https://www.moneydj.com/ETF/X/Basic/Basic0007.xdjhtm?etfid=00999A.TW&topc=
2026-08-19,00999A,主動野村臺灣高息,2454,è¯ç¼ç§,3.11,96000.0,0.0,半導體業,https://www.moneydj.com/ETF/X/Basic/Basic0007.xdjhtm?etfid=00999A.TW&topc=
2026-08-19,00999A,主動野村臺灣高息,7769,é´»å,2.72,50000.0,0.0,半導體業,https://www.moneydj.com/ETF/X/Basic/Basic0007.xdjhtm?etfid=00999A.TW&topc=
2026-08-19,00999A,主動野村臺灣高息,2880,è¯åé,2.59,7875388.0,0.0,金融保險業,https://www.moneydj.com/ETF/X/Basic/Basic0007.xdjhtm?etfid=00999A.TW&topc=
2026-08-20,00400A,主動國泰動能高息,2330,å°ç©é»,8.43,1025000.0,0.0,半導體業,https://www.moneydj.com/ETF/X/Basic/Basic0007.xdjhtm?etfid=00400A.TW&topc=
2026-08-20,00400A,主動國泰動能高息,2454,è¯ç¼ç§,6.02,470000.0,0.0,半導體業,https://www.moneydj.com/ETF/X/Basic/Basic0007.xdjhtm?etfid=00400A.TW&topc=
2026-08-20,00400A,主動國泰動能高息,2059,å·æ¹,5.93,123000.0,0.0,電子零組件業,https://www.moneydj.com/ETF/X/Basic/Basic0007.xdjhtm?etfid=00400A.TW&topc=
2026-08-20,00400A,主動國泰動能高息,3037,æ¬£è,5.84,1479000.0,0.0,電子零組件業,https://www.moneydj.com/ETF/X/Basic/Basic0007.xdjhtm?etfid=00400A.TW&topc=
2026-08-20,00400A,主動國泰動能高息,2383,å°åé»,5.0,241000.0,0.0,電子零組件業,https://www.moneydj.com/ETF/X/Basic/Basic0007.xdjhtm?etfid=00400A.TW&topc=
2026-08-20,00400A,主動國泰動能高息,3653,å¥ç­,4.79,247000.0,0.0,電子零組件業,https://www.moneydj.com/ETF/X/Basic/Basic0007.xdjhtm?etfid=00400A.TW&topc=
2026-08-20,00400A,主動國泰動能高息,6223,æºç½,4.66,238000.0,0.0,半導體業,https://www.moneydj.com/ETF/X/Basic/Basic0007.xdjhtm?etfid=00400A.TW&topc=
2026-08-20,00400A,主動國泰動能高息,3443,åµæ,3.7,190000.0,0.0,半導體業,https://www.moneydj.com/ETF/X/Basic/Basic0007.xdjhtm?etfid=00400A.TW&topc=
2026-08-20,00400A,主動國泰動能高息,2360,è´è,3.48,470000.0,0.0,其他電子業,https://www.moneydj.com/ETF/X/Basic/Basic0007.xdjhtm?etfid=00400A.TW&topc=
2026-08-20,00400A,主動國泰動能高息,3017,å¥é,3.47,336000.0,0.0,電腦及週邊設備業,https://www.moneydj.com/ETF/X/Basic/Basic0007.xdjhtm?etfid=00400A.TW&topc=
2026-08-20,00980A,主動野村臺灣優選,2330,å°ç©é»,8.98,753000.0,0.0,半導體業,https://www.moneydj.com/ETF/X/Basic/Basic0007.xdjhtm?etfid=00980A.TW&topc=
2026-08-20,00980A,主動野村臺灣優選,2059,å·æ¹,5.59,80000.0,0.0,電子零組件業,https://www.moneydj.com/ETF/X/Basic/Basic0007.xdjhtm?etfid=00980A.TW&topc=
2026-08-20,00980A,主動野村臺灣優選,2454,è¯ç¼ç§,4.62,249000.0,0.0,半導體業,https://www.moneydj.com/ETF/X/Basic/Basic0007.xdjhtm?etfid=00980A.TW&topc=
2026-08-20,00980A,主動野村臺灣優選,2383,å°åé»,4.09,136000.0,0.0,電子零組件業,https://www.moneydj.com/ETF/X/Basic/Basic0007.xdjhtm?etfid=00980A.TW&topc=
2026-08-20,00980A,主動野村臺灣優選,2308,å°éé»,3.54,404000.0,0.0,電子零組件業,https://www.moneydj.com/ETF/X/Basic/Basic0007.xdjhtm?etfid=00980A.TW&topc=
2026-08-20,00980A,主動野村臺灣優選,3037,æ¬£è,3.22,563000.0,0.0,電子零組件業,https://www.moneydj.com/ETF/X/Basic/Basic0007.xdjhtm?etfid=00980A.TW&topc=
2026-08-20,00980A,主動野村臺灣優選,3081,è¯äº,3.19,228600.0,0.0,通信網路業,https://www.moneydj.com/ETF/X/Basic/Basic0007.xdjhtm?etfid=00980A.TW&topc=
2026-08-20,00980A,主動野村臺灣優選,2408,åäºç§,2.84,1096000.0,0.0,半導體業,https://www.moneydj.com/ETF/X/Basic/Basic0007.xdjhtm?etfid=00980A.TW&topc=
2026-08-20,00980A,主動野村臺灣優選,2317,é´»æµ·,2.38,1921000.0,0.0,其他電子業,https://www.moneydj.com/ETF/X/Basic/Basic0007.xdjhtm?etfid=00980A.TW&topc=
2026-08-20,00982A,主動群益台灣強棒,2330,台積電,8.61,1794000.0,0.0,半導體業,https://www.capitalfund.com.tw/etf/product/detail/399/buyback
2026-08-20,00982A,主動群益台灣強棒,2454,聯發科,6.52,872000.0,0.0,半導體業,https://www.capitalfund.com.tw/etf/product/detail/399/buyback
2026-08-20,00982A,主動群益台灣強棒,6669,緯穎,6.52,510000.0,0.0,電腦及週邊設備業,https://www.capitalfund.com.tw/etf/product/detail/399/buyback
2026-08-20,00982A,主動群益台灣強棒,6139,亞翔,5.92,3828000.0,0.0,其他電子業,https://www.capitalfund.com.tw/etf/product/detail/399/buyback
2026-08-20,00982A,主動群益台灣強棒,2059,川湖,5.2,185000.0,0.0,電子零組件業,https://www.capitalfund.com.tw/etf/product/detail/399/buyback
2026-08-20,00982A,主動群益台灣強棒,2383,台光電,3.87,320000.0,0.0,電子零組件業,https://www.capitalfund.com.tw/etf/product/detail/399/buyback
2026-08-20,00982A,主動群益台灣強棒,3105,穩懋,3.68,4809000.0,0.0,半導體業,https://www.capitalfund.com.tw/etf/product/detail/399/buyback
2026-08-20,00982A,主動群益台灣強棒,2360,致茂,3.65,844000.0,0.0,其他電子業,https://www.capitalfund.com.tw/etf/product/detail/399/buyback
2026-08-20,00982A,主動群益台灣強棒,6223,旺矽,3.5,307000.0,0.0,半導體業,https://www.capitalfund.com.tw/etf/product/detail/399/buyback
2026-08-20,00982A,主動群益台灣強棒,2345,智邦,3.47,817000.0,0.0,通信網路業,https://www.capitalfund.com.tw/etf/product/detail/399/buyback
2026-08-20,00991A,主動復華未來50,ABNNA,荷蘭銀行公眾有限公司,5.93,153500.0,0.0,未分類,https://www.fhtrust.com.tw/ETF/etf_detail/ETF24#nav
2026-08-20,00991A,主動復華未來50,LGENLN,法通保險集團公開有限公司,4.808,1500000.0,0.0,未分類,https://www.fhtrust.com.tw/ETF/etf_detail/ETF24#nav
2026-08-20,00991A,主動復華未來50,TPEIRGA,Piraeus Bank SA,4.804,500000.0,0.0,未分類,https://www.fhtrust.com.tw/ETF/etf_detail/ETF24#nav
2026-08-20,00991A,主動復華未來50,NWGLN,國民西敏集團公開有限公司,4.552,600000.0,0.0,未分類,https://www.fhtrust.com.tw/ETF/etf_detail/ETF24#nav
2026-08-20,00991A,主動復華未來50,LLOYLN,勞埃德銀行集團,3.686,3000000.0,0.0,未分類,https://www.fhtrust.com.tw/ETF/etf_detail/ETF24#nav
2026-08-20,00991A,主動復華未來50,STANLN,渣打集團有限公司,3.375,140000.0,0.0,未分類,https://www.fhtrust.com.tw/ETF/etf_detail/ETF24#nav
2026-08-20,00991A,主動復華未來50,BARCLN,巴克萊集團,3.285,600000.0,0.0,未分類,https://www.fhtrust.com.tw/ETF/etf_detail/ETF24#nav
2026-08-20,00991A,主動復華未來50,BAMIIM,BPM銀行股份公司,3.219,200000.0,0.0,未分類,https://www.fhtrust.com.tw/ETF/etf_detail/ETF24#nav
2026-08-20,00991A,主動復華未來50,GLEFP,法國興業銀行股份有限公司,3.156,43000.0,0.0,未分類,https://www.fhtrust.com.tw/ETF/etf_detail/ETF24#nav
2026-08-20,00991A,主動復華未來50,ADMLN,Admiral集團公開有限公司,3.07,70000.0,0.0,未分類,https://www.fhtrust.com.tw/ETF/etf_detail/ETF24#nav
2026-08-20,00993A,主動安聯台灣,2330,å°ç©é»,9.03,391000.0,0.0,半導體業,https://www.moneydj.com/ETF/X/Basic/Basic0007.xdjhtm?etfid=00993A.TW&topc=
2026-08-20,00993A,主動安聯台灣,2383,å°åé»,6.45,111000.0,0.0,電子零組件業,https://www.moneydj.com/ETF/X/Basic/Basic0007.xdjhtm?etfid=00993A.TW&topc=
2026-08-20,00993A,主動安聯台灣,6223,æºç½,6.15,112000.0,0.0,半導體業,https://www.moneydj.com/ETF/X/Basic/Basic0007.xdjhtm?etfid=00993A.TW&topc=
2026-08-20,00993A,主動安聯台灣,3037,æ¬£è,5.84,527000.0,0.0,電子零組件業,https://www.moneydj.com/ETF/X/Basic/Basic0007.xdjhtm?etfid=00993A.TW&topc=
2026-08-20,00993A,主動安聯台灣,3017,å¥é,4.49,155000.0,0.0,電腦及週邊設備業,https://www.moneydj.com/ETF/X/Basic/Basic0007.xdjhtm?etfid=00993A.TW&topc=
2026-08-20,00993A,主動安聯台灣,2059,å·æ¹,4.46,33000.0,0.0,電子零組件業,https://www.moneydj.com/ETF/X/Basic/Basic0007.xdjhtm?etfid=00993A.TW&topc=
2026-08-20,00993A,主動安聯台灣,6274,å°ç¿,4.45,291000.0,0.0,電子零組件業,https://www.moneydj.com/ETF/X/Basic/Basic0007.xdjhtm?etfid=00993A.TW&topc=
2026-08-20,00993A,主動安聯台灣,5274,ä¿¡é©,4.07,26600.0,0.0,半導體業,https://www.moneydj.com/ETF/X/Basic/Basic0007.xdjhtm?etfid=00993A.TW&topc=
2026-08-20,00993A,主動安聯台灣,2454,è¯ç¼ç§,3.88,108000.0,0.0,半導體業,https://www.moneydj.com/ETF/X/Basic/Basic0007.xdjhtm?etfid=00993A.TW&topc=
2026-08-20,00993A,主動安聯台灣,2408,åäºç§,3.87,771000.0,0.0,半導體業,https://www.moneydj.com/ETF/X/Basic/Basic0007.xdjhtm?etfid=00993A.TW&topc=
2026-08-20,00999A,主動野村臺灣高息,2383,å°åé»,4.48,89000.0,0.0,電子零組件業,https://www.moneydj.com/ETF/X/Basic/Basic0007.xdjhtm?etfid=00999A.TW&topc=
2026-08-20,00999A,主動野村臺灣高息,2330,å°ç©é»,4.42,221000.0,0.0,半導體業,https://www.moneydj.com/ETF/X/Basic/Basic0007.xdjhtm?etfid=00999A.TW&topc=
2026-08-20,00999A,主動野村臺灣高息,2059,å·æ¹,3.75,32000.0,0.0,電子零組件業,https://www.moneydj.com/ETF/X/Basic/Basic0007.xdjhtm?etfid=00999A.TW&topc=
2026-08-20,00999A,主動野村臺灣高息,2886,åè±é,3.64,9327000.0,0.0,金融保險業,https://www.moneydj.com/ETF/X/Basic/Basic0007.xdjhtm?etfid=00999A.TW&topc=
2026-08-20,00999A,主動野村臺灣高息,3653,å¥ç­,3.49,74000.0,0.0,電子零組件業,https://www.moneydj.com/ETF/X/Basic/Basic0007.xdjhtm?etfid=00999A.TW&topc=
2026-08-20,00999A,主動野村臺灣高息,3711,æ¥æåææ§,3.26,656000.0,0.0,半導體業,https://www.moneydj.com/ETF/X/Basic/Basic0007.xdjhtm?etfid=00999A.TW&topc=
2026-08-20,00999A,主動野村臺灣高息,2892,ç¬¬ä¸é,3.15,11226000.0,0.0,金融保險業,https://www.moneydj.com/ETF/X/Basic/Basic0007.xdjhtm?etfid=00999A.TW&topc=
2026-08-20,00999A,主動野村臺灣高息,2454,è¯ç¼ç§,2.99,96000.0,0.0,半導體業,https://www.moneydj.com/ETF/X/Basic/Basic0007.xdjhtm?etfid=00999A.TW&topc=
2026-08-20,00999A,主動野村臺灣高息,7769,é´»å,2.72,50000.0,0.0,半導體業,https://www.moneydj.com/ETF/X/Basic/Basic0007.xdjhtm?etfid=00999A.TW&topc=
2026-08-20,00999A,主動野村臺灣高息,2880,è¯åé,2.57,7875388.0,0.0,金融保險業,https://www.moneydj.com/ETF/X/Basic/Basic0007.xdjhtm?etfid=00999A.TW&topc=
2026-08-21,00400A,主動國泰動能高息,2330,å°ç©é»,8.72,1025000.0,0.0,半導體業,https://www.moneydj.com/ETF/X/Basic/Basic0007.xdjhtm?etfid=00400A.TW&topc=
2026-08-21,00400A,主動國泰動能高息,2454,è¯ç¼ç§,6.28,470000.0,0.0,半導體業,https://www.moneydj.com/ETF/X/Basic/Basic0007.xdjhtm?etfid=00400A.TW&topc=
2026-08-21,00400A,主動國泰動能高息,2059,å·æ¹,5.81,123000.0,0.0,電子零組件業,https://www.moneydj.com/ETF/X/Basic/Basic0007.xdjhtm?etfid=00400A.TW&topc=
2026-08-21,00400A,主動國泰動能高息,3037,æ¬£è,5.66,1479000.0,0.0,電子零組件業,https://www.moneydj.com/ETF/X/Basic/Basic0007.xdjhtm?etfid=00400A.TW&topc=
2026-08-21,00400A,主動國泰動能高息,2383,å°åé»,4.83,241000.0,0.0,電子零組件業,https://www.moneydj.com/ETF/X/Basic/Basic0007.xdjhtm?etfid=00400A.TW&topc=
2026-08-21,00400A,主動國泰動能高息,3653,å¥ç­,4.7,247000.0,0.0,電子零組件業,https://www.moneydj.com/ETF/X/Basic/Basic0007.xdjhtm?etfid=00400A.TW&topc=
2026-08-21,00400A,主動國泰動能高息,6223,æºç½,4.59,238000.0,0.0,半導體業,https://www.moneydj.com/ETF/X/Basic/Basic0007.xdjhtm?etfid=00400A.TW&topc=
2026-08-21,00400A,主動國泰動能高息,3443,åµæ,3.75,190000.0,0.0,半導體業,https://www.moneydj.com/ETF/X/Basic/Basic0007.xdjhtm?etfid=00400A.TW&topc=
2026-08-21,00400A,主動國泰動能高息,2360,è´è,3.48,470000.0,0.0,其他電子業,https://www.moneydj.com/ETF/X/Basic/Basic0007.xdjhtm?etfid=00400A.TW&topc=
2026-08-21,00400A,主動國泰動能高息,3017,å¥é,3.4,336000.0,0.0,電腦及週邊設備業,https://www.moneydj.com/ETF/X/Basic/Basic0007.xdjhtm?etfid=00400A.TW&topc=
2026-08-21,00401A,主動摩根台灣鑫收,2330,å°ç©é»,15.93,210647.0,0.0,半導體業,https://www.moneydj.com/ETF/X/Basic/Basic0007.xdjhtm?etfid=00401A.TW&topc=
2026-08-21,00401A,主動摩根台灣鑫收,2454,è¯ç¼ç§,6.02,50600.0,0.0,半導體業,https://www.moneydj.com/ETF/X/Basic/Basic0007.xdjhtm?etfid=00401A.TW&topc=
2026-08-21,00401A,主動摩根台灣鑫收,2308,å°éé»,3.29,60000.0,0.0,電子零組件業,https://www.moneydj.com/ETF/X/Basic/Basic0007.xdjhtm?etfid=00401A.TW&topc=
2026-08-21,00401A,主動摩根台灣鑫收,3008,å¤§ç«å,2.82,16000.0,0.0,光電業,https://www.moneydj.com/ETF/X/Basic/Basic0007.xdjhtm?etfid=00401A.TW&topc=
2026-08-21,00401A,主動摩根台灣鑫收,3037,æ¬£è,2.52,74000.0,0.0,電子零組件業,https://www.moneydj.com/ETF/X/Basic/Basic0007.xdjhtm?etfid=00401A.TW&topc=
2026-08-21,00401A,主動摩根台灣鑫收,2382,å»£é,2.34,232000.0,0.0,電腦及週邊設備業,https://www.moneydj.com/ETF/X/Basic/Basic0007.xdjhtm?etfid=00401A.TW&topc=
2026-08-21,00401A,主動摩根台灣鑫收,2345,æºé¦,2.17,34053.0,0.0,通信網路業,https://www.moneydj.com/ETF/X/Basic/Basic0007.xdjhtm?etfid=00401A.TW&topc=
2026-08-21,00401A,主動摩根台灣鑫收,6669,ç·¯ç©,2.1,10714.0,0.0,電腦及週邊設備業,https://www.moneydj.com/ETF/X/Basic/Basic0007.xdjhtm?etfid=00401A.TW&topc=
2026-08-21,00401A,主動摩根台灣鑫收,2455,å¨æ°,2.03,159000.0,0.0,通信網路業,https://www.moneydj.com/ETF/X/Basic/Basic0007.xdjhtm?etfid=00401A.TW&topc=
2026-08-21,00401A,主動摩根台灣鑫收,3711,æ¥æåææ§,2.01,109000.0,0.0,半導體業,https://www.moneydj.com/ETF/X/Basic/Basic0007.xdjhtm?etfid=00401A.TW&topc=
2026-08-21,00403A,主動統一升級50,2330,å°ç©é»,17.12,12000000.0,0.0,半導體業,https://www.moneydj.com/ETF/X/Basic/Basic0007.xdjhtm?etfid=00403A.TW&topc=
2026-08-21,00403A,主動統一升級50,2383,å°åé»,5.68,1690000.0,0.0,電子零組件業,https://www.moneydj.com/ETF/X/Basic/Basic0007.xdjhtm?etfid=00403A.TW&topc=
2026-08-21,00403A,主動統一升級50,3037,æ¬£è,5.43,8460000.0,0.0,電子零組件業,https://www.moneydj.com/ETF/X/Basic/Basic0007.xdjhtm?etfid=00403A.TW&topc=
2026-08-21,00403A,主動統一升級50,3017,å¥é,5.09,3000000.0,0.0,電腦及週邊設備業,https://www.moneydj.com/ETF/X/Basic/Basic0007.xdjhtm?etfid=00403A.TW&topc=
2026-08-21,00403A,主動統一升級50,2454,è¯ç¼ç§,4.73,2110000.0,0.0,半導體業,https://www.moneydj.com/ETF/X/Basic/Basic0007.xdjhtm?etfid=00403A.TW&topc=
2026-08-21,00403A,主動統一升級50,2303,è¯é»,4.14,60000000.0,0.0,半導體業,https://www.moneydj.com/ETF/X/Basic/Basic0007.xdjhtm?etfid=00403A.TW&topc=
2026-08-21,00403A,主動統一升級50,6223,æºç½,3.56,1100000.0,0.0,半導體業,https://www.moneydj.com/ETF/X/Basic/Basic0007.xdjhtm?etfid=00403A.TW&topc=
2026-08-21,00403A,主動統一升級50,3653,å¥ç­,3.45,1080000.0,0.0,電子零組件業,https://www.moneydj.com/ETF/X/Basic/Basic0007.xdjhtm?etfid=00403A.TW&topc=
2026-08-21,00403A,主動統一升級50,2327,åå·¨*,3.21,9785000.0,0.0,電子零組件業,https://www.moneydj.com/ETF/X/Basic/Basic0007.xdjhtm?etfid=00403A.TW&topc=
2026-08-21,00403A,主動統一升級50,2308,å°éé»,3.15,3040000.0,0.0,電子零組件業,https://www.moneydj.com/ETF/X/Basic/Basic0007.xdjhtm?etfid=00403A.TW&topc=
2026-08-21,00980A,主動野村臺灣優選,2330,å°ç©é»,9.18,753000.0,0.0,半導體業,https://www.moneydj.com/ETF/X/Basic/Basic0007.xdjhtm?etfid=00980A.TW&topc=
2026-08-21,00980A,主動野村臺灣優選,2059,å·æ¹,5.42,80000.0,0.0,電子零組件業,https://www.moneydj.com/ETF/X/Basic/Basic0007.xdjhtm?etfid=00980A.TW&topc=
2026-08-21,00980A,主動野村臺灣優選,2454,è¯ç¼ç§,4.77,249000.0,0.0,半導體業,https://www.moneydj.com/ETF/X/Basic/Basic0007.xdjhtm?etfid=00980A.TW&topc=
2026-08-21,00980A,主動野村臺灣優選,2383,å°åé»,3.91,136000.0,0.0,電子零組件業,https://www.moneydj.com/ETF/X/Basic/Basic0007.xdjhtm?etfid=00980A.TW&topc=
2026-08-21,00980A,主動野村臺灣優選,2308,å°éé»,3.58,404000.0,0.0,電子零組件業,https://www.moneydj.com/ETF/X/Basic/Basic0007.xdjhtm?etfid=00980A.TW&topc=
2026-08-21,00980A,主動野村臺灣優選,3081,è¯äº,3.38,228600.0,0.0,通信網路業,https://www.moneydj.com/ETF/X/Basic/Basic0007.xdjhtm?etfid=00980A.TW&topc=
2026-08-21,00980A,主動野村臺灣優選,3037,æ¬£è,3.09,563000.0,0.0,電子零組件業,https://www.moneydj.com/ETF/X/Basic/Basic0007.xdjhtm?etfid=00980A.TW&topc=
2026-08-21,00980A,主動野村臺灣優選,2408,åäºç§,2.93,1096000.0,0.0,半導體業,https://www.moneydj.com/ETF/X/Basic/Basic0007.xdjhtm?etfid=00980A.TW&topc=
2026-08-21,00980A,主動野村臺灣優選,2317,é´»æµ·,2.39,1921000.0,0.0,其他電子業,https://www.moneydj.com/ETF/X/Basic/Basic0007.xdjhtm?etfid=00980A.TW&topc=
2026-08-21,00981A,主動統一台股增長,2330,å°ç©é»,10.16,11884000.0,0.0,半導體業,https://www.moneydj.com/ETF/X/Basic/Basic0007.xdjhtm?etfid=00981A.TW&topc=
2026-08-21,00981A,主動統一台股增長,2383,å°åé»,9.76,4843000.0,0.0,電子零組件業,https://www.moneydj.com/ETF/X/Basic/Basic0007.xdjhtm?etfid=00981A.TW&topc=
2026-08-21,00981A,主動統一台股增長,3037,æ¬£è,7.82,20300000.0,0.0,電子零組件業,https://www.moneydj.com/ETF/X/Basic/Basic0007.xdjhtm?etfid=00981A.TW&topc=
2026-08-21,00981A,主動統一台股增長,2454,è¯ç¼ç§,6.92,5148000.0,0.0,半導體業,https://www.moneydj.com/ETF/X/Basic/Basic0007.xdjhtm?etfid=00981A.TW&topc=
2026-08-21,00981A,主動統一台股增長,3017,å¥é,6.0,5899000.0,0.0,電腦及週邊設備業,https://www.moneydj.com/ETF/X/Basic/Basic0007.xdjhtm?etfid=00981A.TW&topc=
2026-08-21,00981A,主動統一台股增長,2327,åå·¨*,4.99,25387000.0,0.0,電子零組件業,https://www.moneydj.com/ETF/X/Basic/Basic0007.xdjhtm?etfid=00981A.TW&topc=
2026-08-21,00981A,主動統一台股增長,6669,ç·¯ç©,4.94,2226000.0,0.0,電腦及週邊設備業,https://www.moneydj.com/ETF/X/Basic/Basic0007.xdjhtm?etfid=00981A.TW&topc=
2026-08-21,00981A,主動統一台股增長,6223,æºç½,4.82,2486000.0,0.0,半導體業,https://www.moneydj.com/ETF/X/Basic/Basic0007.xdjhtm?etfid=00981A.TW&topc=
2026-08-21,00981A,主動統一台股增長,2345,æºé¦,4.74,6564000.0,0.0,通信網路業,https://www.moneydj.com/ETF/X/Basic/Basic0007.xdjhtm?etfid=00981A.TW&topc=
2026-08-21,00981A,主動統一台股增長,3653,å¥ç­,4.59,2395000.0,0.0,電子零組件業,https://www.moneydj.com/ETF/X/Basic/Basic0007.xdjhtm?etfid=00981A.TW&topc=
2026-08-21,00982A,主動群益台灣強棒,2330,台積電,8.87,1794000.0,0.0,半導體業,https://www.capitalfund.com.tw/etf/product/detail/399/buyback
2026-08-21,00982A,主動群益台灣強棒,2454,聯發科,6.78,872000.0,0.0,半導體業,https://www.capitalfund.com.tw/etf/product/detail/399/buyback
2026-08-21,00982A,主動群益台灣強棒,6669,緯穎,6.54,510000.0,0.0,電腦及週邊設備業,https://www.capitalfund.com.tw/etf/product/detail/399/buyback
2026-08-21,00982A,主動群益台灣強棒,6139,亞翔,5.98,3828000.0,0.0,其他電子業,https://www.capitalfund.com.tw/etf/product/detail/399/buyback
2026-08-21,00982A,主動群益台灣強棒,2059,川湖,5.08,185000.0,0.0,電子零組件業,https://www.capitalfund.com.tw/etf/product/detail/399/buyback
2026-08-21,00982A,主動群益台灣強棒,2383,台光電,3.73,320000.0,0.0,電子零組件業,https://www.capitalfund.com.tw/etf/product/detail/399/buyback
2026-08-21,00982A,主動群益台灣強棒,3105,穩懋,3.68,4809000.0,0.0,半導體業,https://www.capitalfund.com.tw/etf/product/detail/399/buyback
2026-08-21,00982A,主動群益台灣強棒,2360,致茂,3.63,844000.0,0.0,其他電子業,https://www.capitalfund.com.tw/etf/product/detail/399/buyback
2026-08-21,00982A,主動群益台灣強棒,6223,旺矽,3.44,307000.0,0.0,半導體業,https://www.capitalfund.com.tw/etf/product/detail/399/buyback
2026-08-21,00982A,主動群益台灣強棒,2345,智邦,3.41,817000.0,0.0,通信網路業,https://www.capitalfund.com.tw/etf/product/detail/399/buyback
2026-08-21,00983A,主動中信ARK創新,TSLA,Tesla,8.02,8645.0,0.0,未分類,https://www.moneydj.com/ETF/X/Basic/Basic0007.xdjhtm?etfid=00983A.TW&topc=
2026-08-21,00983A,主動中信ARK創新,SHOP,Shopify,6.52,16377.0,0.0,未分類,https://www.moneydj.com/ETF/X/Basic/Basic0007.xdjhtm?etfid=00983A.TW&topc=
2026-08-21,00983A,主動中信ARK創新,TEM,Tempus,4.53,25151.0,0.0,未分類,https://www.moneydj.com/ETF/X/Basic/Basic0007.xdjhtm?etfid=00983A.TW&topc=
2026-08-21,00983A,主動中信ARK創新,CRSP,CRISPR Therapeutics,4.5,28627.0,0.0,未分類,https://www.moneydj.com/ETF/X/Basic/Basic0007.xdjhtm?etfid=00983A.TW&topc=
2026-08-21,00983A,主動中信ARK創新,TWST,Twist Bioscience,4.43,12014.0,0.0,未分類,https://www.moneydj.com/ETF/X/Basic/Basic0007.xdjhtm?etfid=00983A.TW&topc=
2026-08-21,00983A,主動中信ARK創新,TXG,10x Genomics,4.21,24355.0,0.0,未分類,https://www.moneydj.com/ETF/X/Basic/Basic0007.xdjhtm?etfid=00983A.TW&topc=
2026-08-21,00983A,主動中信ARK創新,CRCL,Circle,3.85,17000.0,0.0,未分類,https://www.moneydj.com/ETF/X/Basic/Basic0007.xdjhtm?etfid=00983A.TW&topc=
2026-08-21,00983A,主動中信ARK創新,HOOD,Robinhood Markets,3.74,14529.0,0.0,未分類,https://www.moneydj.com/ETF/X/Basic/Basic0007.xdjhtm?etfid=00983A.TW&topc=
2026-08-21,00983A,主動中信ARK創新,SPCX,SpaceX,3.65,10059.0,0.0,未分類,https://www.moneydj.com/ETF/X/Basic/Basic0007.xdjhtm?etfid=00983A.TW&topc=
2026-08-21,00983A,主動中信ARK創新,AMD,AMD,3.58,2818.0,0.0,未分類,https://www.moneydj.com/ETF/X/Basic/Basic0007.xdjhtm?etfid=00983A.TW&topc=
2026-08-21,00985A,主動野村台灣50,2330,å°ç©é»,13.98,588000.0,0.0,半導體業,https://www.moneydj.com/ETF/X/Basic/Basic0007.xdjhtm?etfid=00985A.TW&topc=
2026-08-21,00985A,主動野村台灣50,2376,æå,4.85,1448000.0,0.0,電腦及週邊設備業,https://www.moneydj.com/ETF/X/Basic/Basic0007.xdjhtm?etfid=00985A.TW&topc=
2026-08-21,00985A,主動野村台灣50,2603,é·æ¦®,4.31,1737000.0,0.0,航運業,https://www.moneydj.com/ETF/X/Basic/Basic0007.xdjhtm?etfid=00985A.TW&topc=
2026-08-21,00985A,主動野村台灣50,4904,é å³,3.88,3832000.0,0.0,通信網路業,https://www.moneydj.com/ETF/X/Basic/Basic0007.xdjhtm?etfid=00985A.TW&topc=
2026-08-21,00985A,主動野村台灣50,2412,ä¸­è¯é»,3.81,2828000.0,0.0,通信網路業,https://www.moneydj.com/ETF/X/Basic/Basic0007.xdjhtm?etfid=00985A.TW&topc=
2026-08-21,00985A,主動野村台灣50,6669,ç·¯ç©,3.27,53000.0,0.0,電腦及週邊設備業,https://www.moneydj.com/ETF/X/Basic/Basic0007.xdjhtm?etfid=00985A.TW&topc=
2026-08-21,00985A,主動野村台灣50,3653,å¥ç­,2.61,49000.0,0.0,電子零組件業,https://www.moneydj.com/ETF/X/Basic/Basic0007.xdjhtm?etfid=00985A.TW&topc=
2026-08-21,00985A,主動野村台灣50,2345,æºé¦,2.49,124000.0,0.0,通信網路業,https://www.moneydj.com/ETF/X/Basic/Basic0007.xdjhtm?etfid=00985A.TW&topc=
2026-08-21,00985A,主動野村台灣50,1504,æ±å,2.47,3473000.0,0.0,電機機械,https://www.moneydj.com/ETF/X/Basic/Basic0007.xdjhtm?etfid=00985A.TW&topc=
2026-08-21,00986A,主動台新龍頭成長,2330,å°ç©é»,8.93,22000.0,0.0,半導體業,https://www.moneydj.com/ETF/X/Basic/Basic0007.xdjhtm?etfid=00986A.TW&topc=
2026-08-21,00986A,主動台新龍頭成長,NVDA,NVIDIA,5.92,5000.0,0.0,未分類,https://www.moneydj.com/ETF/X/Basic/Basic0007.xdjhtm?etfid=00986A.TW&topc=
2026-08-21,00986A,主動台新龍頭成長,GOOGL,lphabet - Class A Common Stock,5.58,3000.0,0.0,未分類,https://www.moneydj.com/ETF/X/Basic/Basic0007.xdjhtm?etfid=00986A.TW&topc=
2026-08-21,00986A,主動台新龍頭成長,MU,Micron,4.26,800.0,0.0,未分類,https://www.moneydj.com/ETF/X/Basic/Basic0007.xdjhtm?etfid=00986A.TW&topc=
2026-08-21,00986A,主動台新龍頭成長,AMZN,Amazon,3.98,2800.0,0.0,未分類,https://www.moneydj.com/ETF/X/Basic/Basic0007.xdjhtm?etfid=00986A.TW&topc=
2026-08-21,00986A,主動台新龍頭成長,LITE,Lumentum,3.75,780.0,0.0,未分類,https://www.moneydj.com/ETF/X/Basic/Basic0007.xdjhtm?etfid=00986A.TW&topc=
2026-08-21,00986A,主動台新龍頭成長,AMD,AMD,3.59,1400.0,0.0,未分類,https://www.moneydj.com/ETF/X/Basic/Basic0007.xdjhtm?etfid=00986A.TW&topc=
2026-08-21,00986A,主動台新龍頭成長,AVGO,Broadcom,3.58,1800.0,0.0,未分類,https://www.moneydj.com/ETF/X/Basic/Basic0007.xdjhtm?etfid=00986A.TW&topc=
2026-08-21,00986A,主動台新龍頭成長,CRWD,CrowdStrike Holdings,3.43,3300.0,0.0,未分類,https://www.moneydj.com/ETF/X/Basic/Basic0007.xdjhtm?etfid=00986A.TW&topc=
2026-08-21,00986A,主動台新龍頭成長,LLY,Eli Lilly,3.06,450.0,0.0,未分類,https://www.moneydj.com/ETF/X/Basic/Basic0007.xdjhtm?etfid=00986A.TW&topc=
2026-08-21,00987A,主動台新優勢成長,2330,å°ç©é»,8.41,90000.0,0.0,半導體業,https://www.moneydj.com/ETF/X/Basic/Basic0007.xdjhtm?etfid=00987A.TW&topc=
2026-08-21,00987A,主動台新優勢成長,3037,æ¬£è,6.99,166000.0,0.0,電子零組件業,https://www.moneydj.com/ETF/X/Basic/Basic0007.xdjhtm?etfid=00987A.TW&topc=
2026-08-21,00987A,主動台新優勢成長,3017,å¥é,6.45,58000.0,0.0,電腦及週邊設備業,https://www.moneydj.com/ETF/X/Basic/Basic0007.xdjhtm?etfid=00987A.TW&topc=
2026-08-21,00987A,主動台新優勢成長,2383,å°åé»,6.39,29000.0,0.0,電子零組件業,https://www.moneydj.com/ETF/X/Basic/Basic0007.xdjhtm?etfid=00987A.TW&topc=
2026-08-21,00987A,主動台新優勢成長,6223,æºç½,5.72,27000.0,0.0,半導體業,https://www.moneydj.com/ETF/X/Basic/Basic0007.xdjhtm?etfid=00987A.TW&topc=
2026-08-21,00987A,主動台新優勢成長,2408,åäºç§,4.92,240000.0,0.0,半導體業,https://www.moneydj.com/ETF/X/Basic/Basic0007.xdjhtm?etfid=00987A.TW&topc=
2026-08-21,00987A,主動台新優勢成長,2454,è¯ç¼ç§,4.71,32000.0,0.0,半導體業,https://www.moneydj.com/ETF/X/Basic/Basic0007.xdjhtm?etfid=00987A.TW&topc=
2026-08-21,00987A,主動台新優勢成長,3665,è²¿è¯-KY,4.41,50000.0,0.0,其他電子業,https://www.moneydj.com/ETF/X/Basic/Basic0007.xdjhtm?etfid=00987A.TW&topc=
2026-08-21,00987A,主動台新優勢成長,3443,åµæ,4.35,20000.0,0.0,半導體業,https://www.moneydj.com/ETF/X/Basic/Basic0007.xdjhtm?etfid=00987A.TW&topc=
2026-08-21,00987A,主動台新優勢成長,6274,å°ç¿,4.35,75000.0,0.0,電子零組件業,https://www.moneydj.com/ETF/X/Basic/Basic0007.xdjhtm?etfid=00987A.TW&topc=
2026-08-21,00989A,主動摩根美國科技,PANW,Palo Alto,3.99,4257.0,0.0,未分類,https://www.moneydj.com/ETF/X/Basic/Basic0007.xdjhtm?etfid=00989A.TW&topc=
2026-08-21,00989A,主動摩根美國科技,NVDA,NVIDIA,3.98,6847.0,0.0,未分類,https://www.moneydj.com/ETF/X/Basic/Basic0007.xdjhtm?etfid=00989A.TW&topc=
2026-08-21,00989A,主動摩根美國科技,AVGO,Broadcom,3.66,3755.0,0.0,未分類,https://www.moneydj.com/ETF/X/Basic/Basic0007.xdjhtm?etfid=00989A.TW&topc=
2026-08-21,00989A,主動摩根美國科技,TTWO,Take-Two,3.51,5454.0,0.0,未分類,https://www.moneydj.com/ETF/X/Basic/Basic0007.xdjhtm?etfid=00989A.TW&topc=
2026-08-21,00989A,主動摩根美國科技,SNOW,Snowflake,3.19,3701.0,0.0,未分類,https://www.moneydj.com/ETF/X/Basic/Basic0007.xdjhtm?etfid=00989A.TW&topc=
2026-08-21,00989A,主動摩根美國科技,MSFT,Microsoft,3.15,2445.0,0.0,未分類,https://www.moneydj.com/ETF/X/Basic/Basic0007.xdjhtm?etfid=00989A.TW&topc=
2026-08-21,00989A,主動摩根美國科技,CRWD,CrowdStrike Holdings,2.92,5714.0,0.0,未分類,https://www.moneydj.com/ETF/X/Basic/Basic0007.xdjhtm?etfid=00989A.TW&topc=
2026-08-21,00989A,主動摩根美國科技,GOOG,phabet - Class C Capital Stock,2.89,3189.0,0.0,未分類,https://www.moneydj.com/ETF/X/Basic/Basic0007.xdjhtm?etfid=00989A.TW&topc=
2026-08-21,00989A,主動摩根美國科技,TSLA,Tesla,2.85,3082.0,0.0,未分類,https://www.moneydj.com/ETF/X/Basic/Basic0007.xdjhtm?etfid=00989A.TW&topc=
2026-08-21,00989A,主動摩根美國科技,INTC,Intel,2.74,11090.0,0.0,未分類,https://www.moneydj.com/ETF/X/Basic/Basic0007.xdjhtm?etfid=00989A.TW&topc=
2026-08-21,00990A,主動元大AI新經濟,2872,-1.81,32.38,878.0,0.0,未分類,https://www.moneydj.com/ETF/X/Basic/Basic0009.xdjhtm?etfid=00990A.TW
2026-08-21,00990A,主動元大AI新經濟,1068,N/AN/AN/AN/AN/AN/AN/AN/AN/AN/Aåºæºææ¸æ¼²è·å¹,22.92,0.0,0.0,未分類,https://www.moneydj.com/ETF/X/Basic/Basic0009.xdjhtm?etfid=00990A.TW
2026-08-21,00990A,主動元大AI新經濟,2808,-,14.43,1.16,0.0,未分類,https://www.moneydj.com/ETF/X/Basic/Basic0009.xdjhtm?etfid=00990A.TW
2026-08-21,00990A,主動元大AI新經濟,4053,-,12.62,11.44,0.0,未分類,https://www.moneydj.com/ETF/X/Basic/Basic0009.xdjhtm?etfid=00990A.TW
2026-08-21,00990A,主動元大AI新經濟,1245,-,10.29,0.0,0.0,未分類,https://www.moneydj.com/ETF/X/Basic/Basic0009.xdjhtm?etfid=00990A.TW
2026-08-21,00990A,主動元大AI新經濟,0800,-,6.0,0.0,0.0,未分類,https://www.moneydj.com/ETF/X/Basic/Basic0009.xdjhtm?etfid=00990A.TW
2026-08-21,00990A,主動元大AI新經濟,2023,Q,2.0,0.0,0.0,鋼鐵工業,https://www.moneydj.com/ETF/X/Basic/Basic0009.xdjhtm?etfid=00990A.TW
2026-08-21,00990A,主動元大AI新經濟,1171,-,1.83,0.0,0.0,未分類,https://www.moneydj.com/ETF/X/Basic/Basic0009.xdjhtm?etfid=00990A.TW
2026-08-21,00990A,主動元大AI新經濟,1097,N/AN/AN/AN/AN/Aåºæºææ¸æ¼²è·å¹-,1.5,0.0,0.0,未分類,https://www.moneydj.com/ETF/X/Basic/Basic0009.xdjhtm?etfid=00990A.TW
2026-08-21,00991A,主動復華未來50,ABNNA,荷蘭銀行公眾有限公司,5.93,153500.0,0.0,未分類,https://www.fhtrust.com.tw/ETF/etf_detail/ETF24#nav
2026-08-21,00991A,主動復華未來50,LGENLN,法通保險集團公開有限公司,4.808,1500000.0,0.0,未分類,https://www.fhtrust.com.tw/ETF/etf_detail/ETF24#nav
2026-08-21,00991A,主動復華未來50,TPEIRGA,Piraeus Bank SA,4.804,500000.0,0.0,未分類,https://www.fhtrust.com.tw/ETF/etf_detail/ETF24#nav
2026-08-21,00991A,主動復華未來50,NWGLN,國民西敏集團公開有限公司,4.552,600000.0,0.0,未分類,https://www.fhtrust.com.tw/ETF/etf_detail/ETF24#nav
2026-08-21,00991A,主動復華未來50,LLOYLN,勞埃德銀行集團,3.686,3000000.0,0.0,未分類,https://www.fhtrust.com.tw/ETF/etf_detail/ETF24#nav
2026-08-21,00991A,主動復華未來50,STANLN,渣打集團有限公司,3.375,140000.0,0.0,未分類,https://www.fhtrust.com.tw/ETF/etf_detail/ETF24#nav
2026-08-21,00991A,主動復華未來50,BARCLN,巴克萊集團,3.285,600000.0,0.0,未分類,https://www.fhtrust.com.tw/ETF/etf_detail/ETF24#nav
2026-08-21,00991A,主動復華未來50,BAMIIM,BPM銀行股份公司,3.219,200000.0,0.0,未分類,https://www.fhtrust.com.tw/ETF/etf_detail/ETF24#nav
2026-08-21,00991A,主動復華未來50,GLEFP,法國興業銀行股份有限公司,3.156,43000.0,0.0,未分類,https://www.fhtrust.com.tw/ETF/etf_detail/ETF24#nav
2026-08-21,00991A,主動復華未來50,ADMLN,Admiral集團公開有限公司,3.07,70000.0,0.0,未分類,https://www.fhtrust.com.tw/ETF/etf_detail/ETF24#nav
2026-08-21,00992A,主動群益科技創新,2059,川湖,8.3,260000.0,0.0,電子零組件業,https://www.capitalfund.com.tw/etf/product/detail/500/buyback
2026-08-21,00992A,主動群益科技創新,2330,台積電,7.51,1306000.0,0.0,半導體業,https://www.capitalfund.com.tw/etf/product/detail/500/buyback
2026-08-21,00992A,主動群益科技創新,3017,奇鋐,6.84,1001000.0,0.0,電腦及週邊設備業,https://www.capitalfund.com.tw/etf/product/detail/500/buyback
2026-08-21,00992A,主動群益科技創新,3037,欣興,6.42,2482000.0,0.0,電子零組件業,https://www.capitalfund.com.tw/etf/product/detail/500/buyback
2026-08-21,00992A,主動群益科技創新,2383,台光電,6.3,465000.0,0.0,電子零組件業,https://www.capitalfund.com.tw/etf/product/detail/500/buyback
2026-08-21,00992A,主動群益科技創新,3665,貿聯-KY,6.3,1161000.0,0.0,其他電子業,https://www.capitalfund.com.tw/etf/product/detail/500/buyback
2026-08-21,00992A,主動群益科技創新,2345,智邦,5.21,1074000.0,0.0,通信網路業,https://www.capitalfund.com.tw/etf/product/detail/500/buyback
2026-08-21,00992A,主動群益科技創新,3008,大立光,4.59,343000.0,0.0,光電業,https://www.capitalfund.com.tw/etf/product/detail/500/buyback
2026-08-21,00992A,主動群益科技創新,8996,高力,4.24,1630000.0,0.0,電機機械,https://www.capitalfund.com.tw/etf/product/detail/500/buyback
2026-08-21,00992A,主動群益科技創新,6223,旺矽,3.49,268000.0,0.0,半導體業,https://www.capitalfund.com.tw/etf/product/detail/500/buyback
2026-08-21,00993A,主動安聯台灣,2330,å°ç©é»,8.94,375000.0,0.0,半導體業,https://www.moneydj.com/ETF/X/Basic/Basic0007.xdjhtm?etfid=00993A.TW&topc=
2026-08-21,00993A,主動安聯台灣,2383,å°åé»,6.4,114000.0,0.0,電子零組件業,https://www.moneydj.com/ETF/X/Basic/Basic0007.xdjhtm?etfid=00993A.TW&topc=
2026-08-21,00993A,主動安聯台灣,6223,æºç½,6.21,115000.0,0.0,半導體業,https://www.moneydj.com/ETF/X/Basic/Basic0007.xdjhtm?etfid=00993A.TW&topc=
2026-08-21,00993A,主動安聯台灣,3037,æ¬£è,5.98,558000.0,0.0,電子零組件業,https://www.moneydj.com/ETF/X/Basic/Basic0007.xdjhtm?etfid=00993A.TW&topc=
2026-08-21,00993A,主動安聯台灣,6274,å°ç¿,4.49,304000.0,0.0,電子零組件業,https://www.moneydj.com/ETF/X/Basic/Basic0007.xdjhtm?etfid=00993A.TW&topc=
2026-08-21,00993A,主動安聯台灣,3017,å¥é,4.44,157000.0,0.0,電腦及週邊設備業,https://www.moneydj.com/ETF/X/Basic/Basic0007.xdjhtm?etfid=00993A.TW&topc=
2026-08-21,00993A,主動安聯台灣,2059,å·æ¹,4.36,33000.0,0.0,電子零組件業,https://www.moneydj.com/ETF/X/Basic/Basic0007.xdjhtm?etfid=00993A.TW&topc=
2026-08-21,00993A,主動安聯台灣,5274,ä¿¡é©,4.03,26600.0,0.0,半導體業,https://www.moneydj.com/ETF/X/Basic/Basic0007.xdjhtm?etfid=00993A.TW&topc=
2026-08-21,00993A,主動安聯台灣,2408,åäºç§,4.02,771000.0,0.0,半導體業,https://www.moneydj.com/ETF/X/Basic/Basic0007.xdjhtm?etfid=00993A.TW&topc=
2026-08-21,00993A,主動安聯台灣,2454,è¯ç¼ç§,3.82,102000.0,0.0,半導體業,https://www.moneydj.com/ETF/X/Basic/Basic0007.xdjhtm?etfid=00993A.TW&topc=
2026-08-21,00994A,主動第一金台股優,2330,å°ç©é»,14.2,292999.0,0.0,半導體業,https://www.moneydj.com/ETF/X/Basic/Basic0007.xdjhtm?etfid=00994A.TW&topc=
2026-08-21,00994A,主動第一金台股優,2383,å°åé»,7.77,68001.0,0.0,電子零組件業,https://www.moneydj.com/ETF/X/Basic/Basic0007.xdjhtm?etfid=00994A.TW&topc=
2026-08-21,00994A,主動第一金台股優,3017,å¥é,6.08,105500.0,0.0,電腦及週邊設備業,https://www.moneydj.com/ETF/X/Basic/Basic0007.xdjhtm?etfid=00994A.TW&topc=
2026-08-21,00994A,主動第一金台股優,2059,å·æ¹,5.66,21001.0,0.0,電子零組件業,https://www.moneydj.com/ETF/X/Basic/Basic0007.xdjhtm?etfid=00994A.TW&topc=
2026-08-21,00994A,主動第一金台股優,8046,åé»,5.39,236000.0,0.0,電子零組件業,https://www.moneydj.com/ETF/X/Basic/Basic0007.xdjhtm?etfid=00994A.TW&topc=
2026-08-21,00994A,主動第一金台股優,3037,æ¬£è,5.33,244001.0,0.0,電子零組件業,https://www.moneydj.com/ETF/X/Basic/Basic0007.xdjhtm?etfid=00994A.TW&topc=
2026-08-21,00994A,主動第一金台股優,6274,å°ç¿,4.75,158000.0,0.0,電子零組件業,https://www.moneydj.com/ETF/X/Basic/Basic0007.xdjhtm?etfid=00994A.TW&topc=
2026-08-21,00994A,主動第一金台股優,6223,æºç½,4.06,36901.0,0.0,半導體業,https://www.moneydj.com/ETF/X/Basic/Basic0007.xdjhtm?etfid=00994A.TW&topc=
2026-08-21,00994A,主動第一金台股優,2408,åäºç§,3.35,315000.0,0.0,半導體業,https://www.moneydj.com/ETF/X/Basic/Basic0007.xdjhtm?etfid=00994A.TW&topc=
2026-08-21,00994A,主動第一金台股優,6669,ç·¯ç©,3.27,26000.0,0.0,電腦及週邊設備業,https://www.moneydj.com/ETF/X/Basic/Basic0007.xdjhtm?etfid=00994A.TW&topc=
2026-08-21,00995A,主動中信台灣卓越,2330,å°ç©é»,9.35,189000.0,0.0,半導體業,https://www.moneydj.com/ETF/X/Basic/Basic0007.xdjhtm?etfid=00995A.TW&topc=
2026-08-21,00995A,主動中信台灣卓越,2383,å°åé»,8.41,72000.0,0.0,電子零組件業,https://www.moneydj.com/ETF/X/Basic/Basic0007.xdjhtm?etfid=00995A.TW&topc=
2026-08-21,00995A,主動中信台灣卓越,2454,è¯ç¼ç§,5.77,74000.0,0.0,半導體業,https://www.moneydj.com/ETF/X/Basic/Basic0007.xdjhtm?etfid=00995A.TW&topc=
2026-08-21,00995A,主動中信台灣卓越,6669,ç·¯ç©,5.53,43000.0,0.0,電腦及週邊設備業,https://www.moneydj.com/ETF/X/Basic/Basic0007.xdjhtm?etfid=00995A.TW&topc=
2026-08-21,00995A,主動中信台灣卓越,3037,æ¬£è,5.18,232000.0,0.0,電子零組件業,https://www.moneydj.com/ETF/X/Basic/Basic0007.xdjhtm?etfid=00995A.TW&topc=
2026-08-21,00995A,主動中信台灣卓越,3017,å¥é,4.71,80000.0,0.0,電腦及週邊設備業,https://www.moneydj.com/ETF/X/Basic/Basic0007.xdjhtm?etfid=00995A.TW&topc=
2026-08-21,00995A,主動中信台灣卓越,2345,æºé¦,4.6,110000.0,0.0,通信網路業,https://www.moneydj.com/ETF/X/Basic/Basic0007.xdjhtm?etfid=00995A.TW&topc=
2026-08-21,00995A,主動中信台灣卓越,6223,æºç½,4.27,38000.0,0.0,半導體業,https://www.moneydj.com/ETF/X/Basic/Basic0007.xdjhtm?etfid=00995A.TW&topc=
2026-08-21,00995A,主動中信台灣卓越,8046,åé»,3.97,170000.0,0.0,電子零組件業,https://www.moneydj.com/ETF/X/Basic/Basic0007.xdjhtm?etfid=00995A.TW&topc=
2026-08-21,00995A,主動中信台灣卓越,2308,å°éé»,3.96,110000.0,0.0,電子零組件業,https://www.moneydj.com/ETF/X/Basic/Basic0007.xdjhtm?etfid=00995A.TW&topc=
2026-08-21,00996A,主動兆豐台灣豐收,2330,å°ç©é»,10.25,179000.0,0.0,半導體業,https://www.moneydj.com/ETF/X/Basic/Basic0007.xdjhtm?etfid=00996A.TW&topc=
2026-08-21,00996A,主動兆豐台灣豐收,2383,å°åé»,6.88,51000.0,0.0,電子零組件業,https://www.moneydj.com/ETF/X/Basic/Basic0007.xdjhtm?etfid=00996A.TW&topc=
2026-08-21,00996A,主動兆豐台灣豐收,2454,è¯ç¼ç§,6.75,75000.0,0.0,半導體業,https://www.moneydj.com/ETF/X/Basic/Basic0007.xdjhtm?etfid=00996A.TW&topc=
2026-08-21,00996A,主動兆豐台灣豐收,2327,åå·¨*,5.92,450000.0,0.0,電子零組件業,https://www.moneydj.com/ETF/X/Basic/Basic0007.xdjhtm?etfid=00996A.TW&topc=
2026-08-21,00996A,主動兆豐台灣豐收,4958,è»é¼-KY,5.89,562000.0,0.0,電子零組件業,https://www.moneydj.com/ETF/X/Basic/Basic0007.xdjhtm?etfid=00996A.TW&topc=
2026-08-21,00996A,主動兆豐台灣豐收,2308,å°éé»,4.78,115000.0,0.0,電子零組件業,https://www.moneydj.com/ETF/X/Basic/Basic0007.xdjhtm?etfid=00996A.TW&topc=
2026-08-21,00996A,主動兆豐台灣豐收,2472,ç«éé»,3.28,633000.0,0.0,電子零組件業,https://www.moneydj.com/ETF/X/Basic/Basic0007.xdjhtm?etfid=00996A.TW&topc=
2026-08-21,00996A,主動兆豐台灣豐收,3443,åµæ,2.93,22000.0,0.0,半導體業,https://www.moneydj.com/ETF/X/Basic/Basic0007.xdjhtm?etfid=00996A.TW&topc=
2026-08-21,00996A,主動兆豐台灣豐收,6278,å°è¡¨ç§,2.7,608000.0,0.0,光電業,https://www.moneydj.com/ETF/X/Basic/Basic0007.xdjhtm?etfid=00996A.TW&topc=
2026-08-21,00996A,主動兆豐台灣豐收,8046,åé»,2.56,95000.0,0.0,電子零組件業,https://www.moneydj.com/ETF/X/Basic/Basic0007.xdjhtm?etfid=00996A.TW&topc=
2026-08-21,00997A,主動群益美國增長,B,群益,25.0,0.0,0.0,未分類,https://www.capitalfund.com.tw/etf/product/overview
2026-08-21,00997A,主動群益美國增長,L,群益臺灣加權正,2.0,0.0,0.0,未分類,https://www.capitalfund.com.tw/etf/product/overview
2026-08-21,00997A,主動群益美國增長,4406,漲跌-,1.3,0.0,0.0,紡織纖維,https://www.capitalfund.com.tw/etf/product/overview
2026-08-21,00997A,主動群益美國增長,R,群益臺灣加權反,1.0,0.0,0.0,未分類,https://www.capitalfund.com.tw/etf/product/overview
2026-08-21,00997A,主動群益美國增長,3086,漲跌,0.57,0.0,0.0,文化創意業,https://www.capitalfund.com.tw/etf/product/overview
2026-08-21,00997A,主動群益美國增長,3872,漲跌,0.19,0.0,0.0,未分類,https://www.capitalfund.com.tw/etf/product/overview
2026-08-21,00997A,主動群益美國增長,3554,漲跌,0.16,0.0,0.0,未分類,https://www.capitalfund.com.tw/etf/product/overview
2026-08-21,00997A,主動群益美國增長,1136,漲跌,0.11,0.0,0.0,未分類,https://www.capitalfund.com.tw/etf/product/overview
2026-08-21,00997A,主動群益美國增長,1045,漲跌-,0.1,0.0,0.0,未分類,https://www.capitalfund.com.tw/etf/product/overview
2026-08-21,00997A,主動群益美國增長,1524,漲跌-,0.07,0.0,0.0,汽車工業,https://www.capitalfund.com.tw/etf/product/overview
2026-08-21,00997A,主動群益美國增長,1865,漲跌,0.07,0.0,0.0,未分類,https://www.capitalfund.com.tw/etf/product/overview
2026-08-21,00998A,主動復華金融股息,ABNNA,荷蘭銀行公眾有限公司,5.93,153500.0,0.0,未分類,https://www.fhtrust.com.tw/ETF/etf_detail/ETF24#nav
2026-08-21,00998A,主動復華金融股息,LGENLN,法通保險集團公開有限公司,4.808,1500000.0,0.0,未分類,https://www.fhtrust.com.tw/ETF/etf_detail/ETF24#nav
2026-08-21,00998A,主動復華金融股息,TPEIRGA,Piraeus Bank SA,4.804,500000.0,0.0,未分類,https://www.fhtrust.com.tw/ETF/etf_detail/ETF24#nav
2026-08-21,00998A,主動復華金融股息,NWGLN,國民西敏集團公開有限公司,4.552,600000.0,0.0,未分類,https://www.fhtrust.com.tw/ETF/etf_detail/ETF24#nav
2026-08-21,00998A,主動復華金融股息,LLOYLN,勞埃德銀行集團,3.686,3000000.0,0.0,未分類,https://www.fhtrust.com.tw/ETF/etf_detail/ETF24#nav
2026-08-21,00998A,主動復華金融股息,STANLN,渣打集團有限公司,3.375,140000.0,0.0,未分類,https://www.fhtrust.com.tw/ETF/etf_detail/ETF24#nav
2026-08-21,00998A,主動復華金融股息,BARCLN,巴克萊集團,3.285,600000.0,0.0,未分類,https://www.fhtrust.com.tw/ETF/etf_detail/ETF24#nav
2026-08-21,00998A,主動復華金融股息,BAMIIM,BPM銀行股份公司,3.219,200000.0,0.0,未分類,https://www.fhtrust.com.tw/ETF/etf_detail/ETF24#nav
2026-08-21,00998A,主動復華金融股息,GLEFP,法國興業銀行股份有限公司,3.156,43000.0,0.0,未分類,https://www.fhtrust.com.tw/ETF/etf_detail/ETF24#nav
2026-08-21,00998A,主動復華金融股息,ADMLN,Admiral集團公開有限公司,3.07,70000.0,0.0,未分類,https://www.fhtrust.com.tw/ETF/etf_detail/ETF24#nav
2026-08-21,00999A,主動野村臺灣高息,2330,å°ç©é»,4.52,221000.0,0.0,半導體業,https://www.moneydj.com/ETF/X/Basic/Basic0007.xdjhtm?etfid=00999A.TW&topc=
2026-08-21,00999A,主動野村臺灣高息,2383,å°åé»,4.29,89000.0,0.0,電子零組件業,https://www.moneydj.com/ETF/X/Basic/Basic0007.xdjhtm?etfid=00999A.TW&topc=
2026-08-21,00999A,主動野村臺灣高息,2886,åè±é,3.72,9327000.0,0.0,金融保險業,https://www.moneydj.com/ETF/X/Basic/Basic0007.xdjhtm?etfid=00999A.TW&topc=
2026-08-21,00999A,主動野村臺灣高息,2059,å·æ¹,3.64,32000.0,0.0,電子零組件業,https://www.moneydj.com/ETF/X/Basic/Basic0007.xdjhtm?etfid=00999A.TW&topc=
2026-08-21,00999A,主動野村臺灣高息,3653,å¥ç­,3.39,74000.0,0.0,電子零組件業,https://www.moneydj.com/ETF/X/Basic/Basic0007.xdjhtm?etfid=00999A.TW&topc=
2026-08-21,00999A,主動野村臺灣高息,3711,æ¥æåææ§,3.27,656000.0,0.0,半導體業,https://www.moneydj.com/ETF/X/Basic/Basic0007.xdjhtm?etfid=00999A.TW&topc=
2026-08-21,00999A,主動野村臺灣高息,2892,ç¬¬ä¸é,3.21,11226000.0,0.0,金融保險業,https://www.moneydj.com/ETF/X/Basic/Basic0007.xdjhtm?etfid=00999A.TW&topc=
2026-08-21,00999A,主動野村臺灣高息,2454,è¯ç¼ç§,3.09,96000.0,0.0,半導體業,https://www.moneydj.com/ETF/X/Basic/Basic0007.xdjhtm?etfid=00999A.TW&topc=
2026-08-21,00999A,主動野村臺灣高息,7769,é´»å,2.72,50000.0,0.0,半導體業,https://www.moneydj.com/ETF/X/Basic/Basic0007.xdjhtm?etfid=00999A.TW&topc=
2026-08-21,00999A,主動野村臺灣高息,2880,è¯åé,2.65,7875388.0,0.0,金融保險業,https://www.moneydj.com/ETF/X/Basic/Basic0007.xdjhtm?etfid=00999A.TW&topc=
2026-08-22,00988A,主動統一全球創新,B,統一美債,10.0,0.0,0.0,未分類,https://www.ezmoney.com.tw/ETF/Transaction/PCFInfo
2026-08-22,00988A,主動統一全球創新,D,主動統一美債量化,10.0,0.0,0.0,未分類,https://www.ezmoney.com.tw/ETF/Transaction/PCFInfo
2026-08-22,00988A,主動統一全球創新,A,主動統一升級,9.95,50.0,0.0,未分類,https://www.ezmoney.com.tw/ETF/Transaction/PCFInfo
2026-08-22,00988A,主動統一全球創新,8388,台北市松山區東興路,8.0,0.0,0.0,未分類,https://www.ezmoney.com.tw/ETF/Transaction/PCFInfo
2026-08-22,00988A,主動統一全球創新,LOAD,Balance:,7.0,0.0,0.0,未分類,https://www.ezmoney.com.tw/ETF/Transaction/PCFInfo
2026-08-22,00988A,主動統一全球創新,0885,高雄市新興區中正三路,2.0,0.0,0.0,未分類,https://www.ezmoney.com.tw/ETF/Transaction/PCFInfo
2026-08-22,00988A,主動統一全球創新,7500,台南市永康區中華路,1.0,0.0,0.0,未分類,https://www.ezmoney.com.tw/ETF/Transaction/PCFInfo
2026-08-22,00988A,主動統一全球創新,6370,-,0.35,8.0,0.0,未分類,https://www.ezmoney.com.tw/ETF/Transaction/PCFInfo
2026-08-22,00988A,主動統一全球創新,1320,-,0.13,0.0,0.0,未分類,https://www.ezmoney.com.tw/ETF/Transaction/PCFInfo
2026-08-24,00980A,主動野村臺灣優選,2330,å°ç©é»,9.14,753000.0,0.0,半導體業,https://www.moneydj.com/ETF/X/Basic/Basic0007.xdjhtm?etfid=00980A.TW&topc=
2026-08-24,00980A,主動野村臺灣優選,2059,å·æ¹,5.89,80000.0,0.0,電子零組件業,https://www.moneydj.com/ETF/X/Basic/Basic0007.xdjhtm?etfid=00980A.TW&topc=
2026-08-24,00980A,主動野村臺灣優選,2454,è¯ç¼ç§,4.79,249000.0,0.0,半導體業,https://www.moneydj.com/ETF/X/Basic/Basic0007.xdjhtm?etfid=00980A.TW&topc=
2026-08-24,00980A,主動野村臺灣優選,2383,å°åé»,3.77,136000.0,0.0,電子零組件業,https://www.moneydj.com/ETF/X/Basic/Basic0007.xdjhtm?etfid=00980A.TW&topc=
2026-08-24,00980A,主動野村臺灣優選,2308,å°éé»,3.58,404000.0,0.0,電子零組件業,https://www.moneydj.com/ETF/X/Basic/Basic0007.xdjhtm?etfid=00980A.TW&topc=
2026-08-24,00980A,主動野村臺灣優選,3081,è¯äº,3.23,228600.0,0.0,通信網路業,https://www.moneydj.com/ETF/X/Basic/Basic0007.xdjhtm?etfid=00980A.TW&topc=
2026-08-24,00980A,主動野村臺灣優選,3037,æ¬£è,3.09,563000.0,0.0,電子零組件業,https://www.moneydj.com/ETF/X/Basic/Basic0007.xdjhtm?etfid=00980A.TW&topc=
2026-08-24,00980A,主動野村臺灣優選,2408,åäºç§,2.81,1096000.0,0.0,半導體業,https://www.moneydj.com/ETF/X/Basic/Basic0007.xdjhtm?etfid=00980A.TW&topc=
2026-08-24,00980A,主動野村臺灣優選,2317,é´»æµ·,2.39,1921000.0,0.0,其他電子業,https://www.moneydj.com/ETF/X/Basic/Basic0007.xdjhtm?etfid=00980A.TW&topc=
2026-08-24,00981A,主動統一台股增長,2330,å°ç©é»,10.12,11884000.0,0.0,半導體業,https://www.moneydj.com/ETF/X/Basic/Basic0007.xdjhtm?etfid=00981A.TW&topc=
2026-08-24,00981A,主動統一台股增長,2383,å°åé»,9.43,4843000.0,0.0,電子零組件業,https://www.moneydj.com/ETF/X/Basic/Basic0007.xdjhtm?etfid=00981A.TW&topc=
2026-08-24,00981A,主動統一台股增長,3037,æ¬£è,7.83,20300000.0,0.0,電子零組件業,https://www.moneydj.com/ETF/X/Basic/Basic0007.xdjhtm?etfid=00981A.TW&topc=
2026-08-24,00981A,主動統一台股增長,2454,è¯ç¼ç§,6.95,5148000.0,0.0,半導體業,https://www.moneydj.com/ETF/X/Basic/Basic0007.xdjhtm?etfid=00981A.TW&topc=
2026-08-24,00981A,主動統一台股增長,3017,å¥é,6.04,5899000.0,0.0,電腦及週邊設備業,https://www.moneydj.com/ETF/X/Basic/Basic0007.xdjhtm?etfid=00981A.TW&topc=
2026-08-24,00981A,主動統一台股增長,6669,ç·¯ç©,5.03,2226000.0,0.0,電腦及週邊設備業,https://www.moneydj.com/ETF/X/Basic/Basic0007.xdjhtm?etfid=00981A.TW&topc=
2026-08-24,00981A,主動統一台股增長,2327,åå·¨*,5.02,25387000.0,0.0,電子零組件業,https://www.moneydj.com/ETF/X/Basic/Basic0007.xdjhtm?etfid=00981A.TW&topc=
2026-08-24,00981A,主動統一台股增長,6223,æºç½,4.96,2486000.0,0.0,半導體業,https://www.moneydj.com/ETF/X/Basic/Basic0007.xdjhtm?etfid=00981A.TW&topc=
2026-08-24,00981A,主動統一台股增長,2345,æºé¦,4.87,6564000.0,0.0,通信網路業,https://www.moneydj.com/ETF/X/Basic/Basic0007.xdjhtm?etfid=00981A.TW&topc=
2026-08-24,00981A,主動統一台股增長,3653,å¥ç­,4.45,2407000.0,0.0,電子零組件業,https://www.moneydj.com/ETF/X/Basic/Basic0007.xdjhtm?etfid=00981A.TW&topc=
2026-08-24,00982A,主動群益台灣強棒,2330,台積電,8.74,1794000.0,0.0,半導體業,https://www.capitalfund.com.tw/etf/product/detail/399/buyback
2026-08-24,00982A,主動群益台灣強棒,2454,聯發科,6.73,872000.0,0.0,半導體業,https://www.capitalfund.com.tw/etf/product/detail/399/buyback
2026-08-24,00982A,主動群益台灣強棒,6669,緯穎,6.59,510000.0,0.0,電腦及週邊設備業,https://www.capitalfund.com.tw/etf/product/detail/399/buyback
2026-08-24,00982A,主動群益台灣強棒,6139,亞翔,5.95,3828000.0,0.0,其他電子業,https://www.capitalfund.com.tw/etf/product/detail/399/buyback
2026-08-24,00982A,主動群益台灣強棒,2059,川湖,5.47,185000.0,0.0,電子零組件業,https://www.capitalfund.com.tw/etf/product/detail/399/buyback
2026-08-24,00982A,主動群益台灣強棒,2360,致茂,3.58,844000.0,0.0,其他電子業,https://www.capitalfund.com.tw/etf/product/detail/399/buyback
2026-08-24,00982A,主動群益台灣強棒,2383,台光電,3.56,320000.0,0.0,電子零組件業,https://www.capitalfund.com.tw/etf/product/detail/399/buyback
2026-08-24,00982A,主動群益台灣強棒,3105,穩懋,3.5,4809000.0,0.0,半導體業,https://www.capitalfund.com.tw/etf/product/detail/399/buyback
2026-08-24,00982A,主動群益台灣強棒,6223,旺矽,3.5,307000.0,0.0,半導體業,https://www.capitalfund.com.tw/etf/product/detail/399/buyback
2026-08-24,00982A,主動群益台灣強棒,2345,智邦,3.09,727000.0,0.0,通信網路業,https://www.capitalfund.com.tw/etf/product/detail/399/buyback
2026-08-24,00993A,主動安聯台灣,2330,å°ç©é»,8.84,375000.0,0.0,半導體業,https://www.moneydj.com/ETF/X/Basic/Basic0007.xdjhtm?etfid=00993A.TW&topc=
2026-08-24,00993A,主動安聯台灣,6223,æºç½,6.4,115000.0,0.0,半導體業,https://www.moneydj.com/ETF/X/Basic/Basic0007.xdjhtm?etfid=00993A.TW&topc=
2026-08-24,00993A,主動安聯台灣,2383,å°åé»,6.19,114000.0,0.0,電子零組件業,https://www.moneydj.com/ETF/X/Basic/Basic0007.xdjhtm?etfid=00993A.TW&topc=
2026-08-24,00993A,主動安聯台灣,3037,æ¬£è,5.99,558000.0,0.0,電子零組件業,https://www.moneydj.com/ETF/X/Basic/Basic0007.xdjhtm?etfid=00993A.TW&topc=
2026-08-24,00993A,主動安聯台灣,2059,å·æ¹,4.75,33000.0,0.0,電子零組件業,https://www.moneydj.com/ETF/X/Basic/Basic0007.xdjhtm?etfid=00993A.TW&topc=
2026-08-24,00993A,主動安聯台灣,3017,å¥é,4.48,157000.0,0.0,電腦及週邊設備業,https://www.moneydj.com/ETF/X/Basic/Basic0007.xdjhtm?etfid=00993A.TW&topc=
2026-08-24,00993A,主動安聯台灣,6274,å°ç¿,4.42,304000.0,0.0,電子零組件業,https://www.moneydj.com/ETF/X/Basic/Basic0007.xdjhtm?etfid=00993A.TW&topc=
2026-08-24,00993A,主動安聯台灣,5274,ä¿¡é©,4.02,26600.0,0.0,半導體業,https://www.moneydj.com/ETF/X/Basic/Basic0007.xdjhtm?etfid=00993A.TW&topc=
2026-08-24,00993A,主動安聯台灣,2408,åäºç§,3.86,771000.0,0.0,半導體業,https://www.moneydj.com/ETF/X/Basic/Basic0007.xdjhtm?etfid=00993A.TW&topc=
2026-08-24,00993A,主動安聯台灣,2454,è¯ç¼ç§,3.84,102000.0,0.0,半導體業,https://www.moneydj.com/ETF/X/Basic/Basic0007.xdjhtm?etfid=00993A.TW&topc=
2026-08-25,00400A,主動國泰動能高息,2330,å°ç©é»,8.64,1025000.0,0.0,半導體業,https://www.moneydj.com/ETF/X/Basic/Basic0007.xdjhtm?etfid=00400A.TW&topc=
2026-08-25,00400A,主動國泰動能高息,2059,å·æ¹,6.17,123000.0,0.0,電子零組件業,https://www.moneydj.com/ETF/X/Basic/Basic0007.xdjhtm?etfid=00400A.TW&topc=
2026-08-25,00400A,主動國泰動能高息,2454,è¯ç¼ç§,6.17,470000.0,0.0,半導體業,https://www.moneydj.com/ETF/X/Basic/Basic0007.xdjhtm?etfid=00400A.TW&topc=
2026-08-25,00400A,主動國泰動能高息,6223,æºç½,4.68,238000.0,0.0,半導體業,https://www.moneydj.com/ETF/X/Basic/Basic0007.xdjhtm?etfid=00400A.TW&topc=
2026-08-25,00400A,主動國泰動能高息,3653,å¥ç­,4.52,247000.0,0.0,電子零組件業,https://www.moneydj.com/ETF/X/Basic/Basic0007.xdjhtm?etfid=00400A.TW&topc=
2026-08-25,00400A,主動國泰動能高息,3443,åµæ,3.72,190000.0,0.0,半導體業,https://www.moneydj.com/ETF/X/Basic/Basic0007.xdjhtm?etfid=00400A.TW&topc=
2026-08-25,00400A,主動國泰動能高息,3017,å¥é,3.48,336000.0,0.0,電腦及週邊設備業,https://www.moneydj.com/ETF/X/Basic/Basic0007.xdjhtm?etfid=00400A.TW&topc=
2026-08-25,00400A,主動國泰動能高息,2360,è´è,3.24,470000.0,0.0,其他電子業,https://www.moneydj.com/ETF/X/Basic/Basic0007.xdjhtm?etfid=00400A.TW&topc=
2026-08-25,00400A,主動國泰動能高息,6488,ç°çæ¶,3.23,938000.0,0.0,半導體業,https://www.moneydj.com/ETF/X/Basic/Basic0007.xdjhtm?etfid=00400A.TW&topc=
2026-08-25,00400A,主動國泰動能高息,6669,ç·¯ç©,3.17,140000.0,0.0,電腦及週邊設備業,https://www.moneydj.com/ETF/X/Basic/Basic0007.xdjhtm?etfid=00400A.TW&topc=
2026-08-25,00980A,主動野村臺灣優選,2330,å°ç©é»,9.13,753000.0,0.0,半導體業,https://www.moneydj.com/ETF/X/Basic/Basic0007.xdjhtm?etfid=00980A.TW&topc=
2026-08-25,00980A,主動野村臺灣優選,2059,å·æ¹,5.77,80000.0,0.0,電子零組件業,https://www.moneydj.com/ETF/X/Basic/Basic0007.xdjhtm?etfid=00980A.TW&topc=
2026-08-25,00980A,主動野村臺灣優選,2454,è¯ç¼ç§,4.7,249000.0,0.0,半導體業,https://www.moneydj.com/ETF/X/Basic/Basic0007.xdjhtm?etfid=00980A.TW&topc=
2026-08-25,00980A,主動野村臺灣優選,2383,å°åé»,3.84,136000.0,0.0,電子零組件業,https://www.moneydj.com/ETF/X/Basic/Basic0007.xdjhtm?etfid=00980A.TW&topc=
2026-08-25,00980A,主動野村臺灣優選,2308,å°éé»,3.49,404000.0,0.0,電子零組件業,https://www.moneydj.com/ETF/X/Basic/Basic0007.xdjhtm?etfid=00980A.TW&topc=
2026-08-25,00980A,主動野村臺灣優選,3081,è¯äº,3.42,228600.0,0.0,通信網路業,https://www.moneydj.com/ETF/X/Basic/Basic0007.xdjhtm?etfid=00980A.TW&topc=
2026-08-25,00980A,主動野村臺灣優選,3037,æ¬£è,3.11,563000.0,0.0,電子零組件業,https://www.moneydj.com/ETF/X/Basic/Basic0007.xdjhtm?etfid=00980A.TW&topc=
2026-08-25,00980A,主動野村臺灣優選,2408,åäºç§,2.82,1096000.0,0.0,半導體業,https://www.moneydj.com/ETF/X/Basic/Basic0007.xdjhtm?etfid=00980A.TW&topc=
2026-08-25,00980A,主動野村臺灣優選,2317,é´»æµ·,2.36,1921000.0,0.0,其他電子業,https://www.moneydj.com/ETF/X/Basic/Basic0007.xdjhtm?etfid=00980A.TW&topc=
2026-08-25,00982A,主動群益台灣強棒,2330,台積電,8.67,1794000.0,0.0,半導體業,https://www.capitalfund.com.tw/etf/product/detail/399/buyback
2026-08-25,00982A,主動群益台灣強棒,6669,緯穎,6.62,510000.0,0.0,電腦及週邊設備業,https://www.capitalfund.com.tw/etf/product/detail/399/buyback
2026-08-25,00982A,主動群益台灣強棒,2454,聯發科,6.56,872000.0,0.0,半導體業,https://www.capitalfund.com.tw/etf/product/detail/399/buyback
2026-08-25,00982A,主動群益台灣強棒,6139,亞翔,5.96,3850000.0,0.0,其他電子業,https://www.capitalfund.com.tw/etf/product/detail/399/buyback
2026-08-25,00982A,主動群益台灣強棒,2059,川湖,5.35,186000.0,0.0,電子零組件業,https://www.capitalfund.com.tw/etf/product/detail/399/buyback
2026-08-25,00982A,主動群益台灣強棒,3105,穩懋,3.67,4809000.0,0.0,半導體業,https://www.capitalfund.com.tw/etf/product/detail/399/buyback
2026-08-25,00982A,主動群益台灣強棒,2383,台光電,3.63,322000.0,0.0,電子零組件業,https://www.capitalfund.com.tw/etf/product/detail/399/buyback
2026-08-25,00982A,主動群益台灣強棒,6223,旺矽,3.46,307000.0,0.0,半導體業,https://www.capitalfund.com.tw/etf/product/detail/399/buyback
2026-08-25,00982A,主動群益台灣強棒,2360,致茂,3.36,849000.0,0.0,其他電子業,https://www.capitalfund.com.tw/etf/product/detail/399/buyback
2026-08-25,00982A,主動群益台灣強棒,2345,智邦,2.97,727000.0,0.0,通信網路業,https://www.capitalfund.com.tw/etf/product/detail/399/buyback
2026-08-25,00985A,主動野村台灣50,2330,å°ç©é»,13.85,588000.0,0.0,半導體業,https://www.moneydj.com/ETF/X/Basic/Basic0007.xdjhtm?etfid=00985A.TW&topc=
2026-08-25,00985A,主動野村台灣50,2376,æå,4.94,1448000.0,0.0,電腦及週邊設備業,https://www.moneydj.com/ETF/X/Basic/Basic0007.xdjhtm?etfid=00985A.TW&topc=
2026-08-25,00985A,主動野村台灣50,4904,é å³,3.85,3832000.0,0.0,通信網路業,https://www.moneydj.com/ETF/X/Basic/Basic0007.xdjhtm?etfid=00985A.TW&topc=
2026-08-25,00985A,主動野村台灣50,2412,ä¸­è¯é»,3.79,2828000.0,0.0,通信網路業,https://www.moneydj.com/ETF/X/Basic/Basic0007.xdjhtm?etfid=00985A.TW&topc=
2026-08-25,00985A,主動野村台灣50,6669,ç·¯ç©,3.35,53000.0,0.0,電腦及週邊設備業,https://www.moneydj.com/ETF/X/Basic/Basic0007.xdjhtm?etfid=00985A.TW&topc=
2026-08-25,00985A,主動野村台灣50,3653,å¥ç­,2.5,49000.0,0.0,電子零組件業,https://www.moneydj.com/ETF/X/Basic/Basic0007.xdjhtm?etfid=00985A.TW&topc=
2026-08-25,00985A,主動野村台灣50,7750,æ°ä»£,2.49,108000.0,0.0,電機機械,https://www.moneydj.com/ETF/X/Basic/Basic0007.xdjhtm?etfid=00985A.TW&topc=
2026-08-25,00985A,主動野村台灣50,2345,æºé¦,2.47,124000.0,0.0,通信網路業,https://www.moneydj.com/ETF/X/Basic/Basic0007.xdjhtm?etfid=00985A.TW&topc=
2026-08-25,00985A,主動野村台灣50,3105,ç©©æ,2.44,656000.0,0.0,半導體業,https://www.moneydj.com/ETF/X/Basic/Basic0007.xdjhtm?etfid=00985A.TW&topc=
2026-08-25,00991A,主動復華未來50,ABNNA,荷蘭銀行公眾有限公司,5.772,153500.0,0.0,未分類,https://www.fhtrust.com.tw/ETF/etf_detail/ETF24#nav
2026-08-25,00991A,主動復華未來50,LGENLN,法通保險集團公開有限公司,4.678,1500000.0,0.0,未分類,https://www.fhtrust.com.tw/ETF/etf_detail/ETF24#nav
2026-08-25,00991A,主動復華未來50,TPEIRGA,Piraeus Bank SA,4.644,500000.0,0.0,未分類,https://www.fhtrust.com.tw/ETF/etf_detail/ETF24#nav
2026-08-25,00991A,主動復華未來50,NWGLN,國民西敏集團公開有限公司,4.472,600000.0,0.0,未分類,https://www.fhtrust.com.tw/ETF/etf_detail/ETF24#nav
2026-08-25,00991A,主動復華未來50,LLOYLN,勞埃德銀行集團,3.623,3000000.0,0.0,未分類,https://www.fhtrust.com.tw/ETF/etf_detail/ETF24#nav
2026-08-25,00991A,主動復華未來50,STANLN,渣打集團有限公司,3.325,140000.0,0.0,未分類,https://www.fhtrust.com.tw/ETF/etf_detail/ETF24#nav
2026-08-25,00991A,主動復華未來50,BARCLN,巴克萊集團,3.216,600000.0,0.0,未分類,https://www.fhtrust.com.tw/ETF/etf_detail/ETF24#nav
2026-08-25,00991A,主動復華未來50,ADMLN,Admiral集團公開有限公司,3.03,70000.0,0.0,未分類,https://www.fhtrust.com.tw/ETF/etf_detail/ETF24#nav
2026-08-25,00991A,主動復華未來50,BAMIIM,BPM銀行股份公司,3.019,200000.0,0.0,未分類,https://www.fhtrust.com.tw/ETF/etf_detail/ETF24#nav
2026-08-25,00991A,主動復華未來50,GLEFP,法國興業銀行股份有限公司,3.012,43000.0,0.0,未分類,https://www.fhtrust.com.tw/ETF/etf_detail/ETF24#nav
2026-08-25,00993A,主動安聯台灣,2330,å°ç©é»,8.85,381000.0,0.0,半導體業,https://www.moneydj.com/ETF/X/Basic/Basic0007.xdjhtm?etfid=00993A.TW&topc=
2026-08-25,00993A,主動安聯台灣,6223,æºç½,6.28,116000.0,0.0,半導體業,https://www.moneydj.com/ETF/X/Basic/Basic0007.xdjhtm?etfid=00993A.TW&topc=
2026-08-25,00993A,主動安聯台灣,2383,å°åé»,6.22,115000.0,0.0,電子零組件業,https://www.moneydj.com/ETF/X/Basic/Basic0007.xdjhtm?etfid=00993A.TW&topc=
2026-08-25,00993A,主動安聯台灣,3037,æ¬£è,5.99,566000.0,0.0,電子零組件業,https://www.moneydj.com/ETF/X/Basic/Basic0007.xdjhtm?etfid=00993A.TW&topc=
2026-08-25,00993A,主動安聯台灣,2059,å·æ¹,4.56,33000.0,0.0,電子零組件業,https://www.moneydj.com/ETF/X/Basic/Basic0007.xdjhtm?etfid=00993A.TW&topc=
2026-08-25,00993A,主動安聯台灣,3017,å¥é,4.54,159000.0,0.0,電腦及週邊設備業,https://www.moneydj.com/ETF/X/Basic/Basic0007.xdjhtm?etfid=00993A.TW&topc=
2026-08-25,00993A,主動安聯台灣,6274,å°ç¿,4.42,308000.0,0.0,電子零組件業,https://www.moneydj.com/ETF/X/Basic/Basic0007.xdjhtm?etfid=00993A.TW&topc=
2026-08-25,00993A,主動安聯台灣,5274,ä¿¡é©,3.96,26600.0,0.0,半導體業,https://www.moneydj.com/ETF/X/Basic/Basic0007.xdjhtm?etfid=00993A.TW&topc=
2026-08-25,00993A,主動安聯台灣,2408,åäºç§,3.86,783000.0,0.0,半導體業,https://www.moneydj.com/ETF/X/Basic/Basic0007.xdjhtm?etfid=00993A.TW&topc=
2026-08-25,00993A,主動安聯台灣,2454,è¯ç¼ç§,3.72,103000.0,0.0,半導體業,https://www.moneydj.com/ETF/X/Basic/Basic0007.xdjhtm?etfid=00993A.TW&topc=
2026-08-25,00999A,主動野村臺灣高息,2330,å°ç©é»,5.76,279000.0,0.0,半導體業,https://www.moneydj.com/ETF/X/Basic/Basic0007.xdjhtm?etfid=00999A.TW&topc=
2026-08-25,00999A,主動野村臺灣高息,2383,å°åé»,4.28,89000.0,0.0,電子零組件業,https://www.moneydj.com/ETF/X/Basic/Basic0007.xdjhtm?etfid=00999A.TW&topc=
2026-08-25,00999A,主動野村臺灣高息,2059,å·æ¹,3.93,32000.0,0.0,電子零組件業,https://www.moneydj.com/ETF/X/Basic/Basic0007.xdjhtm?etfid=00999A.TW&topc=
2026-08-25,00999A,主動野村臺灣高息,3702,å¤§è¯å¤§,3.84,4053000.0,0.0,電子通路業,https://www.moneydj.com/ETF/X/Basic/Basic0007.xdjhtm?etfid=00999A.TW&topc=
2026-08-25,00999A,主動野村臺灣高息,3653,å¥ç­,3.45,77000.0,0.0,電子零組件業,https://www.moneydj.com/ETF/X/Basic/Basic0007.xdjhtm?etfid=00999A.TW&topc=
2026-08-25,00999A,主動野村臺灣高息,2454,è¯ç¼ç§,3.09,96000.0,0.0,半導體業,https://www.moneydj.com/ETF/X/Basic/Basic0007.xdjhtm?etfid=00999A.TW&topc=
2026-08-25,00999A,主動野村臺灣高息,3706,ç¥é,2.7,3428000.0,0.0,電腦及週邊設備業,https://www.moneydj.com/ETF/X/Basic/Basic0007.xdjhtm?etfid=00999A.TW&topc=
2026-08-25,00999A,主動野村臺灣高息,7769,é´»å,2.67,50000.0,0.0,半導體業,https://www.moneydj.com/ETF/X/Basic/Basic0007.xdjhtm?etfid=00999A.TW&topc=
2026-08-25,00999A,主動野村臺灣高息,2308,å°éé»,2.57,175000.0,0.0,電子零組件業,https://www.moneydj.com/ETF/X/Basic/Basic0007.xdjhtm?etfid=00999A.TW&topc=
2026-08-25,00999A,主動野村臺灣高息,2441,è¶è±,2.43,2460000.0,0.0,半導體業,https://www.moneydj.com/ETF/X/Basic/Basic0007.xdjhtm?etfid=00999A.TW&topc=
2026-08-26,00400A,主動國泰動能高息,2330,å°ç©é»,8.58,1034000.0,0.0,半導體業,https://www.moneydj.com/ETF/X/Basic/Basic0007.xdjhtm?etfid=00400A.TW&topc=
2026-08-26,00400A,主動國泰動能高息,2454,è¯ç¼ç§,6.37,470000.0,0.0,半導體業,https://www.moneydj.com/ETF/X/Basic/Basic0007.xdjhtm?etfid=00400A.TW&topc=
2026-08-26,00400A,主動國泰動能高息,2059,å·æ¹,6.13,123000.0,0.0,電子零組件業,https://www.moneydj.com/ETF/X/Basic/Basic0007.xdjhtm?etfid=00400A.TW&topc=
2026-08-26,00400A,主動國泰動能高息,6669,ç·¯ç©,5.15,221000.0,0.0,電腦及週邊設備業,https://www.moneydj.com/ETF/X/Basic/Basic0007.xdjhtm?etfid=00400A.TW&topc=
2026-08-26,00400A,主動國泰動能高息,3653,å¥ç­,4.86,247000.0,0.0,電子零組件業,https://www.moneydj.com/ETF/X/Basic/Basic0007.xdjhtm?etfid=00400A.TW&topc=
2026-08-26,00400A,主動國泰動能高息,6223,æºç½,4.12,238000.0,0.0,半導體業,https://www.moneydj.com/ETF/X/Basic/Basic0007.xdjhtm?etfid=00400A.TW&topc=
2026-08-26,00400A,主動國泰動能高息,3443,åµæ,4.0,190000.0,0.0,半導體業,https://www.moneydj.com/ETF/X/Basic/Basic0007.xdjhtm?etfid=00400A.TW&topc=
2026-08-26,00400A,主動國泰動能高息,3017,å¥é,3.64,336000.0,0.0,電腦及週邊設備業,https://www.moneydj.com/ETF/X/Basic/Basic0007.xdjhtm?etfid=00400A.TW&topc=
2026-08-26,00400A,主動國泰動能高息,3008,å¤§ç«å,3.33,154000.0,0.0,光電業,https://www.moneydj.com/ETF/X/Basic/Basic0007.xdjhtm?etfid=00400A.TW&topc=
2026-08-26,00400A,主動國泰動能高息,2360,è´è,3.2,470000.0,0.0,其他電子業,https://www.moneydj.com/ETF/X/Basic/Basic0007.xdjhtm?etfid=00400A.TW&topc=
2026-08-26,00980A,主動野村臺灣優選,2330,å°ç©é»,8.97,753000.0,0.0,半導體業,https://www.moneydj.com/ETF/X/Basic/Basic0007.xdjhtm?etfid=00980A.TW&topc=
2026-08-26,00980A,主動野村臺灣優選,2059,å·æ¹,5.72,80000.0,0.0,電子零組件業,https://www.moneydj.com/ETF/X/Basic/Basic0007.xdjhtm?etfid=00980A.TW&topc=
2026-08-26,00980A,主動野村臺灣優選,2454,è¯ç¼ç§,4.84,249000.0,0.0,半導體業,https://www.moneydj.com/ETF/X/Basic/Basic0007.xdjhtm?etfid=00980A.TW&topc=
2026-08-26,00980A,主動野村臺灣優選,2383,å°åé»,3.95,136000.0,0.0,電子零組件業,https://www.moneydj.com/ETF/X/Basic/Basic0007.xdjhtm?etfid=00980A.TW&topc=
2026-08-26,00980A,主動野村臺灣優選,3081,è¯äº,3.67,228600.0,0.0,通信網路業,https://www.moneydj.com/ETF/X/Basic/Basic0007.xdjhtm?etfid=00980A.TW&topc=
2026-08-26,00980A,主動野村臺灣優選,2308,å°éé»,3.49,404000.0,0.0,電子零組件業,https://www.moneydj.com/ETF/X/Basic/Basic0007.xdjhtm?etfid=00980A.TW&topc=
2026-08-26,00980A,主動野村臺灣優選,3037,æ¬£è,3.22,563000.0,0.0,電子零組件業,https://www.moneydj.com/ETF/X/Basic/Basic0007.xdjhtm?etfid=00980A.TW&topc=
2026-08-26,00980A,主動野村臺灣優選,2408,åäºç§,2.79,1096000.0,0.0,半導體業,https://www.moneydj.com/ETF/X/Basic/Basic0007.xdjhtm?etfid=00980A.TW&topc=
2026-08-26,00980A,主動野村臺灣優選,1303,åäº,2.47,2416000.0,0.0,塑膠工業,https://www.moneydj.com/ETF/X/Basic/Basic0007.xdjhtm?etfid=00980A.TW&topc=
2026-08-26,00981A,主動統一台股增長,2330,å°ç©é»,9.9,11884000.0,0.0,半導體業,https://www.moneydj.com/ETF/X/Basic/Basic0007.xdjhtm?etfid=00981A.TW&topc=
2026-08-26,00981A,主動統一台股增長,2383,å°åé»,9.85,4843000.0,0.0,電子零組件業,https://www.moneydj.com/ETF/X/Basic/Basic0007.xdjhtm?etfid=00981A.TW&topc=
2026-08-26,00981A,主動統一台股增長,3037,æ¬£è,8.12,20300000.0,0.0,電子零組件業,https://www.moneydj.com/ETF/X/Basic/Basic0007.xdjhtm?etfid=00981A.TW&topc=
2026-08-26,00981A,主動統一台股增長,2454,è¯ç¼ç§,7.01,5148000.0,0.0,半導體業,https://www.moneydj.com/ETF/X/Basic/Basic0007.xdjhtm?etfid=00981A.TW&topc=
2026-08-26,00981A,主動統一台股增長,3017,å¥é,6.51,5979000.0,0.0,電腦及週邊設備業,https://www.moneydj.com/ETF/X/Basic/Basic0007.xdjhtm?etfid=00981A.TW&topc=
2026-08-26,00981A,主動統一台股增長,6669,ç·¯ç©,5.21,2226000.0,0.0,電腦及週邊設備業,https://www.moneydj.com/ETF/X/Basic/Basic0007.xdjhtm?etfid=00981A.TW&topc=
2026-08-26,00981A,主動統一台股增長,3653,å¥ç­,4.75,2407000.0,0.0,電子零組件業,https://www.moneydj.com/ETF/X/Basic/Basic0007.xdjhtm?etfid=00981A.TW&topc=
2026-08-26,00981A,主動統一台股增長,2327,åå·¨*,4.7,25387000.0,0.0,電子零組件業,https://www.moneydj.com/ETF/X/Basic/Basic0007.xdjhtm?etfid=00981A.TW&topc=
2026-08-26,00981A,主動統一台股增長,2345,æºé¦,4.65,6564000.0,0.0,通信網路業,https://www.moneydj.com/ETF/X/Basic/Basic0007.xdjhtm?etfid=00981A.TW&topc=
2026-08-26,00981A,主動統一台股增長,6223,æºç½,4.32,2486000.0,0.0,半導體業,https://www.moneydj.com/ETF/X/Basic/Basic0007.xdjhtm?etfid=00981A.TW&topc=
2026-08-26,00982A,主動群益台灣強棒,2330,台積電,8.5,1794000.0,0.0,半導體業,https://www.capitalfund.com.tw/etf/product/detail/399/buyback
2026-08-26,00982A,主動群益台灣強棒,6669,緯穎,6.79,510000.0,0.0,電腦及週邊設備業,https://www.capitalfund.com.tw/etf/product/detail/399/buyback
2026-08-26,00982A,主動群益台灣強棒,2454,聯發科,6.75,872000.0,0.0,半導體業,https://www.capitalfund.com.tw/etf/product/detail/399/buyback
2026-08-26,00982A,主動群益台灣強棒,6139,亞翔,6.04,3850000.0,0.0,其他電子業,https://www.capitalfund.com.tw/etf/product/detail/399/buyback
2026-08-26,00982A,主動群益台灣強棒,2059,川湖,5.3,186000.0,0.0,電子零組件業,https://www.capitalfund.com.tw/etf/product/detail/399/buyback
2026-08-26,00982A,主動群益台灣強棒,3105,穩懋,3.82,4809000.0,0.0,半導體業,https://www.capitalfund.com.tw/etf/product/detail/399/buyback
2026-08-26,00982A,主動群益台灣強棒,2383,台光電,3.72,322000.0,0.0,電子零組件業,https://www.capitalfund.com.tw/etf/product/detail/399/buyback
2026-08-26,00982A,主動群益台灣強棒,2360,致茂,3.3,849000.0,0.0,其他電子業,https://www.capitalfund.com.tw/etf/product/detail/399/buyback
2026-08-26,00982A,主動群益台灣強棒,3008,大立光,3.18,258000.0,0.0,光電業,https://www.capitalfund.com.tw/etf/product/detail/399/buyback
2026-08-26,00982A,主動群益台灣強棒,6223,旺矽,3.04,307000.0,0.0,半導體業,https://www.capitalfund.com.tw/etf/product/detail/399/buyback
2026-08-26,00985A,主動野村台灣50,2330,å°ç©é»,13.64,588000.0,0.0,半導體業,https://www.moneydj.com/ETF/X/Basic/Basic0007.xdjhtm?etfid=00985A.TW&topc=
2026-08-26,00985A,主動野村台灣50,2376,æå,4.89,1448000.0,0.0,電腦及週邊設備業,https://www.moneydj.com/ETF/X/Basic/Basic0007.xdjhtm?etfid=00985A.TW&topc=
2026-08-26,00985A,主動野村台灣50,4904,é å³,3.72,3832000.0,0.0,通信網路業,https://www.moneydj.com/ETF/X/Basic/Basic0007.xdjhtm?etfid=00985A.TW&topc=
2026-08-26,00985A,主動野村台灣50,2412,ä¸­è¯é»,3.7,2828000.0,0.0,通信網路業,https://www.moneydj.com/ETF/X/Basic/Basic0007.xdjhtm?etfid=00985A.TW&topc=
2026-08-26,00985A,主動野村台灣50,6669,ç·¯ç©,3.46,53000.0,0.0,電腦及週邊設備業,https://www.moneydj.com/ETF/X/Basic/Basic0007.xdjhtm?etfid=00985A.TW&topc=
2026-08-26,00985A,主動野村台灣50,3081,è¯äº,2.6,83000.0,0.0,通信網路業,https://www.moneydj.com/ETF/X/Basic/Basic0007.xdjhtm?etfid=00985A.TW&topc=
2026-08-26,00985A,主動野村台灣50,7750,æ°ä»£,2.46,108000.0,0.0,電機機械,https://www.moneydj.com/ETF/X/Basic/Basic0007.xdjhtm?etfid=00985A.TW&topc=
2026-08-26,00985A,主動野村台灣50,2345,æºé¦,2.45,124000.0,0.0,通信網路業,https://www.moneydj.com/ETF/X/Basic/Basic0007.xdjhtm?etfid=00985A.TW&topc=
2026-08-26,00985A,主動野村台灣50,1504,æ±å,2.38,3473000.0,0.0,電機機械,https://www.moneydj.com/ETF/X/Basic/Basic0007.xdjhtm?etfid=00985A.TW&topc=
2026-08-26,00999A,主動野村臺灣高息,2330,å°ç©é»,5.72,279000.0,0.0,半導體業,https://www.moneydj.com/ETF/X/Basic/Basic0007.xdjhtm?etfid=00999A.TW&topc=
2026-08-26,00999A,主動野村臺灣高息,3702,å¤§è¯å¤§,4.83,5267000.0,0.0,電子通路業,https://www.moneydj.com/ETF/X/Basic/Basic0007.xdjhtm?etfid=00999A.TW&topc=
2026-08-26,00999A,主動野村臺灣高息,2383,å°åé»,4.45,89000.0,0.0,電子零組件業,https://www.moneydj.com/ETF/X/Basic/Basic0007.xdjhtm?etfid=00999A.TW&topc=
2026-08-26,00999A,主動野村臺灣高息,2059,å·æ¹,3.94,32000.0,0.0,電子零組件業,https://www.moneydj.com/ETF/X/Basic/Basic0007.xdjhtm?etfid=00999A.TW&topc=
2026-08-26,00999A,主動野村臺灣高息,3653,å¥ç­,3.74,77000.0,0.0,電子零組件業,https://www.moneydj.com/ETF/X/Basic/Basic0007.xdjhtm?etfid=00999A.TW&topc=
2026-08-26,00999A,主動野村臺灣高息,2454,è¯ç¼ç§,3.21,96000.0,0.0,半導體業,https://www.moneydj.com/ETF/X/Basic/Basic0007.xdjhtm?etfid=00999A.TW&topc=
2026-08-26,00999A,主動野村臺灣高息,2441,è¶è±,2.89,2890000.0,0.0,半導體業,https://www.moneydj.com/ETF/X/Basic/Basic0007.xdjhtm?etfid=00999A.TW&topc=
2026-08-26,00999A,主動野村臺灣高息,7769,é´»å,2.69,50000.0,0.0,半導體業,https://www.moneydj.com/ETF/X/Basic/Basic0007.xdjhtm?etfid=00999A.TW&topc=
2026-08-26,00999A,主動野村臺灣高息,3706,ç¥é,2.66,3428000.0,0.0,電腦及週邊設備業,https://www.moneydj.com/ETF/X/Basic/Basic0007.xdjhtm?etfid=00999A.TW&topc=
2026-08-26,00999A,主動野村臺灣高息,2308,å°éé»,2.6,175000.0,0.0,電子零組件業,https://www.moneydj.com/ETF/X/Basic/Basic0007.xdjhtm?etfid=00999A.TW&topc=
2026-08-27,00400A,主動國泰動能高息,2330,å°ç©é»,8.57,1034000.0,0.0,半導體業,https://www.moneydj.com/ETF/X/Basic/Basic0007.xdjhtm?etfid=00400A.TW&topc=
2026-08-27,00400A,主動國泰動能高息,2454,è¯ç¼ç§,6.25,470000.0,0.0,半導體業,https://www.moneydj.com/ETF/X/Basic/Basic0007.xdjhtm?etfid=00400A.TW&topc=
2026-08-27,00400A,主動國泰動能高息,2059,å·æ¹,6.07,123000.0,0.0,電子零組件業,https://www.moneydj.com/ETF/X/Basic/Basic0007.xdjhtm?etfid=00400A.TW&topc=
2026-08-27,00400A,主動國泰動能高息,6669,ç·¯ç©,5.18,221000.0,0.0,電腦及週邊設備業,https://www.moneydj.com/ETF/X/Basic/Basic0007.xdjhtm?etfid=00400A.TW&topc=
2026-08-27,00400A,主動國泰動能高息,3653,å¥ç­,4.8,247000.0,0.0,電子零組件業,https://www.moneydj.com/ETF/X/Basic/Basic0007.xdjhtm?etfid=00400A.TW&topc=
2026-08-27,00400A,主動國泰動能高息,6223,æºç½,4.17,238000.0,0.0,半導體業,https://www.moneydj.com/ETF/X/Basic/Basic0007.xdjhtm?etfid=00400A.TW&topc=
2026-08-27,00400A,主動國泰動能高息,3443,åµæ,3.87,190000.0,0.0,半導體業,https://www.moneydj.com/ETF/X/Basic/Basic0007.xdjhtm?etfid=00400A.TW&topc=
2026-08-27,00400A,主動國泰動能高息,3017,å¥é,3.86,336000.0,0.0,電腦及週邊設備業,https://www.moneydj.com/ETF/X/Basic/Basic0007.xdjhtm?etfid=00400A.TW&topc=
2026-08-27,00400A,主動國泰動能高息,3008,å¤§ç«å,3.66,154000.0,0.0,光電業,https://www.moneydj.com/ETF/X/Basic/Basic0007.xdjhtm?etfid=00400A.TW&topc=
2026-08-27,00400A,主動國泰動能高息,2360,è´è,3.22,470000.0,0.0,其他電子業,https://www.moneydj.com/ETF/X/Basic/Basic0007.xdjhtm?etfid=00400A.TW&topc=
2026-08-27,00980A,主動野村臺灣優選,2330,å°ç©é»,8.94,753000.0,0.0,半導體業,https://www.moneydj.com/ETF/X/Basic/Basic0007.xdjhtm?etfid=00980A.TW&topc=
2026-08-27,00980A,主動野村臺灣優選,2059,å·æ¹,5.65,80000.0,0.0,電子零組件業,https://www.moneydj.com/ETF/X/Basic/Basic0007.xdjhtm?etfid=00980A.TW&topc=
2026-08-27,00980A,主動野村臺灣優選,2454,è¯ç¼ç§,4.74,249000.0,0.0,半導體業,https://www.moneydj.com/ETF/X/Basic/Basic0007.xdjhtm?etfid=00980A.TW&topc=
2026-08-27,00980A,主動野村臺灣優選,3081,è¯äº,3.8,228600.0,0.0,通信網路業,https://www.moneydj.com/ETF/X/Basic/Basic0007.xdjhtm?etfid=00980A.TW&topc=
2026-08-27,00980A,主動野村臺灣優選,2383,å°åé»,3.69,136000.0,0.0,電子零組件業,https://www.moneydj.com/ETF/X/Basic/Basic0007.xdjhtm?etfid=00980A.TW&topc=
2026-08-27,00980A,主動野村臺灣優選,2308,å°éé»,3.52,404000.0,0.0,電子零組件業,https://www.moneydj.com/ETF/X/Basic/Basic0007.xdjhtm?etfid=00980A.TW&topc=
2026-08-27,00980A,主動野村臺灣優選,3037,æ¬£è,3.27,563000.0,0.0,電子零組件業,https://www.moneydj.com/ETF/X/Basic/Basic0007.xdjhtm?etfid=00980A.TW&topc=
2026-08-27,00980A,主動野村臺灣優選,2408,åäºç§,2.92,1096000.0,0.0,半導體業,https://www.moneydj.com/ETF/X/Basic/Basic0007.xdjhtm?etfid=00980A.TW&topc=
2026-08-27,00980A,主動野村臺灣優選,1303,åäº,2.71,2416000.0,0.0,塑膠工業,https://www.moneydj.com/ETF/X/Basic/Basic0007.xdjhtm?etfid=00980A.TW&topc=
2026-08-27,00982A,主動群益台灣強棒,2330,台積電,8.49,1794000.0,0.0,半導體業,https://www.capitalfund.com.tw/etf/product/detail/399/buyback
2026-08-27,00982A,主動群益台灣強棒,6669,緯穎,6.83,510000.0,0.0,電腦及週邊設備業,https://www.capitalfund.com.tw/etf/product/detail/399/buyback
2026-08-27,00982A,主動群益台灣強棒,2454,聯發科,6.62,872000.0,0.0,半導體業,https://www.capitalfund.com.tw/etf/product/detail/399/buyback
2026-08-27,00982A,主動群益台灣強棒,6139,亞翔,5.88,3820000.0,0.0,其他電子業,https://www.capitalfund.com.tw/etf/product/detail/399/buyback
2026-08-27,00982A,主動群益台灣強棒,2059,川湖,5.21,185000.0,0.0,電子零組件業,https://www.capitalfund.com.tw/etf/product/detail/399/buyback
2026-08-27,00982A,主動群益台灣強棒,3105,穩懋,4.21,4809000.0,0.0,半導體業,https://www.capitalfund.com.tw/etf/product/detail/399/buyback
2026-08-27,00982A,主動群益台灣強棒,3008,大立光,3.48,256000.0,0.0,光電業,https://www.capitalfund.com.tw/etf/product/detail/399/buyback
2026-08-27,00982A,主動群益台灣強棒,2383,台光電,3.45,319000.0,0.0,電子零組件業,https://www.capitalfund.com.tw/etf/product/detail/399/buyback
2026-08-27,00982A,主動群益台灣強棒,3491,昇達科,3.3,1180000.0,0.0,通信網路業,https://www.capitalfund.com.tw/etf/product/detail/399/buyback
2026-08-27,00982A,主動群益台灣強棒,2360,致茂,3.29,842000.0,0.0,其他電子業,https://www.capitalfund.com.tw/etf/product/detail/399/buyback
2026-08-27,00985A,主動野村台灣50,2330,å°ç©é»,13.48,588000.0,0.0,半導體業,https://www.moneydj.com/ETF/X/Basic/Basic0007.xdjhtm?etfid=00985A.TW&topc=
2026-08-27,00985A,主動野村台灣50,2376,æå,4.75,1448000.0,0.0,電腦及週邊設備業,https://www.moneydj.com/ETF/X/Basic/Basic0007.xdjhtm?etfid=00985A.TW&topc=
2026-08-27,00985A,主動野村台灣50,4904,é å³,3.7,3832000.0,0.0,通信網路業,https://www.moneydj.com/ETF/X/Basic/Basic0007.xdjhtm?etfid=00985A.TW&topc=
2026-08-27,00985A,主動野村台灣50,2412,ä¸­è¯é»,3.65,2828000.0,0.0,通信網路業,https://www.moneydj.com/ETF/X/Basic/Basic0007.xdjhtm?etfid=00985A.TW&topc=
2026-08-27,00985A,主動野村台灣50,6669,ç·¯ç©,3.44,53000.0,0.0,電腦及週邊設備業,https://www.moneydj.com/ETF/X/Basic/Basic0007.xdjhtm?etfid=00985A.TW&topc=
2026-08-27,00985A,主動野村台灣50,3081,è¯äº,2.66,83000.0,0.0,通信網路業,https://www.moneydj.com/ETF/X/Basic/Basic0007.xdjhtm?etfid=00985A.TW&topc=
2026-08-27,00985A,主動野村台灣50,7750,æ°ä»£,2.52,108000.0,0.0,電機機械,https://www.moneydj.com/ETF/X/Basic/Basic0007.xdjhtm?etfid=00985A.TW&topc=
2026-08-27,00985A,主動野村台灣50,2345,æºé¦,2.47,124000.0,0.0,通信網路業,https://www.moneydj.com/ETF/X/Basic/Basic0007.xdjhtm?etfid=00985A.TW&topc=
2026-08-27,00985A,主動野村台灣50,1504,æ±å,2.43,3473000.0,0.0,電機機械,https://www.moneydj.com/ETF/X/Basic/Basic0007.xdjhtm?etfid=00985A.TW&topc=
2026-08-27,00991A,主動復華未來50,ABNNA,荷蘭銀行公眾有限公司,5.285,140000.0,0.0,未分類,https://www.fhtrust.com.tw/ETF/etf_detail/ETF24#nav
2026-08-27,00991A,主動復華未來50,TPEIRGA,Piraeus Bank SA,4.465,475000.0,0.0,未分類,https://www.fhtrust.com.tw/ETF/etf_detail/ETF24#nav
2026-08-27,00991A,主動復華未來50,AVLN,英傑華保險,4.432,570000.0,0.0,未分類,https://www.fhtrust.com.tw/ETF/etf_detail/ETF24#nav
2026-08-27,00991A,主動復華未來50,AGNNA,荷蘭保險公司,4.082,560000.0,0.0,未分類,https://www.fhtrust.com.tw/ETF/etf_detail/ETF24#nav
2026-08-27,00991A,主動復華未來50,NWGLN,國民西敏集團公開有限公司,3.946,540000.0,0.0,未分類,https://www.fhtrust.com.tw/ETF/etf_detail/ETF24#nav
2026-08-27,00991A,主動復華未來50,LGENLN,法通保險集團公開有限公司,3.764,1200000.0,0.0,未分類,https://www.fhtrust.com.tw/ETF/etf_detail/ETF24#nav
2026-08-27,00991A,主動復華未來50,LLOYLN,勞埃德銀行集團,3.532,3000000.0,0.0,未分類,https://www.fhtrust.com.tw/ETF/etf_detail/ETF24#nav
2026-08-27,00991A,主動復華未來50,DBKGY,德意志銀行,3.5,110000.0,0.0,未分類,https://www.fhtrust.com.tw/ETF/etf_detail/ETF24#nav
2026-08-27,00991A,主動復華未來50,BARCLN,巴克萊集團,3.183,600000.0,0.0,未分類,https://www.fhtrust.com.tw/ETF/etf_detail/ETF24#nav
2026-08-27,00991A,主動復華未來50,ADMLN,Admiral集團公開有限公司,3.073,70000.0,0.0,未分類,https://www.fhtrust.com.tw/ETF/etf_detail/ETF24#nav
2026-08-27,00991A,主動復華未來50,BAMIIM,BPM銀行股份公司,2.973,200000.0,0.0,未分類,https://www.fhtrust.com.tw/ETF/etf_detail/ETF24#nav
2026-08-27,00993A,主動安聯台灣,2330,å°ç©é»,8.71,381000.0,0.0,半導體業,https://www.moneydj.com/ETF/X/Basic/Basic0007.xdjhtm?etfid=00993A.TW&topc=
2026-08-27,00993A,主動安聯台灣,3037,æ¬£è,6.35,566000.0,0.0,電子零組件業,https://www.moneydj.com/ETF/X/Basic/Basic0007.xdjhtm?etfid=00993A.TW&topc=
2026-08-27,00993A,主動安聯台灣,2383,å°åé»,6.01,115000.0,0.0,電子零組件業,https://www.moneydj.com/ETF/X/Basic/Basic0007.xdjhtm?etfid=00993A.TW&topc=
2026-08-27,00993A,主動安聯台灣,6223,æºç½,5.61,116000.0,0.0,半導體業,https://www.moneydj.com/ETF/X/Basic/Basic0007.xdjhtm?etfid=00993A.TW&topc=
2026-08-27,00993A,主動安聯台灣,3017,å¥é,5.05,159000.0,0.0,電腦及週邊設備業,https://www.moneydj.com/ETF/X/Basic/Basic0007.xdjhtm?etfid=00993A.TW&topc=
2026-08-27,00993A,主動安聯台灣,2059,å·æ¹,4.5,33000.0,0.0,電子零組件業,https://www.moneydj.com/ETF/X/Basic/Basic0007.xdjhtm?etfid=00993A.TW&topc=
2026-08-27,00993A,主動安聯台灣,6274,å°ç¿,4.23,308000.0,0.0,電子零組件業,https://www.moneydj.com/ETF/X/Basic/Basic0007.xdjhtm?etfid=00993A.TW&topc=
2026-08-27,00993A,主動安聯台灣,2408,åäºç§,4.03,783000.0,0.0,半導體業,https://www.moneydj.com/ETF/X/Basic/Basic0007.xdjhtm?etfid=00993A.TW&topc=
2026-08-27,00993A,主動安聯台灣,5274,ä¿¡é©,3.87,26600.0,0.0,半導體業,https://www.moneydj.com/ETF/X/Basic/Basic0007.xdjhtm?etfid=00993A.TW&topc=
2026-08-27,00993A,主動安聯台灣,2454,è¯ç¼ç§,3.78,103000.0,0.0,半導體業,https://www.moneydj.com/ETF/X/Basic/Basic0007.xdjhtm?etfid=00993A.TW&topc=
2026-08-27,00998A,主動復華金融股息,ABNNA,荷蘭銀行公眾有限公司,5.285,140000.0,0.0,未分類,https://www.fhtrust.com.tw/ETF/etf_detail/ETF24#nav
2026-08-27,00998A,主動復華金融股息,TPEIRGA,Piraeus Bank SA,4.465,475000.0,0.0,未分類,https://www.fhtrust.com.tw/ETF/etf_detail/ETF24#nav
2026-08-27,00998A,主動復華金融股息,AVLN,英傑華保險,4.432,570000.0,0.0,未分類,https://www.fhtrust.com.tw/ETF/etf_detail/ETF24#nav
2026-08-27,00998A,主動復華金融股息,AGNNA,荷蘭保險公司,4.082,560000.0,0.0,未分類,https://www.fhtrust.com.tw/ETF/etf_detail/ETF24#nav
2026-08-27,00998A,主動復華金融股息,NWGLN,國民西敏集團公開有限公司,3.946,540000.0,0.0,未分類,https://www.fhtrust.com.tw/ETF/etf_detail/ETF24#nav
2026-08-27,00998A,主動復華金融股息,LGENLN,法通保險集團公開有限公司,3.764,1200000.0,0.0,未分類,https://www.fhtrust.com.tw/ETF/etf_detail/ETF24#nav
2026-08-27,00998A,主動復華金融股息,LLOYLN,勞埃德銀行集團,3.532,3000000.0,0.0,未分類,https://www.fhtrust.com.tw/ETF/etf_detail/ETF24#nav
2026-08-27,00998A,主動復華金融股息,DBKGY,德意志銀行,3.5,110000.0,0.0,未分類,https://www.fhtrust.com.tw/ETF/etf_detail/ETF24#nav
2026-08-27,00998A,主動復華金融股息,BARCLN,巴克萊集團,3.183,600000.0,0.0,未分類,https://www.fhtrust.com.tw/ETF/etf_detail/ETF24#nav
2026-08-27,00998A,主動復華金融股息,ADMLN,Admiral集團公開有限公司,3.073,70000.0,0.0,未分類,https://www.fhtrust.com.tw/ETF/etf_detail/ETF24#nav
2026-08-27,00999A,主動野村臺灣高息,2330,å°ç©é»,5.78,279000.0,0.0,半導體業,https://www.moneydj.com/ETF/X/Basic/Basic0007.xdjhtm?etfid=00999A.TW&topc=
2026-08-27,00999A,主動野村臺灣高息,3702,å¤§è¯å¤§,4.59,5267000.0,0.0,電子通路業,https://www.moneydj.com/ETF/X/Basic/Basic0007.xdjhtm?etfid=00999A.TW&topc=
2026-08-27,00999A,主動野村臺灣高息,2383,å°åé»,4.2,89000.0,0.0,電子零組件業,https://www.moneydj.com/ETF/X/Basic/Basic0007.xdjhtm?etfid=00999A.TW&topc=
2026-08-27,00999A,主動野村臺灣高息,2059,å·æ¹,3.94,32000.0,0.0,電子零組件業,https://www.moneydj.com/ETF/X/Basic/Basic0007.xdjhtm?etfid=00999A.TW&topc=
2026-08-27,00999A,主動野村臺灣高息,3653,å¥ç­,3.73,77000.0,0.0,電子零組件業,https://www.moneydj.com/ETF/X/Basic/Basic0007.xdjhtm?etfid=00999A.TW&topc=
2026-08-27,00999A,主動野村臺灣高息,2454,è¯ç¼ç§,3.19,96000.0,0.0,半導體業,https://www.moneydj.com/ETF/X/Basic/Basic0007.xdjhtm?etfid=00999A.TW&topc=
2026-08-27,00999A,主動野村臺灣高息,2441,è¶è±,2.83,2890000.0,0.0,半導體業,https://www.moneydj.com/ETF/X/Basic/Basic0007.xdjhtm?etfid=00999A.TW&topc=
2026-08-27,00999A,主動野村臺灣高息,7769,é´»å,2.72,50000.0,0.0,半導體業,https://www.moneydj.com/ETF/X/Basic/Basic0007.xdjhtm?etfid=00999A.TW&topc=
2026-08-27,00999A,主動野村臺灣高息,3706,ç¥é,2.69,3428000.0,0.0,電腦及週邊設備業,https://www.moneydj.com/ETF/X/Basic/Basic0007.xdjhtm?etfid=00999A.TW&topc=
2026-08-27,00999A,主動野村臺灣高息,2308,å°éé»,2.66,175000.0,0.0,電子零組件業,https://www.moneydj.com/ETF/X/Basic/Basic0007.xdjhtm?etfid=00999A.TW&topc=
2026-08-28,00400A,主動國泰動能高息,2330,å°ç©é»,8.58,1034000.0,0.0,半導體業,https://www.moneydj.com/ETF/X/Basic/Basic0007.xdjhtm?etfid=00400A.TW&topc=
2026-08-28,00400A,主動國泰動能高息,2454,è¯ç¼ç§,6.42,470000.0,0.0,半導體業,https://www.moneydj.com/ETF/X/Basic/Basic0007.xdjhtm?etfid=00400A.TW&topc=
2026-08-28,00400A,主動國泰動能高息,2059,å·æ¹,6.03,123000.0,0.0,電子零組件業,https://www.moneydj.com/ETF/X/Basic/Basic0007.xdjhtm?etfid=00400A.TW&topc=
2026-08-28,00400A,主動國泰動能高息,6669,ç·¯ç©,5.46,221000.0,0.0,電腦及週邊設備業,https://www.moneydj.com/ETF/X/Basic/Basic0007.xdjhtm?etfid=00400A.TW&topc=
2026-08-28,00400A,主動國泰動能高息,3653,å¥ç­,4.9,247000.0,0.0,電子零組件業,https://www.moneydj.com/ETF/X/Basic/Basic0007.xdjhtm?etfid=00400A.TW&topc=
2026-08-28,00400A,主動國泰動能高息,6223,æºç½,4.11,238000.0,0.0,半導體業,https://www.moneydj.com/ETF/X/Basic/Basic0007.xdjhtm?etfid=00400A.TW&topc=
2026-08-28,00400A,主動國泰動能高息,3443,åµæ,3.92,190000.0,0.0,半導體業,https://www.moneydj.com/ETF/X/Basic/Basic0007.xdjhtm?etfid=00400A.TW&topc=
2026-08-28,00400A,主動國泰動能高息,3017,å¥é,3.87,336000.0,0.0,電腦及週邊設備業,https://www.moneydj.com/ETF/X/Basic/Basic0007.xdjhtm?etfid=00400A.TW&topc=
2026-08-28,00400A,主動國泰動能高息,3008,å¤§ç«å,3.73,154000.0,0.0,光電業,https://www.moneydj.com/ETF/X/Basic/Basic0007.xdjhtm?etfid=00400A.TW&topc=
2026-08-28,00400A,主動國泰動能高息,2360,è´è,3.24,470000.0,0.0,其他電子業,https://www.moneydj.com/ETF/X/Basic/Basic0007.xdjhtm?etfid=00400A.TW&topc=
2026-08-28,00401A,主動摩根台灣鑫收,2330,å°ç©é»,15.43,202647.0,0.0,半導體業,https://www.moneydj.com/ETF/X/Basic/Basic0007.xdjhtm?etfid=00401A.TW&topc=
2026-08-28,00401A,主動摩根台灣鑫收,2454,è¯ç¼ç§,6.1,48600.0,0.0,半導體業,https://www.moneydj.com/ETF/X/Basic/Basic0007.xdjhtm?etfid=00401A.TW&topc=
2026-08-28,00401A,主動摩根台灣鑫收,2308,å°éé»,3.34,58000.0,0.0,電子零組件業,https://www.moneydj.com/ETF/X/Basic/Basic0007.xdjhtm?etfid=00401A.TW&topc=
2026-08-28,00401A,主動摩根台灣鑫收,3008,å¤§ç«å,3.34,15000.0,0.0,光電業,https://www.moneydj.com/ETF/X/Basic/Basic0007.xdjhtm?etfid=00401A.TW&topc=
2026-08-28,00401A,主動摩根台灣鑫收,3037,æ¬£è,2.48,71000.0,0.0,電子零組件業,https://www.moneydj.com/ETF/X/Basic/Basic0007.xdjhtm?etfid=00401A.TW&topc=
2026-08-28,00401A,主動摩根台灣鑫收,2382,å»£é,2.34,224000.0,0.0,電腦及週邊設備業,https://www.moneydj.com/ETF/X/Basic/Basic0007.xdjhtm?etfid=00401A.TW&topc=
2026-08-28,00401A,主動摩根台灣鑫收,6669,ç·¯ç©,2.34,10327.0,0.0,電腦及週邊設備業,https://www.moneydj.com/ETF/X/Basic/Basic0007.xdjhtm?etfid=00401A.TW&topc=
2026-08-28,00401A,主動摩根台灣鑫收,2345,æºé¦,2.21,33053.0,0.0,通信網路業,https://www.moneydj.com/ETF/X/Basic/Basic0007.xdjhtm?etfid=00401A.TW&topc=
2026-08-28,00401A,主動摩根台灣鑫收,2455,å¨æ°,2.17,159000.0,0.0,通信網路業,https://www.moneydj.com/ETF/X/Basic/Basic0007.xdjhtm?etfid=00401A.TW&topc=
2026-08-28,00401A,主動摩根台灣鑫收,2881,å¯é¦é,2.07,457000.0,0.0,金融保險業,https://www.moneydj.com/ETF/X/Basic/Basic0007.xdjhtm?etfid=00401A.TW&topc=
2026-08-28,00403A,主動統一升級50,2330,å°ç©é»,16.02,11100000.0,0.0,半導體業,https://www.moneydj.com/ETF/X/Basic/Basic0007.xdjhtm?etfid=00403A.TW&topc=
2026-08-28,00403A,主動統一升級50,3017,å¥é,6.31,3150000.0,0.0,電腦及週邊設備業,https://www.moneydj.com/ETF/X/Basic/Basic0007.xdjhtm?etfid=00403A.TW&topc=
2026-08-28,00403A,主動統一升級50,3037,æ¬£è,5.6,8460000.0,0.0,電子零組件業,https://www.moneydj.com/ETF/X/Basic/Basic0007.xdjhtm?etfid=00403A.TW&topc=
2026-08-28,00403A,主動統一升級50,2383,å°åé»,5.24,1600000.0,0.0,電子零組件業,https://www.moneydj.com/ETF/X/Basic/Basic0007.xdjhtm?etfid=00403A.TW&topc=
2026-08-28,00403A,主動統一升級50,2454,è¯ç¼ç§,5.01,2110000.0,0.0,半導體業,https://www.moneydj.com/ETF/X/Basic/Basic0007.xdjhtm?etfid=00403A.TW&topc=
2026-08-28,00403A,主動統一升級50,2303,è¯é»,3.88,50000000.0,0.0,半導體業,https://www.moneydj.com/ETF/X/Basic/Basic0007.xdjhtm?etfid=00403A.TW&topc=
2026-08-28,00403A,主動統一升級50,3653,å¥ç­,3.75,1087000.0,0.0,電子零組件業,https://www.moneydj.com/ETF/X/Basic/Basic0007.xdjhtm?etfid=00403A.TW&topc=
2026-08-28,00403A,主動統一升級50,2327,åå·¨*,3.48,9785000.0,0.0,電子零組件業,https://www.moneydj.com/ETF/X/Basic/Basic0007.xdjhtm?etfid=00403A.TW&topc=
2026-08-28,00403A,主動統一升級50,6223,æºç½,3.3,1100000.0,0.0,半導體業,https://www.moneydj.com/ETF/X/Basic/Basic0007.xdjhtm?etfid=00403A.TW&topc=
2026-08-28,00403A,主動統一升級50,3008,å¤§ç«å,3.2,760000.0,0.0,光電業,https://www.moneydj.com/ETF/X/Basic/Basic0007.xdjhtm?etfid=00403A.TW&topc=
2026-08-28,00980A,主動野村臺灣優選,2330,å°ç©é»,8.92,753000.0,0.0,半導體業,https://www.moneydj.com/ETF/X/Basic/Basic0007.xdjhtm?etfid=00980A.TW&topc=
2026-08-28,00980A,主動野村臺灣優選,2059,å·æ¹,5.6,80000.0,0.0,電子零組件業,https://www.moneydj.com/ETF/X/Basic/Basic0007.xdjhtm?etfid=00980A.TW&topc=
2026-08-28,00980A,主動野村臺灣優選,2454,è¯ç¼ç§,4.86,249000.0,0.0,半導體業,https://www.moneydj.com/ETF/X/Basic/Basic0007.xdjhtm?etfid=00980A.TW&topc=
2026-08-28,00980A,主動野村臺灣優選,3081,è¯äº,3.7,228600.0,0.0,通信網路業,https://www.moneydj.com/ETF/X/Basic/Basic0007.xdjhtm?etfid=00980A.TW&topc=
2026-08-28,00980A,主動野村臺灣優選,2383,å°åé»,3.66,136000.0,0.0,電子零組件業,https://www.moneydj.com/ETF/X/Basic/Basic0007.xdjhtm?etfid=00980A.TW&topc=
2026-08-28,00980A,主動野村臺灣優選,2308,å°éé»,3.62,404000.0,0.0,電子零組件業,https://www.moneydj.com/ETF/X/Basic/Basic0007.xdjhtm?etfid=00980A.TW&topc=
2026-08-28,00980A,主動野村臺灣優選,3037,æ¬£è,3.06,563000.0,0.0,電子零組件業,https://www.moneydj.com/ETF/X/Basic/Basic0007.xdjhtm?etfid=00980A.TW&topc=
2026-08-28,00980A,主動野村臺灣優選,2408,åäºç§,2.9,1096000.0,0.0,半導體業,https://www.moneydj.com/ETF/X/Basic/Basic0007.xdjhtm?etfid=00980A.TW&topc=
2026-08-28,00980A,主動野村臺灣優選,1303,åäº,2.61,2416000.0,0.0,塑膠工業,https://www.moneydj.com/ETF/X/Basic/Basic0007.xdjhtm?etfid=00980A.TW&topc=
2026-08-28,00981A,主動統一台股增長,2330,å°ç©é»,9.29,11264000.0,0.0,半導體業,https://www.moneydj.com/ETF/X/Basic/Basic0007.xdjhtm?etfid=00981A.TW&topc=
2026-08-28,00981A,主動統一台股增長,2383,å°åé»,8.99,4807000.0,0.0,電子零組件業,https://www.moneydj.com/ETF/X/Basic/Basic0007.xdjhtm?etfid=00981A.TW&topc=
2026-08-28,00981A,主動統一台股增長,3037,æ¬£è,7.68,20300000.0,0.0,電子零組件業,https://www.moneydj.com/ETF/X/Basic/Basic0007.xdjhtm?etfid=00981A.TW&topc=
2026-08-28,00981A,主動統一台股增長,2454,è¯ç¼ç§,6.99,5148000.0,0.0,半導體業,https://www.moneydj.com/ETF/X/Basic/Basic0007.xdjhtm?etfid=00981A.TW&topc=
2026-08-28,00981A,主動統一台股增長,3017,å¥é,6.85,5979000.0,0.0,電腦及週邊設備業,https://www.moneydj.com/ETF/X/Basic/Basic0007.xdjhtm?etfid=00981A.TW&topc=
2026-08-28,00981A,主動統一台股增長,6669,ç·¯ç©,5.46,2226000.0,0.0,電腦及週邊設備業,https://www.moneydj.com/ETF/X/Basic/Basic0007.xdjhtm?etfid=00981A.TW&topc=
2026-08-28,00981A,主動統一台股增長,2327,åå·¨*,5.17,25387000.0,0.0,電子零組件業,https://www.moneydj.com/ETF/X/Basic/Basic0007.xdjhtm?etfid=00981A.TW&topc=
2026-08-28,00981A,主動統一台股增長,2345,æºé¦,4.75,6564000.0,0.0,通信網路業,https://www.moneydj.com/ETF/X/Basic/Basic0007.xdjhtm?etfid=00981A.TW&topc=
2026-08-28,00981A,主動統一台股增長,3653,å¥ç­,4.75,2407000.0,0.0,電子零組件業,https://www.moneydj.com/ETF/X/Basic/Basic0007.xdjhtm?etfid=00981A.TW&topc=
2026-08-28,00981A,主動統一台股增長,2308,å°éé»,4.52,7250000.0,0.0,電子零組件業,https://www.moneydj.com/ETF/X/Basic/Basic0007.xdjhtm?etfid=00981A.TW&topc=
2026-08-28,00982A,主動群益台灣強棒,2330,台積電,8.43,1794000.0,0.0,半導體業,https://www.capitalfund.com.tw/etf/product/detail/399/buyback
2026-08-28,00982A,主動群益台灣強棒,6669,緯穎,7.13,510000.0,0.0,電腦及週邊設備業,https://www.capitalfund.com.tw/etf/product/detail/399/buyback
2026-08-28,00982A,主動群益台灣強棒,6139,亞翔,5.75,3820000.0,0.0,其他電子業,https://www.capitalfund.com.tw/etf/product/detail/399/buyback
2026-08-28,00982A,主動群益台灣強棒,2454,聯發科,5.74,742000.0,0.0,半導體業,https://www.capitalfund.com.tw/etf/product/detail/399/buyback
2026-08-28,00982A,主動群益台灣強棒,2059,川湖,5.13,185000.0,0.0,電子零組件業,https://www.capitalfund.com.tw/etf/product/detail/399/buyback
2026-08-28,00982A,主動群益台灣強棒,3105,穩懋,4.86,5709000.0,0.0,半導體業,https://www.capitalfund.com.tw/etf/product/detail/399/buyback
2026-08-28,00982A,主動群益台灣強棒,3008,大立光,3.51,256000.0,0.0,光電業,https://www.capitalfund.com.tw/etf/product/detail/399/buyback
2026-08-28,00982A,主動群益台灣強棒,3491,昇達科,3.46,1180000.0,0.0,通信網路業,https://www.capitalfund.com.tw/etf/product/detail/399/buyback
2026-08-28,00982A,主動群益台灣強棒,2383,台光電,3.4,319000.0,0.0,電子零組件業,https://www.capitalfund.com.tw/etf/product/detail/399/buyback
2026-08-28,00982A,主動群益台灣強棒,2360,致茂,3.28,842000.0,0.0,其他電子業,https://www.capitalfund.com.tw/etf/product/detail/399/buyback
2026-08-28,00983A,主動中信ARK創新,TSLA,Tesla,8.7,8645.0,0.0,未分類,https://www.moneydj.com/ETF/X/Basic/Basic0007.xdjhtm?etfid=00983A.TW&topc=
2026-08-28,00983A,主動中信ARK創新,SHOP,Shopify,6.54,14973.0,0.0,未分類,https://www.moneydj.com/ETF/X/Basic/Basic0007.xdjhtm?etfid=00983A.TW&topc=
2026-08-28,00983A,主動中信ARK創新,TEM,Tempus,5.71,28498.0,0.0,未分類,https://www.moneydj.com/ETF/X/Basic/Basic0007.xdjhtm?etfid=00983A.TW&topc=
2026-08-28,00983A,主動中信ARK創新,TWST,Twist Bioscience,5.09,11729.0,0.0,未分類,https://www.moneydj.com/ETF/X/Basic/Basic0007.xdjhtm?etfid=00983A.TW&topc=
2026-08-28,00983A,主動中信ARK創新,CRCL,Circle,4.64,17399.0,0.0,未分類,https://www.moneydj.com/ETF/X/Basic/Basic0007.xdjhtm?etfid=00983A.TW&topc=
2026-08-28,00983A,主動中信ARK創新,SPCX,SpaceX,4.55,11414.0,0.0,未分類,https://www.moneydj.com/ETF/X/Basic/Basic0007.xdjhtm?etfid=00983A.TW&topc=
2026-08-28,00983A,主動中信ARK創新,HOOD,Robinhood Markets,4.52,14529.0,0.0,未分類,https://www.moneydj.com/ETF/X/Basic/Basic0007.xdjhtm?etfid=00983A.TW&topc=
2026-08-28,00983A,主動中信ARK創新,TXG,10x Genomics,4.47,24355.0,0.0,未分類,https://www.moneydj.com/ETF/X/Basic/Basic0007.xdjhtm?etfid=00983A.TW&topc=
2026-08-28,00983A,主動中信ARK創新,CRSP,CRISPR Therapeutics,4.21,25033.0,0.0,未分類,https://www.moneydj.com/ETF/X/Basic/Basic0007.xdjhtm?etfid=00983A.TW&topc=
2026-08-28,00983A,主動中信ARK創新,COIN,Coinbase,3.8,7035.0,0.0,未分類,https://www.moneydj.com/ETF/X/Basic/Basic0007.xdjhtm?etfid=00983A.TW&topc=
2026-08-28,00985A,主動野村台灣50,2330,å°ç©é»,13.51,588000.0,0.0,半導體業,https://www.moneydj.com/ETF/X/Basic/Basic0007.xdjhtm?etfid=00985A.TW&topc=
2026-08-28,00985A,主動野村台灣50,2376,æå,4.03,1215000.0,0.0,電腦及週邊設備業,https://www.moneydj.com/ETF/X/Basic/Basic0007.xdjhtm?etfid=00985A.TW&topc=
2026-08-28,00985A,主動野村台灣50,4904,é å³,3.66,3832000.0,0.0,通信網路業,https://www.moneydj.com/ETF/X/Basic/Basic0007.xdjhtm?etfid=00985A.TW&topc=
2026-08-28,00985A,主動野村台灣50,2412,ä¸­è¯é»,3.64,2828000.0,0.0,通信網路業,https://www.moneydj.com/ETF/X/Basic/Basic0007.xdjhtm?etfid=00985A.TW&topc=
2026-08-28,00985A,主動野村台灣50,6669,ç·¯ç©,3.62,53000.0,0.0,電腦及週邊設備業,https://www.moneydj.com/ETF/X/Basic/Basic0007.xdjhtm?etfid=00985A.TW&topc=
2026-08-28,00985A,主動野村台灣50,2345,æºé¦,2.78,138000.0,0.0,通信網路業,https://www.moneydj.com/ETF/X/Basic/Basic0007.xdjhtm?etfid=00985A.TW&topc=
2026-08-28,00985A,主動野村台灣50,3711,æ¥æåææ§,2.56,435000.0,0.0,半導體業,https://www.moneydj.com/ETF/X/Basic/Basic0007.xdjhtm?etfid=00985A.TW&topc=
2026-08-28,00985A,主動野村台灣50,2454,è¯ç¼ç§,2.53,67000.0,0.0,半導體業,https://www.moneydj.com/ETF/X/Basic/Basic0007.xdjhtm?etfid=00985A.TW&topc=
2026-08-28,00985A,主動野村台灣50,2383,å°åé»,2.45,47000.0,0.0,電子零組件業,https://www.moneydj.com/ETF/X/Basic/Basic0007.xdjhtm?etfid=00985A.TW&topc=
2026-08-28,00986A,主動台新龍頭成長,2330,å°ç©é»,9.2,22000.0,0.0,半導體業,https://www.moneydj.com/ETF/X/Basic/Basic0007.xdjhtm?etfid=00986A.TW&topc=
2026-08-28,00986A,主動台新龍頭成長,NVDA,NVIDIA,6.27,5000.0,0.0,未分類,https://www.moneydj.com/ETF/X/Basic/Basic0007.xdjhtm?etfid=00986A.TW&topc=
2026-08-28,00986A,主動台新龍頭成長,GOOGL,lphabet - Class A Common Stock,5.62,3000.0,0.0,未分類,https://www.moneydj.com/ETF/X/Basic/Basic0007.xdjhtm?etfid=00986A.TW&topc=
2026-08-28,00986A,主動台新龍頭成長,MU,Micron,4.12,800.0,0.0,未分類,https://www.moneydj.com/ETF/X/Basic/Basic0007.xdjhtm?etfid=00986A.TW&topc=
2026-08-28,00986A,主動台新龍頭成長,LITE,Lumentum,4.1,780.0,0.0,未分類,https://www.moneydj.com/ETF/X/Basic/Basic0007.xdjhtm?etfid=00986A.TW&topc=
2026-08-28,00986A,主動台新龍頭成長,AMZN,Amazon,3.95,2800.0,0.0,未分類,https://www.moneydj.com/ETF/X/Basic/Basic0007.xdjhtm?etfid=00986A.TW&topc=
2026-08-28,00986A,主動台新龍頭成長,CRWD,CrowdStrike Holdings,3.76,3000.0,0.0,未分類,https://www.moneydj.com/ETF/X/Basic/Basic0007.xdjhtm?etfid=00986A.TW&topc=
2026-08-28,00986A,主動台新龍頭成長,AVGO,Broadcom,3.68,1800.0,0.0,未分類,https://www.moneydj.com/ETF/X/Basic/Basic0007.xdjhtm?etfid=00986A.TW&topc=
2026-08-28,00986A,主動台新龍頭成長,AMD,AMD,3.67,1400.0,0.0,未分類,https://www.moneydj.com/ETF/X/Basic/Basic0007.xdjhtm?etfid=00986A.TW&topc=
2026-08-28,00986A,主動台新龍頭成長,GS,Goldman Sachs,3.15,550.0,0.0,未分類,https://www.moneydj.com/ETF/X/Basic/Basic0007.xdjhtm?etfid=00986A.TW&topc=
2026-08-28,00987A,主動台新優勢成長,2330,å°ç©é»,8.27,90000.0,0.0,半導體業,https://www.moneydj.com/ETF/X/Basic/Basic0007.xdjhtm?etfid=00987A.TW&topc=
2026-08-28,00987A,主動台新優勢成長,3017,å¥é,7.4,58000.0,0.0,電腦及週邊設備業,https://www.moneydj.com/ETF/X/Basic/Basic0007.xdjhtm?etfid=00987A.TW&topc=
2026-08-28,00987A,主動台新優勢成長,3037,æ¬£è,7.0,166000.0,0.0,電子零組件業,https://www.moneydj.com/ETF/X/Basic/Basic0007.xdjhtm?etfid=00987A.TW&topc=
2026-08-28,00987A,主動台新優勢成長,2383,å°åé»,6.04,29000.0,0.0,電子零組件業,https://www.moneydj.com/ETF/X/Basic/Basic0007.xdjhtm?etfid=00987A.TW&topc=
2026-08-28,00987A,主動台新優勢成長,6223,æºç½,5.16,27000.0,0.0,半導體業,https://www.moneydj.com/ETF/X/Basic/Basic0007.xdjhtm?etfid=00987A.TW&topc=
2026-08-28,00987A,主動台新優勢成長,2454,è¯ç¼ç§,4.84,32000.0,0.0,半導體業,https://www.moneydj.com/ETF/X/Basic/Basic0007.xdjhtm?etfid=00987A.TW&topc=
2026-08-28,00987A,主動台新優勢成長,3443,åµæ,4.57,20000.0,0.0,半導體業,https://www.moneydj.com/ETF/X/Basic/Basic0007.xdjhtm?etfid=00987A.TW&topc=
2026-08-28,00987A,主動台新優勢成長,3665,è²¿è¯-KY,4.46,52000.0,0.0,其他電子業,https://www.moneydj.com/ETF/X/Basic/Basic0007.xdjhtm?etfid=00987A.TW&topc=
2026-08-28,00987A,主動台新優勢成長,8046,åé»,4.28,91000.0,0.0,電子零組件業,https://www.moneydj.com/ETF/X/Basic/Basic0007.xdjhtm?etfid=00987A.TW&topc=
2026-08-28,00987A,主動台新優勢成長,6274,å°ç¿,4.24,75000.0,0.0,電子零組件業,https://www.moneydj.com/ETF/X/Basic/Basic0007.xdjhtm?etfid=00987A.TW&topc=
2026-08-28,00989A,主動摩根美國科技,PANW,Palo Alto,4.21,3994.0,0.0,未分類,https://www.moneydj.com/ETF/X/Basic/Basic0007.xdjhtm?etfid=00989A.TW&topc=
2026-08-28,00989A,主動摩根美國科技,NVDA,NVIDIA,4.03,6423.0,0.0,未分類,https://www.moneydj.com/ETF/X/Basic/Basic0007.xdjhtm?etfid=00989A.TW&topc=
2026-08-28,00989A,主動摩根美國科技,AVGO,Broadcom,3.6,3522.0,0.0,未分類,https://www.moneydj.com/ETF/X/Basic/Basic0007.xdjhtm?etfid=00989A.TW&topc=
2026-08-28,00989A,主動摩根美國科技,TTWO,Take-Two,3.28,5116.0,0.0,未分類,https://www.moneydj.com/ETF/X/Basic/Basic0007.xdjhtm?etfid=00989A.TW&topc=
2026-08-28,00989A,主動摩根美國科技,CRWD,CrowdStrike Holdings,3.27,5219.0,0.0,未分類,https://www.moneydj.com/ETF/X/Basic/Basic0007.xdjhtm?etfid=00989A.TW&topc=
2026-08-28,00989A,主動摩根美國科技,SNOW,Snowflake,3.22,3561.0,0.0,未分類,https://www.moneydj.com/ETF/X/Basic/Basic0007.xdjhtm?etfid=00989A.TW&topc=
2026-08-28,00989A,主動摩根美國科技,MSFT,Microsoft,3.19,2294.0,0.0,未分類,https://www.moneydj.com/ETF/X/Basic/Basic0007.xdjhtm?etfid=00989A.TW&topc=
2026-08-28,00989A,主動摩根美國科技,TSLA,Tesla,2.82,2891.0,0.0,未分類,https://www.moneydj.com/ETF/X/Basic/Basic0007.xdjhtm?etfid=00989A.TW&topc=
2026-08-28,00989A,主動摩根美國科技,NET,Cloudflare,2.8,3305.0,0.0,未分類,https://www.moneydj.com/ETF/X/Basic/Basic0007.xdjhtm?etfid=00989A.TW&topc=
2026-08-28,00989A,主動摩根美國科技,GOOG,phabet - Class C Capital Stock,2.78,2991.0,0.0,未分類,https://www.moneydj.com/ETF/X/Basic/Basic0007.xdjhtm?etfid=00989A.TW&topc=
2026-08-28,00990A,主動元大AI新經濟,LITE,Lumentum,8.07,101272.0,0.0,未分類,https://www.moneydj.com/ETF/X/Basic/Basic0007.xdjhtm?etfid=00990A.TW&topc=
2026-08-28,00990A,主動元大AI新經濟,MU,Micron,4.34,55645.0,0.0,未分類,https://www.moneydj.com/ETF/X/Basic/Basic0007.xdjhtm?etfid=00990A.TW&topc=
2026-08-28,00990A,主動元大AI新經濟,MRVL,Marvell,4.17,207000.0,0.0,未分類,https://www.moneydj.com/ETF/X/Basic/Basic0007.xdjhtm?etfid=00990A.TW&topc=
2026-08-28,00990A,主動元大AI新經濟,3037,æ¬£è,3.56,1146000.0,0.0,電子零組件業,https://www.moneydj.com/ETF/X/Basic/Basic0007.xdjhtm?etfid=00990A.TW&topc=
2026-08-28,00990A,主動元大AI新經濟,AMD,AMD,3.38,85079.0,0.0,未分類,https://www.moneydj.com/ETF/X/Basic/Basic0007.xdjhtm?etfid=00990A.TW&topc=
2026-08-28,00990A,主動元大AI新經濟,NVDA,NVIDIA,3.23,170000.0,0.0,未分類,https://www.moneydj.com/ETF/X/Basic/Basic0007.xdjhtm?etfid=00990A.TW&topc=
2026-08-28,00990A,主動元大AI新經濟,2383,å°åé»,3.07,212000.0,0.0,電子零組件業,https://www.moneydj.com/ETF/X/Basic/Basic0007.xdjhtm?etfid=00990A.TW&topc=
2026-08-28,00990A,主動元大AI新經濟,CRDO,Credo,2.76,138000.0,0.0,未分類,https://www.moneydj.com/ETF/X/Basic/Basic0007.xdjhtm?etfid=00990A.TW&topc=
2026-08-28,00990A,主動元大AI新經濟,BE,Bloom Energy,2.63,144800.0,0.0,未分類,https://www.moneydj.com/ETF/X/Basic/Basic0007.xdjhtm?etfid=00990A.TW&topc=
2026-08-28,00992A,主動群益科技創新,2059,川湖,8.42,260000.0,0.0,電子零組件業,https://www.capitalfund.com.tw/etf/product/detail/500/buyback
2026-08-28,00992A,主動群益科技創新,3017,奇鋐,7.62,1001000.0,0.0,電腦及週邊設備業,https://www.capitalfund.com.tw/etf/product/detail/500/buyback
2026-08-28,00992A,主動群益科技創新,2330,台積電,7.16,1306000.0,0.0,半導體業,https://www.capitalfund.com.tw/etf/product/detail/500/buyback
2026-08-28,00992A,主動群益科技創新,3037,欣興,6.24,2482000.0,0.0,電子零組件業,https://www.capitalfund.com.tw/etf/product/detail/500/buyback
2026-08-28,00992A,主動群益科技創新,3665,貿聯-KY,5.94,1161000.0,0.0,其他電子業,https://www.capitalfund.com.tw/etf/product/detail/500/buyback
2026-08-28,00992A,主動群益科技創新,2383,台光電,5.78,465000.0,0.0,電子零組件業,https://www.capitalfund.com.tw/etf/product/detail/500/buyback
2026-08-28,00992A,主動群益科技創新,3008,大立光,5.49,343000.0,0.0,光電業,https://www.capitalfund.com.tw/etf/product/detail/500/buyback
2026-08-28,00992A,主動群益科技創新,2345,智邦,5.17,1074000.0,0.0,通信網路業,https://www.capitalfund.com.tw/etf/product/detail/500/buyback
2026-08-28,00992A,主動群益科技創新,8996,高力,4.67,1630000.0,0.0,電機機械,https://www.capitalfund.com.tw/etf/product/detail/500/buyback
2026-08-28,00992A,主動群益科技創新,6584,南俊國際,3.45,2231000.0,0.0,電子零組件業,https://www.capitalfund.com.tw/etf/product/detail/500/buyback
2026-08-28,00993A,主動安聯台灣,2330,å°ç©é»,8.68,378000.0,0.0,半導體業,https://www.moneydj.com/ETF/X/Basic/Basic0007.xdjhtm?etfid=00993A.TW&topc=
2026-08-28,00993A,主動安聯台灣,2383,å°åé»,5.93,114000.0,0.0,電子零組件業,https://www.moneydj.com/ETF/X/Basic/Basic0007.xdjhtm?etfid=00993A.TW&topc=
2026-08-28,00993A,主動安聯台灣,3037,æ¬£è,5.92,563000.0,0.0,電子零組件業,https://www.moneydj.com/ETF/X/Basic/Basic0007.xdjhtm?etfid=00993A.TW&topc=
2026-08-28,00993A,主動安聯台灣,6223,æºç½,5.48,115000.0,0.0,半導體業,https://www.moneydj.com/ETF/X/Basic/Basic0007.xdjhtm?etfid=00993A.TW&topc=
2026-08-28,00993A,主動安聯台灣,3017,å¥é,5.03,158000.0,0.0,電腦及週邊設備業,https://www.moneydj.com/ETF/X/Basic/Basic0007.xdjhtm?etfid=00993A.TW&topc=
2026-08-28,00993A,主動安聯台灣,2059,å·æ¹,4.33,32000.0,0.0,電子零組件業,https://www.moneydj.com/ETF/X/Basic/Basic0007.xdjhtm?etfid=00993A.TW&topc=
2026-08-28,00993A,主動安聯台灣,6274,å°ç¿,4.32,306000.0,0.0,電子零組件業,https://www.moneydj.com/ETF/X/Basic/Basic0007.xdjhtm?etfid=00993A.TW&topc=
2026-08-28,00993A,主動安聯台灣,2408,åäºç§,3.98,778000.0,0.0,半導體業,https://www.moneydj.com/ETF/X/Basic/Basic0007.xdjhtm?etfid=00993A.TW&topc=
2026-08-28,00993A,主動安聯台灣,2454,è¯ç¼ç§,3.85,102000.0,0.0,半導體業,https://www.moneydj.com/ETF/X/Basic/Basic0007.xdjhtm?etfid=00993A.TW&topc=
2026-08-28,00993A,主動安聯台灣,5274,ä¿¡é©,3.79,25600.0,0.0,半導體業,https://www.moneydj.com/ETF/X/Basic/Basic0007.xdjhtm?etfid=00993A.TW&topc=
2026-08-28,00994A,主動第一金台股優,2330,å°ç©é»,14.09,292999.0,0.0,半導體業,https://www.moneydj.com/ETF/X/Basic/Basic0007.xdjhtm?etfid=00994A.TW&topc=
2026-08-28,00994A,主動第一金台股優,3017,å¥é,7.04,105500.0,0.0,電腦及週邊設備業,https://www.moneydj.com/ETF/X/Basic/Basic0007.xdjhtm?etfid=00994A.TW&topc=
2026-08-28,00994A,主動第一金台股優,2383,å°åé»,6.44,59001.0,0.0,電子零組件業,https://www.moneydj.com/ETF/X/Basic/Basic0007.xdjhtm?etfid=00994A.TW&topc=
2026-08-28,00994A,主動第一金台股優,3037,æ¬£è,6.26,284001.0,0.0,電子零組件業,https://www.moneydj.com/ETF/X/Basic/Basic0007.xdjhtm?etfid=00994A.TW&topc=
2026-08-28,00994A,主動第一金台股優,2059,å·æ¹,5.97,21001.0,0.0,電子零組件業,https://www.moneydj.com/ETF/X/Basic/Basic0007.xdjhtm?etfid=00994A.TW&topc=
2026-08-28,00994A,主動第一金台股優,6274,å°ç¿,4.97,168000.0,0.0,電子零組件業,https://www.moneydj.com/ETF/X/Basic/Basic0007.xdjhtm?etfid=00994A.TW&topc=
2026-08-28,00994A,主動第一金台股優,8046,åé»,4.83,196000.0,0.0,電子零組件業,https://www.moneydj.com/ETF/X/Basic/Basic0007.xdjhtm?etfid=00994A.TW&topc=
2026-08-28,00994A,主動第一金台股優,2454,è¯ç¼ç§,4.59,58001.0,0.0,半導體業,https://www.moneydj.com/ETF/X/Basic/Basic0007.xdjhtm?etfid=00994A.TW&topc=
2026-08-28,00994A,主動第一金台股優,6669,ç·¯ç©,3.72,26000.0,0.0,電腦及週邊設備業,https://www.moneydj.com/ETF/X/Basic/Basic0007.xdjhtm?etfid=00994A.TW&topc=
2026-08-28,00994A,主動第一金台股優,2408,åäºç§,3.38,315000.0,0.0,半導體業,https://www.moneydj.com/ETF/X/Basic/Basic0007.xdjhtm?etfid=00994A.TW&topc=
2026-08-28,00995A,主動中信台灣卓越,2330,å°ç©é»,9.31,189000.0,0.0,半導體業,https://www.moneydj.com/ETF/X/Basic/Basic0007.xdjhtm?etfid=00995A.TW&topc=
2026-08-28,00995A,主動中信台灣卓越,2383,å°åé»,8.07,72000.0,0.0,電子零組件業,https://www.moneydj.com/ETF/X/Basic/Basic0007.xdjhtm?etfid=00995A.TW&topc=
2026-08-28,00995A,主動中信台灣卓越,6669,ç·¯ç©,6.32,43000.0,0.0,電腦及週邊設備業,https://www.moneydj.com/ETF/X/Basic/Basic0007.xdjhtm?etfid=00995A.TW&topc=
2026-08-28,00995A,主動中信台灣卓越,2454,è¯ç¼ç§,6.02,74000.0,0.0,半導體業,https://www.moneydj.com/ETF/X/Basic/Basic0007.xdjhtm?etfid=00995A.TW&topc=
2026-08-28,00995A,主動中信台灣卓越,3017,å¥é,5.49,80000.0,0.0,電腦及週邊設備業,https://www.moneydj.com/ETF/X/Basic/Basic0007.xdjhtm?etfid=00995A.TW&topc=
2026-08-28,00995A,主動中信台灣卓越,3037,æ¬£è,5.26,232000.0,0.0,電子零組件業,https://www.moneydj.com/ETF/X/Basic/Basic0007.xdjhtm?etfid=00995A.TW&topc=
2026-08-28,00995A,主動中信台灣卓越,2345,æºé¦,4.77,110000.0,0.0,通信網路業,https://www.moneydj.com/ETF/X/Basic/Basic0007.xdjhtm?etfid=00995A.TW&topc=
2026-08-28,00995A,主動中信台灣卓越,8046,åé»,4.3,170000.0,0.0,電子零組件業,https://www.moneydj.com/ETF/X/Basic/Basic0007.xdjhtm?etfid=00995A.TW&topc=
2026-08-28,00995A,主動中信台灣卓越,2308,å°éé»,4.11,110000.0,0.0,電子零組件業,https://www.moneydj.com/ETF/X/Basic/Basic0007.xdjhtm?etfid=00995A.TW&topc=
2026-08-28,00995A,主動中信台灣卓越,6223,æºç½,3.9,38000.0,0.0,半導體業,https://www.moneydj.com/ETF/X/Basic/Basic0007.xdjhtm?etfid=00995A.TW&topc=
2026-08-28,00996A,主動兆豐台灣豐收,2330,å°ç©é»,10.01,179000.0,0.0,半導體業,https://www.moneydj.com/ETF/X/Basic/Basic0007.xdjhtm?etfid=00996A.TW&topc=
2026-08-28,00996A,主動兆豐台灣豐收,2383,å°åé»,6.47,51000.0,0.0,電子零組件業,https://www.moneydj.com/ETF/X/Basic/Basic0007.xdjhtm?etfid=00996A.TW&topc=
2026-08-28,00996A,主動兆豐台灣豐收,2454,è¯ç¼ç§,6.35,69000.0,0.0,半導體業,https://www.moneydj.com/ETF/X/Basic/Basic0007.xdjhtm?etfid=00996A.TW&topc=
2026-08-28,00996A,主動兆豐台灣豐收,4958,è»é¼-KY,6.24,562000.0,0.0,電子零組件業,https://www.moneydj.com/ETF/X/Basic/Basic0007.xdjhtm?etfid=00996A.TW&topc=
2026-08-28,00996A,主動兆豐台灣豐收,2327,åå·¨*,5.63,408000.0,0.0,電子零組件業,https://www.moneydj.com/ETF/X/Basic/Basic0007.xdjhtm?etfid=00996A.TW&topc=
2026-08-28,00996A,主動兆豐台灣豐收,2308,å°éé»,4.86,115000.0,0.0,電子零組件業,https://www.moneydj.com/ETF/X/Basic/Basic0007.xdjhtm?etfid=00996A.TW&topc=
2026-08-28,00996A,主動兆豐台灣豐收,6278,å°è¡¨ç§,3.09,665000.0,0.0,光電業,https://www.moneydj.com/ETF/X/Basic/Basic0007.xdjhtm?etfid=00996A.TW&topc=
2026-08-28,00996A,主動兆豐台灣豐收,3443,åµæ,3.06,22000.0,0.0,半導體業,https://www.moneydj.com/ETF/X/Basic/Basic0007.xdjhtm?etfid=00996A.TW&topc=
2026-08-28,00996A,主動兆豐台灣豐收,3037,æ¬£è,2.95,115000.0,0.0,電子零組件業,https://www.moneydj.com/ETF/X/Basic/Basic0007.xdjhtm?etfid=00996A.TW&topc=
2026-08-28,00996A,主動兆豐台灣豐收,2472,ç«éé»,2.84,528000.0,0.0,電子零組件業,https://www.moneydj.com/ETF/X/Basic/Basic0007.xdjhtm?etfid=00996A.TW&topc=
2026-08-28,00997A,主動群益美國增長,MU,Micron,4.5,20095.0,0.0,未分類,https://www.moneydj.com/ETF/X/Basic/Basic0007.xdjhtm?etfid=00997A.TW&topc=
2026-08-28,00997A,主動群益美國增長,MRVL,Marvell,4.46,77233.0,0.0,未分類,https://www.moneydj.com/ETF/X/Basic/Basic0007.xdjhtm?etfid=00997A.TW&topc=
2026-08-28,00997A,主動群益美國增長,LITE,Lumentum,4.0,17485.0,0.0,未分類,https://www.moneydj.com/ETF/X/Basic/Basic0007.xdjhtm?etfid=00997A.TW&topc=
2026-08-28,00997A,主動群益美國增長,AMD,AMD,3.25,28499.0,0.0,未分類,https://www.moneydj.com/ETF/X/Basic/Basic0007.xdjhtm?etfid=00997A.TW&topc=
2026-08-28,00997A,主動群益美國增長,3037,æ¬£è,3.21,360000.0,0.0,電子零組件業,https://www.moneydj.com/ETF/X/Basic/Basic0007.xdjhtm?etfid=00997A.TW&topc=
2026-08-28,00997A,主動群益美國增長,GOOGL,lphabet - Class A Common Stock,3.15,38700.0,0.0,未分類,https://www.moneydj.com/ETF/X/Basic/Basic0007.xdjhtm?etfid=00997A.TW&topc=
2026-08-28,00997A,主動群益美國增長,SNDK,Sandisk,3.14,8823.0,0.0,未分類,https://www.moneydj.com/ETF/X/Basic/Basic0007.xdjhtm?etfid=00997A.TW&topc=
2026-08-28,00997A,主動群益美國增長,CRWD,CrowdStrike Holdings,3.03,55605.0,0.0,未分類,https://www.moneydj.com/ETF/X/Basic/Basic0007.xdjhtm?etfid=00997A.TW&topc=
2026-08-28,00997A,主動群益美國增長,AMAT,Applied Materials,2.88,24965.0,0.0,未分類,https://www.moneydj.com/ETF/X/Basic/Basic0007.xdjhtm?etfid=00997A.TW&topc=
2026-08-28,00997A,主動群益美國增長,LRCX,Lam Research,2.81,36909.0,0.0,未分類,https://www.moneydj.com/ETF/X/Basic/Basic0007.xdjhtm?etfid=00997A.TW&topc=
2026-08-28,00999A,主動野村臺灣高息,2330,å°ç©é»,5.79,279000.0,0.0,半導體業,https://www.moneydj.com/ETF/X/Basic/Basic0007.xdjhtm?etfid=00999A.TW&topc=
2026-08-28,00999A,主動野村臺灣高息,3702,å¤§è¯å¤§,4.52,5267000.0,0.0,電子通路業,https://www.moneydj.com/ETF/X/Basic/Basic0007.xdjhtm?etfid=00999A.TW&topc=
2026-08-28,00999A,主動野村臺灣高息,2383,å°åé»,4.19,89000.0,0.0,電子零組件業,https://www.moneydj.com/ETF/X/Basic/Basic0007.xdjhtm?etfid=00999A.TW&topc=
2026-08-28,00999A,主動野村臺灣高息,2059,å·æ¹,3.92,32000.0,0.0,電子零組件業,https://www.moneydj.com/ETF/X/Basic/Basic0007.xdjhtm?etfid=00999A.TW&topc=
2026-08-28,00999A,主動野村臺灣高息,3653,å¥ç­,3.82,77000.0,0.0,電子零組件業,https://www.moneydj.com/ETF/X/Basic/Basic0007.xdjhtm?etfid=00999A.TW&topc=
2026-08-28,00999A,主動野村臺灣高息,3706,ç¥é,3.46,4379000.0,0.0,電腦及週邊設備業,https://www.moneydj.com/ETF/X/Basic/Basic0007.xdjhtm?etfid=00999A.TW&topc=
2026-08-28,00999A,主動野村臺灣高息,2454,è¯ç¼ç§,3.28,96000.0,0.0,半導體業,https://www.moneydj.com/ETF/X/Basic/Basic0007.xdjhtm?etfid=00999A.TW&topc=
2026-08-28,00999A,主動野村臺灣高息,2441,è¶è±,2.94,2890000.0,0.0,半導體業,https://www.moneydj.com/ETF/X/Basic/Basic0007.xdjhtm?etfid=00999A.TW&topc=
2026-08-28,00999A,主動野村臺灣高息,6669,ç·¯ç©,2.78,45000.0,0.0,電腦及週邊設備業,https://www.moneydj.com/ETF/X/Basic/Basic0007.xdjhtm?etfid=00999A.TW&topc=
2026-08-28,00999A,主動野村臺灣高息,7769,é´»å,2.78,50000.0,0.0,半導體業,https://www.moneydj.com/ETF/X/Basic/Basic0007.xdjhtm?etfid=00999A.TW&topc=
2026-08-31,00400A,主動國泰動能高息,2330,å°ç©é»,8.65,1034000.0,0.0,半導體業,https://www.moneydj.com/ETF/X/Basic/Basic0007.xdjhtm?etfid=00400A.TW&topc=
2026-08-31,00400A,主動國泰動能高息,2454,è¯ç¼ç§,6.42,470000.0,0.0,半導體業,https://www.moneydj.com/ETF/X/Basic/Basic0007.xdjhtm?etfid=00400A.TW&topc=
2026-08-31,00400A,主動國泰動能高息,2059,å·æ¹,6.07,123000.0,0.0,電子零組件業,https://www.moneydj.com/ETF/X/Basic/Basic0007.xdjhtm?etfid=00400A.TW&topc=
2026-08-31,00400A,主動國泰動能高息,6669,ç·¯ç©,5.45,221000.0,0.0,電腦及週邊設備業,https://www.moneydj.com/ETF/X/Basic/Basic0007.xdjhtm?etfid=00400A.TW&topc=
2026-08-31,00400A,主動國泰動能高息,3653,å¥ç­,5.15,247000.0,0.0,電子零組件業,https://www.moneydj.com/ETF/X/Basic/Basic0007.xdjhtm?etfid=00400A.TW&topc=
2026-08-31,00400A,主動國泰動能高息,6223,æºç½,4.25,238000.0,0.0,半導體業,https://www.moneydj.com/ETF/X/Basic/Basic0007.xdjhtm?etfid=00400A.TW&topc=
2026-08-31,00400A,主動國泰動能高息,3008,å¤§ç«å,4.1,154000.0,0.0,光電業,https://www.moneydj.com/ETF/X/Basic/Basic0007.xdjhtm?etfid=00400A.TW&topc=
2026-08-31,00400A,主動國泰動能高息,3443,åµæ,4.03,190000.0,0.0,半導體業,https://www.moneydj.com/ETF/X/Basic/Basic0007.xdjhtm?etfid=00400A.TW&topc=
2026-08-31,00400A,主動國泰動能高息,3017,å¥é,4.0,336000.0,0.0,電腦及週邊設備業,https://www.moneydj.com/ETF/X/Basic/Basic0007.xdjhtm?etfid=00400A.TW&topc=
2026-08-31,00400A,主動國泰動能高息,2360,è´è,3.2,470000.0,0.0,其他電子業,https://www.moneydj.com/ETF/X/Basic/Basic0007.xdjhtm?etfid=00400A.TW&topc=
2026-08-31,00980A,主動野村臺灣優選,2330,å°ç©é»,8.96,753000.0,0.0,半導體業,https://www.moneydj.com/ETF/X/Basic/Basic0007.xdjhtm?etfid=00980A.TW&topc=
2026-08-31,00980A,主動野村臺灣優選,2059,å·æ¹,5.61,80000.0,0.0,電子零組件業,https://www.moneydj.com/ETF/X/Basic/Basic0007.xdjhtm?etfid=00980A.TW&topc=
2026-08-31,00980A,主動野村臺灣優選,2454,è¯ç¼ç§,4.84,249000.0,0.0,半導體業,https://www.moneydj.com/ETF/X/Basic/Basic0007.xdjhtm?etfid=00980A.TW&topc=
2026-08-31,00980A,主動野村臺灣優選,3081,è¯äº,3.99,228600.0,0.0,通信網路業,https://www.moneydj.com/ETF/X/Basic/Basic0007.xdjhtm?etfid=00980A.TW&topc=
2026-08-31,00980A,主動野村臺灣優選,2383,å°åé»,3.69,136000.0,0.0,電子零組件業,https://www.moneydj.com/ETF/X/Basic/Basic0007.xdjhtm?etfid=00980A.TW&topc=
2026-08-31,00980A,主動野村臺灣優選,2308,å°éé»,3.68,404000.0,0.0,電子零組件業,https://www.moneydj.com/ETF/X/Basic/Basic0007.xdjhtm?etfid=00980A.TW&topc=
2026-08-31,00980A,主動野村臺灣優選,2408,åäºç§,2.95,1096000.0,0.0,半導體業,https://www.moneydj.com/ETF/X/Basic/Basic0007.xdjhtm?etfid=00980A.TW&topc=
2026-08-31,00980A,主動野村臺灣優選,1303,åäº,2.9,2416000.0,0.0,塑膠工業,https://www.moneydj.com/ETF/X/Basic/Basic0007.xdjhtm?etfid=00980A.TW&topc=
2026-08-31,00980A,主動野村臺灣優選,3037,æ¬£è,2.78,563000.0,0.0,電子零組件業,https://www.moneydj.com/ETF/X/Basic/Basic0007.xdjhtm?etfid=00980A.TW&topc=
2026-08-31,00982A,主動群益台灣強棒,2330,台積電,8.47,1794000.0,0.0,半導體業,https://www.capitalfund.com.tw/etf/product/detail/399/buyback
2026-08-31,00982A,主動群益台灣強棒,6669,緯穎,7.11,510000.0,0.0,電腦及週邊設備業,https://www.capitalfund.com.tw/etf/product/detail/399/buyback
2026-08-31,00982A,主動群益台灣強棒,2454,聯發科,5.72,742000.0,0.0,半導體業,https://www.capitalfund.com.tw/etf/product/detail/399/buyback
2026-08-31,00982A,主動群益台灣強棒,6139,亞翔,5.63,3800000.0,0.0,其他電子業,https://www.capitalfund.com.tw/etf/product/detail/399/buyback
2026-08-31,00982A,主動群益台灣強棒,2059,川湖,5.12,184000.0,0.0,電子零組件業,https://www.capitalfund.com.tw/etf/product/detail/399/buyback
2026-08-31,00982A,主動群益台灣強棒,3105,穩懋,5.02,5709000.0,0.0,半導體業,https://www.capitalfund.com.tw/etf/product/detail/399/buyback
2026-08-31,00982A,主動群益台灣強棒,3008,大立光,3.83,255000.0,0.0,光電業,https://www.capitalfund.com.tw/etf/product/detail/399/buyback
2026-08-31,00982A,主動群益台灣強棒,2383,台光電,3.41,317000.0,0.0,電子零組件業,https://www.capitalfund.com.tw/etf/product/detail/399/buyback
2026-08-31,00982A,主動群益台灣強棒,2360,致茂,3.22,837000.0,0.0,其他電子業,https://www.capitalfund.com.tw/etf/product/detail/399/buyback
2026-08-31,00982A,主動群益台灣強棒,3491,昇達科,3.2,1180000.0,0.0,通信網路業,https://www.capitalfund.com.tw/etf/product/detail/399/buyback
2026-08-31,00985A,主動野村台灣50,2330,å°ç©é»,13.58,588000.0,0.0,半導體業,https://www.moneydj.com/ETF/X/Basic/Basic0007.xdjhtm?etfid=00985A.TW&topc=
2026-08-31,00985A,主動野村台灣50,2376,æå,4.18,1215000.0,0.0,電腦及週邊設備業,https://www.moneydj.com/ETF/X/Basic/Basic0007.xdjhtm?etfid=00985A.TW&topc=
2026-08-31,00985A,主動野村台灣50,4904,é å³,3.72,3832000.0,0.0,通信網路業,https://www.moneydj.com/ETF/X/Basic/Basic0007.xdjhtm?etfid=00985A.TW&topc=
2026-08-31,00985A,主動野村台灣50,2412,ä¸­è¯é»,3.69,2828000.0,0.0,通信網路業,https://www.moneydj.com/ETF/X/Basic/Basic0007.xdjhtm?etfid=00985A.TW&topc=
2026-08-31,00985A,主動野村台灣50,6669,ç·¯ç©,3.61,53000.0,0.0,電腦及週邊設備業,https://www.moneydj.com/ETF/X/Basic/Basic0007.xdjhtm?etfid=00985A.TW&topc=
2026-08-31,00985A,主動野村台灣50,2345,æºé¦,2.7,138000.0,0.0,通信網路業,https://www.moneydj.com/ETF/X/Basic/Basic0007.xdjhtm?etfid=00985A.TW&topc=
2026-08-31,00985A,主動野村台灣50,2454,è¯ç¼ç§,2.53,67000.0,0.0,半導體業,https://www.moneydj.com/ETF/X/Basic/Basic0007.xdjhtm?etfid=00985A.TW&topc=
2026-08-31,00985A,主動野村台灣50,3017,å¥é,2.5,76000.0,0.0,電腦及週邊設備業,https://www.moneydj.com/ETF/X/Basic/Basic0007.xdjhtm?etfid=00985A.TW&topc=
2026-08-31,00985A,主動野村台灣50,2383,å°åé»,2.48,47000.0,0.0,電子零組件業,https://www.moneydj.com/ETF/X/Basic/Basic0007.xdjhtm?etfid=00985A.TW&topc=
2026-08-31,00988A,主動統一全球創新,LITEUS,LUMENTUM HOLDINGS INC,6.44,117000.0,0.0,未分類,https://www.ezmoney.com.tw/ETF/Transaction/PCF?fundCode=61YTW
2026-08-31,00988A,主動統一全球創新,3037,欣興,5.57,2600000.0,0.0,電子零組件業,https://www.ezmoney.com.tw/ETF/Transaction/PCF?fundCode=61YTW
2026-08-31,00988A,主動統一全球創新,2383,台光電,4.45,445000.0,0.0,電子零組件業,https://www.ezmoney.com.tw/ETF/Transaction/PCF?fundCode=61YTW
2026-08-31,00988A,主動統一全球創新,009150KS,Samsung Electro-Mechanics co(009150 ks),4.07,70000.0,0.0,未分類,https://www.ezmoney.com.tw/ETF/Transaction/PCF?fundCode=61YTW
2026-08-31,00988A,主動統一全球創新,MUUS,MICRON TECHNOLOGY INC,3.77,70000.0,0.0,未分類,https://www.ezmoney.com.tw/ETF/Transaction/PCF?fundCode=61YTW
2026-08-31,00988A,主動統一全球創新,AMDUS,ADVANCED MICRO DEVICES.amd us(超微半導體公司),3.57,130000.0,0.0,未分類,https://www.ezmoney.com.tw/ETF/Transaction/PCF?fundCode=61YTW
2026-08-31,00988A,主動統一全球創新,6981JP,MURATA MANUFACTURING CO LTD,3.56,1350000.0,0.0,未分類,https://www.ezmoney.com.tw/ETF/Transaction/PCF?fundCode=61YTW
2026-08-31,00988A,主動統一全球創新,285AJP,KIOXIA HOLDINGS CORP,3.41,180000.0,0.0,未分類,https://www.ezmoney.com.tw/ETF/Transaction/PCF?fundCode=61YTW
2026-08-31,00988A,主動統一全球創新,PANWUS,PALO ALTO NETWORKS INC,3.3,150000.0,0.0,未分類,https://www.ezmoney.com.tw/ETF/Transaction/PCF?fundCode=61YTW
2026-08-31,00988A,主動統一全球創新,BEUS,BLOOM ENERGY CORP- A,3.13,250000.0,0.0,未分類,https://www.ezmoney.com.tw/ETF/Transaction/PCF?fundCode=61YTW
2026-08-31,00988A,主動統一全球創新,CRDOUS,CREDO TECHNOLOGY GROUP HOLDI,3.11,225000.0,0.0,未分類,https://www.ezmoney.com.tw/ETF/Transaction/PCF?fundCode=61YTW
2026-08-31,00988A,主動統一全球創新,STXUS,SEAGATE TECHNOLOGY,2.93,60000.0,0.0,未分類,https://www.ezmoney.com.tw/ETF/Transaction/PCF?fundCode=61YTW
2026-08-31,00988A,主動統一全球創新,2330,台積電,2.85,650000.0,0.0,半導體業,https://www.ezmoney.com.tw/ETF/Transaction/PCF?fundCode=61YTW
2026-08-31,00988A,主動統一全球創新,MRVLUS,MARVELL TECHNOLOGY INC,2.85,205000.0,0.0,未分類,https://www.ezmoney.com.tw/ETF/Transaction/PCF?fundCode=61YTW
2026-08-31,00988A,主動統一全球創新,TSEMUS,TOWER SEMICONDUCTOR LTD,2.74,216825.0,0.0,未分類,https://www.ezmoney.com.tw/ETF/Transaction/PCF?fundCode=61YTW
2026-08-31,00988A,主動統一全球創新,CRCLUS,CIRCLE INTERNET GROUP INC,2.6,480000.0,0.0,未分類,https://www.ezmoney.com.tw/ETF/Transaction/PCF?fundCode=61YTW
2026-08-31,00988A,主動統一全球創新,SNOWUS,SNOWFLAKE INC-CLASS A(Snowflake公司),2.46,130000.0,0.0,未分類,https://www.ezmoney.com.tw/ETF/Transaction/PCF?fundCode=61YTW
2026-08-31,00988A,主動統一全球創新,SPCXUS,SPACE EXPLORATION TECHN-CL A,2.43,300000.0,0.0,未分類,https://www.ezmoney.com.tw/ETF/Transaction/PCF?fundCode=61YTW
2026-08-31,00988A,主動統一全球創新,2308,台達電,2.31,720000.0,0.0,電子零組件業,https://www.ezmoney.com.tw/ETF/Transaction/PCF?fundCode=61YTW
2026-08-31,00988A,主動統一全球創新,6223,旺矽,2.24,242000.0,0.0,半導體業,https://www.ezmoney.com.tw/ETF/Transaction/PCF?fundCode=61YTW
2026-08-31,00988A,主動統一全球創新,3017,奇鋐,2.03,335000.0,0.0,電腦及週邊設備業,https://www.ezmoney.com.tw/ETF/Transaction/PCF?fundCode=61YTW
2026-08-31,00988A,主動統一全球創新,PLTRUS,PALANTIR TECHNOLOGIES INC-A,1.93,180000.0,0.0,未分類,https://www.ezmoney.com.tw/ETF/Transaction/PCF?fundCode=61YTW
2026-08-31,00988A,主動統一全球創新,6871JP,MICRONICS JAPAN CO LTD,1.77,370000.0,0.0,未分類,https://www.ezmoney.com.tw/ETF/Transaction/PCF?fundCode=61YTW
2026-08-31,00988A,主動統一全球創新,300408CH,CHAOZHOU THREE-CIRCLE GROU-A,1.69,1749879.0,0.0,未分類,https://www.ezmoney.com.tw/ETF/Transaction/PCF?fundCode=61YTW
2026-08-31,00988A,主動統一全球創新,IFXGY,INFINEON TECHNOLOGIES AG,1.63,425000.0,0.0,未分類,https://www.ezmoney.com.tw/ETF/Transaction/PCF?fundCode=61YTW
2026-08-31,00988A,主動統一全球創新,COHRUS,COHERENT INC,1.61,95000.0,0.0,未分類,https://www.ezmoney.com.tw/ETF/Transaction/PCF?fundCode=61YTW
2026-08-31,00988A,主動統一全球創新,SNDKUS,SANDISK CORP,1.45,17000.0,0.0,未分類,https://www.ezmoney.com.tw/ETF/Transaction/PCF?fundCode=61YTW
2026-08-31,00988A,主動統一全球創新,2454,聯發科,1.4,200000.0,0.0,半導體業,https://www.ezmoney.com.tw/ETF/Transaction/PCF?fundCode=61YTW
2026-08-31,00988A,主動統一全球創新,4979,華星光,1.38,1235000.0,0.0,通信網路業,https://www.ezmoney.com.tw/ETF/Transaction/PCF?fundCode=61YTW
2026-08-31,00988A,主動統一全球創新,MPWRUS,MONOLITHIC POWER SYSTEMS INC,1.36,18000.0,0.0,未分類,https://www.ezmoney.com.tw/ETF/Transaction/PCF?fundCode=61YTW
2026-08-31,00988A,主動統一全球創新,6997JP,NIPPON CHEMI-CON CORP,1.24,1275100.0,0.0,未分類,https://www.ezmoney.com.tw/ETF/Transaction/PCF?fundCode=61YTW
2026-08-31,00988A,主動統一全球創新,TERUS,TERADYNE INC,1.18,55000.0,0.0,未分類,https://www.ezmoney.com.tw/ETF/Transaction/PCF?fundCode=61YTW
2026-08-31,00988A,主動統一全球創新,000660KS,SK HYNIX INC,1.09,15000.0,0.0,未分類,https://www.ezmoney.com.tw/ETF/Transaction/PCF?fundCode=61YTW
2026-08-31,00988A,主動統一全球創新,301377CH,GUANGDONG DTECH TECHNOLOGY-A,1.04,291988.0,0.0,未分類,https://www.ezmoney.com.tw/ETF/Transaction/PCF?fundCode=61YTW
2026-08-31,00988A,主動統一全球創新,FORMUS,FORMFACTOR INC,0.95,150454.0,0.0,未分類,https://www.ezmoney.com.tw/ETF/Transaction/PCF?fundCode=61YTW
2026-08-31,00988A,主動統一全球創新,3308HK,ZHONGJI INNOLIGHT CO LTD-H,0.84,110000.0,0.0,未分類,https://www.ezmoney.com.tw/ETF/Transaction/PCF?fundCode=61YTW
2026-08-31,00988A,主動統一全球創新,NETUS,CLOUDFLARE INC - CLASS A,0.8,45000.0,0.0,未分類,https://www.ezmoney.com.tw/ETF/Transaction/PCF?fundCode=61YTW
2026-08-31,00988A,主動統一全球創新,HOODUS,ROBINHOOD MARKETS INC - A,0.76,120000.0,0.0,未分類,https://www.ezmoney.com.tw/ETF/Transaction/PCF?fundCode=61YTW
2026-08-31,00988A,主動統一全球創新,TWLOUS,TWILIO INC - A,0.76,55000.0,0.0,未分類,https://www.ezmoney.com.tw/ETF/Transaction/PCF?fundCode=61YTW
2026-08-31,00988A,主動統一全球創新,5801JP,FURUKAWA ELECTRIC CO LTD,0.74,500000.0,0.0,未分類,https://www.ezmoney.com.tw/ETF/Transaction/PCF?fundCode=61YTW
2026-08-31,00988A,主動統一全球創新,AEMUS,AGNICO EAGLE MINES LTD,0.74,60000.0,0.0,未分類,https://www.ezmoney.com.tw/ETF/Transaction/PCF?fundCode=61YTW
2026-08-31,00988A,主動統一全球創新,DASHUS,DOORDASH INC - A,0.67,50000.0,0.0,未分類,https://www.ezmoney.com.tw/ETF/Transaction/PCF?fundCode=61YTW
2026-08-31,00988A,主動統一全球創新,AIXAGY,AIXTRON SE,0.5,200000.0,0.0,未分類,https://www.ezmoney.com.tw/ETF/Transaction/PCF?fundCode=61YTW
2026-08-31,00988A,主動統一全球創新,NTRAUS,NATERA INC,0.49,25000.0,0.0,未分類,https://www.ezmoney.com.tw/ETF/Transaction/PCF?fundCode=61YTW
2026-08-31,00988A,主動統一全球創新,4180JP,APPIER GROUP INC,0.45,950000.0,0.0,未分類,https://www.ezmoney.com.tw/ETF/Transaction/PCF?fundCode=61YTW
2026-08-31,00988A,主動統一全球創新,095340KS,ISC CO LTD,0.36,50000.0,0.0,未分類,https://www.ezmoney.com.tw/ETF/Transaction/PCF?fundCode=61YTW
2026-08-31,00988A,主動統一全球創新,6274,台燿,0.34,130000.0,0.0,電子零組件業,https://www.ezmoney.com.tw/ETF/Transaction/PCF?fundCode=61YTW
2026-08-31,00991A,主動復華未來50,ABNNA,荷蘭銀行公眾有限公司,5.31,140000.0,0.0,未分類,https://www.fhtrust.com.tw/ETF/etf_detail/ETF24#nav
2026-08-31,00991A,主動復華未來50,AVLN,英傑華保險,4.885,630000.0,0.0,未分類,https://www.fhtrust.com.tw/ETF/etf_detail/ETF24#nav
2026-08-31,00991A,主動復華未來50,AGNNA,荷蘭保險公司,4.674,640000.0,0.0,未分類,https://www.fhtrust.com.tw/ETF/etf_detail/ETF24#nav
2026-08-31,00991A,主動復華未來50,TPEIRGA,Piraeus Bank SA,4.409,475000.0,0.0,未分類,https://www.fhtrust.com.tw/ETF/etf_detail/ETF24#nav
2026-08-31,00991A,主動復華未來50,NWGLN,國民西敏集團公開有限公司,3.894,540000.0,0.0,未分類,https://www.fhtrust.com.tw/ETF/etf_detail/ETF24#nav
2026-08-31,00991A,主動復華未來50,LGENLN,法通保險集團公開有限公司,3.737,1200000.0,0.0,未分類,https://www.fhtrust.com.tw/ETF/etf_detail/ETF24#nav
2026-08-31,00991A,主動復華未來50,LLOYLN,勞埃德銀行集團,3.501,3000000.0,0.0,未分類,https://www.fhtrust.com.tw/ETF/etf_detail/ETF24#nav
2026-08-31,00991A,主動復華未來50,DBKGY,德意志銀行,3.494,110000.0,0.0,未分類,https://www.fhtrust.com.tw/ETF/etf_detail/ETF24#nav
2026-08-31,00991A,主動復華未來50,ADMLN,Admiral集團公開有限公司,2.99,70000.0,0.0,未分類,https://www.fhtrust.com.tw/ETF/etf_detail/ETF24#nav
2026-08-31,00991A,主動復華未來50,ASRNLNA,ASR荷蘭公眾有限公司,2.965,45000.0,0.0,未分類,https://www.fhtrust.com.tw/ETF/etf_detail/ETF24#nav
2026-08-31,00993A,主動安聯台灣,2330,å°ç©é»,8.84,378000.0,0.0,半導體業,https://www.moneydj.com/ETF/X/Basic/Basic0007.xdjhtm?etfid=00993A.TW&topc=
2026-08-31,00993A,主動安聯台灣,2383,å°åé»,6.07,114000.0,0.0,電子零組件業,https://www.moneydj.com/ETF/X/Basic/Basic0007.xdjhtm?etfid=00993A.TW&topc=
2026-08-31,00993A,主動安聯台灣,6223,æºç½,5.73,115000.0,0.0,半導體業,https://www.moneydj.com/ETF/X/Basic/Basic0007.xdjhtm?etfid=00993A.TW&topc=
2026-08-31,00993A,主動安聯台灣,3037,æ¬£è,5.46,563000.0,0.0,電子零組件業,https://www.moneydj.com/ETF/X/Basic/Basic0007.xdjhtm?etfid=00993A.TW&topc=
2026-08-31,00993A,主動安聯台灣,3017,å¥é,5.26,158000.0,0.0,電腦及週邊設備業,https://www.moneydj.com/ETF/X/Basic/Basic0007.xdjhtm?etfid=00993A.TW&topc=
2026-08-31,00993A,主動安聯台灣,2059,å·æ¹,4.41,32000.0,0.0,電子零組件業,https://www.moneydj.com/ETF/X/Basic/Basic0007.xdjhtm?etfid=00993A.TW&topc=
2026-08-31,00993A,主動安聯台灣,6274,å°ç¿,4.26,306000.0,0.0,電子零組件業,https://www.moneydj.com/ETF/X/Basic/Basic0007.xdjhtm?etfid=00993A.TW&topc=
2026-08-31,00993A,主動安聯台灣,2408,åäºç§,4.1,778000.0,0.0,半導體業,https://www.moneydj.com/ETF/X/Basic/Basic0007.xdjhtm?etfid=00993A.TW&topc=
2026-08-31,00993A,主動安聯台灣,5274,ä¿¡é©,3.99,25600.0,0.0,半導體業,https://www.moneydj.com/ETF/X/Basic/Basic0007.xdjhtm?etfid=00993A.TW&topc=
2026-08-31,00993A,主動安聯台灣,2454,è¯ç¼ç§,3.89,102000.0,0.0,半導體業,https://www.moneydj.com/ETF/X/Basic/Basic0007.xdjhtm?etfid=00993A.TW&topc=
2026-08-31,00999A,主動野村臺灣高息,2330,å°ç©é»,5.83,279000.0,0.0,半導體業,https://www.moneydj.com/ETF/X/Basic/Basic0007.xdjhtm?etfid=00999A.TW&topc=
2026-08-31,00999A,主動野村臺灣高息,3702,å¤§è¯å¤§,4.56,5267000.0,0.0,電子通路業,https://www.moneydj.com/ETF/X/Basic/Basic0007.xdjhtm?etfid=00999A.TW&topc=
2026-08-31,00999A,主動野村臺灣高息,2383,å°åé»,4.24,89000.0,0.0,電子零組件業,https://www.moneydj.com/ETF/X/Basic/Basic0007.xdjhtm?etfid=00999A.TW&topc=
2026-08-31,00999A,主動野村臺灣高息,3653,å¥ç­,4.01,77000.0,0.0,電子零組件業,https://www.moneydj.com/ETF/X/Basic/Basic0007.xdjhtm?etfid=00999A.TW&topc=
2026-08-31,00999A,主動野村臺灣高息,2059,å·æ¹,3.94,32000.0,0.0,電子零組件業,https://www.moneydj.com/ETF/X/Basic/Basic0007.xdjhtm?etfid=00999A.TW&topc=
2026-08-31,00999A,主動野村臺灣高息,3706,ç¥é,3.9,4854000.0,0.0,電腦及週邊設備業,https://www.moneydj.com/ETF/X/Basic/Basic0007.xdjhtm?etfid=00999A.TW&topc=
2026-08-31,00999A,主動野村臺灣高息,2454,è¯ç¼ç§,3.27,96000.0,0.0,半導體業,https://www.moneydj.com/ETF/X/Basic/Basic0007.xdjhtm?etfid=00999A.TW&topc=
2026-08-31,00999A,主動野村臺灣高息,2441,è¶è±,2.9,2890000.0,0.0,半導體業,https://www.moneydj.com/ETF/X/Basic/Basic0007.xdjhtm?etfid=00999A.TW&topc=
2026-08-31,00999A,主動野村臺灣高息,2308,å°éé»,2.8,175000.0,0.0,電子零組件業,https://www.moneydj.com/ETF/X/Basic/Basic0007.xdjhtm?etfid=00999A.TW&topc=
2026-08-31,00999A,主動野村臺灣高息,6669,ç·¯ç©,2.77,45000.0,0.0,電腦及週邊設備業,https://www.moneydj.com/ETF/X/Basic/Basic0007.xdjhtm?etfid=00999A.TW&topc=
2026-09-01,00400A,主動國泰動能高息,2330,å°ç©é»,8.58,1034000.0,0.0,半導體業,https://www.moneydj.com/ETF/X/Basic/Basic0007.xdjhtm?etfid=00400A.TW&topc=
2026-09-01,00400A,主動國泰動能高息,2454,è¯ç¼ç§,6.9,470000.0,0.0,半導體業,https://www.moneydj.com/ETF/X/Basic/Basic0007.xdjhtm?etfid=00400A.TW&topc=
2026-09-01,00400A,主動國泰動能高息,2059,å·æ¹,5.92,123000.0,0.0,電子零組件業,https://www.moneydj.com/ETF/X/Basic/Basic0007.xdjhtm?etfid=00400A.TW&topc=
2026-09-01,00400A,主動國泰動能高息,6669,ç·¯ç©,5.86,221000.0,0.0,電腦及週邊設備業,https://www.moneydj.com/ETF/X/Basic/Basic0007.xdjhtm?etfid=00400A.TW&topc=
2026-09-01,00400A,主動國泰動能高息,3653,å¥ç­,4.42,221000.0,0.0,電子零組件業,https://www.moneydj.com/ETF/X/Basic/Basic0007.xdjhtm?etfid=00400A.TW&topc=
2026-09-01,00400A,主動國泰動能高息,6223,æºç½,4.38,238000.0,0.0,半導體業,https://www.moneydj.com/ETF/X/Basic/Basic0007.xdjhtm?etfid=00400A.TW&topc=
2026-09-01,00400A,主動國泰動能高息,3008,å¤§ç«å,3.97,154000.0,0.0,光電業,https://www.moneydj.com/ETF/X/Basic/Basic0007.xdjhtm?etfid=00400A.TW&topc=
2026-09-01,00400A,主動國泰動能高息,3017,å¥é,3.9,336000.0,0.0,電腦及週邊設備業,https://www.moneydj.com/ETF/X/Basic/Basic0007.xdjhtm?etfid=00400A.TW&topc=
2026-09-01,00400A,主動國泰動能高息,3443,åµæ,3.87,190000.0,0.0,半導體業,https://www.moneydj.com/ETF/X/Basic/Basic0007.xdjhtm?etfid=00400A.TW&topc=
2026-09-01,00400A,主動國泰動能高息,2360,è´è,3.25,470000.0,0.0,其他電子業,https://www.moneydj.com/ETF/X/Basic/Basic0007.xdjhtm?etfid=00400A.TW&topc=
2026-09-01,00980A,主動野村臺灣優選,2330,å°ç©é»,8.97,753000.0,0.0,半導體業,https://www.moneydj.com/ETF/X/Basic/Basic0007.xdjhtm?etfid=00980A.TW&topc=
2026-09-01,00980A,主動野村臺灣優選,2059,å·æ¹,5.52,80000.0,0.0,電子零組件業,https://www.moneydj.com/ETF/X/Basic/Basic0007.xdjhtm?etfid=00980A.TW&topc=
2026-09-01,00980A,主動野村臺灣優選,2454,è¯ç¼ç§,5.24,249000.0,0.0,半導體業,https://www.moneydj.com/ETF/X/Basic/Basic0007.xdjhtm?etfid=00980A.TW&topc=
2026-09-01,00980A,主動野村臺灣優選,3081,è¯äº,3.82,228600.0,0.0,通信網路業,https://www.moneydj.com/ETF/X/Basic/Basic0007.xdjhtm?etfid=00980A.TW&topc=
2026-09-01,00980A,主動野村臺灣優選,2383,å°åé»,3.74,136000.0,0.0,電子零組件業,https://www.moneydj.com/ETF/X/Basic/Basic0007.xdjhtm?etfid=00980A.TW&topc=
2026-09-01,00980A,主動野村臺灣優選,2308,å°éé»,3.68,404000.0,0.0,電子零組件業,https://www.moneydj.com/ETF/X/Basic/Basic0007.xdjhtm?etfid=00980A.TW&topc=
2026-09-01,00980A,主動野村臺灣優選,2408,åäºç§,2.77,1096000.0,0.0,半導體業,https://www.moneydj.com/ETF/X/Basic/Basic0007.xdjhtm?etfid=00980A.TW&topc=
2026-09-01,00980A,主動野村臺灣優選,1303,åäº,2.76,2416000.0,0.0,塑膠工業,https://www.moneydj.com/ETF/X/Basic/Basic0007.xdjhtm?etfid=00980A.TW&topc=
2026-09-01,00980A,主動野村臺灣優選,3037,æ¬£è,2.67,563000.0,0.0,電子零組件業,https://www.moneydj.com/ETF/X/Basic/Basic0007.xdjhtm?etfid=00980A.TW&topc=
2026-09-01,00982A,主動群益台灣強棒,2330,台積電,8.26,1794000.0,0.0,半導體業,https://www.capitalfund.com.tw/etf/product/detail/399/buyback
2026-09-01,00982A,主動群益台灣強棒,6669,緯穎,7.51,510000.0,0.0,電腦及週邊設備業,https://www.capitalfund.com.tw/etf/product/detail/399/buyback
2026-09-01,00982A,主動群益台灣強棒,2454,聯發科,6.04,742000.0,0.0,半導體業,https://www.capitalfund.com.tw/etf/product/detail/399/buyback
2026-09-01,00982A,主動群益台灣強棒,6139,亞翔,5.52,3800000.0,0.0,其他電子業,https://www.capitalfund.com.tw/etf/product/detail/399/buyback
2026-09-01,00982A,主動群益台灣強棒,3105,穩懋,5.3,5709000.0,0.0,半導體業,https://www.capitalfund.com.tw/etf/product/detail/399/buyback
2026-09-01,00982A,主動群益台灣強棒,2059,川湖,4.91,184000.0,0.0,電子零組件業,https://www.capitalfund.com.tw/etf/product/detail/399/buyback
2026-09-01,00982A,主動群益台灣強棒,3008,大立光,3.65,255000.0,0.0,光電業,https://www.capitalfund.com.tw/etf/product/detail/399/buyback
2026-09-01,00982A,主動群益台灣強棒,2383,台光電,3.38,317000.0,0.0,電子零組件業,https://www.capitalfund.com.tw/etf/product/detail/399/buyback
2026-09-01,00982A,主動群益台灣強棒,3491,昇達科,3.3,1180000.0,0.0,通信網路業,https://www.capitalfund.com.tw/etf/product/detail/399/buyback
2026-09-01,00982A,主動群益台灣強棒,4958,臻鼎-KY,3.21,3178000.0,0.0,電子零組件業,https://www.capitalfund.com.tw/etf/product/detail/399/buyback
2026-09-01,00985A,主動野村台灣50,2330,å°ç©é»,13.51,588000.0,0.0,半導體業,https://www.moneydj.com/ETF/X/Basic/Basic0007.xdjhtm?etfid=00985A.TW&topc=
2026-09-01,00985A,主動野村台灣50,2376,æå,4.11,1215000.0,0.0,電腦及週邊設備業,https://www.moneydj.com/ETF/X/Basic/Basic0007.xdjhtm?etfid=00985A.TW&topc=
2026-09-01,00985A,主動野村台灣50,6669,ç·¯ç©,4.11,56000.0,0.0,電腦及週邊設備業,https://www.moneydj.com/ETF/X/Basic/Basic0007.xdjhtm?etfid=00985A.TW&topc=
2026-09-01,00985A,主動野村台灣50,4904,é å³,3.64,3832000.0,0.0,通信網路業,https://www.moneydj.com/ETF/X/Basic/Basic0007.xdjhtm?etfid=00985A.TW&topc=
2026-09-01,00985A,主動野村台灣50,2412,ä¸­è¯é»,3.62,2828000.0,0.0,通信網路業,https://www.moneydj.com/ETF/X/Basic/Basic0007.xdjhtm?etfid=00985A.TW&topc=
2026-09-01,00985A,主動野村台灣50,2345,æºé¦,2.87,138000.0,0.0,通信網路業,https://www.moneydj.com/ETF/X/Basic/Basic0007.xdjhtm?etfid=00985A.TW&topc=
2026-09-01,00985A,主動野村台灣50,2383,å°åé»,2.76,52000.0,0.0,電子零組件業,https://www.moneydj.com/ETF/X/Basic/Basic0007.xdjhtm?etfid=00985A.TW&topc=
2026-09-01,00985A,主動野村台灣50,2454,è¯ç¼ç§,2.72,67000.0,0.0,半導體業,https://www.moneydj.com/ETF/X/Basic/Basic0007.xdjhtm?etfid=00985A.TW&topc=
2026-09-01,00985A,主動野村台灣50,3711,æ¥æåææ§,2.5,435000.0,0.0,半導體業,https://www.moneydj.com/ETF/X/Basic/Basic0007.xdjhtm?etfid=00985A.TW&topc=
2026-09-01,00993A,主動安聯台灣,2330,å°ç©é»,8.39,363000.0,0.0,半導體業,https://www.moneydj.com/ETF/X/Basic/Basic0007.xdjhtm?etfid=00993A.TW&topc=
2026-09-01,00993A,主動安聯台灣,6223,æºç½,5.92,115000.0,0.0,半導體業,https://www.moneydj.com/ETF/X/Basic/Basic0007.xdjhtm?etfid=00993A.TW&topc=
2026-09-01,00993A,主動安聯台灣,2383,å°åé»,5.68,106000.0,0.0,電子零組件業,https://www.moneydj.com/ETF/X/Basic/Basic0007.xdjhtm?etfid=00993A.TW&topc=
2026-09-01,00993A,主動安聯台灣,3017,å¥é,4.34,134000.0,0.0,電腦及週邊設備業,https://www.moneydj.com/ETF/X/Basic/Basic0007.xdjhtm?etfid=00993A.TW&topc=
2026-09-01,00993A,主動安聯台灣,3037,æ¬£è,4.19,454000.0,0.0,電子零組件業,https://www.moneydj.com/ETF/X/Basic/Basic0007.xdjhtm?etfid=00993A.TW&topc=
2026-09-01,00993A,主動安聯台灣,2454,è¯ç¼ç§,4.18,102000.0,0.0,半導體業,https://www.moneydj.com/ETF/X/Basic/Basic0007.xdjhtm?etfid=00993A.TW&topc=
2026-09-01,00993A,主動安聯台灣,2059,å·æ¹,4.04,30000.0,0.0,電子零組件業,https://www.moneydj.com/ETF/X/Basic/Basic0007.xdjhtm?etfid=00993A.TW&topc=
2026-09-01,00993A,主動安聯台灣,2408,åäºç§,3.76,763000.0,0.0,半導體業,https://www.moneydj.com/ETF/X/Basic/Basic0007.xdjhtm?etfid=00993A.TW&topc=
2026-09-01,00993A,主動安聯台灣,6669,ç·¯ç©,3.49,47000.0,0.0,電腦及週邊設備業,https://www.moneydj.com/ETF/X/Basic/Basic0007.xdjhtm?etfid=00993A.TW&topc=
2026-09-01,00993A,主動安聯台灣,6274,å°ç¿,3.43,249000.0,0.0,電子零組件業,https://www.moneydj.com/ETF/X/Basic/Basic0007.xdjhtm?etfid=00993A.TW&topc=
2026-09-01,00999A,主動野村臺灣高息,2330,å°ç©é»,5.84,279000.0,0.0,半導體業,https://www.moneydj.com/ETF/X/Basic/Basic0007.xdjhtm?etfid=00999A.TW&topc=
2026-09-01,00999A,主動野村臺灣高息,3702,å¤§è¯å¤§,4.54,5267000.0,0.0,電子通路業,https://www.moneydj.com/ETF/X/Basic/Basic0007.xdjhtm?etfid=00999A.TW&topc=
2026-09-01,00999A,主動野村臺灣高息,2383,å°åé»,4.31,89000.0,0.0,電子零組件業,https://www.moneydj.com/ETF/X/Basic/Basic0007.xdjhtm?etfid=00999A.TW&topc=
2026-09-01,00999A,主動野村臺灣高息,3706,ç¥é,3.99,4854000.0,0.0,電腦及週邊設備業,https://www.moneydj.com/ETF/X/Basic/Basic0007.xdjhtm?etfid=00999A.TW&topc=
2026-09-01,00999A,主動野村臺灣高息,2059,å·æ¹,3.89,32000.0,0.0,電子零組件業,https://www.moneydj.com/ETF/X/Basic/Basic0007.xdjhtm?etfid=00999A.TW&topc=
2026-09-01,00999A,主動野村臺灣高息,3653,å¥ç­,3.89,77000.0,0.0,電子零組件業,https://www.moneydj.com/ETF/X/Basic/Basic0007.xdjhtm?etfid=00999A.TW&topc=
2026-09-01,00999A,主動野村臺灣高息,2454,è¯ç¼ç§,3.56,96000.0,0.0,半導體業,https://www.moneydj.com/ETF/X/Basic/Basic0007.xdjhtm?etfid=00999A.TW&topc=
2026-09-01,00999A,主動野村臺灣高息,6669,ç·¯ç©,3.01,45000.0,0.0,電腦及週邊設備業,https://www.moneydj.com/ETF/X/Basic/Basic0007.xdjhtm?etfid=00999A.TW&topc=
2026-09-01,00999A,主動野村臺灣高息,2441,è¶è±,2.96,2890000.0,0.0,半導體業,https://www.moneydj.com/ETF/X/Basic/Basic0007.xdjhtm?etfid=00999A.TW&topc=
2026-09-01,00999A,主動野村臺灣高息,2308,å°éé»,2.8,175000.0,0.0,電子零組件業,https://www.moneydj.com/ETF/X/Basic/Basic0007.xdjhtm?etfid=00999A.TW&topc=
2026-09-02,00400A,主動國泰動能高息,2330,å°ç©é»,8.55,1034000.0,0.0,半導體業,https://www.moneydj.com/ETF/X/Basic/Basic0007.xdjhtm?etfid=00400A.TW&topc=
2026-09-02,00400A,主動國泰動能高息,2454,è¯ç¼ç§,6.97,470000.0,0.0,半導體業,https://www.moneydj.com/ETF/X/Basic/Basic0007.xdjhtm?etfid=00400A.TW&topc=
2026-09-02,00400A,主動國泰動能高息,6669,ç·¯ç©,5.97,659197.0,0.0,電腦及週邊設備業,https://www.moneydj.com/ETF/X/Basic/Basic0007.xdjhtm?etfid=00400A.TW&topc=
2026-09-02,00400A,主動國泰動能高息,2059,å·æ¹,5.91,123000.0,0.0,電子零組件業,https://www.moneydj.com/ETF/X/Basic/Basic0007.xdjhtm?etfid=00400A.TW&topc=
2026-09-02,00400A,主動國泰動能高息,3653,å¥ç­,4.42,221000.0,0.0,電子零組件業,https://www.moneydj.com/ETF/X/Basic/Basic0007.xdjhtm?etfid=00400A.TW&topc=
2026-09-02,00400A,主動國泰動能高息,6223,æºç½,4.37,238000.0,0.0,半導體業,https://www.moneydj.com/ETF/X/Basic/Basic0007.xdjhtm?etfid=00400A.TW&topc=
2026-09-02,00400A,主動國泰動能高息,3008,å¤§ç«å,4.17,154000.0,0.0,光電業,https://www.moneydj.com/ETF/X/Basic/Basic0007.xdjhtm?etfid=00400A.TW&topc=
2026-09-02,00400A,主動國泰動能高息,3443,åµæ,3.88,190000.0,0.0,半導體業,https://www.moneydj.com/ETF/X/Basic/Basic0007.xdjhtm?etfid=00400A.TW&topc=
2026-09-02,00400A,主動國泰動能高息,3017,å¥é,3.86,336000.0,0.0,電腦及週邊設備業,https://www.moneydj.com/ETF/X/Basic/Basic0007.xdjhtm?etfid=00400A.TW&topc=
2026-09-02,00400A,主動國泰動能高息,2360,è´è,3.22,470000.0,0.0,其他電子業,https://www.moneydj.com/ETF/X/Basic/Basic0007.xdjhtm?etfid=00400A.TW&topc=
2026-09-02,00980A,主動野村臺灣優選,2330,å°ç©é»,8.97,753000.0,0.0,半導體業,https://www.moneydj.com/ETF/X/Basic/Basic0007.xdjhtm?etfid=00980A.TW&topc=
2026-09-02,00980A,主動野村臺灣優選,2059,å·æ¹,5.54,80000.0,0.0,電子零組件業,https://www.moneydj.com/ETF/X/Basic/Basic0007.xdjhtm?etfid=00980A.TW&topc=
2026-09-02,00980A,主動野村臺灣優選,2454,è¯ç¼ç§,5.31,249000.0,0.0,半導體業,https://www.moneydj.com/ETF/X/Basic/Basic0007.xdjhtm?etfid=00980A.TW&topc=
2026-09-02,00980A,主動野村臺灣優選,3081,è¯äº,3.87,228600.0,0.0,通信網路業,https://www.moneydj.com/ETF/X/Basic/Basic0007.xdjhtm?etfid=00980A.TW&topc=
2026-09-02,00980A,主動野村臺灣優選,2383,å°åé»,3.7,136000.0,0.0,電子零組件業,https://www.moneydj.com/ETF/X/Basic/Basic0007.xdjhtm?etfid=00980A.TW&topc=
2026-09-02,00980A,主動野村臺灣優選,2308,å°éé»,3.49,404000.0,0.0,電子零組件業,https://www.moneydj.com/ETF/X/Basic/Basic0007.xdjhtm?etfid=00980A.TW&topc=
2026-09-02,00980A,主動野村臺灣優選,1303,åäº,2.86,2416000.0,0.0,塑膠工業,https://www.moneydj.com/ETF/X/Basic/Basic0007.xdjhtm?etfid=00980A.TW&topc=
2026-09-02,00980A,主動野村臺灣優選,2408,åäºç§,2.83,1096000.0,0.0,半導體業,https://www.moneydj.com/ETF/X/Basic/Basic0007.xdjhtm?etfid=00980A.TW&topc=
2026-09-02,00980A,主動野村臺灣優選,3037,æ¬£è,2.73,563000.0,0.0,電子零組件業,https://www.moneydj.com/ETF/X/Basic/Basic0007.xdjhtm?etfid=00980A.TW&topc=
2026-09-02,00982A,主動群益台灣強棒,2330,台積電,8.27,1794000.0,0.0,半導體業,https://www.capitalfund.com.tw/etf/product/detail/399/buyback
2026-09-02,00982A,主動群益台灣強棒,6669,緯穎,7.02,1391225.0,0.0,電腦及週邊設備業,https://www.capitalfund.com.tw/etf/product/detail/399/buyback
2026-09-02,00982A,主動群益台灣強棒,2454,聯發科,6.08,736000.0,0.0,半導體業,https://www.capitalfund.com.tw/etf/product/detail/399/buyback
2026-09-02,00982A,主動群益台灣強棒,6139,亞翔,5.26,3771000.0,0.0,其他電子業,https://www.capitalfund.com.tw/etf/product/detail/399/buyback
2026-09-02,00982A,主動群益台灣強棒,3105,穩懋,5.18,5709000.0,0.0,半導體業,https://www.capitalfund.com.tw/etf/product/detail/399/buyback
2026-09-02,00982A,主動群益台灣強棒,2059,川湖,4.9,183000.0,0.0,電子零組件業,https://www.capitalfund.com.tw/etf/product/detail/399/buyback
2026-09-02,00982A,主動群益台灣強棒,3008,大立光,3.83,254000.0,0.0,光電業,https://www.capitalfund.com.tw/etf/product/detail/399/buyback
2026-09-02,00982A,主動群益台灣強棒,2383,台光電,3.32,315000.0,0.0,電子零組件業,https://www.capitalfund.com.tw/etf/product/detail/399/buyback
2026-09-02,00982A,主動群益台灣強棒,3491,昇達科,3.3,1180000.0,0.0,通信網路業,https://www.capitalfund.com.tw/etf/product/detail/399/buyback
2026-09-02,00982A,主動群益台灣強棒,2360,致茂,3.17,830000.0,0.0,其他電子業,https://www.capitalfund.com.tw/etf/product/detail/399/buyback
2026-09-02,00985A,主動野村台灣50,2330,å°ç©é»,13.37,588000.0,0.0,半導體業,https://www.moneydj.com/ETF/X/Basic/Basic0007.xdjhtm?etfid=00985A.TW&topc=
2026-09-02,00985A,主動野村台灣50,2376,æå,4.19,1215000.0,0.0,電腦及週邊設備業,https://www.moneydj.com/ETF/X/Basic/Basic0007.xdjhtm?etfid=00985A.TW&topc=
2026-09-02,00985A,主動野村台灣50,6669,ç·¯ç©,4.16,167036.0,0.0,電腦及週邊設備業,https://www.moneydj.com/ETF/X/Basic/Basic0007.xdjhtm?etfid=00985A.TW&topc=
2026-09-02,00985A,主動野村台灣50,4904,é å³,3.74,3832000.0,0.0,通信網路業,https://www.moneydj.com/ETF/X/Basic/Basic0007.xdjhtm?etfid=00985A.TW&topc=
2026-09-02,00985A,主動野村台灣50,2412,ä¸­è¯é»,3.71,2828000.0,0.0,通信網路業,https://www.moneydj.com/ETF/X/Basic/Basic0007.xdjhtm?etfid=00985A.TW&topc=
2026-09-02,00985A,主動野村台灣50,2345,æºé¦,2.81,138000.0,0.0,通信網路業,https://www.moneydj.com/ETF/X/Basic/Basic0007.xdjhtm?etfid=00985A.TW&topc=
2026-09-02,00985A,主動野村台灣50,2454,è¯ç¼ç§,2.73,67000.0,0.0,半導體業,https://www.moneydj.com/ETF/X/Basic/Basic0007.xdjhtm?etfid=00985A.TW&topc=
2026-09-02,00985A,主動野村台灣50,2383,å°åé»,2.7,52000.0,0.0,電子零組件業,https://www.moneydj.com/ETF/X/Basic/Basic0007.xdjhtm?etfid=00985A.TW&topc=
2026-09-02,00985A,主動野村台灣50,3711,æ¥æåææ§,2.44,435000.0,0.0,半導體業,https://www.moneydj.com/ETF/X/Basic/Basic0007.xdjhtm?etfid=00985A.TW&topc=
2026-09-02,00991A,主動復華未來50,ABNNA,荷蘭銀行公眾有限公司,5.277,140000.0,0.0,未分類,https://www.fhtrust.com.tw/ETF/etf_detail/ETF24#nav
2026-09-02,00991A,主動復華未來50,AGNNA,荷蘭保險公司,4.915,680000.0,0.0,未分類,https://www.fhtrust.com.tw/ETF/etf_detail/ETF24#nav
2026-09-02,00991A,主動復華未來50,AVLN,英傑華保險,4.866,630000.0,0.0,未分類,https://www.fhtrust.com.tw/ETF/etf_detail/ETF24#nav
2026-09-02,00991A,主動復華未來50,TPEIRGA,Piraeus Bank SA,4.357,475000.0,0.0,未分類,https://www.fhtrust.com.tw/ETF/etf_detail/ETF24#nav
2026-09-02,00991A,主動復華未來50,NWGLN,國民西敏集團公開有限公司,3.892,540000.0,0.0,未分類,https://www.fhtrust.com.tw/ETF/etf_detail/ETF24#nav
2026-09-02,00991A,主動復華未來50,LLOYLN,勞埃德銀行集團,3.501,3000000.0,0.0,未分類,https://www.fhtrust.com.tw/ETF/etf_detail/ETF24#nav
2026-09-02,00991A,主動復華未來50,DBKGY,德意志銀行,3.432,110000.0,0.0,未分類,https://www.fhtrust.com.tw/ETF/etf_detail/ETF24#nav
2026-09-02,00991A,主動復華未來50,ASRNLNA,ASR荷蘭公眾有限公司,2.963,45000.0,0.0,未分類,https://www.fhtrust.com.tw/ETF/etf_detail/ETF24#nav
2026-09-02,00991A,主動復華未來50,ADMLN,Admiral集團公開有限公司,2.908,70000.0,0.0,未分類,https://www.fhtrust.com.tw/ETF/etf_detail/ETF24#nav
2026-09-02,00991A,主動復華未來50,BAMIIM,BPM銀行股份公司,2.896,200000.0,0.0,未分類,https://www.fhtrust.com.tw/ETF/etf_detail/ETF24#nav
2026-09-02,00993A,主動安聯台灣,2330,å°ç©é»,7.98,341000.0,0.0,半導體業,https://www.moneydj.com/ETF/X/Basic/Basic0007.xdjhtm?etfid=00993A.TW&topc=
2026-09-02,00993A,主動安聯台灣,2454,è¯ç¼ç§,5.56,133000.0,0.0,半導體業,https://www.moneydj.com/ETF/X/Basic/Basic0007.xdjhtm?etfid=00993A.TW&topc=
2026-09-02,00993A,主動安聯台灣,2383,å°åé»,5.27,99000.0,0.0,電子零組件業,https://www.moneydj.com/ETF/X/Basic/Basic0007.xdjhtm?etfid=00993A.TW&topc=
2026-09-02,00993A,主動安聯台灣,6223,æºç½,4.14,80000.0,0.0,半導體業,https://www.moneydj.com/ETF/X/Basic/Basic0007.xdjhtm?etfid=00993A.TW&topc=
2026-09-02,00993A,主動安聯台灣,2059,å·æ¹,3.8,28000.0,0.0,電子零組件業,https://www.moneydj.com/ETF/X/Basic/Basic0007.xdjhtm?etfid=00993A.TW&topc=
2026-09-02,00993A,主動安聯台灣,1303,åäº,3.75,1613000.0,0.0,塑膠工業,https://www.moneydj.com/ETF/X/Basic/Basic0007.xdjhtm?etfid=00993A.TW&topc=
2026-09-02,00993A,主動安聯台灣,6669,ç·¯ç©,3.58,140191.0,0.0,電腦及週邊設備業,https://www.moneydj.com/ETF/X/Basic/Basic0007.xdjhtm?etfid=00993A.TW&topc=
2026-09-02,00993A,主動安聯台灣,5274,ä¿¡é©,3.57,20600.0,0.0,半導體業,https://www.moneydj.com/ETF/X/Basic/Basic0007.xdjhtm?etfid=00993A.TW&topc=
2026-09-02,00993A,主動安聯台灣,2408,åäºç§,3.46,684000.0,0.0,半導體業,https://www.moneydj.com/ETF/X/Basic/Basic0007.xdjhtm?etfid=00993A.TW&topc=
2026-09-02,00993A,主動安聯台灣,3017,å¥é,3.46,107000.0,0.0,電腦及週邊設備業,https://www.moneydj.com/ETF/X/Basic/Basic0007.xdjhtm?etfid=00993A.TW&topc=
2026-09-02,00999A,主動野村臺灣高息,2330,å°ç©é»,5.82,279000.0,0.0,半導體業,https://www.moneydj.com/ETF/X/Basic/Basic0007.xdjhtm?etfid=00999A.TW&topc=
2026-09-02,00999A,主動野村臺灣高息,3702,å¤§è¯å¤§,4.7,5267000.0,0.0,電子通路業,https://www.moneydj.com/ETF/X/Basic/Basic0007.xdjhtm?etfid=00999A.TW&topc=
2026-09-02,00999A,主動野村臺灣高息,2383,å°åé»,4.24,89000.0,0.0,電子零組件業,https://www.moneydj.com/ETF/X/Basic/Basic0007.xdjhtm?etfid=00999A.TW&topc=
2026-09-02,00999A,主動野村臺灣高息,3706,ç¥é,4.02,4854000.0,0.0,電腦及週邊設備業,https://www.moneydj.com/ETF/X/Basic/Basic0007.xdjhtm?etfid=00999A.TW&topc=
2026-09-02,00999A,主動野村臺灣高息,3653,å¥ç­,3.89,77000.0,0.0,電子零組件業,https://www.moneydj.com/ETF/X/Basic/Basic0007.xdjhtm?etfid=00999A.TW&topc=
2026-09-02,00999A,主動野村臺灣高息,2059,å·æ¹,3.88,32000.0,0.0,電子零組件業,https://www.moneydj.com/ETF/X/Basic/Basic0007.xdjhtm?etfid=00999A.TW&topc=
2026-09-02,00999A,主動野村臺灣高息,2454,è¯ç¼ç§,3.59,96000.0,0.0,半導體業,https://www.moneydj.com/ETF/X/Basic/Basic0007.xdjhtm?etfid=00999A.TW&topc=
2026-09-02,00999A,主動野村臺灣高息,6669,ç·¯ç©,3.07,134225.0,0.0,電腦及週邊設備業,https://www.moneydj.com/ETF/X/Basic/Basic0007.xdjhtm?etfid=00999A.TW&topc=
2026-09-02,00999A,主動野村臺灣高息,2441,è¶è±,2.93,2890000.0,0.0,半導體業,https://www.moneydj.com/ETF/X/Basic/Basic0007.xdjhtm?etfid=00999A.TW&topc=
2026-09-02,00999A,主動野村臺灣高息,2308,å°éé»,2.65,175000.0,0.0,電子零組件業,https://www.moneydj.com/ETF/X/Basic/Basic0007.xdjhtm?etfid=00999A.TW&topc=
2026-09-03,00400A,主動國泰動能高息,2330,å°ç©é»,8.76,1034000.0,0.0,半導體業,https://www.moneydj.com/ETF/X/Basic/Basic0007.xdjhtm?etfid=00400A.TW&topc=
2026-09-03,00400A,主動國泰動能高息,2454,è¯ç¼ç§,7.23,470000.0,0.0,半導體業,https://www.moneydj.com/ETF/X/Basic/Basic0007.xdjhtm?etfid=00400A.TW&topc=
2026-09-03,00400A,主動國泰動能高息,2059,å·æ¹,5.87,123000.0,0.0,電子零組件業,https://www.moneydj.com/ETF/X/Basic/Basic0007.xdjhtm?etfid=00400A.TW&topc=
2026-09-03,00400A,主動國泰動能高息,6669,ç·¯ç©,5.79,659197.0,0.0,電腦及週邊設備業,https://www.moneydj.com/ETF/X/Basic/Basic0007.xdjhtm?etfid=00400A.TW&topc=
2026-09-03,00400A,主動國泰動能高息,3653,å¥ç­,4.4,221000.0,0.0,電子零組件業,https://www.moneydj.com/ETF/X/Basic/Basic0007.xdjhtm?etfid=00400A.TW&topc=
2026-09-03,00400A,主動國泰動能高息,6223,æºç½,4.26,238000.0,0.0,半導體業,https://www.moneydj.com/ETF/X/Basic/Basic0007.xdjhtm?etfid=00400A.TW&topc=
2026-09-03,00400A,主動國泰動能高息,3017,å¥é,3.93,336000.0,0.0,電腦及週邊設備業,https://www.moneydj.com/ETF/X/Basic/Basic0007.xdjhtm?etfid=00400A.TW&topc=
2026-09-03,00400A,主動國泰動能高息,3443,åµæ,3.91,190000.0,0.0,半導體業,https://www.moneydj.com/ETF/X/Basic/Basic0007.xdjhtm?etfid=00400A.TW&topc=
2026-09-03,00400A,主動國泰動能高息,3008,å¤§ç«å,3.9,154000.0,0.0,光電業,https://www.moneydj.com/ETF/X/Basic/Basic0007.xdjhtm?etfid=00400A.TW&topc=
2026-09-03,00400A,主動國泰動能高息,2360,è´è,3.36,470000.0,0.0,其他電子業,https://www.moneydj.com/ETF/X/Basic/Basic0007.xdjhtm?etfid=00400A.TW&topc=
2026-09-03,00980A,主動野村臺灣優選,2330,å°ç©é»,9.2,753000.0,0.0,半導體業,https://www.moneydj.com/ETF/X/Basic/Basic0007.xdjhtm?etfid=00980A.TW&topc=
2026-09-03,00980A,主動野村臺灣優選,2454,è¯ç¼ç§,5.53,249000.0,0.0,半導體業,https://www.moneydj.com/ETF/X/Basic/Basic0007.xdjhtm?etfid=00980A.TW&topc=
2026-09-03,00980A,主動野村臺灣優選,2059,å·æ¹,5.5,80000.0,0.0,電子零組件業,https://www.moneydj.com/ETF/X/Basic/Basic0007.xdjhtm?etfid=00980A.TW&topc=
2026-09-03,00980A,主動野村臺灣優選,2383,å°åé»,3.68,136000.0,0.0,電子零組件業,https://www.moneydj.com/ETF/X/Basic/Basic0007.xdjhtm?etfid=00980A.TW&topc=
2026-09-03,00980A,主動野村臺灣優選,3081,è¯äº,3.65,228600.0,0.0,通信網路業,https://www.moneydj.com/ETF/X/Basic/Basic0007.xdjhtm?etfid=00980A.TW&topc=
2026-09-03,00980A,主動野村臺灣優選,2308,å°éé»,3.64,404000.0,0.0,電子零組件業,https://www.moneydj.com/ETF/X/Basic/Basic0007.xdjhtm?etfid=00980A.TW&topc=
2026-09-03,00980A,主動野村臺灣優選,1303,åäº,2.73,2416000.0,0.0,塑膠工業,https://www.moneydj.com/ETF/X/Basic/Basic0007.xdjhtm?etfid=00980A.TW&topc=
2026-09-03,00980A,主動野村臺灣優選,2408,åäºç§,2.68,1096000.0,0.0,半導體業,https://www.moneydj.com/ETF/X/Basic/Basic0007.xdjhtm?etfid=00980A.TW&topc=
2026-09-03,00980A,主動野村臺灣優選,3037,æ¬£è,2.66,563000.0,0.0,電子零組件業,https://www.moneydj.com/ETF/X/Basic/Basic0007.xdjhtm?etfid=00980A.TW&topc=
2026-09-03,00982A,主動群益台灣強棒,2330,台積電,8.51,1794000.0,0.0,半導體業,https://www.capitalfund.com.tw/etf/product/detail/399/buyback
2026-09-03,00982A,主動群益台灣強棒,6669,緯穎,6.84,1391225.0,0.0,電腦及週邊設備業,https://www.capitalfund.com.tw/etf/product/detail/399/buyback
2026-09-03,00982A,主動群益台灣強棒,2454,聯發科,6.34,736000.0,0.0,半導體業,https://www.capitalfund.com.tw/etf/product/detail/399/buyback
2026-09-03,00982A,主動群益台灣強棒,6139,亞翔,5.33,3771000.0,0.0,其他電子業,https://www.capitalfund.com.tw/etf/product/detail/399/buyback
2026-09-03,00982A,主動群益台灣強棒,3105,穩懋,5.06,5709000.0,0.0,半導體業,https://www.capitalfund.com.tw/etf/product/detail/399/buyback
2026-09-03,00982A,主動群益台灣強棒,2059,川湖,4.89,183000.0,0.0,電子零組件業,https://www.capitalfund.com.tw/etf/product/detail/399/buyback
2026-09-03,00982A,主動群益台灣強棒,3008,大立光,3.61,254000.0,0.0,光電業,https://www.capitalfund.com.tw/etf/product/detail/399/buyback
2026-09-03,00982A,主動群益台灣強棒,2360,致茂,3.32,830000.0,0.0,其他電子業,https://www.capitalfund.com.tw/etf/product/detail/399/buyback
2026-09-03,00982A,主動群益台灣強棒,2383,台光電,3.31,315000.0,0.0,電子零組件業,https://www.capitalfund.com.tw/etf/product/detail/399/buyback
2026-09-03,00982A,主動群益台灣強棒,3491,昇達科,3.29,1180000.0,0.0,通信網路業,https://www.capitalfund.com.tw/etf/product/detail/399/buyback
2026-09-03,00985A,主動野村台灣50,2330,å°ç©é»,13.57,588000.0,0.0,半導體業,https://www.moneydj.com/ETF/X/Basic/Basic0007.xdjhtm?etfid=00985A.TW&topc=
2026-09-03,00985A,主動野村台灣50,2376,æå,4.11,1215000.0,0.0,電腦及週邊設備業,https://www.moneydj.com/ETF/X/Basic/Basic0007.xdjhtm?etfid=00985A.TW&topc=
2026-09-03,00985A,主動野村台灣50,3711,æ¥æåææ§,4.01,706000.0,0.0,半導體業,https://www.moneydj.com/ETF/X/Basic/Basic0007.xdjhtm?etfid=00985A.TW&topc=
2026-09-03,00985A,主動野村台灣50,6669,ç·¯ç©,3.99,167036.0,0.0,電腦及週邊設備業,https://www.moneydj.com/ETF/X/Basic/Basic0007.xdjhtm?etfid=00985A.TW&topc=
2026-09-03,00985A,主動野村台灣50,4904,é å³,3.83,3832000.0,0.0,通信網路業,https://www.moneydj.com/ETF/X/Basic/Basic0007.xdjhtm?etfid=00985A.TW&topc=
2026-09-03,00985A,主動野村台灣50,2412,ä¸­è¯é»,3.77,2828000.0,0.0,通信網路業,https://www.moneydj.com/ETF/X/Basic/Basic0007.xdjhtm?etfid=00985A.TW&topc=
2026-09-03,00985A,主動野村台灣50,2454,è¯ç¼ç§,2.81,67000.0,0.0,半導體業,https://www.moneydj.com/ETF/X/Basic/Basic0007.xdjhtm?etfid=00985A.TW&topc=
2026-09-03,00985A,主動野村台灣50,2383,å°åé»,2.66,52000.0,0.0,電子零組件業,https://www.moneydj.com/ETF/X/Basic/Basic0007.xdjhtm?etfid=00985A.TW&topc=
2026-09-03,00985A,主動野村台灣50,6442,åè,2.39,140000.0,0.0,通信網路業,https://www.moneydj.com/ETF/X/Basic/Basic0007.xdjhtm?etfid=00985A.TW&topc=
2026-09-03,00990A,主動元大AI新經濟,LITE,Lumentum,7.81,101272.0,0.0,未分類,https://www.moneydj.com/ETF/X/Basic/Basic0007.xdjhtm?etfid=00990A.TW&topc=
2026-09-03,00990A,主動元大AI新經濟,NVDA,NVIDIA,4.95,249100.0,0.0,未分類,https://www.moneydj.com/ETF/X/Basic/Basic0007.xdjhtm?etfid=00990A.TW&topc=
2026-09-03,00990A,主動元大AI新經濟,2383,å°åé»,3.22,212000.0,0.0,電子零組件業,https://www.moneydj.com/ETF/X/Basic/Basic0007.xdjhtm?etfid=00990A.TW&topc=
2026-09-03,00990A,主動元大AI新經濟,MSFT,Microsoft,3.13,71120.0,0.0,未分類,https://www.moneydj.com/ETF/X/Basic/Basic0007.xdjhtm?etfid=00990A.TW&topc=
2026-09-03,00990A,主動元大AI新經濟,3037,æ¬£è,3.11,1146000.0,0.0,電子零組件業,https://www.moneydj.com/ETF/X/Basic/Basic0007.xdjhtm?etfid=00990A.TW&topc=
2026-09-03,00990A,主動元大AI新經濟,AMZN,Amazon,2.94,130300.0,0.0,未分類,https://www.moneydj.com/ETF/X/Basic/Basic0007.xdjhtm?etfid=00990A.TW&topc=
2026-09-03,00990A,主動元大AI新經濟,BE,Bloom Energy,2.79,144800.0,0.0,未分類,https://www.moneydj.com/ETF/X/Basic/Basic0007.xdjhtm?etfid=00990A.TW&topc=
2026-09-03,00990A,主動元大AI新經濟,2330,å°ç©é»,2.7,406000.0,0.0,半導體業,https://www.moneydj.com/ETF/X/Basic/Basic0007.xdjhtm?etfid=00990A.TW&topc=
2026-09-03,00990A,主動元大AI新經濟,NOW,ServiceNow,2.68,221400.0,0.0,未分類,https://www.moneydj.com/ETF/X/Basic/Basic0007.xdjhtm?etfid=00990A.TW&topc=
2026-09-03,00990A,主動元大AI新經濟,META,Meta,2.61,49640.0,0.0,未分類,https://www.moneydj.com/ETF/X/Basic/Basic0007.xdjhtm?etfid=00990A.TW&topc=
2026-09-03,00993A,主動安聯台灣,2330,å°ç©é»,8.24,341000.0,0.0,半導體業,https://www.moneydj.com/ETF/X/Basic/Basic0007.xdjhtm?etfid=00993A.TW&topc=
2026-09-03,00993A,主動安聯台灣,2454,è¯ç¼ç§,5.83,133000.0,0.0,半導體業,https://www.moneydj.com/ETF/X/Basic/Basic0007.xdjhtm?etfid=00993A.TW&topc=
2026-09-03,00993A,主動安聯台灣,2383,å°åé»,5.29,99000.0,0.0,電子零組件業,https://www.moneydj.com/ETF/X/Basic/Basic0007.xdjhtm?etfid=00993A.TW&topc=
2026-09-03,00993A,主動安聯台灣,6223,æºç½,4.07,80000.0,0.0,半導體業,https://www.moneydj.com/ETF/X/Basic/Basic0007.xdjhtm?etfid=00993A.TW&topc=
2026-09-03,00993A,主動安聯台灣,2059,å·æ¹,3.8,28000.0,0.0,電子零組件業,https://www.moneydj.com/ETF/X/Basic/Basic0007.xdjhtm?etfid=00993A.TW&topc=
2026-09-03,00993A,主動安聯台灣,1303,åäº,3.72,1669000.0,0.0,塑膠工業,https://www.moneydj.com/ETF/X/Basic/Basic0007.xdjhtm?etfid=00993A.TW&topc=
2026-09-03,00993A,主動安聯台灣,3017,å¥é,3.5,105000.0,0.0,電腦及週邊設備業,https://www.moneydj.com/ETF/X/Basic/Basic0007.xdjhtm?etfid=00993A.TW&topc=
2026-09-03,00993A,主動安聯台灣,6669,ç·¯ç©,3.35,134191.0,0.0,電腦及週邊設備業,https://www.moneydj.com/ETF/X/Basic/Basic0007.xdjhtm?etfid=00993A.TW&topc=
2026-09-03,00993A,主動安聯台灣,2408,åäºç§,3.3,684000.0,0.0,半導體業,https://www.moneydj.com/ETF/X/Basic/Basic0007.xdjhtm?etfid=00993A.TW&topc=
2026-09-03,00993A,主動安聯台灣,3037,æ¬£è,3.01,323000.0,0.0,電子零組件業,https://www.moneydj.com/ETF/X/Basic/Basic0007.xdjhtm?etfid=00993A.TW&topc=
2026-09-03,00999A,主動野村臺灣高息,2330,å°ç©é»,5.94,279000.0,0.0,半導體業,https://www.moneydj.com/ETF/X/Basic/Basic0007.xdjhtm?etfid=00999A.TW&topc=
2026-09-03,00999A,主動野村臺灣高息,3702,å¤§è¯å¤§,4.79,5267000.0,0.0,電子通路業,https://www.moneydj.com/ETF/X/Basic/Basic0007.xdjhtm?etfid=00999A.TW&topc=
2026-09-03,00999A,主動野村臺灣高息,2383,å°åé»,4.2,89000.0,0.0,電子零組件業,https://www.moneydj.com/ETF/X/Basic/Basic0007.xdjhtm?etfid=00999A.TW&topc=
2026-09-03,00999A,主動野村臺灣高息,3706,ç¥é,3.96,4854000.0,0.0,電腦及週邊設備業,https://www.moneydj.com/ETF/X/Basic/Basic0007.xdjhtm?etfid=00999A.TW&topc=
2026-09-03,00999A,主動野村臺灣高息,3653,å¥ç­,3.85,77000.0,0.0,電子零組件業,https://www.moneydj.com/ETF/X/Basic/Basic0007.xdjhtm?etfid=00999A.TW&topc=
2026-09-03,00999A,主動野村臺灣高息,2059,å·æ¹,3.84,32000.0,0.0,電子零組件業,https://www.moneydj.com/ETF/X/Basic/Basic0007.xdjhtm?etfid=00999A.TW&topc=
2026-09-03,00999A,主動野村臺灣高息,2454,è¯ç¼ç§,3.71,96000.0,0.0,半導體業,https://www.moneydj.com/ETF/X/Basic/Basic0007.xdjhtm?etfid=00999A.TW&topc=
2026-09-03,00999A,主動野村臺灣高息,6669,ç·¯ç©,2.96,134225.0,0.0,電腦及週邊設備業,https://www.moneydj.com/ETF/X/Basic/Basic0007.xdjhtm?etfid=00999A.TW&topc=
2026-09-03,00999A,主動野村臺灣高息,2441,è¶è±,2.92,2890000.0,0.0,半導體業,https://www.moneydj.com/ETF/X/Basic/Basic0007.xdjhtm?etfid=00999A.TW&topc=
2026-09-03,00999A,主動野村臺灣高息,2308,å°éé»,2.74,175000.0,0.0,電子零組件業,https://www.moneydj.com/ETF/X/Basic/Basic0007.xdjhtm?etfid=00999A.TW&topc=
2026-09-04,00400A,主動國泰動能高息,2330,å°ç©é»,8.57,1034000.0,0.0,半導體業,https://www.moneydj.com/ETF/X/Basic/Basic0007.xdjhtm?etfid=00400A.TW&topc=
2026-09-04,00400A,主動國泰動能高息,2454,è¯ç¼ç§,7.14,470000.0,0.0,半導體業,https://www.moneydj.com/ETF/X/Basic/Basic0007.xdjhtm?etfid=00400A.TW&topc=
2026-09-04,00400A,主動國泰動能高息,2059,å·æ¹,5.86,123000.0,0.0,電子零組件業,https://www.moneydj.com/ETF/X/Basic/Basic0007.xdjhtm?etfid=00400A.TW&topc=
2026-09-04,00400A,主動國泰動能高息,6669,ç·¯ç©,5.82,659197.0,0.0,電腦及週邊設備業,https://www.moneydj.com/ETF/X/Basic/Basic0007.xdjhtm?etfid=00400A.TW&topc=
2026-09-04,00400A,主動國泰動能高息,3653,å¥ç­,4.47,221000.0,0.0,電子零組件業,https://www.moneydj.com/ETF/X/Basic/Basic0007.xdjhtm?etfid=00400A.TW&topc=
2026-09-04,00400A,主動國泰動能高息,6223,æºç½,4.22,238000.0,0.0,半導體業,https://www.moneydj.com/ETF/X/Basic/Basic0007.xdjhtm?etfid=00400A.TW&topc=
2026-09-04,00400A,主動國泰動能高息,3017,å¥é,4.13,336000.0,0.0,電腦及週邊設備業,https://www.moneydj.com/ETF/X/Basic/Basic0007.xdjhtm?etfid=00400A.TW&topc=
2026-09-04,00400A,主動國泰動能高息,3008,å¤§ç«å,3.92,154000.0,0.0,光電業,https://www.moneydj.com/ETF/X/Basic/Basic0007.xdjhtm?etfid=00400A.TW&topc=
2026-09-04,00400A,主動國泰動能高息,3443,åµæ,3.8,190000.0,0.0,半導體業,https://www.moneydj.com/ETF/X/Basic/Basic0007.xdjhtm?etfid=00400A.TW&topc=
2026-09-04,00400A,主動國泰動能高息,2360,è´è,3.28,470000.0,0.0,其他電子業,https://www.moneydj.com/ETF/X/Basic/Basic0007.xdjhtm?etfid=00400A.TW&topc=
2026-09-04,00980A,主動野村臺灣優選,2330,å°ç©é»,9.1,753000.0,0.0,半導體業,https://www.moneydj.com/ETF/X/Basic/Basic0007.xdjhtm?etfid=00980A.TW&topc=
2026-09-04,00980A,主動野村臺灣優選,2059,å·æ¹,5.56,80000.0,0.0,電子零組件業,https://www.moneydj.com/ETF/X/Basic/Basic0007.xdjhtm?etfid=00980A.TW&topc=
2026-09-04,00980A,主動野村臺灣優選,2454,è¯ç¼ç§,5.51,249000.0,0.0,半導體業,https://www.moneydj.com/ETF/X/Basic/Basic0007.xdjhtm?etfid=00980A.TW&topc=
2026-09-04,00980A,主動野村臺灣優選,2308,å°éé»,3.7,404000.0,0.0,電子零組件業,https://www.moneydj.com/ETF/X/Basic/Basic0007.xdjhtm?etfid=00980A.TW&topc=
2026-09-04,00980A,主動野村臺灣優選,2383,å°åé»,3.69,136000.0,0.0,電子零組件業,https://www.moneydj.com/ETF/X/Basic/Basic0007.xdjhtm?etfid=00980A.TW&topc=
2026-09-04,00980A,主動野村臺灣優選,3081,è¯äº,3.63,228600.0,0.0,通信網路業,https://www.moneydj.com/ETF/X/Basic/Basic0007.xdjhtm?etfid=00980A.TW&topc=
2026-09-04,00980A,主動野村臺灣優選,1303,åäº,2.73,2416000.0,0.0,塑膠工業,https://www.moneydj.com/ETF/X/Basic/Basic0007.xdjhtm?etfid=00980A.TW&topc=
2026-09-04,00980A,主動野村臺灣優選,2408,åäºç§,2.73,1096000.0,0.0,半導體業,https://www.moneydj.com/ETF/X/Basic/Basic0007.xdjhtm?etfid=00980A.TW&topc=
2026-09-04,00980A,主動野村臺灣優選,3037,æ¬£è,2.55,563000.0,0.0,電子零組件業,https://www.moneydj.com/ETF/X/Basic/Basic0007.xdjhtm?etfid=00980A.TW&topc=
2026-09-04,00981A,主動統一台股增長,2330,å°ç©é»,9.38,11014000.0,0.0,半導體業,https://www.moneydj.com/ETF/X/Basic/Basic0007.xdjhtm?etfid=00981A.TW&topc=
2026-09-04,00981A,主動統一台股增長,2383,å°åé»,9.09,4750000.0,0.0,電子零組件業,https://www.moneydj.com/ETF/X/Basic/Basic0007.xdjhtm?etfid=00981A.TW&topc=
2026-09-04,00981A,主動統一台股增長,2454,è¯ç¼ç§,7.94,5088000.0,0.0,半導體業,https://www.moneydj.com/ETF/X/Basic/Basic0007.xdjhtm?etfid=00981A.TW&topc=
2026-09-04,00981A,主動統一台股增長,3017,å¥é,7.51,5949000.0,0.0,電腦及週邊設備業,https://www.moneydj.com/ETF/X/Basic/Basic0007.xdjhtm?etfid=00981A.TW&topc=
2026-09-04,00981A,主動統一台股增長,3037,æ¬£è,6.47,20300000.0,0.0,電子零組件業,https://www.moneydj.com/ETF/X/Basic/Basic0007.xdjhtm?etfid=00981A.TW&topc=
2026-09-04,00981A,主動統一台股增長,6669,ç·¯ç©,5.88,6490561.0,0.0,電腦及週邊設備業,https://www.moneydj.com/ETF/X/Basic/Basic0007.xdjhtm?etfid=00981A.TW&topc=
2026-09-04,00981A,主動統一台股增長,3653,å¥ç­,5.08,2447000.0,0.0,電子零組件業,https://www.moneydj.com/ETF/X/Basic/Basic0007.xdjhtm?etfid=00981A.TW&topc=
2026-09-04,00981A,主動統一台股增長,2327,åå·¨*,4.96,24987000.0,0.0,電子零組件業,https://www.moneydj.com/ETF/X/Basic/Basic0007.xdjhtm?etfid=00981A.TW&topc=
2026-09-04,00981A,主動統一台股增長,2345,æºé¦,4.8,6464000.0,0.0,通信網路業,https://www.moneydj.com/ETF/X/Basic/Basic0007.xdjhtm?etfid=00981A.TW&topc=
2026-09-04,00981A,主動統一台股增長,2308,å°éé»,4.67,7240000.0,0.0,電子零組件業,https://www.moneydj.com/ETF/X/Basic/Basic0007.xdjhtm?etfid=00981A.TW&topc=
2026-09-04,00982A,主動群益台灣強棒,2330,台積電,8.37,1794000.0,0.0,半導體業,https://www.capitalfund.com.tw/etf/product/detail/399/buyback
2026-09-04,00982A,主動群益台灣強棒,6669,緯穎,6.91,1391225.0,0.0,電腦及週邊設備業,https://www.capitalfund.com.tw/etf/product/detail/399/buyback
2026-09-04,00982A,主動群益台灣強棒,2454,聯發科,6.29,736000.0,0.0,半導體業,https://www.capitalfund.com.tw/etf/product/detail/399/buyback
2026-09-04,00982A,主動群益台灣強棒,6139,亞翔,5.37,3771000.0,0.0,其他電子業,https://www.capitalfund.com.tw/etf/product/detail/399/buyback
2026-09-04,00982A,主動群益台灣強棒,3105,穩懋,4.97,5709000.0,0.0,半導體業,https://www.capitalfund.com.tw/etf/product/detail/399/buyback
2026-09-04,00982A,主動群益台灣強棒,2059,川湖,4.91,183000.0,0.0,電子零組件業,https://www.capitalfund.com.tw/etf/product/detail/399/buyback
2026-09-04,00982A,主動群益台灣強棒,3008,大立光,3.64,254000.0,0.0,光電業,https://www.capitalfund.com.tw/etf/product/detail/399/buyback
2026-09-04,00982A,主動群益台灣強棒,3491,昇達科,3.44,1180000.0,0.0,通信網路業,https://www.capitalfund.com.tw/etf/product/detail/399/buyback
2026-09-04,00982A,主動群益台灣強棒,2383,台光電,3.3,315000.0,0.0,電子零組件業,https://www.capitalfund.com.tw/etf/product/detail/399/buyback
2026-09-04,00982A,主動群益台灣強棒,2360,致茂,3.26,830000.0,0.0,其他電子業,https://www.capitalfund.com.tw/etf/product/detail/399/buyback
2026-09-04,00985A,主動野村台灣50,2330,å°ç©é»,13.47,588000.0,0.0,半導體業,https://www.moneydj.com/ETF/X/Basic/Basic0007.xdjhtm?etfid=00985A.TW&topc=
2026-09-04,00985A,主動野村台灣50,2376,æå,4.17,1215000.0,0.0,電腦及週邊設備業,https://www.moneydj.com/ETF/X/Basic/Basic0007.xdjhtm?etfid=00985A.TW&topc=
2026-09-04,00985A,主動野村台灣50,3711,æ¥æåææ§,3.95,706000.0,0.0,半導體業,https://www.moneydj.com/ETF/X/Basic/Basic0007.xdjhtm?etfid=00985A.TW&topc=
2026-09-04,00985A,主動野村台灣50,4904,é å³,3.79,3832000.0,0.0,通信網路業,https://www.moneydj.com/ETF/X/Basic/Basic0007.xdjhtm?etfid=00985A.TW&topc=
2026-09-04,00985A,主動野村台灣50,2412,ä¸­è¯é»,3.7,2828000.0,0.0,通信網路業,https://www.moneydj.com/ETF/X/Basic/Basic0007.xdjhtm?etfid=00985A.TW&topc=
2026-09-04,00985A,主動野村台灣50,2395,ç è¯,3.0,444000.0,0.0,電腦及週邊設備業,https://www.moneydj.com/ETF/X/Basic/Basic0007.xdjhtm?etfid=00985A.TW&topc=
2026-09-04,00985A,主動野村台灣50,2454,è¯ç¼ç§,2.81,67000.0,0.0,半導體業,https://www.moneydj.com/ETF/X/Basic/Basic0007.xdjhtm?etfid=00985A.TW&topc=
2026-09-04,00985A,主動野村台灣50,6669,ç·¯ç©,2.78,114036.0,0.0,電腦及週邊設備業,https://www.moneydj.com/ETF/X/Basic/Basic0007.xdjhtm?etfid=00985A.TW&topc=
2026-09-04,00985A,主動野村台灣50,2383,å°åé»,2.68,52000.0,0.0,電子零組件業,https://www.moneydj.com/ETF/X/Basic/Basic0007.xdjhtm?etfid=00985A.TW&topc=
2026-09-04,00990A,主動元大AI新經濟,LITE,Lumentum,5.62,75352.0,0.0,未分類,https://www.moneydj.com/ETF/X/Basic/Basic0007.xdjhtm?etfid=00990A.TW&topc=
2026-09-04,00990A,主動元大AI新經濟,NVDA,NVIDIA,5.01,249100.0,0.0,未分類,https://www.moneydj.com/ETF/X/Basic/Basic0007.xdjhtm?etfid=00990A.TW&topc=
2026-09-04,00990A,主動元大AI新經濟,SNOW,Snowflake,3.45,109800.0,0.0,未分類,https://www.moneydj.com/ETF/X/Basic/Basic0007.xdjhtm?etfid=00990A.TW&topc=
2026-09-04,00990A,主動元大AI新經濟,MSFT,Microsoft,3.19,71120.0,0.0,未分類,https://www.moneydj.com/ETF/X/Basic/Basic0007.xdjhtm?etfid=00990A.TW&topc=
2026-09-04,00990A,主動元大AI新經濟,META,Meta,3.18,59120.0,0.0,未分類,https://www.moneydj.com/ETF/X/Basic/Basic0007.xdjhtm?etfid=00990A.TW&topc=
2026-09-04,00990A,主動元大AI新經濟,2383,å°åé»,3.11,212000.0,0.0,電子零組件業,https://www.moneydj.com/ETF/X/Basic/Basic0007.xdjhtm?etfid=00990A.TW&topc=
2026-09-04,00990A,主動元大AI新經濟,BE,Bloom Energy,3.0,144800.0,0.0,未分類,https://www.moneydj.com/ETF/X/Basic/Basic0007.xdjhtm?etfid=00990A.TW&topc=
2026-09-04,00990A,主動元大AI新經濟,AMZN,Amazon,2.97,130300.0,0.0,未分類,https://www.moneydj.com/ETF/X/Basic/Basic0007.xdjhtm?etfid=00990A.TW&topc=
2026-09-04,00990A,主動元大AI新經濟,3037,æ¬£è,2.93,1146000.0,0.0,電子零組件業,https://www.moneydj.com/ETF/X/Basic/Basic0007.xdjhtm?etfid=00990A.TW&topc=
2026-09-04,00990A,主動元大AI新經濟,NOW,ServiceNow,2.84,221400.0,0.0,未分類,https://www.moneydj.com/ETF/X/Basic/Basic0007.xdjhtm?etfid=00990A.TW&topc=
2026-09-04,00991A,主動復華未來50,ABNNA,荷蘭銀行公眾有限公司,5.175,140000.0,0.0,未分類,https://www.fhtrust.com.tw/ETF/etf_detail/ETF24#nav
2026-09-04,00991A,主動復華未來50,AGNNA,荷蘭保險公司,4.645,680000.0,0.0,未分類,https://www.fhtrust.com.tw/ETF/etf_detail/ETF24#nav
2026-09-04,00991A,主動復華未來50,AVLN,英傑華保險,4.58,630000.0,0.0,未分類,https://www.fhtrust.com.tw/ETF/etf_detail/ETF24#nav
2026-09-04,00991A,主動復華未來50,TPEIRGA,Piraeus Bank SA,4.28,475000.0,0.0,未分類,https://www.fhtrust.com.tw/ETF/etf_detail/ETF24#nav
2026-09-04,00991A,主動復華未來50,ADMLN,Admiral集團公開有限公司,4.041,105000.0,0.0,未分類,https://www.fhtrust.com.tw/ETF/etf_detail/ETF24#nav
2026-09-04,00991A,主動復華未來50,NWGLN,國民西敏集團公開有限公司,3.778,540000.0,0.0,未分類,https://www.fhtrust.com.tw/ETF/etf_detail/ETF24#nav
2026-09-04,00991A,主動復華未來50,LLOYLN,勞埃德銀行集團,3.385,3000000.0,0.0,未分類,https://www.fhtrust.com.tw/ETF/etf_detail/ETF24#nav
2026-09-04,00991A,主動復華未來50,DBKGY,德意志銀行,3.372,110000.0,0.0,未分類,https://www.fhtrust.com.tw/ETF/etf_detail/ETF24#nav
2026-09-04,00991A,主動復華未來50,ASRNLNA,ASR荷蘭公眾有限公司,2.88,45000.0,0.0,未分類,https://www.fhtrust.com.tw/ETF/etf_detail/ETF24#nav
2026-09-04,00991A,主動復華未來50,BAMIIM,BPM銀行股份公司,2.81,200000.0,0.0,未分類,https://www.fhtrust.com.tw/ETF/etf_detail/ETF24#nav
2026-09-04,00992A,主動群益科技創新,3017,奇鋐,8.46,1001000.0,0.0,電腦及週邊設備業,https://www.capitalfund.com.tw/etf/product/detail/500/buyback
2026-09-04,00992A,主動群益科技創新,2059,川湖,6.73,205000.0,0.0,電子零組件業,https://www.capitalfund.com.tw/etf/product/detail/500/buyback
2026-09-04,00992A,主動群益科技創新,2330,台積電,6.37,1116000.0,0.0,半導體業,https://www.capitalfund.com.tw/etf/product/detail/500/buyback
2026-09-04,00992A,主動群益科技創新,2383,台光電,5.96,465000.0,0.0,電子零組件業,https://www.capitalfund.com.tw/etf/product/detail/500/buyback
2026-09-04,00992A,主動群益科技創新,3665,貿聯-KY,5.9,1161000.0,0.0,其他電子業,https://www.capitalfund.com.tw/etf/product/detail/500/buyback
2026-09-04,00992A,主動群益科技創新,2345,智邦,5.34,1074000.0,0.0,通信網路業,https://www.capitalfund.com.tw/etf/product/detail/500/buyback
2026-09-04,00992A,主動群益科技創新,3037,欣興,5.3,2482000.0,0.0,電子零組件業,https://www.capitalfund.com.tw/etf/product/detail/500/buyback
2026-09-04,00992A,主動群益科技創新,3008,大立光,5.14,293000.0,0.0,光電業,https://www.capitalfund.com.tw/etf/product/detail/500/buyback
2026-09-04,00992A,主動群益科技創新,8996,高力,5.02,1630000.0,0.0,電機機械,https://www.capitalfund.com.tw/etf/product/detail/500/buyback
2026-09-04,00992A,主動群益科技創新,2455,全新,3.44,2753000.0,0.0,通信網路業,https://www.capitalfund.com.tw/etf/product/detail/500/buyback
2026-09-04,00993A,主動安聯台灣,2330,å°ç©é»,8.14,341000.0,0.0,半導體業,https://www.moneydj.com/ETF/X/Basic/Basic0007.xdjhtm?etfid=00993A.TW&topc=
2026-09-04,00993A,主動安聯台灣,2454,è¯ç¼ç§,5.81,133000.0,0.0,半導體業,https://www.moneydj.com/ETF/X/Basic/Basic0007.xdjhtm?etfid=00993A.TW&topc=
2026-09-04,00993A,主動安聯台灣,2383,å°åé»,5.3,99000.0,0.0,電子零組件業,https://www.moneydj.com/ETF/X/Basic/Basic0007.xdjhtm?etfid=00993A.TW&topc=
2026-09-04,00993A,主動安聯台灣,6223,æºç½,4.08,80000.0,0.0,半導體業,https://www.moneydj.com/ETF/X/Basic/Basic0007.xdjhtm?etfid=00993A.TW&topc=
2026-09-04,00993A,主動安聯台灣,2059,å·æ¹,3.84,28000.0,0.0,電子零組件業,https://www.moneydj.com/ETF/X/Basic/Basic0007.xdjhtm?etfid=00993A.TW&topc=
2026-09-04,00993A,主動安聯台灣,1303,åäº,3.72,1669000.0,0.0,塑膠工業,https://www.moneydj.com/ETF/X/Basic/Basic0007.xdjhtm?etfid=00993A.TW&topc=
2026-09-04,00993A,主動安聯台灣,3017,å¥é,3.71,105000.0,0.0,電腦及週邊設備業,https://www.moneydj.com/ETF/X/Basic/Basic0007.xdjhtm?etfid=00993A.TW&topc=
2026-09-04,00993A,主動安聯台灣,6669,ç·¯ç©,3.41,134191.0,0.0,電腦及週邊設備業,https://www.moneydj.com/ETF/X/Basic/Basic0007.xdjhtm?etfid=00993A.TW&topc=
2026-09-04,00993A,主動安聯台灣,2408,åäºç§,3.36,684000.0,0.0,半導體業,https://www.moneydj.com/ETF/X/Basic/Basic0007.xdjhtm?etfid=00993A.TW&topc=
2026-09-04,00993A,主動安聯台灣,3037,æ¬£è,2.88,323000.0,0.0,電子零組件業,https://www.moneydj.com/ETF/X/Basic/Basic0007.xdjhtm?etfid=00993A.TW&topc=
2026-09-04,00999A,主動野村臺灣高息,2330,å°ç©é»,5.81,279000.0,0.0,半導體業,https://www.moneydj.com/ETF/X/Basic/Basic0007.xdjhtm?etfid=00999A.TW&topc=
2026-09-04,00999A,主動野村臺灣高息,3702,å¤§è¯å¤§,4.74,5267000.0,0.0,電子通路業,https://www.moneydj.com/ETF/X/Basic/Basic0007.xdjhtm?etfid=00999A.TW&topc=
2026-09-04,00999A,主動野村臺灣高息,2383,å°åé»,4.17,89000.0,0.0,電子零組件業,https://www.moneydj.com/ETF/X/Basic/Basic0007.xdjhtm?etfid=00999A.TW&topc=
2026-09-04,00999A,主動野村臺灣高息,3653,å¥ç­,3.91,77000.0,0.0,電子零組件業,https://www.moneydj.com/ETF/X/Basic/Basic0007.xdjhtm?etfid=00999A.TW&topc=
2026-09-04,00999A,主動野村臺灣高息,3706,ç¥é,3.88,4854000.0,0.0,電腦及週邊設備業,https://www.moneydj.com/ETF/X/Basic/Basic0007.xdjhtm?etfid=00999A.TW&topc=
2026-09-04,00999A,主動野村臺灣高息,2059,å·æ¹,3.83,32000.0,0.0,電子零組件業,https://www.moneydj.com/ETF/X/Basic/Basic0007.xdjhtm?etfid=00999A.TW&topc=
2026-09-04,00999A,主動野村臺灣高息,2454,è¯ç¼ç§,3.66,96000.0,0.0,半導體業,https://www.moneydj.com/ETF/X/Basic/Basic0007.xdjhtm?etfid=00999A.TW&topc=
2026-09-04,00999A,主動野村臺灣高息,6669,ç·¯ç©,2.98,134225.0,0.0,電腦及週邊設備業,https://www.moneydj.com/ETF/X/Basic/Basic0007.xdjhtm?etfid=00999A.TW&topc=
2026-09-04,00999A,主動野村臺灣高息,2441,è¶è±,2.9,2890000.0,0.0,半導體業,https://www.moneydj.com/ETF/X/Basic/Basic0007.xdjhtm?etfid=00999A.TW&topc=
2026-09-04,00999A,主動野村臺灣高息,2308,å°éé»,2.76,175000.0,0.0,電子零組件業,https://www.moneydj.com/ETF/X/Basic/Basic0007.xdjhtm?etfid=00999A.TW&topc=
