日期,代號,名稱,外資(張),投信(張),自營(張),三大法人合計
2026-08-10,1101,台泥,3692.861,0.0,3633.787,7326.647999999999
2026-08-10,1102,亞泥,478.689,-134.391,42.149,386.447
2026-08-10,1103,嘉泥,-33.836,0.0,-21.836,-55.672
2026-08-10,1104,環泥,168.85,0.0,174.584,343.434
2026-08-10,1108,幸福,99.0,0.0,99.0,198.0
2026-08-10,1109,信大,-52.0,0.0,-48.0,-100.0
2026-08-10,1110,東泥,168.449,0.0,172.449,340.898
2026-08-10,1201,味全,-100.63,0.0,-94.63,-195.26
2026-08-10,1203,味王,5.0,0.0,9.0,14.0
2026-08-10,1210,大成,734.732,49.0,1227.71,2011.442
2026-08-10,1215,卜蜂,-21.502,0.0,-18.41,-39.912
2026-08-10,1216,統一,4997.136,-85.0,4279.292,9191.428
2026-08-10,1217,愛之味,-29.0,0.0,-23.0,-52.0
2026-08-10,1218,泰山,242.0,0.0,248.0,490.0
2026-08-10,1219,福壽,54.616,0.0,58.616,113.232
2026-08-10,1220,台榮,9.0,0.0,3.0,12.0
2026-08-10,1225,福懋油,28.0,0.0,22.0,50.0
2026-08-10,1227,佳格,-206.579,0.0,-191.043,-397.622
2026-08-10,1229,聯華,46.0,6.0,78.258,130.25799999999998
2026-08-10,1231,聯華食,-96.2,0.0,-92.2,-188.4
2026-08-10,1232,大統益,-26.34,0.0,-24.34,-50.68
2026-08-10,1233,天仁,2.0,0.0,-2.0,0.0
2026-08-10,1234,黑松,-61.0,0.0,-67.0,-128.0
2026-08-10,1235,興泰,1.0,0.0,1.0,2.0
2026-08-10,1236,宏亞,-35.0,0.0,-35.0,-70.0
2026-08-10,1240,茂生農經,-1.0,-1.0,0.0,-1.0
2026-08-10,1256,鮮活果汁-KY,0.458,0.0,0.458,0.916
2026-08-10,1259,安心,2.0,2.0,0.0,2.0
2026-08-10,1264,德麥,2.697,-2.598,0.0,-2.598
2026-08-10,1268,漢來美食,-8.0,-8.0,0.0,-8.0
2026-08-10,1294,漢田生技,1.0,0.0,0.0,0.0
2026-08-10,1295,生合,5.0,5.0,0.0,5.0
2026-08-10,1301,台塑,-1032.441,0.0,-1093.779,-2126.2200000000003
2026-08-10,1303,南亞,-22708.891,352.037,-23422.751,-45779.605
2026-08-10,1304,台聚,427.27,0.0,530.668,957.938
2026-08-10,1305,華夏,132.54,0.0,138.296,270.836
2026-08-10,1307,三芳,-1178.0,0.0,-1203.27,-2381.27
2026-08-10,1308,亞聚,1558.479,0.0,1532.619,3091.098
2026-08-10,1309,台達化,375.842,0.0,384.888,760.73
2026-08-10,1310,台苯,933.666,0.0,957.488,1891.154
2026-08-10,1312,國喬,-161.7,0.0,-259.862,-421.562
2026-08-10,1313,聯成,462.996,0.0,462.982,925.978
2026-08-10,1314,中石化,-4030.963,0.0,-3509.691,-7540.654
2026-08-10,1315,達新,-65.0,0.0,-65.0,-130.0
2026-08-10,1316,上曜,-45.77,0.0,-45.77,-91.54
2026-08-10,1319,東陽,567.094,-72.0,539.096,1034.19
2026-08-10,1321,大洋,8.0,0.0,10.0,18.0
2026-08-10,1323,永裕,204.0,0.0,202.0,406.0
2026-08-10,1324,地球,16.0,0.0,16.0,32.0
2026-08-10,1325,恆大,-214.297,0.0,-214.297,-428.594
2026-08-10,1326,台化,-2374.76,0.0,-2288.348,-4663.108
2026-08-10,1336,台翰,41.0,41.051,0.0,41.051
2026-08-10,1337,再生-KY,48.117,0.0,48.117,96.234
2026-08-10,1338,廣華-KY,23.0,0.0,23.0,46.0
2026-08-10,1339,昭輝,1.0,0.0,3.0,4.0
2026-08-10,1340,勝悅-KY,133.0,0.0,133.0,266.0
2026-08-10,1341,富林-KY,1.0,0.0,1.0,2.0
2026-08-10,1342,八貫,-78.285,0.0,-81.477,-159.762
2026-08-10,1402,遠東新,6264.171,59.842,6349.855,12673.868
2026-08-10,1409,新纖,-275.001,0.0,-241.275,-516.276
2026-08-10,1410,南染,0.0,0.0,0.0,0.0
2026-08-10,1413,宏洲,-2.0,0.0,-2.0,-4.0
2026-08-10,1414,東和,233.471,0.0,235.471,468.942
2026-08-10,1416,廣豐,-80.0,0.0,-70.0,-150.0
2026-08-10,1417,嘉裕,-14.0,0.0,-18.0,-32.0
2026-08-10,1418,東華,1.0,0.0,1.0,2.0
2026-08-10,1419,新紡,0.0,0.0,6.0,6.0
2026-08-10,1423,利華,2.0,0.0,2.0,4.0
2026-08-10,1432,大魯閣,144.978,0.0,144.978,289.956
2026-08-10,1434,福懋,1169.484,0.0,1189.484,2358.968
2026-08-10,1435,中福,1.0,0.0,1.0,2.0
2026-08-10,1436,華友聯,98.624,0.0,88.624,187.248
2026-08-10,1437,勤益控,-40.0,0.0,-40.0,-80.0
2026-08-10,1438,三地開發,1.0,0.0,1.0,2.0
2026-08-10,1439,雋揚,7.0,0.0,7.0,14.0
2026-08-10,1440,南紡,1999.011,0.0,2585.801,4584.812
2026-08-10,1441,大東,-1.0,0.0,-1.0,-2.0
2026-08-10,1442,名軒,44.38,0.0,114.38,158.76
2026-08-10,1443,立益物流,0.0,0.0,0.0,0.0
2026-08-10,1444,力麗,-134.87,0.0,-190.87,-325.74
2026-08-10,1445,大宇,5.0,0.0,13.0,18.0
2026-08-10,1446,宏和,10.0,0.0,10.0,20.0
2026-08-10,1447,力鵬,314.948,0.0,314.948,629.896
2026-08-10,1449,佳和,35.137,0.0,35.181,70.318
2026-08-10,1451,年興,-25.0,0.0,-27.0,-52.0
2026-08-10,1452,宏益,-40.999,0.0,-46.999,-87.998
2026-08-10,1453,大將,10.0,0.0,10.0,20.0
2026-08-10,1454,台富,1.0,0.0,1.0,2.0
2026-08-10,1455,集盛,748.061,0.0,878.269,1626.33
2026-08-10,1456,怡華,5.0,0.0,5.0,10.0
2026-08-10,1457,宜進,-1.0,0.0,-1.0,-2.0
2026-08-10,1459,聯發,9.679,0.0,7.679,17.358
2026-08-10,1460,宏遠,-16.939,0.0,-16.939,-33.878
2026-08-10,1463,強盛新,-1.0,0.0,-1.0,-2.0
2026-08-10,1464,得力,108.208,0.0,108.208,216.416
2026-08-10,1465,偉全,8.0,0.0,8.0,16.0
2026-08-10,1466,聚隆,145.617,0.0,145.617,291.234
2026-08-10,1467,南緯,-133.807,0.0,-63.807,-197.614
2026-08-10,1468,昶和,-9.0,0.0,-7.0,-16.0
2026-08-10,1470,大統新創,1.0,0.0,1.0,2.0
2026-08-10,1471,首利,30.0,0.0,38.0,68.0
2026-08-10,1472,三洋實業,3.0,0.0,-1.0,2.0
2026-08-10,1473,台南,6.0,0.0,6.0,12.0
2026-08-10,1474,弘裕,0.0,0.0,0.0,0.0
2026-08-10,1475,業旺,-2.0,0.0,-2.0,-4.0
2026-08-10,1476,儒鴻,-688.947,8.062,-599.053,-1279.938
2026-08-10,1477,聚陽,-868.551,25.0,-903.633,-1747.1840000000002
2026-08-10,1503,士電,8.175,2.0,23.435,33.61
2026-08-10,1504,東元,1860.5,4.629,2116.932,3982.061
2026-08-10,1506,正道,89.432,0.0,79.432,168.864
2026-08-10,1512,瑞利,-2.0,0.0,-2.0,-4.0
2026-08-10,1513,中興電,353.293,-1.443,357.245,709.095
2026-08-10,1514,亞力,82.13,0.0,91.74,173.87
2026-08-10,1515,力山,-543.281,0.0,-545.871,-1089.152
2026-08-10,1516,川飛,0.0,0.0,2.0,2.0
2026-08-10,1517,利奇,-78.198,0.0,-78.198,-156.396
2026-08-10,1519,華城,111.134,0.0,198.688,309.822
2026-08-10,1521,大億,4.0,0.0,4.0,8.0
2026-08-10,1522,堤維西,53.999,0.0,48.001,102.0
2026-08-10,1524,耿鼎,37.047,0.0,23.047,60.094
2026-08-10,1525,江申,1.0,0.0,1.0,2.0
2026-08-10,1526,日馳,-84.394,0.0,-84.394,-168.788
2026-08-10,1527,鑽全,0.422,0.0,0.422,0.844
2026-08-10,1528,恩德,-112.345,0.0,-111.651,-223.996
2026-08-10,1529,樂事綠能,-10.407,0.0,-10.407,-20.814
2026-08-10,1530,亞崴,-31.0,0.0,-27.678,-58.678
2026-08-10,1531,高林股,36.0,0.0,24.0,60.0
2026-08-10,1532,勤美,-53.0,0.0,-48.982,-101.982
2026-08-10,1533,車王電,71.0,0.0,67.0,138.0
2026-08-10,1535,中宇,7.0,0.0,7.0,14.0
2026-08-10,1536,和大,558.376,0.0,528.498,1086.874
2026-08-10,1537,廣隆,-30.742,0.0,-28.742,-59.484
2026-08-10,1539,巨庭,30.0,0.0,30.0,60.0
2026-08-10,1540,喬福,-111.0,0.0,-111.0,-222.0
2026-08-10,1541,錩泰,-2.0,0.0,-2.0,-4.0
2026-08-10,1558,伸興,67.0,0.0,69.0,136.0
2026-08-10,1560,中砂,204.317,-4.0,218.437,418.754
2026-08-10,1563,巧新,-1114.147,0.0,-892.277,-2006.424
2026-08-10,1565,精華,100.0,101.22,0.0,101.22
2026-08-10,1568,倉佑,-39.45,0.0,-37.8,-77.25
2026-08-10,1569,濱川,23.0,23.999,0.0,23.999
2026-08-10,1570,力肯,5.0,4.991,0.0,4.991
2026-08-10,1580,新麥,9.953,9.936,0.0,9.936
2026-08-10,1582,信錦,291.841,0.0,341.777,633.6179999999999
2026-08-10,1583,程泰,1.0,0.0,1.0,2.0
2026-08-10,1584,精剛,-27.716,-25.81,0.0,-25.81
2026-08-10,1586,和勤,36.998,36.998,0.0,36.998
2026-08-10,1587,吉茂,50.0,0.0,49.434,99.434
2026-08-10,1590,亞德客-KY,30.765,-383.415,40.789,-311.86100000000005
2026-08-10,1591,駿吉-KY,42.879,42.879,0.0,42.879
2026-08-10,1593,祺驊,1.0,0.92,0.0,0.92
2026-08-10,1595,川寶,-35.67,-35.311,0.0,-35.311
2026-08-10,1597,直得,-107.199,0.0,-46.767,-153.966
2026-08-10,1598,岱宇,5.77,0.0,7.77,13.54
2026-08-10,1599,宏佳騰,2.0,1.78,0.0,1.78
2026-08-10,1603,華電,56.318,0.0,56.318,112.636
2026-08-10,1604,聲寶,-3.0,0.0,5.0,2.0
2026-08-10,1605,華新,32071.669,-0.141,34579.055,66650.583
2026-08-10,1608,華榮,3197.463,0.0,3272.759,6470.222
2026-08-10,1609,大亞,-216.854,0.0,-348.78,-565.634
2026-08-10,1611,中電,-102.767,0.0,-98.767,-201.534
2026-08-10,1612,宏泰,248.23,0.0,235.082,483.312
2026-08-10,1614,三洋電,20.0,0.0,20.0,40.0
2026-08-10,1615,大山,17.668,0.0,13.668,31.336
2026-08-10,1616,億泰,124.744,0.0,117.542,242.286
2026-08-10,1617,榮星,359.841,0.0,345.839,705.6800000000001
2026-08-10,1618,合機,641.997,0.0,866.209,1508.206
2026-08-10,1623,大東電,-5.954,0.0,-5.952,-11.906
2026-08-10,1626,艾美特-KY,-7.0,0.0,-9.0,-16.0
2026-08-10,1702,南僑,15.089,0.0,19.089,34.178
2026-08-10,1707,葡萄王,36.593,0.0,34.593,71.186
2026-08-10,1708,東鹼,156.439,0.0,208.679,365.118
2026-08-10,1709,和益,742.487,0.0,742.363,1484.85
2026-08-10,1710,東聯,216.339,0.0,189.129,405.468
2026-08-10,1711,永光,418.687,0.0,588.593,1007.28
2026-08-10,1712,興農,308.394,0.0,314.394,622.788
2026-08-10,1713,國化,-96.333,0.0,-96.333,-192.666
2026-08-10,1714,和桐,-4242.291,0.0,-4129.641,-8371.932
2026-08-10,1717,長興,4259.594,401.238,5213.384,9874.216
2026-08-10,1718,中纖,3948.254,0.0,3778.55,7726.804
2026-08-10,1720,生達,-282.066,0.0,-280.266,-562.332
2026-08-10,1721,三晃,160.603,0.0,162.603,323.206
2026-08-10,1722,台肥,638.455,3.0,880.443,1521.898
2026-08-10,1723,中碳,295.865,0.0,309.817,605.682
2026-08-10,1725,元禎,11.0,0.0,11.0,22.0
2026-08-10,1726,永記,-4.05,0.0,-4.05,-8.1
2026-08-10,1727,中華化,459.077,0.0,464.337,923.414
2026-08-10,1730,花仙子,0.0,0.0,0.0,0.0
2026-08-10,1731,美吾華,-56.309,0.0,-78.309,-134.618
2026-08-10,1732,毛寶,-100.291,0.0,-100.291,-200.582
2026-08-10,1733,五鼎,-157.411,0.0,-157.411,-314.822
2026-08-10,1734,杏輝,53.347,0.0,53.347,106.694
2026-08-10,1735,日勝化,-11.412,0.0,-11.102,-22.514000000000003
2026-08-10,1736,喬山,959.262,0.0,971.262,1930.524
2026-08-10,1737,臺鹽,-49.0,0.0,-9.0,-58.0
2026-08-10,1742,台蠟,0.0,0.487,0.0,0.487
2026-08-10,1752,南光,17.0,0.0,15.0,32.0
2026-08-10,1760,寶齡富錦,-8.0,0.0,-8.0,-16.0
2026-08-10,1762,中化生,-90.96,0.0,-78.96,-169.92
2026-08-10,1773,勝一,230.349,-55.0,281.139,456.488
2026-08-10,1776,展宇,2.0,0.0,2.0,4.0
2026-08-10,1777,生泰,-9.0,-9.0,0.0,-9.0
2026-08-10,1780,立弘,13.0,13.0,0.0,13.0
2026-08-10,1781,合世,1.0,0.991,0.0,0.991
2026-08-10,1783,和康生,18.0,0.0,34.0,52.0
2026-08-10,1784,訊聯,82.0,82.931,0.0,82.931
2026-08-10,1785,光洋科,807.992,808.124,0.0,808.124
2026-08-10,1786,科妍,159.0,0.0,185.866,344.866
2026-08-10,1788,杏昌,-1.099,-1.099,0.0,-1.099
2026-08-10,1789,神隆,-148.14,0.0,-113.406,-261.546
2026-08-10,1795,美時,867.682,0.0,970.488,1838.17
2026-08-10,1796,金穎生技,1.0,1.0,0.0,1.0
2026-08-10,1799,易威,-20.0,-19.55,0.0,-19.55
2026-08-10,1802,台玻,776.081,0.0,1011.779,1787.86
2026-08-10,1805,寶徠,2.0,0.0,2.0,4.0
2026-08-10,1806,冠軍,9.0,0.0,15.0,24.0
2026-08-10,1808,潤隆,390.73,0.0,444.73,835.46
2026-08-10,1809,中釉,663.0,0.0,659.232,1322.232
2026-08-10,1810,和成,-217.926,0.0,-213.93,-431.856
2026-08-10,1813,寶利徠,1.0,0.649,0.0,0.649
2026-08-10,1815,富喬,-5232.266,1413.824,0.0,1413.824
2026-08-10,1817,凱撒衛,3.0,0.0,3.0,6.0
2026-08-10,1903,士紙,8.884,0.0,8.118,17.002000000000002
2026-08-10,1904,正隆,4718.304,0.0,4942.654,9660.958
2026-08-10,1905,華紙,614.087,0.0,630.375,1244.462
2026-08-10,1906,寶隆,22.0,0.0,26.0,48.0
2026-08-10,1907,永豐餘,127.087,0.0,165.087,292.174
2026-08-10,1909,榮成,1409.0,0.0,1423.0,2832.0
2026-08-10,2002,中鋼,64052.416,0.0,73361.948,137414.364
2026-08-10,2006,東和鋼鐵,-4.274,0.0,-7.148,-11.422
2026-08-10,2007,燁興,93.0,0.0,93.0,186.0
2026-08-10,2008,高興昌,4.0,0.0,4.0,8.0
2026-08-10,2009,第一銅,142.0,0.0,194.318,336.318
2026-08-10,2010,春源,2037.297,0.0,1875.297,3912.594
2026-08-10,2012,春雨,0.0,0.0,0.0,0.0
2026-08-10,2013,中鋼構,35.157,0.0,51.157,86.314
2026-08-10,2014,中鴻,3799.039,0.0,3783.039,7582.078
2026-08-10,2015,豐興,6.919,7.0,44.919,58.838
2026-08-10,2017,官田鋼,170.358,0.0,176.358,346.716
2026-08-10,2020,美亞,41.0,0.0,45.0,86.0
2026-08-10,2022,聚亨,219.413,0.0,219.413,438.826
2026-08-10,2023,燁輝,198.0,0.0,228.0,426.0
2026-08-10,2024,志聯,1.0,0.0,1.0,2.0
2026-08-10,2025,千興,118.319,0.0,92.319,210.638
2026-08-10,2027,大成鋼,3770.329,455.234,3444.791,7670.354
2026-08-10,2028,威致,53.0,0.0,53.0,106.0
2026-08-10,2029,盛餘,287.491,0.0,290.761,578.252
2026-08-10,2030,彰源,1748.728,0.0,1766.424,3515.152
2026-08-10,2031,新光鋼,461.832,0.0,424.378,886.21
2026-08-10,2032,新鋼,1009.89,0.0,1009.89,2019.78
2026-08-10,2033,佳大,150.0,0.0,156.664,306.664
2026-08-10,2034,允強,1310.141,0.0,1332.851,2642.992
2026-08-10,2038,海光,176.731,0.0,180.731,357.462
2026-08-10,2049,上銀,-496.34,0.912,-682.294,-1177.722
2026-08-10,2059,川湖,227.675,15.529,179.915,423.119
2026-08-10,2061,風青,8.262,-3.709,0.0,-3.709
2026-08-10,2062,橋椿,-33.199,0.0,-85.199,-118.398
2026-08-10,2063,世鎧,8.0,7.848,0.0,7.848
2026-08-10,2064,晉椿,2.0,1.899,0.0,1.899
2026-08-10,2065,世豐,46.0,46.675,0.0,46.675
2026-08-10,2066,世德,8.0,7.0,0.0,7.0
2026-08-10,2069,運錩,136.532,0.0,136.532,273.064
2026-08-10,2070,精湛,-45.0,-45.818,0.0,-45.818
2026-08-10,2072,世紀風電,71.969,0.0,68.545,140.514
2026-08-10,2101,南港,-1048.036,0.0,-1051.512,-2099.548
2026-08-10,2102,泰豐,22.077,0.0,28.077,50.154
2026-08-10,2103,台橡,6635.026,0.0,5441.088,12076.114
2026-08-10,2104,國際中橡,2955.789,0.0,3247.561,6203.35
2026-08-10,2105,正新,239.974,97.351,-62.02,275.305
2026-08-10,2106,建大,163.0,0.0,199.0,362.0
2026-08-10,2107,厚生,-7.661,0.0,4.339,-3.321999999999999
2026-08-10,2108,南帝,1225.768,0.0,1399.876,2625.644
2026-08-10,2109,華豐,28.852,0.0,28.852,57.704
2026-08-10,2114,鑫永銓,13.0,0.0,13.0,26.0
2026-08-10,2115,六暉-KY,1.0,0.0,-17.0,-16.0
2026-08-10,2201,裕隆,697.12,0.0,689.972,1387.092
2026-08-10,2204,中華,710.994,-297.0,718.918,1132.912
2026-08-10,2206,三陽工業,249.472,0.0,261.472,510.944
2026-08-10,2207,和泰車,-20.415,5.428,-8.415,-23.402
2026-08-10,2208,台船,255.83,0.0,255.83,511.66
2026-08-10,2211,長榮鋼,-80.379,0.0,-80.295,-160.674
2026-08-10,2221,大甲,45.614,40.614,0.0,40.614
2026-08-10,2227,裕日車,0.0,0.0,2.0,2.0
2026-08-10,2228,劍麟,-63.871,0.0,-63.293,-127.164
2026-08-10,2230,泰茂,-3.247,-2.125,0.0,-2.125
2026-08-10,2231,為升,-22.446,0.0,-43.214,-65.66
2026-08-10,2233,宇隆,78.206,0.0,83.186,161.392
2026-08-10,2236,百達-KY,-21.904,0.0,82.096,60.19200000000001
2026-08-10,2237,華德動能-創,19.0,0.0,19.0,38.0
2026-08-10,2239,英利-KY,2.0,0.0,3.542,5.542
2026-08-10,2241,艾姆勒,-27.01,0.0,-29.962,-56.972
2026-08-10,2243,宏旭-KY,10.01,0.0,8.01,18.02
2026-08-10,2247,汎德永業,3.55,0.0,3.55,7.1
2026-08-10,2248,華勝-KY,11.0,0.0,5.0,16.0
2026-08-10,2250,IKKA-KY,12.0,0.0,12.0,24.0
2026-08-10,2254,巨鎧精密-創,4.0,0.0,2.0,6.0
2026-08-10,2258,鴻華先進-創,66.0,0.0,61.67,127.67
2026-08-10,2301,光寶科,2572.831,-25.373,4068.619,6616.077
2026-08-10,2302,麗正,-145.629,0.0,-143.461,-289.09000000000003
2026-08-10,2303,聯電,26971.564,513.342,36145.57,63630.476
2026-08-10,2305,全友,674.0,0.0,639.1,1313.1
2026-08-10,2308,台達電,1370.803,604.175,2176.887,4151.865
2026-08-10,2312,金寶,5494.248,0.0,6870.024,12364.272
2026-08-10,2313,華通,-5185.909,1113.921,-3473.661,-7545.648999999999
2026-08-10,2314,台揚,1.0,0.0,1.0,2.0
2026-08-10,2316,楠梓電,-273.437,0.0,-332.243,-605.6800000000001
2026-08-10,2317,鴻海,7881.54,136.726,8638.694,16656.96
2026-08-10,2323,中環,1282.292,0.0,1321.966,2604.258
2026-08-10,2324,仁寶,-3237.284,-9.1,-4077.238,-7323.621999999999
2026-08-10,2327,國巨*,3620.928,957.896,4956.456,9535.28
2026-08-10,2328,廣宇,1707.275,0.0,1915.331,3622.606
2026-08-10,2329,華泰,612.533,0.0,681.863,1294.3960000000002
2026-08-10,2330,台積電,119.096,152.629,1015.606,1287.331
2026-08-10,2331,精英,489.311,0.0,459.311,948.622
2026-08-10,2332,友訊,4854.626,0.0,5373.916,10228.542
2026-08-10,2337,旺宏,8001.904,8839.0,8816.162,25657.066000000003
2026-08-10,2338,光罩,231.428,0.0,224.808,456.236
2026-08-10,2340,台亞,1244.041,0.0,1546.203,2790.244
2026-08-10,2342,茂矽,-77.851,0.0,-77.715,-155.566
2026-08-10,2344,華邦電,19044.359,-5.063,26016.575,45055.871
2026-08-10,2345,智邦,-407.066,-163.0,-312.262,-882.328
2026-08-10,2347,聯強,-18.833,148.0,-364.243,-235.076
2026-08-10,2348,海悅,-98.99,0.0,-99.476,-198.466
2026-08-10,2349,錸德,-220.552,0.0,-220.552,-441.104
2026-08-10,2351,順德,-661.0,0.0,-744.228,-1405.228
2026-08-10,2352,佳世達,4118.0,0.0,4440.74,8558.74
2026-08-10,2353,宏碁,9892.191,100.497,10094.337,20087.025
2026-08-10,2354,鴻準,10063.548,-1.0,10426.43,20488.978000000003
2026-08-10,2355,敬鵬,434.614,0.0,487.298,921.912
2026-08-10,2356,英業達,7193.927,-24.122,7632.575,14802.38
2026-08-10,2357,華碩,613.587,462.559,611.635,1687.781
2026-08-10,2359,所羅門,2350.569,0.0,2907.383,5257.951999999999
2026-08-10,2360,致茂,-173.325,-28.264,-102.957,-304.546
2026-08-10,2362,藍天,-1784.017,0.0,-1793.503,-3577.52
2026-08-10,2363,矽統,-1071.361,0.0,-358.947,-1430.308
2026-08-10,2364,倫飛,276.773,0.0,276.773,553.546
2026-08-10,2365,昆盈,337.018,0.0,339.018,676.036
2026-08-10,2367,燿華,561.48,0.0,965.758,1527.238
2026-08-10,2368,金像電,-2693.388,-2407.612,-3078.224,-8179.224
2026-08-10,2369,菱生,153.018,0.0,129.74,282.75800000000004
2026-08-10,2371,大同,362.201,0.0,582.201,944.402
2026-08-10,2373,震旦行,-1.0,0.0,-1.0,-2.0
2026-08-10,2374,佳能,1442.745,0.0,1658.533,3101.278
2026-08-10,2375,凱美,-81.99,0.0,28.066,-53.92399999999999
2026-08-10,2376,技嘉,2371.204,-1231.16,2927.98,4068.024
2026-08-10,2377,微星,3568.449,15.0,4405.043,7988.492
2026-08-10,2379,瑞昱,-87.971,30.363,28.561,-29.047000000000004
2026-08-10,2382,廣達,2326.796,322.642,3220.896,5870.334
2026-08-10,2383,台光電,3.476,123.995,7.726,135.197
2026-08-10,2385,群光,485.754,4.917,384.824,875.495
2026-08-10,2387,精元,-487.0,0.0,-485.524,-972.524
2026-08-10,2388,威盛,415.905,0.0,981.139,1397.044
2026-08-10,2390,云辰,-50.0,0.0,-92.0,-142.0
2026-08-10,2392,正崴,103.651,0.0,162.401,266.052
2026-08-10,2393,億光,742.943,-104.0,832.389,1471.332
2026-08-10,2395,研華,-188.197,119.0,-47.323,-116.52
2026-08-10,2397,友通,236.283,0.0,272.283,508.566
2026-08-10,2399,映泰,-1339.743,0.0,-1345.243,-2684.986
2026-08-10,2401,凌陽,279.807,0.0,567.537,847.344
2026-08-10,2402,毅嘉,456.743,0.0,605.965,1062.708
2026-08-10,2404,漢唐,-141.811,0.0,-197.365,-339.17600000000004
2026-08-10,2405,輔信,-109.62,0.0,-109.62,-219.24
2026-08-10,2406,國碩,905.882,0.0,914.17,1820.052
2026-08-10,2408,南亞科,30509.817,48.652,33845.495,64403.964
2026-08-10,2409,友達,4574.634,-10.476,4641.55,9205.708
2026-08-10,2412,中華電,-2511.971,-62.713,-2365.971,-4940.655000000001
2026-08-10,2413,環科,528.0,0.0,526.56,1054.56
2026-08-10,2414,精技,258.844,0.0,256.844,515.688
2026-08-10,2415,錩新,-41.0,0.0,-41.0,-82.0
2026-08-10,2417,圓剛,267.8,0.0,271.8,539.6
2026-08-10,2419,仲琦,160.095,0.0,170.097,330.192
2026-08-10,2420,新巨,175.0,0.0,158.082,333.082
2026-08-10,2421,建準,-386.529,-77.0,-417.101,-880.63
2026-08-10,2423,固緯,-193.25,0.0,-191.25,-384.5
2026-08-10,2424,隴華,4.0,0.0,4.0,8.0
2026-08-10,2425,承啟,-2609.94,0.0,-2651.076,-5261.016
2026-08-10,2426,鼎元,-4398.0,0.0,-4232.648,-8630.648000000001
2026-08-10,2427,三商電,34.0,0.0,26.0,60.0
2026-08-10,2428,興勤,-58.78,0.0,-50.772,-109.552
2026-08-10,2429,銘旺科,43.81,0.0,43.81,87.62
2026-08-10,2430,燦坤,9.0,0.0,11.0,20.0
2026-08-10,2431,聯昌,84.0,0.0,85.998,169.998
2026-08-10,2432,倚天酷碁-創,-3.0,0.0,3.0,0.0
2026-08-10,2433,互盛電,2.0,0.0,4.0,6.0
2026-08-10,2434,統懋,-71.0,0.0,-63.0,-134.0
2026-08-10,2436,偉詮電,4350.759,0.0,5032.481,9383.24
2026-08-10,2438,翔耀,0.0,0.0,2.0,2.0
2026-08-10,2439,美律,646.0,0.0,704.38,1350.38
2026-08-10,2440,太空梭,47.0,0.0,51.0,98.0
2026-08-10,2441,超豐,3281.347,-8.0,3887.643,7160.99
2026-08-10,2442,新美齊,614.344,0.0,620.344,1234.688
2026-08-10,2444,兆勁,-14.0,0.0,-16.0,-30.0
2026-08-10,2449,京元電子,-3881.552,37.533,-4889.284,-8733.303
2026-08-10,2450,神腦,5.8,0.0,9.8,15.6
2026-08-10,2451,創見,-1526.805,-16.0,-1640.171,-3182.976
2026-08-10,2453,凌群,-23.0,0.0,-21.0,-44.0
2026-08-10,2454,聯發科,1390.918,-62.773,1575.252,2903.397
2026-08-10,2455,全新,-48.565,190.0,552.525,693.96
2026-08-10,2457,飛宏,176.366,0.0,364.966,541.332
2026-08-10,2458,義隆,699.227,-188.0,839.579,1350.806
2026-08-10,2459,敦吉,-17.0,0.0,-15.0,-32.0
2026-08-10,2460,建通,66.0,0.0,66.0,132.0
2026-08-10,2461,光群雷,-52.933,0.0,-52.933,-105.866
2026-08-10,2462,良得電,-72.0,0.0,-70.496,-142.49599999999998
2026-08-10,2464,盟立,2816.894,0.0,2903.548,5720.441999999999
2026-08-10,2465,麗臺,2862.041,0.0,2898.253,5760.294
2026-08-10,2466,冠西電,482.0,0.0,478.002,960.002
2026-08-10,2467,志聖,440.511,-0.853,507.641,947.299
2026-08-10,2468,華經,129.96,0.0,123.96,253.92
2026-08-10,2471,資通,131.996,0.0,131.996,263.992
2026-08-10,2472,立隆電,173.01,78.0,280.794,531.804
2026-08-10,2474,可成,719.411,27.0,377.863,1124.274
2026-08-10,2476,鉅祥,-319.087,11.0,-285.485,-593.572
2026-08-10,2477,美隆電,-38.0,0.0,-36.0,-74.0
2026-08-10,2478,大毅,337.383,0.0,373.507,710.89
2026-08-10,2480,敦陽科,-19.412,0.0,-17.412,-36.824
2026-08-10,2481,強茂,-1218.137,0.0,-775.805,-1993.942
2026-08-10,2482,連宇,-111.0,0.0,-104.402,-215.402
2026-08-10,2483,百容,-89.365,0.0,-91.365,-180.73
2026-08-10,2484,希華,468.002,0.0,490.722,958.724
2026-08-10,2485,兆赫,940.417,0.0,1202.497,2142.914
2026-08-10,2486,一詮,-1881.233,0.0,-1811.817,-3693.05
2026-08-10,2488,漢平,16.0,0.0,18.0,34.0
2026-08-10,2489,瑞軒,1655.0,-3.0,1670.168,3322.168
2026-08-10,2491,吉祥全,-28.0,0.0,-23.272,-51.272
2026-08-10,2492,華新科,-2863.097,1223.0,-2405.297,-4045.394
2026-08-10,2493,揚博,-711.591,44.0,-708.213,-1375.804
2026-08-10,2495,普安,635.72,0.0,663.36,1299.08
2026-08-10,2496,卓越,7.0,0.0,7.0,14.0
2026-08-10,2497,怡利電,5.447,0.0,8.499,13.946000000000002
2026-08-10,2498,宏達電,1367.861,0.0,1256.811,2624.672
2026-08-10,2501,國建,233.526,0.0,245.518,479.044
2026-08-10,2504,國產,454.0,-5.0,414.0,863.0
2026-08-10,2505,國揚,35.001,0.0,41.001,76.002
2026-08-10,2506,太設,3.0,0.0,3.0,6.0
2026-08-10,2509,全坤建,31.0,0.0,89.0,120.0
2026-08-10,2511,太子,-60.0,0.0,-22.0,-82.0
2026-08-10,2514,龍邦,35.0,0.0,41.0,76.0
2026-08-10,2515,中工,2418.5,0.0,2636.336,5054.835999999999
2026-08-10,2516,新建,45.0,0.0,45.0,90.0
2026-08-10,2520,冠德,2247.195,0.0,2257.195,4504.39
2026-08-10,2524,京城,-3.0,0.0,-3.0,-6.0
2026-08-10,2527,宏璟,197.0,0.0,174.264,371.264
2026-08-10,2528,皇普,119.0,0.0,87.0,206.0
2026-08-10,2530,華建,171.0,0.0,-573.0,-402.0
2026-08-10,2534,宏盛,128.0,0.0,140.0,268.0
2026-08-10,2535,達欣工,20.177,0.0,30.177,50.354
2026-08-10,2536,宏普,218.0,0.0,236.0,454.0
2026-08-10,2537,聯上發,-258.089,0.0,-322.091,-580.1800000000001
2026-08-10,2538,基泰,-56.0,0.0,-56.0,-112.0
2026-08-10,2539,櫻花建,-415.0,0.0,-403.012,-818.012
2026-08-10,2540,愛山林,-986.0,0.0,-3850.0,-4836.0
2026-08-10,2542,興富發,-647.1,452.0,-562.234,-757.3340000000001
2026-08-10,2543,皇昌,-375.0,0.0,-367.888,-742.8879999999999
2026-08-10,2545,皇翔,121.0,0.0,127.0,248.0
2026-08-10,2546,根基,46.16,0.0,69.008,115.168
2026-08-10,2547,日勝生,496.0,0.0,496.0,992.0
2026-08-10,2548,華固,-931.993,0.0,-929.875,-1861.868
2026-08-10,2596,綠意,-4.0,-4.0,0.0,-4.0
2026-08-10,2597,潤弘,85.285,0.0,87.265,172.55
2026-08-10,2601,益航,473.0,0.0,539.0,1012.0
2026-08-10,2603,長榮,9011.878,620.648,9591.052,19223.578
2026-08-10,2605,新興,1255.0,0.0,2355.892,3610.892
2026-08-10,2606,裕民,-316.542,0.0,-448.326,-764.8679999999999
2026-08-10,2607,榮運,-7.0,0.0,-1.0,-8.0
2026-08-10,2608,嘉里大榮,-81.0,0.0,-83.0,-164.0
2026-08-10,2609,陽明,12116.291,42.962,12654.777,24814.03
2026-08-10,2610,華航,-78294.809,138.008,-81391.439,-159548.24
2026-08-10,2611,志信,-9.0,0.0,-13.0,-22.0
2026-08-10,2612,中航,145.674,0.0,129.474,275.148
2026-08-10,2613,中櫃,6.0,0.0,6.0,12.0
2026-08-10,2614,東森,66.799,0.0,66.799,133.598
2026-08-10,2615,萬海,10228.809,-4.407,12250.851,22475.253
2026-08-10,2616,山隆,27.0,0.0,23.0,50.0
2026-08-10,2617,台航,-22.0,0.0,-18.102,-40.102
2026-08-10,2618,長榮航,-356.193,244.585,-2813.769,-2925.377
2026-08-10,2630,亞航,-82.087,0.0,-72.053,-154.14
2026-08-10,2633,台灣高鐵,-3242.0,435.0,-3218.0,-6025.0
2026-08-10,2634,漢翔,-3055.651,-6.0,-3192.567,-6254.218
2026-08-10,2636,台驊控股,104.062,0.0,106.062,210.124
2026-08-10,2637,慧洋-KY,308.291,-1.0,279.181,586.472
2026-08-10,2640,大車隊,7.0,7.871,0.0,7.871
2026-08-10,2641,正德,207.101,200.1,0.0,200.1
2026-08-10,2642,宅配通,1.0,0.0,1.0,2.0
2026-08-10,2643,捷迅,-5.0,-4.0,0.0,-4.0
2026-08-10,2645,長榮航太,-397.277,-2.0,-446.685,-845.962
2026-08-10,2646,星宇航空,-6592.0,0.0,-6610.39,-13202.39
2026-08-10,2701,萬企,-19.0,0.0,-19.0,-38.0
2026-08-10,2702,華園,11.0,0.0,5.0,16.0
2026-08-10,2704,國賓,-10.0,0.0,-8.0,-18.0
2026-08-10,2705,六福,2.001,0.0,2.001,4.002
2026-08-10,2706,第一店,-6.0,0.0,-6.0,-12.0
2026-08-10,2707,晶華,-3.0,0.0,-1.0,-4.0
2026-08-10,2712,遠雄來,1.0,0.0,1.0,2.0
2026-08-10,2718,全心投控,-4.0,-8.0,0.0,-8.0
2026-08-10,2722,夏都,-3.0,0.0,1.0,-2.0
2026-08-10,2723,美食-KY,12.0,0.0,16.0,28.0
2026-08-10,2726,雅茗-KY,0.0,0.378,0.0,0.378
2026-08-10,2727,王品,577.0,0.0,573.936,1150.936
2026-08-10,2729,瓦城,-0.969,-0.969,0.0,-0.969
2026-08-10,2731,雄獅,17.0,0.0,19.82,36.82
2026-08-10,2732,六角,3.0,3.0,0.0,3.0
2026-08-10,2734,易飛網,21.0,20.761,0.0,20.761
2026-08-10,2736,富野,1.0,1.286,0.0,1.286
2026-08-10,2739,寒舍,0.22,0.0,0.22,0.44
2026-08-10,2743,山富,-12.0,-12.394,0.0,-12.394
2026-08-10,2745,五福,-5.0,-5.246,0.0,-5.246
2026-08-10,2748,雲品,26.0,0.0,28.0,54.0
2026-08-10,2751,王座,4.0,4.0,0.0,4.0
2026-08-10,2753,八方雲集,150.391,0.0,154.529,304.92
2026-08-10,2754,亞洲藏壽司,24.01,23.933,0.0,23.933
2026-08-10,2755,揚秦,-15.0,-21.565,0.0,-21.565
2026-08-10,2756,聯發國際,-3.0,-3.281,0.0,-3.281
2026-08-10,2762,世界健身-KY,6.0,0.0,6.0,12.0
2026-08-10,2801,彰銀,-3302.214,-289.338,-3051.268,-6642.82
2026-08-10,2812,台中銀,-6399.897,-8.151,-6229.381,-12637.429
2026-08-10,2816,旺旺保,100.0,0.0,100.0,200.0
2026-08-10,2820,華票,-1255.58,0.0,-1239.58,-2495.16
2026-08-10,2832,台產,-13.0,0.0,-25.0,-38.0
2026-08-10,2834,臺企銀,-13574.0,0.894,-13024.0,-26597.106
2026-08-10,2836,高雄銀,-815.0,0.0,-445.0,-1260.0
2026-08-10,2838,聯邦銀,-2266.0,1.0,-2181.422,-4446.4220000000005
2026-08-10,2845,遠東銀,-1156.493,0.0,-1074.493,-2230.986
2026-08-10,2849,安泰銀,13.0,0.0,13.0,26.0
2026-08-10,2850,新產,-3.006,0.0,-1.858,-4.864
2026-08-10,2851,中再保,254.0,0.0,217.188,471.188
2026-08-10,2852,第一保,-6.765,0.0,-6.765,-13.53
2026-08-10,2855,統一證,605.126,966.0,605.126,2176.252
2026-08-10,2867,三商壽,992.075,0.0,952.075,1944.15
2026-08-10,2880,華南金,-10479.081,6747.0,-12490.671,-16222.752
2026-08-10,2881,富邦金,1901.269,-50.563,1799.419,3650.125
2026-08-10,2882,國泰金,2899.706,-5.284,2508.094,5402.516
2026-08-10,2883,凱基金,-1771.808,7178.434,-2893.324,2513.302
2026-08-10,2884,玉山金,-9388.677,357.067,-10415.251,-19446.861
2026-08-10,2885,元大金,6691.515,-3964.51,5962.023,8689.028
2026-08-10,2886,兆豐金,-10581.58,2968.372,-12378.444,-19991.652
2026-08-10,2887,台新新光金,6712.834,4030.164,4492.574,15235.572
2026-08-10,2889,國票金,-579.251,1.0,-573.819,-1152.07
2026-08-10,2890,永豐金,311.678,-81.823,-1599.842,-1369.987
2026-08-10,2891,中信金,1602.937,2891.311,-330.285,4163.963
2026-08-10,2892,第一金,-17899.558,1718.341,-17337.812,-33519.029
2026-08-10,2897,王道銀行,-617.171,0.0,-563.171,-1180.342
2026-08-10,2901,欣欣,0.0,0.0,0.0,0.0
2026-08-10,2903,遠百,20.114,0.0,75.734,95.848
2026-08-10,2904,匯僑,10.0,0.0,10.0,20.0
2026-08-10,2905,三商,18.829,0.0,36.829,55.658
2026-08-10,2906,高林,2.0,0.0,4.0,6.0
2026-08-10,2908,特力,4.0,0.0,4.0,8.0
2026-08-10,2910,統領,0.0,0.0,-4.0,-4.0
2026-08-10,2911,麗嬰房,13.0,0.0,13.0,26.0
2026-08-10,2912,統一超,-428.46,-1.31,-473.68,-903.45
2026-08-10,2913,農林,376.644,0.0,380.644,757.288
2026-08-10,2915,潤泰全,1654.57,0.0,1675.772,3330.342
2026-08-10,2916,滿心,0.0,0.0,0.0,0.0
2026-08-10,2923,鼎固-KY,-7.0,0.0,3.0,-4.0
2026-08-10,2926,誠品生活,0.0,0.0,0.0,0.0
2026-08-10,2929,淘帝-KY,5.0,0.0,5.0,10.0
2026-08-10,2937,集雅社,-1.0,-3.0,0.0,-3.0
2026-08-10,2939,永邑-KY,-7.0,0.0,-7.0,-14.0
2026-08-10,2945,三商家購,2.0,0.0,12.0,14.0
2026-08-10,3002,歐格,15.0,0.0,13.246,28.246
2026-08-10,3003,健和興,1392.0,0.0,1480.914,2872.914
2026-08-10,3004,豐達科,34.282,-10.0,25.98,50.262
2026-08-10,3005,神基,-208.216,0.0,-321.562,-529.778
2026-08-10,3006,晶豪科,3812.585,0.0,3740.829,7553.414000000001
2026-08-10,3008,大立光,80.759,-76.171,206.247,210.835
2026-08-10,3010,華立,149.0,0.0,130.52,279.52
2026-08-10,3011,今皓,-382.0,0.0,-380.0,-762.0
2026-08-10,3013,晟銘電,191.06,0.0,210.002,401.062
2026-08-10,3014,聯陽,-829.0,0.0,-824.44,-1653.44
2026-08-10,3015,全漢,513.87,0.0,540.882,1054.752
2026-08-10,3016,嘉晶,736.02,0.0,932.572,1668.592
2026-08-10,3017,奇鋐,-294.723,120.179,-174.751,-349.295
2026-08-10,3018,隆銘綠能,3.0,0.0,3.0,6.0
2026-08-10,3019,亞光,1058.0,0.0,1252.518,2310.518
2026-08-10,3021,鴻名,24.0,0.0,18.0,42.0
2026-08-10,3022,威強電,2826.18,-59.0,2974.8,5741.98
2026-08-10,3023,信邦,593.843,0.0,-525.085,68.75799999999992
2026-08-10,3024,憶聲,305.148,0.0,305.148,610.296
2026-08-10,3025,星通,39.01,0.0,38.948,77.958
2026-08-10,3026,禾伸堂,-81.025,-25.0,-60.893,-166.918
2026-08-10,3027,盛達,33.0,0.0,33.0,66.0
2026-08-10,3028,增你強,321.989,-2.0,302.141,622.13
2026-08-10,3029,零壹,-275.055,0.0,-278.385,-553.44
2026-08-10,3030,德律,305.266,0.0,396.712,701.9780000000001
2026-08-10,3031,佰鴻,283.0,0.0,285.0,568.0
2026-08-10,3032,偉訓,-211.0,0.0,-218.674,-429.674
2026-08-10,3033,威健,4635.0,0.0,5177.79,9812.79
2026-08-10,3034,聯詠,636.858,12.436,41.082,690.376
2026-08-10,3035,智原,-687.126,0.0,-637.676,-1324.802
2026-08-10,3036,文曄,8482.479,26.967,8287.849,16797.295
2026-08-10,3037,欣興,3502.767,31.0,3825.985,7359.752
2026-08-10,3038,全台,-43.0,0.0,-41.0,-84.0
2026-08-10,3040,遠見,9.0,0.0,9.0,18.0
2026-08-10,3041,揚智,351.216,0.0,351.26,702.476
2026-08-10,3042,晶技,-137.623,0.0,735.965,598.3420000000001
2026-08-10,3043,科風,29.0,0.0,31.0,60.0
2026-08-10,3044,健鼎,-575.324,288.985,-509.166,-795.5049999999999
2026-08-10,3045,台灣大,-2005.204,-73.239,-2114.164,-4192.607
2026-08-10,3046,建碁,373.169,0.0,376.041,749.21
2026-08-10,3047,訊舟,35.999,0.0,43.959,79.958
2026-08-10,3048,益登,-316.0,0.0,-294.874,-610.874
2026-08-10,3049,精金,-194.19,0.0,-196.456,-390.646
2026-08-10,3050,鈺德,-1.0,0.0,1.0,0.0
2026-08-10,3051,力特,522.228,0.0,526.228,1048.456
2026-08-10,3052,夆典,-5.0,0.0,-5.0,-10.0
2026-08-10,3054,立萬利,-25.0,0.0,-23.002,-48.002
2026-08-10,3055,蔚華科,-297.759,0.0,-380.697,-678.456
2026-08-10,3056,富華新,262.48,0.0,274.368,536.848
2026-08-10,3057,喬鼎,16.0,0.0,16.0,32.0
2026-08-10,3058,立德,-50.009,0.0,-42.009,-92.018
2026-08-10,3059,華晶科,337.859,0.0,352.831,690.69
2026-08-10,3060,銘異,-50.168,0.0,-48.588,-98.756
2026-08-10,3062,建漢,323.891,0.0,333.871,657.762
2026-08-10,3066,李洲,-489.0,-489.386,0.0,-489.386
2026-08-10,3067,全域,-1.0,-1.0,0.0,-1.0
2026-08-10,3071,協禧,9.0,8.869,0.0,8.869
2026-08-10,3073,天方能源,-1.0,-1.0,0.0,-1.0
2026-08-10,3078,僑威,471.139,562.511,0.0,562.511
2026-08-10,3081,聯亞,-314.262,175.321,0.0,175.321
2026-08-10,3083,網龍,-9.0,-9.0,0.0,-9.0
2026-08-10,3086,華義*,59.0,60.042,0.0,60.042
2026-08-10,3088,艾訊,491.608,475.008,0.0,475.008
2026-08-10,3090,日電貿,-1232.877,0.0,-1090.459,-2323.336
2026-08-10,3092,鴻碩,49.0,0.0,50.008,99.008
2026-08-10,3093,港建*,42.0,43.029,0.0,43.029
2026-08-10,3094,聯傑,455.654,0.0,457.696,913.35
2026-08-10,3095,及成,-2.0,-2.003,0.0,-2.003
2026-08-10,3105,穩懋,1908.929,1844.673,0.0,1844.673
2026-08-10,3114,好德,-179.9,-165.264,0.0,-165.264
2026-08-10,3115,富榮綱,2.0,2.0,0.0,2.0
2026-08-10,3118,進階,-1.0,0.0,0.0,0.0
2026-08-10,3122,笙泉,-4.334,-4.424,0.0,-4.424
2026-08-10,3128,昇銳,28.0,27.614,0.0,27.614
2026-08-10,3130,一零四,-29.0,0.0,-29.0,-58.0
2026-08-10,3131,弘塑,-2.002,64.168,0.0,64.168
2026-08-10,3135,凌航,-22.85,0.0,-45.306,-68.156
2026-08-10,3138,耀登,65.0,0.0,70.09,135.09
2026-08-10,3141,晶宏,255.216,260.381,0.0,260.381
2026-08-10,3147,大綜,67.43,7.794,0.0,7.794
2026-08-10,3149,正達,4304.0,0.0,4325.758,8629.758
2026-08-10,3150,鈺寶-創,19.0,0.0,-7.0,12.0
2026-08-10,3152,璟德,12.0,11.011,0.0,11.011
2026-08-10,3162,精確,91.871,92.707,0.0,92.707
2026-08-10,3163,波若威,-165.254,-136.663,0.0,-136.663
2026-08-10,3164,景岳,3.0,0.0,3.0,6.0
2026-08-10,3167,大量,-1194.447,-66.0,-1178.313,-2438.76
2026-08-10,3168,眾福科,-2.0,0.0,-2.0,-4.0
2026-08-10,3169,亞信,-8.915,-9.016,0.0,-9.016
2026-08-10,3171,炎洲流通,9.0,13.166,0.0,13.166
2026-08-10,3176,基亞,20.127,20.127,0.0,20.127
2026-08-10,3178,公準,2.0,2.883,0.0,2.883
2026-08-10,3188,鑫龍騰,21.0,20.896,0.0,20.896
2026-08-10,3189,景碩,-161.19,0.192,1242.682,1081.684
2026-08-10,3191,雲嘉南,-3.0,-3.0,0.0,-3.0
2026-08-10,3205,佰研,19.0,19.607,0.0,19.607
2026-08-10,3206,志豐,13.0,13.036,0.0,13.036
2026-08-10,3207,耀勝,108.0,109.471,0.0,109.471
2026-08-10,3209,全科,-897.35,0.0,-952.002,-1849.352
2026-08-10,3211,順達,-594.567,2574.379,0.0,2574.379
2026-08-10,3213,茂訊,36.041,15.813,0.0,15.813
2026-08-10,3217,優群,-296.59,-296.882,0.0,-296.882
2026-08-10,3218,大學光,166.483,165.773,0.0,165.773
2026-08-10,3219,倚強科,-3.0,8.532,0.0,8.532
2026-08-10,3221,台嘉碩,305.63,325.857,0.0,325.857
2026-08-10,3224,三顧,4.0,4.004,0.0,4.004
2026-08-10,3227,原相,1016.102,736.396,0.0,736.396
2026-08-10,3228,金麗科,23.481,26.472,0.0,26.472
2026-08-10,3229,晟鈦,272.0,0.0,262.398,534.398
2026-08-10,3230,錦明,130.0,129.791,0.0,129.791
2026-08-10,3231,緯創,9681.522,-1074.567,10056.938,18663.893000000004
2026-08-10,3232,昱捷,2.0,2.373,0.0,2.373
2026-08-10,3234,光環,428.0,445.045,0.0,445.045
2026-08-10,3236,千如,137.788,148.755,0.0,148.755
2026-08-10,3252,海灣,-12.0,-11.998,0.0,-11.998
2026-08-10,3257,虹冠電,63.0,0.0,65.0,128.0
2026-08-10,3259,鑫創,6.0,5.844,0.0,5.844
2026-08-10,3260,威剛,-3909.719,-3934.441,0.0,-3934.441
2026-08-10,3264,欣銓,-1245.036,2378.096,0.0,2378.096
2026-08-10,3265,台星科,110.0,132.825,0.0,132.825
2026-08-10,3266,昇陽,0.0,0.0,0.0,0.0
2026-08-10,3268,海德威,4.0,3.0,0.0,3.0
2026-08-10,3272,東碩,3.0,3.0,0.0,3.0
2026-08-10,3276,宇環,37.0,37.0,0.0,37.0
2026-08-10,3284,太普高,-20.888,-20.287,0.0,-20.287
2026-08-10,3285,微端,-15.0,-15.0,0.0,-15.0
2026-08-10,3287,廣寰科,48.0,47.94,0.0,47.94
2026-08-10,3288,點晶,19.0,18.584,0.0,18.584
2026-08-10,3289,宜特,151.004,169.986,0.0,169.986
2026-08-10,3290,東浦,-4.001,-15.98,0.0,-15.98
2026-08-10,3293,鈊象,205.058,197.798,0.0,197.798
2026-08-10,3294,英濟,140.0,142.83,0.0,142.83
2026-08-10,3296,勝德,5.0,0.0,3.0,8.0
2026-08-10,3297,杭特,17.0,17.012,0.0,17.012
2026-08-10,3303,岱稜,-43.936,-43.451,0.0,-43.451
2026-08-10,3305,昇貿,-334.0,0.0,-277.302,-611.302
2026-08-10,3306,鼎天,14.163,13.891,0.0,13.891
2026-08-10,3308,聯德,11.0,0.0,13.0,24.0
2026-08-10,3310,佳穎,1.0,1.0,0.0,1.0
2026-08-10,3311,閎暉,31.295,0.0,31.495,62.790000000000006
2026-08-10,3312,弘憶股,249.0,0.0,304.578,553.578
2026-08-10,3313,斐成,0.0,-2.065,0.0,-2.065
2026-08-10,3317,尼克森,145.404,145.267,0.0,145.267
2026-08-10,3321,同泰,11.049,0.0,13.049,24.098
2026-08-10,3322,建舜電,51.0,50.964,0.0,50.964
2026-08-10,3323,加百裕,148.0,129.347,0.0,129.347
2026-08-10,3324,雙鴻,-307.379,-278.929,0.0,-278.929
2026-08-10,3325,旭品,-2.0,-2.424,0.0,-2.424
2026-08-10,3332,幸康,-2.0,-2.0,0.0,-2.0
2026-08-10,3338,泰碩,-102.0,0.0,-99.82,-201.82
2026-08-10,3339,泰谷,-78.684,-79.272,0.0,-79.272
2026-08-10,3346,麗清,35.0,0.0,35.0,70.0
2026-08-10,3349,寶德,40.0,40.007,0.0,40.007
2026-08-10,3354,律勝,37.0,36.96,0.0,36.96
2026-08-10,3356,奇偶,126.0,0.0,126.0,252.0
2026-08-10,3357,臺慶科,-51.98,-26.933,0.0,-26.933
2026-08-10,3360,尚立,96.474,96.474,0.0,96.474
2026-08-10,3362,先進光,156.736,154.736,0.0,154.736
2026-08-10,3363,上詮,619.392,661.676,0.0,661.676
2026-08-10,3372,典範,92.904,62.904,0.0,62.904
2026-08-10,3373,熱映,1.0,1.0,0.0,1.0
2026-08-10,3374,精材,1276.969,1384.237,0.0,1384.237
2026-08-10,3376,新日興,289.928,10.0,491.194,791.1220000000001
2026-08-10,3379,彬台,-187.992,-188.968,0.0,-188.968
2026-08-10,3380,明泰,156.02,0.0,157.366,313.386
2026-08-10,3388,崇越電,230.573,229.824,0.0,229.824
2026-08-10,3390,旭軟,-44.0,-44.0,0.0,-44.0
2026-08-10,3402,漢科,50.95,51.629,0.0,51.629
2026-08-10,3406,玉晶光,383.193,323.0,532.029,1238.222
2026-08-10,3413,京鼎,-205.06,0.0,-244.488,-449.548
2026-08-10,3416,融程電,322.05,0.0,346.418,668.4680000000001
2026-08-10,3419,譁裕,-62.0,0.0,-60.0,-122.0
2026-08-10,3430,奇鈦科,-79.406,-80.182,0.0,-80.182
2026-08-10,3432,台端,1.0,0.0,1.0,2.0
2026-08-10,3434,哲固,24.0,23.592,0.0,23.592
2026-08-10,3437,榮創,259.895,0.0,259.895,519.79
2026-08-10,3438,類比科,28.0,28.232,0.0,28.232
2026-08-10,3441,聯一光,-370.775,-383.978,0.0,-383.978
2026-08-10,3443,創意,-119.395,-130.521,-7.747,-257.663
2026-08-10,3444,利機,-186.0,-186.493,0.0,-186.493
2026-08-10,3447,展達,-33.0,0.0,-33.0,-66.0
2026-08-10,3450,聯鈞,1485.071,1768.0,1528.499,4781.57
2026-08-10,3455,由田,23.05,52.28,0.0,52.28
2026-08-10,3465,進泰電子,-3.0,-9.0,0.0,-9.0
2026-08-10,3466,德晉,-42.0,-42.301,0.0,-42.301
2026-08-10,3467,台灣精材,11.0,11.451,0.0,11.451
2026-08-10,3479,安勤,89.0,95.8,0.0,95.8
2026-08-10,3481,群創,48103.66,-23.908,58145.256,106225.008
2026-08-10,3483,力致,13.54,12.589,0.0,12.589
2026-08-10,3484,崧騰,-86.155,-87.223,0.0,-87.223
2026-08-10,3485,敘豐,8.0,8.0,0.0,8.0
2026-08-10,3489,森寶,21.0,21.0,0.0,21.0
2026-08-10,3490,單井,-89.7,-89.661,0.0,-89.661
2026-08-10,3491,昇達科,-396.882,-401.276,0.0,-401.276
2026-08-10,3492,長盛,59.0,63.9,0.0,63.9
2026-08-10,3494,誠研,3.0,0.0,3.0,6.0
2026-08-10,3498,陽程,-66.89,-4.456,0.0,-4.456
2026-08-10,3499,環天科,2.0,1.982,0.0,1.982
2026-08-10,3501,維熹,2.0,0.0,2.0,4.0
2026-08-10,3504,揚明光,0.72,0.0,4.422,5.142
2026-08-10,3508,位速,10.0,10.0,0.0,10.0
2026-08-10,3511,矽瑪,33.0,32.846,0.0,32.846
2026-08-10,3512,皇龍,18.0,18.759,0.0,18.759
2026-08-10,3515,華擎,-29.341,0.0,-23.189,-52.53
2026-08-10,3516,亞帝歐,5.0,5.017,0.0,5.017
2026-08-10,3518,柏騰,-241.0,0.0,-241.622,-482.622
2026-08-10,3520,華盈,163.0,163.001,0.0,163.001
2026-08-10,3521,台鋼建設,0.0,0.0,0.0,0.0
2026-08-10,3522,御嵿,29.0,28.099,0.0,28.099
2026-08-10,3523,迎輝,1.0,1.0,0.0,1.0
2026-08-10,3526,凡甲,39.566,39.679,0.0,39.679
2026-08-10,3527,聚積,4.097,3.87,0.0,3.87
2026-08-10,3528,安馳,-12.214,0.0,-12.394,-24.608
2026-08-10,3529,力旺,-238.862,17.407,0.0,17.407
2026-08-10,3530,晶相光,9.97,0.0,11.97,21.94
2026-08-10,3532,台勝科,-1497.799,-535.0,-1664.901,-3697.7
2026-08-10,3533,嘉澤,77.146,30.358,119.918,227.42200000000005
2026-08-10,3535,晶彩科,239.995,0.0,286.081,526.076
2026-08-10,3537,堡達,-2.0,-4.259,0.0,-4.259
2026-08-10,3540,曜越,-53.999,-75.965,0.0,-75.965
2026-08-10,3541,西柏,6.0,6.0,0.0,6.0
2026-08-10,3543,州巧,34.488,0.0,34.328,68.816
2026-08-10,3545,敦泰,150.626,0.0,95.704,246.33
2026-08-10,3546,宇峻,-1.0,2.206,0.0,2.206
2026-08-10,3548,兆利,19.0,18.669,0.0,18.669
2026-08-10,3550,聯穎,-1801.9,0.0,-1812.656,-3614.556
2026-08-10,3551,世禾,112.0,114.0,0.0,114.0
2026-08-10,3552,同致,16.0,17.915,0.0,17.915
2026-08-10,3555,博士旺,5.0,4.784,0.0,4.784
2026-08-10,3556,禾瑞亞,12.844,13.781,0.0,13.781
2026-08-10,3557,嘉威,-2.0,0.0,-2.0,-4.0
2026-08-10,3558,神準,62.929,63.31,0.0,63.31
2026-08-10,3563,牧德,173.014,0.0,205.742,378.756
2026-08-10,3564,其陽,28.0,28.079,0.0,28.079
2026-08-10,3567,逸昌,8.0,8.121,0.0,8.121
2026-08-10,3570,大塚,-27.0,-27.041,0.0,-27.041
2026-08-10,3576,聯合再生,444.0,0.0,464.0,908.0
2026-08-10,3577,泓格,-59.842,-64.884,0.0,-64.884
2026-08-10,3580,友威科,74.24,72.333,0.0,72.333
2026-08-10,3581,博磊,113.98,114.478,0.0,114.478
2026-08-10,3583,辛耘,75.407,-39.0,84.145,120.552
2026-08-10,3587,閎康,-117.0,-166.996,0.0,-166.996
2026-08-10,3588,通嘉,198.999,0.0,195.857,394.856
2026-08-10,3591,艾笛森,80.973,0.0,106.069,187.042
2026-08-10,3592,瑞鼎,-133.874,0.0,-133.896,-267.77
2026-08-10,3593,力銘,13.0,0.0,13.0,26.0
2026-08-10,3594,磐儀,-162.127,-114.351,0.0,-114.351
2026-08-10,3596,智易,-1868.7,0.0,-1872.808,-3741.508
2026-08-10,3597,映興,2.0,2.0,0.0,2.0
2026-08-10,3605,宏致,-832.939,0.0,-800.175,-1633.114
2026-08-10,3607,谷崧,3.0,0.0,3.0,6.0
2026-08-10,3609,三一東林,-2.0,-2.72,0.0,-2.72
2026-08-10,3611,鼎翰,-19.861,-19.861,0.0,-19.861
2026-08-10,3615,安可,-89.377,-89.239,0.0,-89.239
2026-08-10,3617,碩天,22.212,0.0,27.364,49.576
2026-08-10,3622,洋華,-98.0,0.0,-96.0,-194.0
2026-08-10,3623,富晶通,-4.0,-3.959,0.0,-3.959
2026-08-10,3624,光頡,-220.224,-298.493,0.0,-298.493
2026-08-10,3625,西勝,33.0,33.0,0.0,33.0
2026-08-10,3628,盈正,15.0,15.322,0.0,15.322
2026-08-10,3630,新鉅科,-28.0,-26.789,0.0,-26.789
2026-08-10,3631,晟楠,32.0,32.071,0.0,32.071
2026-08-10,3645,達邁,289.785,0.0,321.651,611.436
2026-08-10,3646,艾恩特,-3.0,-3.0,0.0,-3.0
2026-08-10,3652,精聯,71.0,0.0,71.138,142.138
2026-08-10,3653,健策,-25.749,-314.656,35.885,-304.52000000000004
2026-08-10,3661,世芯-KY,-60.162,9.0,-49.506,-100.668
2026-08-10,3663,鑫科,45.0,48.016,0.0,48.016
2026-08-10,3665,貿聯-KY,-529.95,-76.977,-421.56,-1028.487
2026-08-10,3666,光耀,44.0,44.001,0.0,44.001
2026-08-10,3669,圓展,149.0,0.0,165.0,314.0
2026-08-10,3672,康聯訊,2.0,1.95,0.0,1.95
2026-08-10,3673,TPK-KY,469.03,0.0,572.964,1041.994
2026-08-10,3675,德微,-86.8,-84.543,0.0,-84.543
2026-08-10,3679,新至陞,-42.16,0.0,-40.16,-82.32
2026-08-10,3680,家登,62.516,60.551,0.0,60.551
2026-08-10,3684,榮昌,-13.0,-13.746,0.0,-13.746
2026-08-10,3685,元創精密,-309.0,-320.602,0.0,-320.602
2026-08-10,3686,達能,7.0,0.0,9.0,16.0
2026-08-10,3687,歐買尬,44.0,44.288,0.0,44.288
2026-08-10,3689,湧德,109.233,127.208,0.0,127.208
2026-08-10,3691,碩禾,-64.643,-55.886,0.0,-55.886
2026-08-10,3693,營邦,-151.955,-183.132,0.0,-183.132
2026-08-10,3694,海華,-729.0,0.0,-698.094,-1427.094
2026-08-10,3701,大眾控,-207.0,0.0,-207.976,-414.976
2026-08-10,3702,大聯大,1183.345,360.0,3048.461,4591.806
2026-08-10,3703,欣陸,-1624.0,1.0,-1611.556,-3234.556
2026-08-10,3704,合勤控,3687.16,0.0,3827.508,7514.668
2026-08-10,3705,永信,-3.0,0.0,-3.0,-6.0
2026-08-10,3706,神達,3444.012,-1.0,3525.514,6968.526
2026-08-10,3707,漢磊,378.777,389.328,0.0,389.328
2026-08-10,3708,上緯投控,250.0,0.0,279.96,529.96
2026-08-10,3709,鑫聯大投控,252.99,309.811,0.0,309.811
2026-08-10,3710,連展投控,-58.0,-58.0,0.0,-58.0
2026-08-10,3711,日月光投控,-283.604,4484.347,533.604,4734.347
2026-08-10,3712,永崴投控,297.0,0.0,297.0,594.0
2026-08-10,3713,新晶投控,26.0,25.577,0.0,25.577
2026-08-10,3714,富采,315.476,0.0,379.058,694.534
2026-08-10,3715,定穎投控,1167.0,0.0,1444.254,2611.254
2026-08-10,3716,中化控股,176.715,0.0,134.715,311.43
2026-08-10,3717,聯嘉投控,-874.0,0.0,-910.254,-1784.254
2026-08-10,4102,永日,-1.0,-1.871,0.0,-1.871
2026-08-10,4104,佳醫,2.001,0.0,2.001,4.002
2026-08-10,4105,東洋,208.649,209.237,0.0,209.237
2026-08-10,4106,雃博,66.798,0.0,88.962,155.76
2026-08-10,4107,邦特,-18.0,-18.271,0.0,-18.271
2026-08-10,4108,懷特,8.0,0.0,10.0,18.0
2026-08-10,4109,加捷生醫,34.0,34.029,0.0,34.029
2026-08-10,4111,濟生,19.0,21.0,0.0,21.0
2026-08-10,4113,聯上,202.0,202.601,0.0,202.601
2026-08-10,4114,健喬,-13.0,-9.006,0.0,-9.006
2026-08-10,4116,明基醫,-11.0,-10.864,0.0,-10.864
2026-08-10,4119,旭富,-118.903,0.0,-118.903,-237.806
2026-08-10,4120,友華,7.0,7.0,0.0,7.0
2026-08-10,4121,優盛,6.0,6.0,0.0,6.0
2026-08-10,4123,晟德,-41.0,-130.249,0.0,-130.249
2026-08-10,4126,太醫,-17.0,-17.333,0.0,-17.333
2026-08-10,4127,天良,-58.0,-49.914,0.0,-49.914
2026-08-10,4128,中天,-43.125,-67.192,0.0,-67.192
2026-08-10,4129,聯合,-6.903,-6.551,0.0,-6.551
2026-08-10,4133,亞諾法,-1.0,0.0,-1.0,-2.0
2026-08-10,4137,麗豐-KY,0.0,0.0,4.0,4.0
2026-08-10,4138,曜亞,2.0,2.0,0.0,2.0
2026-08-10,4139,馬光-KY,9.0,9.0,0.0,9.0
2026-08-10,4142,國光生,-52.65,0.0,-38.65,-91.3
2026-08-10,4147,中裕,391.319,390.74,0.0,390.74
2026-08-10,4148,全宇生技-KY,38.0,0.0,40.0,78.0
2026-08-10,4153,鈺緯,-2.0,-2.0,0.0,-2.0
2026-08-10,4154,樂威科-KY,1.0,1.0,0.0,1.0
2026-08-10,4155,訊映,77.0,0.0,69.0,146.0
2026-08-10,4157,太景*-KY,117.0,117.508,0.0,117.508
2026-08-10,4160,訊聯基因,-1.0,-1.499,0.0,-1.499
2026-08-10,4161,聿新科,-3.0,-3.0,0.0,-3.0
2026-08-10,4162,智擎,213.0,211.223,0.0,211.223
2026-08-10,4163,鐿鈦,28.974,28.194,0.0,28.194
2026-08-10,4164,承業醫,209.261,0.0,214.481,423.742
2026-08-10,4166,友霖,-52.0,-52.0,0.0,-52.0
2026-08-10,4167,松瑞藥,-968.75,-932.709,0.0,-932.709
2026-08-10,4168,醣聯,-21.0,-21.117,0.0,-21.117
2026-08-10,4169,泰宗,21.0,0.0,21.0,42.0
2026-08-10,4171,瑞基,-1.0,-1.0,0.0,-1.0
2026-08-10,4173,久裕,-9.0,-8.881,0.0,-8.881
2026-08-10,4174,浩鼎,110.0,110.109,0.0,110.109
2026-08-10,4175,杏一,5.0,5.0,0.0,5.0
2026-08-10,4178,永笙-KY,-36.95,0.0,-34.95,-71.9
2026-08-10,4188,安克,-3.0,-3.093,0.0,-3.093
2026-08-10,4190,佐登-KY,3.0,0.0,3.0,6.0
2026-08-10,4195,基米-創,-10.0,0.0,-17.06,-27.06
2026-08-10,4205,中華食,-2.0,-1.951,0.0,-1.951
2026-08-10,4207,環泰,5.0,4.408,0.0,4.408
2026-08-10,4303,信立,66.201,65.785,0.0,65.785
2026-08-10,4304,勝昱,2.0,2.0,0.0,2.0
2026-08-10,4305,世坤,-1.0,-1.0,0.0,-1.0
2026-08-10,4306,炎洲,-190.662,0.0,-190.662,-381.324
2026-08-10,4401,東隆興,3.0,3.001,0.0,3.001
2026-08-10,4406,新昕纖,2.0,2.0,0.0,2.0
2026-08-10,4413,飛寶企業,-1.0,-1.0,0.0,-1.0
2026-08-10,4414,如興,70.0,0.0,70.0,140.0
2026-08-10,4416,三圓,16.0,16.0,0.0,16.0
2026-08-10,4417,金洲,0.0,0.269,0.0,0.269
2026-08-10,4419,皇家美食,1.0,1.0,0.0,1.0
2026-08-10,4420,光明,0.0,0.932,0.0,0.932
2026-08-10,4426,利勤,-8.0,0.0,-8.0,-16.0
2026-08-10,4432,銘旺實,-2.0,-2.0,0.0,-2.0
2026-08-10,4433,興采,1.0,1.652,0.0,1.652
2026-08-10,4438,廣越,86.0,0.0,83.978,169.978
2026-08-10,4439,冠星-KY,-6.0,0.0,-6.0,-12.0
2026-08-10,4440,宜新實業,8.0,0.0,0.0,8.0
2026-08-10,4441,振大環球,83.0,0.0,227.0,310.0
2026-08-10,4442,竣邦-KY,26.0,26.0,0.0,26.0
2026-08-10,4502,健信,-2.0,-2.0,0.0,-2.0
2026-08-10,4503,金雨,1.0,1.0,0.0,1.0
2026-08-10,4506,崇友,-18.004,-17.699,0.0,-17.699
2026-08-10,4510,高鋒,241.0,246.528,0.0,246.528
2026-08-10,4513,福裕,-32.0,-32.509,0.0,-32.509
2026-08-10,4523,永彰,20.0,20.0,0.0,20.0
2026-08-10,4526,東台,92.0,0.0,92.342,184.342
2026-08-10,4527,方土霖,-1.0,-1.003,0.0,-1.003
2026-08-10,4528,江興鍛,-1.0,-1.0,0.0,-1.0
2026-08-10,4529,淳紳,-2.0,-2.0,0.0,-2.0
2026-08-10,4532,瑞智,-718.0,0.0,-731.176,-1449.176
2026-08-10,4533,協易機,28.072,30.129,0.0,30.129
2026-08-10,4534,慶騰,-39.0,-38.547,0.0,-38.547
2026-08-10,4535,至興,1.0,1.0,0.0,1.0
2026-08-10,4536,拓凱,23.0,0.0,22.334,45.334
2026-08-10,4538,大詠城,2.0,2.0,0.0,2.0
2026-08-10,4540,全球傳動,-867.517,0.0,-880.511,-1748.028
2026-08-10,4541,晟田,-202.773,-171.724,0.0,-171.724
2026-08-10,4542,科嶠,-126.988,-127.306,0.0,-127.306
2026-08-10,4543,萬在,22.0,21.861,0.0,21.861
2026-08-10,4545,銘鈺,40.001,0.0,40.001,80.002
2026-08-10,4549,桓達,45.0,44.543,0.0,44.543
2026-08-10,4551,智伸科,-405.233,255.0,-399.577,-549.81
2026-08-10,4552,力達-KY,38.0,0.0,38.0,76.0
2026-08-10,4554,橙的,0.0,0.002,0.0,0.002
2026-08-10,4555,氣立,88.0,0.0,87.988,175.988
2026-08-10,4556,旭然,-7.0,-7.0,0.0,-7.0
2026-08-10,4557,永新-KY,27.0,0.0,27.0,54.0
2026-08-10,4558,寶緯,-7.0,-7.0,0.0,-7.0
2026-08-10,4560,強信-KY,-31.0,0.0,-31.0,-62.0
2026-08-10,4561,健椿,11.0,-2.995,0.0,-2.995
2026-08-10,4562,穎漢,34.1,0.0,36.062,70.162
2026-08-10,4563,百德,2.0,1.942,0.0,1.942
2026-08-10,4564,元翎,283.281,0.0,283.755,567.0360000000001
2026-08-10,4566,時碩工業,-160.744,0.0,-188.522,-349.266
2026-08-10,4568,科際精密,1.0,1.0,0.0,1.0
2026-08-10,4569,六方科-KY,50.0,0.0,49.71,99.71
2026-08-10,4571,鈞興-KY,-287.0,0.0,-270.826,-557.826
2026-08-10,4572,駐龍,2.0,0.0,2.0,4.0
2026-08-10,4576,大銀微系統,793.908,0.0,914.868,1708.776
2026-08-10,4577,達航科技,-62.893,-63.282,0.0,-63.282
2026-08-10,4580,捷流閥業,10.0,10.128,0.0,10.128
2026-08-10,4581,光隆精密-KY,-1.0,0.0,-1.0,-2.0
2026-08-10,4582,聚恆-創,23.0,0.0,29.8,52.8
2026-08-10,4583,台灣精銳,57.002,0.0,59.002,116.004
2026-08-10,4585,達明,-12.93,0.0,2.394,-10.536
2026-08-10,4588,玖鼎電力,13.0,0.0,13.204,26.204
2026-08-10,4590,富田-創,-82.0,0.0,-92.12,-174.12
2026-08-10,4702,中美實,32.0,32.638,0.0,32.638
2026-08-10,4706,大恭,-2.0,-2.0,0.0,-2.0
2026-08-10,4707,磐亞,-340.0,-335.455,0.0,-335.455
2026-08-10,4711,永純,3.0,3.5,0.0,3.5
2026-08-10,4714,永捷,168.696,168.392,0.0,168.392
2026-08-10,4716,大立,156.402,157.005,0.0,157.005
2026-08-10,4720,德淵,142.0,0.0,144.0,286.0
2026-08-10,4721,美琪瑪,-4.12,-5.121,0.0,-5.121
2026-08-10,4722,國精化,-293.67,0.0,-339.69,-633.36
2026-08-10,4726,永昕,6.0,6.902,0.0,6.902
2026-08-10,4728,雙美,-1.0,-1.0,0.0,-1.0
2026-08-10,4729,熒茂,2.0,2.012,0.0,2.012
2026-08-10,4735,豪展,-8.0,-8.428,0.0,-8.428
2026-08-10,4736,泰博,16.0,0.0,20.0,36.0
2026-08-10,4737,華廣,27.0,0.0,27.0,54.0
2026-08-10,4739,康普,523.03,0.0,522.756,1045.786
2026-08-10,4741,泓瀚,23.0,23.0,0.0,23.0
2026-08-10,4743,合一,-15.247,-11.294,0.0,-11.294
2026-08-10,4744,皇將,-3.0,-3.0,0.0,-3.0
2026-08-10,4745,合富-KY,4.0,4.0,0.0,4.0
2026-08-10,4746,台耀,75.19,0.0,74.704,149.894
2026-08-10,4747,強生,33.0,32.636,0.0,32.636
2026-08-10,4749,新應材,-377.74,-387.111,0.0,-387.111
2026-08-10,4754,國碳科,21.0,21.0,0.0,21.0
2026-08-10,4755,三福化,8.0,0.0,12.328,20.328
2026-08-10,4760,勤凱,57.914,52.743,0.0,52.743
2026-08-10,4763,材料*-KY,-124.883,2.0,-382.651,-505.534
2026-08-10,4764,雙鍵,500.489,-587.0,519.865,433.354
2026-08-10,4766,南寶,59.0,0.0,61.164,120.164
2026-08-10,4767,誠泰科技,0.0,0.0,0.0,0.0
2026-08-10,4768,晶呈科技,96.246,104.051,0.0,104.051
2026-08-10,4770,上品,126.418,0.0,141.156,267.574
2026-08-10,4771,望隼,326.319,0.0,326.633,652.952
2026-08-10,4772,台特化,154.95,192.441,0.0,192.441
2026-08-10,4807,日成-KY,36.0,0.0,36.0,72.0
2026-08-10,4903,聯光通,573.0,573.0,0.0,573.0
2026-08-10,4904,遠傳,481.397,64.951,294.683,841.031
2026-08-10,4905,台聯電,-1.0,-1.0,0.0,-1.0
2026-08-10,4906,正文,993.05,0.0,1156.838,2149.888
2026-08-10,4907,富宇,-109.0,-108.925,0.0,-108.925
2026-08-10,4908,前鼎,126.0,198.791,0.0,198.791
2026-08-10,4909,新復興,-8.0,-6.622,0.0,-6.622
2026-08-10,4911,德英,-2.0,-2.259,0.0,-2.259
2026-08-10,4912,聯德控股-KY,134.0,0.0,134.0,268.0
2026-08-10,4915,致伸,-261.0,0.0,-257.212,-518.212
2026-08-10,4916,事欣科,-2055.81,0.0,-2062.472,-4118.282
2026-08-10,4919,新唐,1040.137,0.0,1236.963,2277.1
2026-08-10,4923,力士,36.0,38.342,0.0,38.342
2026-08-10,4924,欣厚-KY,4.0,3.0,0.0,3.0
2026-08-10,4927,泰鼎-KY,548.0,0.0,550.874,1098.874
2026-08-10,4930,燦星網,7.0,0.0,7.0,14.0
2026-08-10,4931,新盛力,319.0,314.69,0.0,314.69
2026-08-10,4933,友輝,46.0,45.101,0.0,45.101
2026-08-10,4934,太極,6.84,0.0,10.84,17.68
2026-08-10,4935,茂林-KY,18.0,0.0,20.0,38.0
2026-08-10,4938,和碩,1847.799,96.0,2016.069,3959.868
2026-08-10,4939,亞電,-591.283,-610.075,0.0,-610.075
2026-08-10,4942,嘉彰,0.0,0.0,2.0,2.0
2026-08-10,4946,辣椒,-3.0,-3.0,0.0,-3.0
2026-08-10,4949,有成精密,79.0,0.0,79.294,158.29399999999998
2026-08-10,4950,金耘國際,2.0,2.152,0.0,2.152
2026-08-10,4951,精拓科,45.55,42.804,0.0,42.804
2026-08-10,4952,凌通,-280.72,0.0,-278.72,-559.44
2026-08-10,4953,緯致,34.213,35.059,0.0,35.059
2026-08-10,4956,光鋐,329.0,0.0,330.914,659.914
2026-08-10,4958,臻鼎-KY,-5965.976,-2070.872,-6066.906,-14103.754
2026-08-10,4960,誠美材,387.0,0.0,387.006,774.006
2026-08-10,4961,天鈺,393.18,0.0,411.294,804.4739999999999
2026-08-10,4966,譜瑞-KY,-109.142,-108.238,0.0,-108.238
2026-08-10,4967,十銓,-453.868,-20.0,-434.126,-907.994
2026-08-10,4968,立積,109.734,0.0,95.608,205.342
2026-08-10,4971,IET-KY,-241.388,-233.581,0.0,-233.581
2026-08-10,4972,湯石照明,-2.0,-2.041,0.0,-2.041
2026-08-10,4973,廣穎,-695.01,-677.361,0.0,-677.361
2026-08-10,4974,亞泰,28.447,28.982,0.0,28.982
2026-08-10,4976,佳凌,-67.0,0.0,-65.0,-132.0
2026-08-10,4977,眾達-KY,319.21,0.0,387.528,706.738
2026-08-10,4979,華星光,667.919,1890.473,0.0,1890.473
2026-08-10,4989,榮科,646.883,0.0,613.521,1260.404
2026-08-10,4991,環宇-KY,873.222,632.411,0.0,632.411
2026-08-10,4994,傳奇,0.0,0.0,2.0,2.0
2026-08-10,4995,晶達,0.0,0.0,0.0,0.0
2026-08-10,4999,鑫禾,38.0,0.0,40.718,78.718
2026-08-10,5007,三星,5.0,0.0,5.0,10.0
2026-08-10,5009,榮剛,781.0,761.999,0.0,761.999
2026-08-10,5011,久陽,-26.0,-26.001,0.0,-26.001
2026-08-10,5013,強新,1.0,1.0,0.0,1.0
2026-08-10,5014,建錩,241.501,241.645,0.0,241.645
2026-08-10,5015,華祺,20.0,20.0,0.0,20.0
2026-08-10,5016,松和,2.0,2.0,0.0,2.0
2026-08-10,5201,凱衛,-10.0,-9.808,0.0,-9.808
2026-08-10,5202,力新,37.0,36.878,0.0,36.878
2026-08-10,5203,訊連,-69.0,0.0,-67.112,-136.112
2026-08-10,5206,坤悅,16.0,15.639,0.0,15.639
2026-08-10,5209,新鼎,-11.0,-13.992,0.0,-13.992
2026-08-10,5210,寶碩,20.0,20.0,0.0,20.0
2026-08-10,5211,蒙恬,4.0,4.837,0.0,4.837
2026-08-10,5212,凌網,1.0,1.0,0.0,1.0
2026-08-10,5213,亞昕,21.0,21.072,0.0,21.072
2026-08-10,5215,科嘉-KY,0.0,0.0,0.0,0.0
2026-08-10,5220,萬達光電,16.0,15.978,0.0,15.978
2026-08-10,5222,全訊,92.0,-1.0,97.262,188.262
2026-08-10,5223,安力-KY,-6.0,-6.0,0.0,-6.0
2026-08-10,5225,東科-KY,-224.8,0.0,-236.972,-461.7720000000001
2026-08-10,5227,立凱-KY,-13.011,-13.01,0.0,-13.01
2026-08-10,5228,鈺鎧,34.0,33.302,0.0,33.302
2026-08-10,5230,雷笛克光學,12.0,12.235,0.0,12.235
2026-08-10,5234,達興材料,20.0,0.0,19.032,39.032
2026-08-10,5236,凌陽創新,35.9,0.0,37.796,73.696
2026-08-10,5243,乙盛-KY,-299.5,0.0,-252.818,-552.318
2026-08-10,5244,弘凱,19.0,0.0,19.0,38.0
2026-08-10,5245,智晶,28.0,30.0,0.0,30.0
2026-08-10,5251,天鉞電,33.0,33.477,0.0,33.477
2026-08-10,5258,虹堡,-22.0,0.0,-22.0,-44.0
2026-08-10,5263,智崴,74.0,73.863,0.0,73.863
2026-08-10,5269,祥碩,70.098,0.216,90.892,161.206
2026-08-10,5272,笙科,53.0,53.886,0.0,53.886
2026-08-10,5274,信驊,-12.142,14.502,0.0,14.502
2026-08-10,5276,達輝-KY,2.0,2.0,0.0,2.0
2026-08-10,5278,尚凡*,65.0,61.035,0.0,61.035
2026-08-10,5283,禾聯碩,-11.162,0.0,-11.162,-22.324
2026-08-10,5284,jpp-KY,143.774,0.0,165.314,309.088
2026-08-10,5285,界霖,26.126,0.0,23.454,49.58
2026-08-10,5287,數字,-11.15,-11.469,0.0,-11.469
2026-08-10,5288,豐祥-KY,46.014,0.0,44.116,90.13
2026-08-10,5289,宜鼎,-988.619,-1057.757,0.0,-1057.757
2026-08-10,5291,邑昇,-126.0,-230.148,0.0,-230.148
2026-08-10,5292,華懋,-23.0,0.0,-12.268,-35.268
2026-08-10,5299,杰力,17.371,19.61,0.0,19.61
2026-08-10,5302,太欣,-286.323,-285.409,0.0,-285.409
2026-08-10,5306,桂盟,-3.634,0.0,18.366,14.732
2026-08-10,5309,系統電,68.151,387.205,0.0,387.205
2026-08-10,5312,寶島科,-8.0,-7.424,0.0,-7.424
2026-08-10,5314,世紀*,1055.3,1104.95,0.0,1104.95
2026-08-10,5315,光聯,10.0,10.0,0.0,10.0
2026-08-10,5321,美而快,60.0,59.6,0.0,59.6
2026-08-10,5324,士開,360.0,360.033,0.0,360.033
2026-08-10,5328,華容,112.96,125.383,0.0,125.383
2026-08-10,5340,建榮,285.975,297.141,0.0,297.141
2026-08-10,5344,立衛,7.0,7.0,0.0,7.0
2026-08-10,5345,馥鴻,1.0,0.601,0.0,0.601
2026-08-10,5347,世界,5944.236,6722.891,0.0,6722.891
2026-08-10,5351,鈺創,12794.866,12884.876,0.0,12884.876
2026-08-10,5353,台林,-22.0,-22.0,0.0,-22.0
2026-08-10,5356,協益,6.0,6.096,0.0,6.096
2026-08-10,5364,力麗店,-9.0,-9.0,0.0,-9.0
2026-08-10,5371,中光電,2737.332,1843.471,0.0,1843.471
2026-08-10,5381,光譜,148.0,148.0,0.0,148.0
2026-08-10,5386,青雲,-42.025,-35.491,0.0,-35.491
2026-08-10,5388,中磊,1076.889,0.0,1489.333,2566.222
2026-08-10,5392,能率,1146.547,1166.577,0.0,1166.577
2026-08-10,5398,慕康生醫,8.0,8.584,0.0,8.584
2026-08-10,5403,中菲,26.93,26.93,0.0,26.93
2026-08-10,5410,國眾,-279.555,-428.021,0.0,-428.021
2026-08-10,5425,台半,443.51,474.302,0.0,474.302
2026-08-10,5426,振發,-126.577,-126.345,0.0,-126.345
2026-08-10,5432,新門,5.0,4.625,0.0,4.625
2026-08-10,5434,崇越,136.631,0.233,148.989,285.853
2026-08-10,5438,東友,5.0,5.437,0.0,5.437
2026-08-10,5439,高技,-692.463,-707.054,0.0,-707.054
2026-08-10,5443,均豪,-56.0,-33.546,0.0,-33.546
2026-08-10,5450,南良,46.0,46.399,0.0,46.399
2026-08-10,5452,佶優,143.0,144.486,0.0,144.486
2026-08-10,5455,昇益,-1.0,-1.0,0.0,-1.0
2026-08-10,5457,宣德,35.1,24.198,0.0,24.198
2026-08-10,5460,同協,-9.0,-8.985,0.0,-8.985
2026-08-10,5464,霖宏,-5.0,-5.002,0.0,-5.002
2026-08-10,5465,富驊,2.0,2.0,0.0,2.0
2026-08-10,5468,凱鈺,109.0,111.967,0.0,111.967
2026-08-10,5469,瀚宇博,892.513,0.0,931.301,1823.814
2026-08-10,5471,松翰,250.977,0.0,226.663,477.64
2026-08-10,5474,聰泰,45.0,44.527,0.0,44.527
2026-08-10,5475,德宏,-72.615,-71.613,0.0,-71.613
2026-08-10,5478,智冠,-9.001,-9.001,0.0,-9.001
2026-08-10,5481,新華,-4.0,-4.0,0.0,-4.0
2026-08-10,5483,中美晶,-1525.004,-3413.016,0.0,-3413.016
2026-08-10,5484,慧友,130.0,0.0,114.0,244.0
2026-08-10,5487,通泰,14.0,14.0,0.0,14.0
2026-08-10,5488,松普,29.09,28.927,0.0,28.927
2026-08-10,5489,彩富,22.0,22.0,0.0,22.0
2026-08-10,5490,同亨,327.151,330.084,0.0,330.084
2026-08-10,5493,三聯,12.0,11.518,0.0,11.518
2026-08-10,5498,凱崴,324.0,332.17,0.0,332.17
2026-08-10,5508,永信建,166.0,167.006,0.0,167.006
2026-08-10,5511,德昌,32.0,31.385,0.0,31.385
2026-08-10,5512,力麒,228.0,229.248,0.0,229.248
2026-08-10,5515,建國,235.001,0.0,268.751,503.752
2026-08-10,5516,雙喜,-2.0,-3.0,0.0,-3.0
2026-08-10,5519,隆大,27.0,0.0,30.822,57.822
2026-08-10,5521,工信,1775.098,0.0,1785.098,3560.196
2026-08-10,5522,遠雄,-47.888,0.0,-101.888,-149.776
2026-08-10,5523,豐謙,0.0,0.0,0.0,0.0
2026-08-10,5525,順天,2.0,0.0,6.0,8.0
2026-08-10,5529,鉅陞,70.0,70.012,0.0,70.012
2026-08-10,5530,龍巖,367.0,366.372,0.0,366.372
2026-08-10,5531,鄉林,-686.0,0.0,-706.0,-1392.0
2026-08-10,5533,皇鼎,-4.0,0.0,-4.0,-8.0
2026-08-10,5534,長虹,-30.177,0.0,-36.635,-66.812
2026-08-10,5536,聖暉*,4.585,-83.988,0.0,-83.988
2026-08-10,5538,東明-KY,-9.0,0.0,-9.0,-18.0
2026-08-10,5546,永固-KY,1.0,0.0,1.0,2.0
2026-08-10,5547,久舜,3.0,3.0,0.0,3.0
2026-08-10,5548,安倉,-4.0,-3.291,0.0,-3.291
2026-08-10,5603,陸海,13.0,13.407,0.0,13.407
2026-08-10,5604,中連,4.0,4.0,0.0,4.0
2026-08-10,5607,遠雄港,-183.054,0.0,-183.054,-366.108
2026-08-10,5608,四維航,1194.0,0.0,1194.0,2388.0
2026-08-10,5609,中菲行,34.933,47.414,0.0,47.414
2026-08-10,5701,劍湖山,-13.0,-13.0,0.0,-13.0
2026-08-10,5704,老爺知,4.0,4.0,0.0,4.0
2026-08-10,5706,鳳凰,11.0,0.0,3.0,14.0
2026-08-10,5864,致和證,160.99,160.99,0.0,160.99
2026-08-10,5871,中租-KY,-1691.099,12.0,-1680.881,-3359.98
2026-08-10,5876,上海商銀,904.051,221.0,-1250.953,-125.90200000000004
2026-08-10,5880,合庫金,-13969.755,503.783,-11878.199,-25344.171
2026-08-10,5902,德記,1.0,1.0,0.0,1.0
2026-08-10,5903,全家,-3.026,-2.026,0.0,-2.026
2026-08-10,5904,寶雅*,-2610.2,-2183.875,0.0,-2183.875
2026-08-10,5905,南仁湖,43.0,42.571,0.0,42.571
2026-08-10,5906,台南-KY,1.0,0.0,1.0,2.0
2026-08-10,5907,大洋-KY,84.0,0.0,84.0,168.0
2026-08-10,6005,群益證,-5970.626,-1.799,-5970.626,-11943.051
2026-08-10,6015,宏遠證,-259.41,-259.41,0.0,-259.41
2026-08-10,6016,康和證,-1479.0,-1479.0,0.0,-1479.0
2026-08-10,6020,大展證,4.0,4.0,0.0,4.0
2026-08-10,6021,美好證,-21.0,-21.0,0.0,-21.0
2026-08-10,6023,元大期,-12.4,-51.7,0.0,-51.7
2026-08-10,6024,群益期,255.287,0.0,255.287,510.574
2026-08-10,6026,福邦證,-805.0,-815.0,0.0,-815.0
2026-08-10,6028,公勝保經,2.0,2.0,0.0,2.0
2026-08-10,6101,寬魚國際,-12.0,-11.988,0.0,-11.988
2026-08-10,6104,創惟,155.048,156.261,0.0,156.261
2026-08-10,6108,競國,17.067,0.0,19.067,36.134
2026-08-10,6109,亞元,-25.0,-24.379,0.0,-24.379
2026-08-10,6111,光聚晶電,81.0,82.63,0.0,82.63
2026-08-10,6112,邁達特,409.0,0.0,418.342,827.342
2026-08-10,6113,亞矽,28.0,27.982,0.0,27.982
2026-08-10,6114,久威,-3.0,-3.284,0.0,-3.284
2026-08-10,6115,鎰勝,5.0,0.0,7.0,12.0
2026-08-10,6116,彩晶,4713.923,0.0,5358.027,10071.95
2026-08-10,6117,迎廣,-18.0,0.0,-17.518,-35.518
2026-08-10,6118,建達,12.0,12.0,0.0,12.0
2026-08-10,6120,達運,-929.64,0.0,-805.934,-1735.574
2026-08-10,6121,新普,521.851,522.55,0.0,522.55
2026-08-10,6122,擎邦,150.0,150.781,0.0,150.781
2026-08-10,6123,上奇,54.0,54.0,0.0,54.0
2026-08-10,6124,業強,4.0,3.995,0.0,3.995
2026-08-10,6125,廣運,-11.457,-12.792,0.0,-12.792
2026-08-10,6126,信音,-155.21,-155.755,0.0,-155.755
2026-08-10,6127,九豪,304.0,305.188,0.0,305.188
2026-08-10,6128,上福,12.0,0.0,12.0,24.0
2026-08-10,6129,普誠,-14.959,-15.223,0.0,-15.223
2026-08-10,6130,上亞科技,-2.0,-2.0,0.0,-2.0
2026-08-10,6133,金橋,99.94,0.0,99.94,199.88
2026-08-10,6134,萬旭,48.0,45.129,0.0,45.129
2026-08-10,6136,富爾特,60.0,0.0,62.0,122.0
2026-08-10,6138,茂達,87.917,98.509,0.0,98.509
2026-08-10,6139,亞翔,-682.023,129.0,-508.899,-1061.922
2026-08-10,6140,訊達,52.0,51.478,0.0,51.478
2026-08-10,6141,柏承,-27.0,0.0,-27.0,-54.0
2026-08-10,6142,友勁,107.781,0.0,103.781,211.562
2026-08-10,6143,振曜,-299.0,-298.096,0.0,-298.096
2026-08-10,6144,得利影,0.0,-0.21,0.0,-0.21
2026-08-10,6146,耕興,56.798,59.586,0.0,59.586
2026-08-10,6147,頎邦,-336.059,-79.884,0.0,-79.884
2026-08-10,6148,驊宏資,89.0,89.379,0.0,89.379
2026-08-10,6150,撼訊,91.609,91.13,0.0,91.13
2026-08-10,6151,晉倫,23.001,23.01,0.0,23.01
2026-08-10,6152,百一,-14.0,0.0,-3.062,-17.062
2026-08-10,6153,嘉聯益,-53.947,0.0,-63.947,-117.894
2026-08-10,6155,鈞寶,-144.0,0.0,-144.0,-288.0
2026-08-10,6156,松上,77.01,77.12,0.0,77.12
2026-08-10,6158,禾昌,14.0,14.787,0.0,14.787
2026-08-10,6160,欣技,0.0,0.676,0.0,0.676
2026-08-10,6161,捷波,107.493,106.879,0.0,106.879
2026-08-10,6163,華電網,267.0,265.268,0.0,265.268
2026-08-10,6164,華興,-10.894,0.0,-14.894,-25.788
2026-08-10,6165,浪凡,166.07,0.0,166.07,332.14
2026-08-10,6166,凌華,-32.025,0.0,0.053,-31.972
2026-08-10,6167,久正,2.0,1.73,0.0,1.73
2026-08-10,6168,宏齊,378.0,0.0,377.362,755.3620000000001
2026-08-10,6169,昱泉,-3.0,-3.082,0.0,-3.082
2026-08-10,6170,統振,-54.0,-53.934,0.0,-53.934
2026-08-10,6173,信昌電,-117.429,19.249,0.0,19.249
2026-08-10,6174,安碁,145.685,145.821,0.0,145.821
2026-08-10,6175,立敦,47.0,48.048,0.0,48.048
2026-08-10,6176,瑞儀,-1092.937,0.0,-1090.721,-2183.658
2026-08-10,6177,達麗,-1034.35,0.0,-1034.35,-2068.7
2026-08-10,6179,亞通,700.193,714.2,0.0,714.2
2026-08-10,6180,橘子,69.0,68.814,0.0,68.814
2026-08-10,6182,合晶,-8247.473,-11034.843,0.0,-11034.843
2026-08-10,6183,關貿,-2.0,0.0,2.0,0.0
2026-08-10,6184,大豐電,5.0,0.0,5.0,10.0
2026-08-10,6185,幃翔,-37.0,-37.413,0.0,-37.413
2026-08-10,6186,新潤,-76.0,-75.279,0.0,-75.279
2026-08-10,6187,萬潤,74.736,134.645,0.0,134.645
2026-08-10,6188,廣明,61.451,87.952,0.0,87.952
2026-08-10,6189,豐藝,185.0,0.0,184.416,369.416
2026-08-10,6190,萬泰科,313.0,332.98,0.0,332.98
2026-08-10,6191,精成科,1809.26,0.0,1825.124,3634.384
2026-08-10,6192,巨路,-9.885,0.0,-9.885,-19.77
2026-08-10,6194,育富,14.0,14.252,0.0,14.252
2026-08-10,6195,詩肯,14.0,12.553,0.0,12.553
2026-08-10,6196,帆宣,394.523,0.0,408.501,803.024
2026-08-10,6197,佳必琪,386.108,0.0,486.692,872.8
2026-08-10,6199,天品,12.0,11.814,0.0,11.814
2026-08-10,6201,亞弘電,-2.0,0.0,-2.0,-4.0
2026-08-10,6202,盛群,1322.526,0.0,1358.264,2680.79
2026-08-10,6203,海韻電,-8.0,-20.162,0.0,-20.162
2026-08-10,6204,艾華,-27.0,-26.801,0.0,-26.801
2026-08-10,6205,詮欣,90.0,0.0,80.054,170.054
2026-08-10,6206,飛捷,2055.572,0.0,2021.538,4077.11
2026-08-10,6207,雷科,32.551,32.582,0.0,32.582
2026-08-10,6208,日揚,36.0,35.705,0.0,35.705
2026-08-10,6209,今國光,-1494.821,0.0,-1568.453,-3063.274
2026-08-10,6210,慶生,0.0,-0.273,0.0,-0.273
2026-08-10,6213,聯茂,4499.459,210.0,4856.333,9565.792
2026-08-10,6214,精誠,-393.106,0.0,-385.08,-778.1859999999999
2026-08-10,6215,和椿,286.188,0.0,338.632,624.8199999999999
2026-08-10,6216,居易,43.0,0.0,44.262,87.262
2026-08-10,6217,中探針,-245.082,-346.228,0.0,-346.228
2026-08-10,6218,豪勉,153.0,150.002,0.0,150.002
2026-08-10,6219,富旺,12.0,12.216,0.0,12.216
2026-08-10,6220,岳豐,89.12,88.408,0.0,88.408
2026-08-10,6221,晉泰,5.0,5.552,0.0,5.552
2026-08-10,6222,立軒,-1.0,-0.989,0.0,-0.989
2026-08-10,6223,旺矽,15.799,-33.053,0.0,-33.053
2026-08-10,6224,聚鼎,34.0,0.0,34.0,68.0
2026-08-10,6225,天瀚,3.0,0.0,3.0,6.0
2026-08-10,6226,光鼎,-2212.967,0.0,-2212.967,-4425.934
2026-08-10,6227,茂綸,-16.96,-4.395,0.0,-4.395
2026-08-10,6228,全譜,-3.0,-3.0,0.0,-3.0
2026-08-10,6229,研通,12.0,12.0,0.0,12.0
2026-08-10,6230,尼得科超眾,9.007,0.0,10.709,19.716
2026-08-10,6231,系微,-124.713,-128.071,0.0,-128.071
2026-08-10,6233,旺玖,29.1,28.991,0.0,28.991
2026-08-10,6234,高僑,136.641,140.184,0.0,140.184
2026-08-10,6235,華孚,106.954,0.0,115.974,222.928
2026-08-10,6237,驊訊,-58.0,-58.545,0.0,-58.545
2026-08-10,6239,力成,409.524,29.0,947.134,1385.658
2026-08-10,6240,松崗,0.0,0.012,0.0,0.012
2026-08-10,6241,鑫永洋,64.0,64.977,0.0,64.977
2026-08-10,6242,立康,1.0,1.0,0.0,1.0
2026-08-10,6243,迅杰,-594.38,0.0,-595.086,-1189.466
2026-08-10,6244,茂迪,1238.514,1263.315,0.0,1263.315
2026-08-10,6245,立端,1254.0,1325.406,0.0,1325.406
2026-08-10,6246,臺龍,4.0,4.839,0.0,4.839
2026-08-10,6248,沛波,58.0,57.899,0.0,57.899
2026-08-10,6257,矽格,-332.207,14.269,-21.127,-339.065
2026-08-10,6259,百徽,64.768,65.031,0.0,65.031
2026-08-10,6261,久元,123.0,113.444,0.0,113.444
2026-08-10,6263,普萊德,65.0,65.0,0.0,65.0
2026-08-10,6264,富裔,0.0,-0.029,0.0,-0.029
2026-08-10,6265,方土昶,326.94,310.206,0.0,310.206
2026-08-10,6266,泰詠,42.0,42.377,0.0,42.377
2026-08-10,6269,台郡,-1169.581,0.0,-1095.225,-2264.806
2026-08-10,6270,倍微,35.521,35.524,0.0,35.524
2026-08-10,6271,同欣電,534.143,0.0,792.083,1326.226
2026-08-10,6272,驊陞,-3.0,0.0,-3.0,-6.0
2026-08-10,6274,台燿,-124.224,-58.448,0.0,-58.448
2026-08-10,6275,元山,8.0,6.997,0.0,6.997
2026-08-10,6276,安鈦克,1.0,0.882,0.0,0.882
2026-08-10,6277,宏正,65.848,0.0,93.848,159.696
2026-08-10,6278,台表科,442.803,50.0,562.005,1054.808
2026-08-10,6279,胡連,619.0,695.853,0.0,695.853
2026-08-10,6281,全國電,-10.0,0.0,-10.0,-20.0
2026-08-10,6282,康舒,2364.309,-50.0,2998.159,5312.468000000001
2026-08-10,6283,淳安,15.0,0.0,11.0,26.0
2026-08-10,6284,佳邦,337.05,346.781,0.0,346.781
2026-08-10,6285,啟碁,3618.14,0.0,4019.6,7637.74
2026-08-10,6290,良維,1113.9,1150.457,0.0,1150.457
2026-08-10,6291,沛亨,-35.974,-48.61,0.0,-48.61
2026-08-10,6292,迅德,81.01,80.436,0.0,80.436
2026-08-10,6294,智基,1.0,1.406,0.0,1.406
2026-08-10,6405,悅城,140.0,0.0,140.882,280.882
2026-08-10,6409,旭隼,-156.688,-0.017,-141.228,-297.933
2026-08-10,6411,晶焱,-19.0,-18.475,0.0,-18.475
2026-08-10,6412,群電,362.288,0.0,363.644,725.932
2026-08-10,6414,樺漢,35.175,0.0,-17.761,17.413999999999998
2026-08-10,6415,矽力*-KY,-392.88,-32.0,-313.098,-737.9780000000001
2026-08-10,6416,瑞祺電通,236.09,0.0,229.89,465.98
2026-08-10,6417,韋僑,-19.0,-19.031,0.0,-19.031
2026-08-10,6418,詠昇,70.0,69.75,0.0,69.75
2026-08-10,6419,京晨科,-27.847,-27.659,0.0,-27.659
2026-08-10,6423,億而得,56.0,56.193,0.0,56.193
2026-08-10,6425,易發,-135.0,-136.039,0.0,-136.039
2026-08-10,6426,統新,-20.192,0.0,34.834,14.642000000000005
2026-08-10,6431,光麗-KY,0.0,0.0,0.0,0.0
2026-08-10,6432,今展科,-69.002,-67.002,0.0,-67.002
2026-08-10,6435,大中,3.309,5.28,0.0,5.28
2026-08-10,6438,迅得,30.73,0.0,24.73,55.46
2026-08-10,6441,廣錠,-101.0,-104.125,0.0,-104.125
2026-08-10,6442,光聖,329.055,165.0,292.237,786.292
2026-08-10,6443,元晶,1310.0,0.0,1314.0,2624.0
2026-08-10,6446,藥華藥,864.335,68.0,763.985,1696.3200000000002
2026-08-10,6449,鈺邦,-3.894,0.0,-4.9,-8.794
2026-08-10,6451,訊芯-KY,1215.938,0.0,1225.448,2441.3860000000004
2026-08-10,6456,GIS-KY,1499.503,0.0,1702.983,3202.486
2026-08-10,6461,益得,3.0,2.793,0.0,2.793
2026-08-10,6462,神盾,147.944,152.263,0.0,152.263
2026-08-10,6464,台數科,-1.0,0.0,-1.0,-2.0
2026-08-10,6465,威潤,-43.0,-43.304,0.0,-43.304
2026-08-10,6469,大樹,-8.0,-13.477,0.0,-13.477
2026-08-10,6470,宇智,-2.0,-2.173,0.0,-2.173
2026-08-10,6472,保瑞,358.573,0.0,402.069,760.642
2026-08-10,6474,華豫寧,76.0,76.0,0.0,76.0
2026-08-10,6477,安集,-16.842,0.0,-13.218,-30.06
2026-08-10,6485,點序,3.227,2.86,0.0,2.86
2026-08-10,6486,互動,-6.0,-6.2,0.0,-6.2
2026-08-10,6488,環球晶,-803.318,-835.729,0.0,-835.729
2026-08-10,6491,晶碩,241.197,-63.0,238.291,416.488
2026-08-10,6492,生華科,162.0,161.629,0.0,161.629
2026-08-10,6494,九齊,34.0,34.383,0.0,34.383
2026-08-10,6496,科懋,1.0,1.0,0.0,1.0
2026-08-10,6498,久禾光,-15.0,-14.989,0.0,-14.989
2026-08-10,6499,益安,129.001,129.001,0.0,129.001
2026-08-10,6504,南六,-3.0,0.0,-1.0,-4.0
2026-08-10,6505,台塑化,-5130.406,0.0,-4250.876,-9381.282
2026-08-10,6506,雙邦,47.0,47.005,0.0,47.005
2026-08-10,6508,惠光,-1.0,-4.0,0.0,-4.0
2026-08-10,6509,聚和,358.323,356.724,0.0,356.724
2026-08-10,6510,精測,-22.595,90.901,0.0,90.901
2026-08-10,6512,啟發電,0.0,0.505,0.0,0.505
2026-08-10,6515,穎崴,-32.768,12.099,-39.032,-59.70099999999999
2026-08-10,6516,勤崴國際,-2.0,-2.0,0.0,-2.0
2026-08-10,6517,保勝光學,91.0,90.405,0.0,90.405
2026-08-10,6523,達爾膚,10.0,10.436,0.0,10.436
2026-08-10,6525,捷敏-KY,60.759,0.0,227.717,288.476
2026-08-10,6526,達發,21.721,0.0,8.731,30.452
2026-08-10,6527,明達醫,-9.0,-9.907,0.0,-9.907
2026-08-10,6530,創威,145.0,145.398,0.0,145.398
2026-08-10,6531,愛普*,-475.859,1.142,-439.581,-914.298
2026-08-10,6532,瑞耘,15.989,16.043,0.0,16.043
2026-08-10,6533,晶心科,-354.065,0.0,-406.703,-760.768
2026-08-10,6534,正瀚-創,-68.0,0.0,-68.0,-136.0
2026-08-10,6535,順藥,1.494,-28.472,0.0,-28.472
2026-08-10,6538,倉和,-237.988,-235.584,0.0,-235.584
2026-08-10,6541,泰福-KY,57.0,0.0,51.0,108.0
2026-08-10,6542,隆中,-1.0,-1.0,0.0,-1.0
2026-08-10,6546,正基,15.0,14.607,0.0,14.607
2026-08-10,6547,高端疫苗,615.486,447.722,0.0,447.722
2026-08-10,6548,長科*,916.844,988.703,0.0,988.703
2026-08-10,6550,北極星藥業-KY,223.2,0.0,225.2,448.4
2026-08-10,6552,易華電,11.0,0.0,11.0,22.0
2026-08-10,6556,勝品,0.0,0.0,0.0,0.0
2026-08-10,6558,興能高,135.0,0.0,135.0,270.0
2026-08-10,6560,欣普羅,0.0,0.0,0.0,0.0
2026-08-10,6561,是方,3.0,3.0,0.0,3.0
2026-08-10,6568,宏觀,41.0,40.189,0.0,40.189
2026-08-10,6569,醫揚,-46.0,-46.31,0.0,-46.31
2026-08-10,6570,維田,-194.998,-194.993,0.0,-194.993
2026-08-10,6573,虹揚-KY,106.0,0.0,80.0,186.0
2026-08-10,6574,霈方,61.084,61.714,0.0,61.714
2026-08-10,6576,逸達,0.08,0.081,0.0,0.081
2026-08-10,6577,勁豐,2.967,1.975,0.0,1.975
2026-08-10,6578,達邦蛋白,9.0,9.04,0.0,9.04
2026-08-10,6579,研揚,-190.79,0.0,-130.542,-321.332
2026-08-10,6581,鋼聯,2.0,0.0,2.0,4.0
2026-08-10,6582,申豐,8.0,0.0,-4.0,4.0
2026-08-10,6584,南俊國際,-582.363,-600.957,0.0,-600.957
2026-08-10,6585,鼎基,355.0,0.0,357.272,712.2719999999999
2026-08-10,6588,東典光電,9.0,8.505,0.0,8.505
2026-08-10,6589,台康生技,715.9,0.0,737.54,1453.44
2026-08-10,6590,普鴻,-6.0,-6.0,0.0,-6.0
2026-08-10,6591,動力-KY,-1.0,0.0,-0.532,-1.532
2026-08-10,6592,和潤企業,78.338,0.0,88.338,166.676
2026-08-10,6593,台灣銘板,-1.0,-1.0,0.0,-1.0
2026-08-10,6596,寬宏藝術,-63.0,-62.965,0.0,-62.965
2026-08-10,6598,ABC-KY,91.97,0.0,93.97,185.94
2026-08-10,6603,富強鑫,782.85,789.663,0.0,789.663
2026-08-10,6605,帝寶,-733.307,0.0,-761.921,-1495.228
2026-08-10,6606,建德工業,15.0,0.0,-7.0,8.0
2026-08-10,6609,瀧澤科,-3.902,-3.902,0.0,-3.902
2026-08-10,6612,奈米醫材,1.0,1.0,0.0,1.0
2026-08-10,6613,朋億*,-309.0,-311.846,0.0,-311.846
2026-08-10,6614,資拓宏宇,14.0,0.0,6.0,20.0
2026-08-10,6615,慧智,-2.0,-2.0,0.0,-2.0
2026-08-10,6617,共信-KY,56.0,57.974,0.0,57.974
2026-08-10,6620,漢達,-224.0,-550.501,0.0,-550.501
2026-08-10,6624,萬年清,-1.0,-1.0,0.0,-1.0
2026-08-10,6625,必應,2.0,0.0,1.918,3.918
2026-08-10,6629,泰金-KY,36.0,36.0,0.0,36.0
2026-08-10,6637,醫影,-11.0,-11.121,0.0,-11.121
2026-08-10,6640,均華,-4.01,16.986,0.0,16.986
2026-08-10,6641,基士德-KY,0.0,0.0,-2.0,-2.0
2026-08-10,6642,富致,98.927,120.966,0.0,120.966
2026-08-10,6643,M31,25.07,33.921,0.0,33.921
2026-08-10,6645,金萬林-創,-1.0,0.0,-1.0,-2.0
2026-08-10,6649,台生材,-3.0,-3.0,0.0,-3.0
2026-08-10,6651,全宇昕,-117.98,-113.504,0.0,-113.504
2026-08-10,6654,天正國際,-2.0,-2.0,0.0,-2.0
2026-08-10,6655,科定,0.0,0.0,0.0,0.0
2026-08-10,6657,華安,-40.0,0.0,-40.0,-80.0
2026-08-10,6658,聯策,-5.815,0.0,-11.997,-17.812
2026-08-10,6664,群翊,64.179,75.625,0.0,75.625
2026-08-10,6666,羅麗芬-KY,4.0,0.0,0.0,4.0
2026-08-10,6667,信紘科,-2.631,-0.147,0.0,-0.147
2026-08-10,6668,中揚光,108.01,0.0,110.01,218.02
2026-08-10,6669,緯穎,-136.532,-91.013,-112.046,-339.591
2026-08-10,6670,復盛應用,-10.0,2.0,-4.292,-12.292
2026-08-10,6671,三能-KY,1.0,0.0,1.0,2.0
2026-08-10,6672,騰輝電子-KY,582.951,0.0,671.041,1253.9920000000002
2026-08-10,6674,鋐寶科技,11.0,0.0,11.0,22.0
2026-08-10,6679,鈺太,-57.731,-58.506,0.0,-58.506
2026-08-10,6680,鑫創電子,4.0,4.0,0.0,4.0
2026-08-10,6683,雍智科技,-22.002,-58.361,0.0,-58.361
2026-08-10,6684,安格,96.0,95.877,0.0,95.877
2026-08-10,6689,伊雲谷,38.447,0.0,42.447,80.894
2026-08-10,6690,安碁資訊,-0.827,-0.471,0.0,-0.471
2026-08-10,6691,洋基工程,-8.213,-6.0,-59.311,-73.524
2026-08-10,6692,進能服,2.0,2.0,0.0,2.0
2026-08-10,6693,廣閎科,-1308.619,-1271.445,0.0,-1271.445
2026-08-10,6695,芯鼎,-130.926,0.0,-130.412,-261.338
2026-08-10,6697,東捷資訊,1.0,1.0,0.0,1.0
2026-08-10,6698,旭暉應材,15.024,0.0,15.024,30.048
2026-08-10,6703,軒郁,-13.08,-12.284,0.0,-12.284
2026-08-10,6706,惠特,35.918,0.0,170.006,205.924
2026-08-10,6712,長聖,-86.0,-85.723,0.0,-85.723
2026-08-10,6715,嘉基,74.0,0.0,86.624,160.624
2026-08-10,6716,應廣,-7.0,38.594,0.0,38.594
2026-08-10,6719,力智,-203.785,0.0,-268.841,-472.626
2026-08-10,6720,久昌,4.0,4.0,0.0,4.0
2026-08-10,6722,輝創,3.0,0.0,1.0,4.0
2026-08-10,6725,矽科宏晟,30.0,31.118,0.0,31.118
2026-08-10,6727,亞泰金屬,-114.0,-109.13,0.0,-109.13
2026-08-10,6728,上洋,4.0,4.0,0.0,4.0
2026-08-10,6732,昇佳電子,-17.1,-17.063,0.0,-17.063
2026-08-10,6733,博晟生醫,-84.0,-84.0,0.0,-84.0
2026-08-10,6735,美達科技,70.0,69.646,0.0,69.646
2026-08-10,6739,竹陞科技,-12.351,-18.711,0.0,-18.711
2026-08-10,6741,91APP*-KY,264.0,263.771,0.0,263.771
2026-08-10,6742,澤米,33.011,0.0,33.011,66.022
2026-08-10,6743,安普新,112.0,0.0,112.0,224.0
2026-08-10,6751,智聯服務,-3.0,-3.0,0.0,-3.0
2026-08-10,6752,叡揚,1.0,1.676,0.0,1.676
2026-08-10,6753,龍德造船,538.015,0.0,650.017,1188.0320000000002
2026-08-10,6754,匯僑設計,0.0,0.0,0.0,0.0
2026-08-10,6756,威鋒電子,-2.0,0.0,-1.606,-3.606
2026-08-10,6757,台灣虎航,-1091.841,0.0,-1439.901,-2531.742
2026-08-10,6761,穩得,65.0,96.196,0.0,96.196
2026-08-10,6762,達亞,-2.0,-2.0,0.0,-2.0
2026-08-10,6763,綠界科技*,-43.5,-44.633,0.0,-44.633
2026-08-10,6768,志強-KY,211.0,-98.0,205.0,318.0
2026-08-10,6770,力積電,-3731.597,-6.0,-2649.525,-6387.122
2026-08-10,6771,平和環保-創,0.0,0.0,-8.0,-8.0
2026-08-10,6776,展碁國際,4.0,0.0,-0.014,3.986
2026-08-10,6781,AES-KY,212.84,0.292,266.95,480.082
2026-08-10,6782,視陽,56.223,0.0,-104.383,-48.16
2026-08-10,6785,昱展新藥,17.0,19.281,0.0,19.281
2026-08-10,6788,華景電,62.984,68.381,0.0,68.381
2026-08-10,6789,采鈺,324.203,-1.0,319.949,643.152
2026-08-10,6790,永豐實,-28.0,0.0,-28.0,-56.0
2026-08-10,6791,虎門科技,-1.0,-1.46,0.0,-1.46
2026-08-10,6792,詠業,1.0,0.0,1.0,2.0
2026-08-10,6794,向榮生技,-8.0,0.0,-8.0,-16.0
2026-08-10,6796,晉弘,3.0,0.0,3.0,6.0
2026-08-10,6799,來頡,-28.0,0.0,-28.126,-56.126000000000005
2026-08-10,6803,崑鼎,-20.076,-21.578,0.0,-21.578
2026-08-10,6804,明係,45.0,55.339,0.0,55.339
2026-08-10,6805,富世達,-846.185,653.0,-841.957,-1035.1419999999998
2026-08-10,6807,峰源-KY,1.0,0.0,1.0,2.0
2026-08-10,6811,宏碁資訊,89.0,90.353,0.0,90.353
2026-08-10,6821,聯寶,61.0,61.101,0.0,61.101
2026-08-10,6823,濾能,14.0,13.954,0.0,13.954
2026-08-10,6829,千附精密,-7.633,-18.245,0.0,-18.245
2026-08-10,6830,汎銓,335.087,0.0,350.477,685.564
2026-08-10,6831,邁科,-152.187,12.0,-149.253,-289.44
2026-08-10,6834,天二科技,925.179,0.0,926.965,1852.144
2026-08-10,6835,圓裕,11.0,0.0,11.0,22.0
2026-08-10,6838,台新藥,-4.0,0.0,-4.0,-8.0
2026-08-10,6840,東研信超,14.0,14.127,0.0,14.127
2026-08-10,6841,長佳智能,53.449,56.449,0.0,56.449
2026-08-10,6843,進典,-2.0,-2.0,0.0,-2.0
2026-08-10,6846,綠茵,1.0,1.0,0.0,1.0
2026-08-10,6854,錼創科技-KY創,-23.0,0.0,-17.766,-40.766
2026-08-10,6855,數泓科,-1.0,-1.0,0.0,-1.0
2026-08-10,6859,伯特光,-10.0,-9.904,0.0,-9.904
2026-08-10,6861,睿生光電,-75.438,0.0,-70.442,-145.88
2026-08-10,6862,三集瑞-KY,-5.0,0.0,-3.136,-8.136
2026-08-10,6863,永道-KY,73.4,0.0,75.4,148.8
2026-08-10,6865,偉康科技,0.0,0.0,0.0,0.0
2026-08-10,6869,雲豹能源,63.279,0.0,159.191,222.47
2026-08-10,6870,騰雲,-14.0,-14.406,0.0,-14.406
2026-08-10,6873,泓德能源,34.0,0.0,44.246,78.24600000000001
2026-08-10,6874,倍力,15.0,15.815,0.0,15.815
2026-08-10,6875,國邑*,-14.0,-14.025,0.0,-14.025
2026-08-10,6877,鏵友益,34.0,36.032,0.0,36.032
2026-08-10,6881,潤德,3.0,3.0,0.0,3.0
2026-08-10,6884,海柏特,-2.0,-2.0,0.0,-2.0
2026-08-10,6885,全福生技,-86.83,0.0,-84.83,-171.66
2026-08-10,6887,寶綠特-KY,-2.0,0.0,-8.0,-10.0
2026-08-10,6890,來億-KY,40.214,0.0,34.558,74.77199999999999
2026-08-10,6894,衛司特,-13.0,-12.278,0.0,-12.278
2026-08-10,6895,宏碩系統,14.0,14.707,0.0,14.707
2026-08-10,6899,創為精密,0.0,0.09,0.0,0.09
2026-08-10,6901,鑽石投資,-3535.0,0.0,-3573.0,-7108.0
2026-08-10,6902,GOGOLOOK,-4.848,0.0,-4.462,-9.31
2026-08-10,6903,巨漢,-189.0,-216.818,0.0,-216.818
2026-08-10,6906,現觀科,7.05,0.0,3.856,10.906
2026-08-10,6907,雅特力-KY,-310.928,-315.811,0.0,-315.811
2026-08-10,6908,宏碁遊戲-創,-3.0,0.0,-7.0,-10.0
2026-08-10,6909,創控,-15.0,0.0,-15.0,-30.0
2026-08-10,6910,德鴻,-6.0,-6.0,0.0,-6.0
2026-08-10,6913,鴻呈,138.735,138.191,0.0,138.191
2026-08-10,6914,阜爾運通,10.639,0.0,10.639,21.278
2026-08-10,6916,華凌,5.0,0.0,7.3,12.3
2026-08-10,6918,愛派司,10.0,0.0,10.0,20.0
2026-08-10,6919,康霈*,1163.685,0.0,1270.277,2433.962
2026-08-10,6921,嘉雨思-創,-9.0,0.0,-5.0,-14.0
2026-08-10,6922,宸曜,-1.0,77.923,0.0,77.923
2026-08-10,6923,中台,49.0,0.0,51.0,100.0
2026-08-10,6924,榮惠-KY創,4.01,0.0,8.21,12.22
2026-08-10,6925,意藍,-4.0,-4.0,0.0,-4.0
2026-08-10,6928,攸泰科技,2.0,0.0,2.0,4.0
2026-08-10,6931,青松健康,21.0,0.0,21.0,42.0
2026-08-10,6933,AMAX-KY,-16.0,0.0,115.546,99.546
2026-08-10,6934,心誠鎂,-2.0,0.0,-2.0,-4.0
2026-08-10,6937,天虹,316.0,0.0,397.908,713.908
2026-08-10,6944,兆聯實業,-177.045,8.0,-186.747,-355.79200000000003
2026-08-10,6945,圓祥生技,313.15,314.25,0.0,314.25
2026-08-10,6947,台鎔科技,-142.0,0.0,-142.0,-284.0
2026-08-10,6949,沛爾生醫-創,1.0,0.0,3.398,4.398
2026-08-10,6951,青新-創,-1.0,0.0,-3.9,-4.9
2026-08-10,6952,大武山,-10.0,0.0,-10.0,-20.0
2026-08-10,6953,家碩,9.0,9.338,0.0,9.338
2026-08-10,6955,邦睿生技-創,-2.0,0.0,-1.76,-3.76
2026-08-10,6957,裕慶-KY,19.145,0.0,19.145,38.29
2026-08-10,6958,日盛台駿,9.0,0.0,-1.0,8.0
2026-08-10,6961,旅天下,0.0,0.0,0.0,0.0
2026-08-10,6962,奕力-KY,859.0,0.0,937.328,1796.328
2026-08-10,6965,中傑-KY,-1.0,0.0,-1.0,-2.0
2026-08-10,6967,汎瑋材料,2.0,2.0,0.0,2.0
2026-08-10,6968,萬達寵物,-11.0,-10.749,0.0,-10.749
2026-08-10,6969,成信實業*-創,-21.0,0.0,-16.514,-37.514
2026-08-10,6971,惠民實業,1.0,1.0,0.0,1.0
2026-08-10,6982,大井泵浦,5.0,5.0,0.0,5.0
2026-08-10,6983,華洋精機,9.0,8.975,0.0,8.975
2026-08-10,6986,和迅,3.0,3.0,0.0,3.0
2026-08-10,6988,威力暘-創,-25.0,0.0,-33.0,-58.0
2026-08-10,6994,富威電力,59.0,0.0,54.858,113.858
2026-08-10,6996,力領科技,-43.0,-46.111,0.0,-46.111
2026-08-10,7402,邑錡,39.857,40.342,0.0,40.342
2026-08-10,7547,碩網,-4.0,-4.0,0.0,-4.0
2026-08-10,7556,意德士,4.0,4.085,0.0,4.085
2026-08-10,7610,聯友金屬-創,122.045,0.0,121.465,243.51
2026-08-10,7631,聚賢研發-創,-13.95,0.0,-20.854,-34.804
2026-08-10,7642,昶瑞機電,-6.0,-6.0,0.0,-6.0
2026-08-10,7689,大鵬科CLMX,38.1,0.0,38.1,76.2
2026-08-10,7703,銳澤,-5.907,-5.685,0.0,-5.685
2026-08-10,7704,明遠精密,0.0,0.0,0.0,0.0
2026-08-10,7705,三商餐飲,-5.0,0.0,-5.0,-10.0
2026-08-10,7709,榮田,15.0,15.363,0.0,15.363
2026-08-10,7711,永擎,269.444,0.0,312.436,581.88
2026-08-10,7712,博盛半導體,14.2,80.374,0.0,80.374
2026-08-10,7713,威力德生醫,3.0,3.0,0.0,3.0
2026-08-10,7714,創泓科技,9.239,11.279,0.0,11.279
2026-08-10,7715,裕山,-15.0,-15.0,0.0,-15.0
2026-08-10,7717,萊德光電-KY,21.0,21.729,0.0,21.729
2026-08-10,7721,微程式,1.0,0.0,1.0,2.0
2026-08-10,7722,LINEPAY,-1.907,0.0,-22.487,-24.394
2026-08-10,7723,築間,-2.0,-3.642,0.0,-3.642
2026-08-10,7728,光焱科技,0.0,-0.003,0.0,-0.003
2026-08-10,7730,暉盛-創,15.0,0.0,20.162,35.162
2026-08-10,7732,金興精密,-1.0,0.0,-17.0,-18.0
2026-08-10,7734,印能科技,0.999,1.133,0.0,1.133
2026-08-10,7736,虎山,-1.0,0.0,-1.0,-2.0
2026-08-10,7740,熙特爾-創,191.0,0.0,188.22,379.22
2026-08-10,7744,崴寶,-16.5,-16.95,0.0,-16.95
2026-08-10,7749,意騰-KY,-8.986,0.0,-8.986,-17.972
2026-08-10,7750,新代,44.259,0.0,66.529,110.788
2026-08-10,7751,竑騰,-12.01,-29.702,0.0,-29.702
2026-08-10,7753,星亞,-2.0,-2.0,0.0,-2.0
2026-08-10,7757,金色三麥,-3.0,-3.0,0.0,-3.0
2026-08-10,7760,享溫馨,1.0,0.0,1.0,2.0
2026-08-10,7765,中華資安,-1.0,0.0,-2.496,-3.496
2026-08-10,7767,仁大資訊,7.0,7.0,0.0,7.0
2026-08-10,7768,頌勝科技,2.0,0.0,2.0,4.0
2026-08-10,7769,鴻勁,38.623,-135.0,41.729,-54.64800000000001
2026-08-10,7772,耀穎,17.0,17.009,0.0,17.009
2026-08-10,7777,能率亞洲,-38.628,-35.799,0.0,-35.799
2026-08-10,7780,大研生醫*,147.0,0.0,145.858,292.858
2026-08-10,7786,東方風能,32.696,0.0,34.696,67.392
2026-08-10,7788,松川精密,-194.0,0.0,-74.744,-268.744
2026-08-10,7791,皇家可口,-4.0,0.0,-4.0,-8.0
2026-08-10,7792,安葆,53.0,55.275,0.0,55.275
2026-08-10,7794,宏碁智新,-2.0,-2.0,0.0,-2.0
2026-08-10,7795,長廣,-470.9,0.0,-459.708,-930.608
2026-08-10,7799,禾榮科,5.506,0.0,9.506,15.012
2026-08-10,7803,雲象科技-創,16.0,0.0,11.99,27.99
2026-08-10,7805,威聯通,16.0,19.674,0.0,19.674
2026-08-10,7810,捷創科技,-2.95,-1.524,0.0,-1.524
2026-08-10,7814,海昌生技,-3.0,-3.0,0.0,-3.0
2026-08-10,7818,溢泰實業,38.812,0.0,36.812,75.624
2026-08-10,7819,精誠金融,1.0,1.0,0.0,1.0
2026-08-10,7821,神數,73.0,0.0,71.0,144.0
2026-08-10,7822,倍利科,29.03,0.0,29.11,58.14
2026-08-10,7823,奧義賽博-KY創,-10.0,0.0,2.4,-7.6
2026-08-10,7827,漢康-KY創,145.388,0.0,145.626,291.014
2026-08-10,7828,創新服務,-26.641,-27.41,0.0,-27.41
2026-08-10,7835,永悅健康-創,4.0,0.0,4.0,8.0
2026-08-10,7839,達人網,8.0,6.0,0.0,6.0
2026-08-10,7842,天能綠電,-23.0,-11.154,0.0,-11.154
2026-08-10,8011,台通,150.0,0.0,150.0,300.0
2026-08-10,8016,矽創,-188.345,-9.0,-217.083,-414.428
2026-08-10,8021,尖點,1878.0,324.0,1984.632,4186.632
2026-08-10,8024,佑華,0.0,-0.081,0.0,-0.081
2026-08-10,8027,鈦昇,170.078,168.774,0.0,168.774
2026-08-10,8028,昇陽半導體,902.217,-346.0,923.605,1479.822
2026-08-10,8032,光菱,0.0,-0.114,0.0,-0.114
2026-08-10,8033,雷虎,-1618.602,0.0,-1628.078,-3246.6800000000003
2026-08-10,8034,榮群,3.0,2.879,0.0,2.879
2026-08-10,8038,長園科,17.0,17.0,0.0,17.0
2026-08-10,8039,台虹,-444.282,62.0,-1288.664,-1670.946
2026-08-10,8040,九暘,26.722,27.721,0.0,27.721
2026-08-10,8042,金山電,-2322.0,-2322.246,0.0,-2322.246
2026-08-10,8043,蜜望實,52.18,78.17,0.0,78.17
2026-08-10,8044,網家,-17.0,-14.577,0.0,-14.577
2026-08-10,8045,達運光電,2.0,0.0,2.0,4.0
2026-08-10,8046,南電,-424.163,-25.618,-538.047,-987.828
2026-08-10,8047,星雲,0.0,0.0,0.0,0.0
2026-08-10,8048,德勝,-31.0,-32.668,0.0,-32.668
2026-08-10,8049,晶采,23.0,22.652,0.0,22.652
2026-08-10,8050,廣積,-1756.761,-1839.015,0.0,-1839.015
2026-08-10,8054,安國,262.473,263.664,0.0,263.664
2026-08-10,8059,凱碩,35.0,35.053,0.0,35.053
2026-08-10,8064,東捷,-105.428,-65.64,0.0,-65.64
2026-08-10,8066,來思達,15.0,15.229,0.0,15.229
2026-08-10,8068,全達,-2.0,-1.99,0.0,-1.99
2026-08-10,8069,元太,-9048.931,-9101.089,0.0,-9101.089
2026-08-10,8070,長華*,403.714,0.0,430.198,833.912
2026-08-10,8071,能率網通,105.0,104.853,0.0,104.853
2026-08-10,8072,陞泰,20.0,0.0,20.0,40.0
2026-08-10,8074,鉅橡,159.0,157.675,0.0,157.675
2026-08-10,8076,伍豐,196.34,196.13,0.0,196.13
2026-08-10,8081,致新,1423.95,0.0,1488.3,2912.25
2026-08-10,8083,瑞穎,5.0,5.892,0.0,5.892
2026-08-10,8084,巨虹,-9.0,-8.092,0.0,-8.092
2026-08-10,8085,福華,5.0,4.999,0.0,4.999
2026-08-10,8086,宏捷科,1231.917,1311.762,0.0,1311.762
2026-08-10,8087,麗升能源,0.0,-1.0,0.0,-1.0
2026-08-10,8088,品安,111.0,110.922,0.0,110.922
2026-08-10,8089,康全電訊,17.0,17.0,0.0,17.0
2026-08-10,8091,翔名,-25.245,-17.896,0.0,-17.896
2026-08-10,8092,建暐,10.0,9.994,0.0,9.994
2026-08-10,8096,擎亞,-2949.861,-2923.473,0.0,-2923.473
2026-08-10,8097,常珵,-11.0,-11.0,0.0,-11.0
2026-08-10,8099,大世科,-5.0,-4.843,0.0,-4.843
2026-08-10,8102,傑霖科技,1.0,1.0,0.0,1.0
2026-08-10,8103,瀚荃,90.425,0.0,93.859,184.284
2026-08-10,8104,錸寶,88.0,0.0,88.0,176.0
2026-08-10,8105,凌巨,-534.525,0.0,-528.525,-1063.05
2026-08-10,8107,大億金茂,1.0,1.0,0.0,1.0
2026-08-10,8109,博大,129.0,133.75,0.0,133.75
2026-08-10,8110,華東,284.67,0.0,442.224,726.894
2026-08-10,8111,立碁,126.17,104.373,0.0,104.373
2026-08-10,8112,至上,3924.124,0.0,3415.514,7339.638
2026-08-10,8114,振樺電,-203.445,0.0,-224.799,-428.244
2026-08-10,8121,越峰,181.73,181.698,0.0,181.698
2026-08-10,8131,福懋科,283.649,0.0,328.189,611.838
2026-08-10,8147,正淩,10.07,9.863,0.0,9.863
2026-08-10,8150,南茂,5195.927,0.0,5769.989,10965.916
2026-08-10,8155,博智,-58.944,-80.634,0.0,-80.634
2026-08-10,8162,微矽電子-創,43.0,0.0,35.402,78.402
2026-08-10,8163,達方,208.0,0.0,192.142,400.142
2026-08-10,8171,天宇,-16.0,-15.88,0.0,-15.88
2026-08-10,8176,智捷,13.0,13.0,0.0,13.0
2026-08-10,8182,加高,-29.0,-28.454,0.0,-28.454
2026-08-10,8183,精星,49.0,51.407,0.0,51.407
2026-08-10,8201,無敵,-5.0,0.0,-5.0,-10.0
2026-08-10,8210,勤誠,-136.204,-491.0,-100.128,-727.332
2026-08-10,8213,志超,18.0,0.0,22.0,40.0
2026-08-10,8215,明基材,195.565,0.0,186.053,381.618
2026-08-10,8222,寶一,139.0,0.0,159.0,298.0
2026-08-10,8227,巨有科技,35.404,32.472,0.0,32.472
2026-08-10,8234,新漢,880.56,906.897,0.0,906.897
2026-08-10,8240,華宏,48.0,48.439,0.0,48.439
2026-08-10,8249,菱光,243.0,0.0,245.0,488.0
2026-08-10,8255,朋程,-9.139,-17.925,0.0,-17.925
2026-08-10,8261,富鼎,1360.336,0.0,1391.91,2752.246
2026-08-10,8271,宇瞻,-1327.587,15.0,-1358.513,-2671.1
2026-08-10,8272,全景軟體,-1.0,-1.0,0.0,-1.0
2026-08-10,8277,商丞,-38.0,-38.0,0.0,-38.0
2026-08-10,8279,生展,-1.0,-1.0,0.0,-1.0
2026-08-10,8284,三竹,0.0,0.0,0.0,0.0
2026-08-10,8289,泰藝,66.0,66.532,0.0,66.532
2026-08-10,8291,尚茂,0.0,0.0,0.0,0.0
2026-08-10,8299,群聯,-31.424,-138.825,0.0,-138.825
2026-08-10,8341,日友,78.845,0.0,86.043,164.888
2026-08-10,8342,益張,1.0,1.0,0.0,1.0
2026-08-10,8349,恒耀,12.0,12.0,0.0,12.0
2026-08-10,8358,金居,-6145.712,-9366.978,0.0,-9366.978
2026-08-10,8367,建新國際,9.05,0.0,9.05,18.1
2026-08-10,8374,羅昇,143.0,0.0,150.224,293.224
2026-08-10,8383,千附,344.463,344.85,0.0,344.85
2026-08-10,8390,金益鼎,42.0,63.603,0.0,63.603
2026-08-10,8401,白紗科,3.0,2.973,0.0,2.973
2026-08-10,8403,盛弘,41.0,41.0,0.0,41.0
2026-08-10,8404,百和興業-KY,97.0,0.0,107.0,204.0
2026-08-10,8410,森田,1.0,1.0,0.0,1.0
2026-08-10,8411,福貞-KY,19.0,0.0,57.0,76.0
2026-08-10,8415,大國鋼,47.056,47.056,0.0,47.056
2026-08-10,8421,旭源,-48.0,-48.092,0.0,-48.092
2026-08-10,8422,可寧衛*,2718.834,0.0,2854.698,5573.531999999999
2026-08-10,8423,保綠-KY,-1.0,-1.0,0.0,-1.0
2026-08-10,8424,惠普,1.0,1.0,0.0,1.0
2026-08-10,8426,紅木-KY,4.0,4.0,0.0,4.0
2026-08-10,8429,金麗-KY,28.0,0.0,28.0,56.0
2026-08-10,8431,匯鑽科,55.0,57.499,0.0,57.499
2026-08-10,8432,東生華,-2.0,-2.0,0.0,-2.0
2026-08-10,8433,弘帆,14.0,14.0,0.0,14.0
2026-08-10,8435,鉅邁,0.0,-0.11,0.0,-0.11
2026-08-10,8436,大江,133.251,131.381,0.0,131.381
2026-08-10,8437,大地-KY,20.0,20.0,0.0,20.0
2026-08-10,8438,昶昕,13.922,0.0,15.322,29.244
2026-08-10,8440,綠電,6.0,5.642,0.0,5.642
2026-08-10,8442,威宏-KY,23.0,0.0,23.0,46.0
2026-08-10,8443,阿瘦,0.0,0.0,0.0,0.0
2026-08-10,8446,華研,6.0,6.0,0.0,6.0
2026-08-10,8450,霹靂,-2.0,-2.0,0.0,-2.0
2026-08-10,8454,富邦媒,-732.259,-0.097,-785.721,-1518.077
2026-08-10,8455,大拓-KY,2.0,2.0,0.0,2.0
2026-08-10,8462,柏文,38.0,0.0,38.0,76.0
2026-08-10,8463,潤泰材,4.0,0.0,4.0,8.0
2026-08-10,8464,億豐,-18.292,-1.023,-14.696,-34.011
2026-08-10,8466,美吉吉-KY,-11.0,0.0,-11.0,-22.0
2026-08-10,8467,波力-KY,24.0,0.0,24.0,48.0
2026-08-10,8472,夠麻吉,0.0,0.006,0.0,0.006
2026-08-10,8473,山林水,103.968,0.0,56.492,160.46
2026-08-10,8476,台境*,-17.0,0.0,-17.0,-34.0
2026-08-10,8478,東哥遊艇,-42.017,0.0,-39.573,-81.59
2026-08-10,8481,政伸,0.0,0.0,0.0,0.0
2026-08-10,8482,商億-KY,-1.0,0.0,-1.0,-2.0
2026-08-10,8487,愛爾達-創,-3.0,0.0,-8.104,-11.104
2026-08-10,8488,吉源-KY,1.0,0.0,7.0,8.0
2026-08-10,8489,三貝德,-1.0,-1.101,0.0,-1.101
2026-08-10,8499,鼎炫-KY,20.0,0.0,19.12,39.120000000000005
2026-08-10,8905,裕國,-1.0,1.404,0.0,1.404
2026-08-10,8906,花王,-6.0,-5.949,0.0,-5.949
2026-08-10,8908,欣雄,10.0,10.423,0.0,10.423
2026-08-10,8916,光隆,-32.0,-32.086,0.0,-32.086
2026-08-10,8917,欣泰,-1.0,-1.0,0.0,-1.0
2026-08-10,8924,大田,-16.0,-16.1,0.0,-16.1
2026-08-10,8926,台汽電,-4716.413,0.0,-4703.139,-9419.552
2026-08-10,8927,北基,-29.626,-29.626,0.0,-29.626
2026-08-10,8928,鉅明,2.0,2.135,0.0,2.135
2026-08-10,8929,富堡,5.0,5.02,0.0,5.02
2026-08-10,8930,青鋼,0.0,0.226,0.0,0.226
2026-08-10,8931,大汽電,-7.0,-6.394,0.0,-6.394
2026-08-10,8932,智通*,-264.192,-194.722,0.0,-194.722
2026-08-10,8933,愛地雅,-41.0,-41.0,0.0,-41.0
2026-08-10,8935,邦泰,15.0,14.999,0.0,14.999
2026-08-10,8936,國統,-199.0,-174.812,0.0,-174.812
2026-08-10,8937,合騏*,7.0,7.0,0.0,7.0
2026-08-10,8938,明安,-9.0,-10.182,0.0,-10.182
2026-08-10,8940,新天地,3.0,0.0,-7.0,-4.0
2026-08-10,8942,森鉅,9.144,9.189,0.0,9.189
2026-08-10,8996,高力,-717.699,204.977,-723.389,-1236.111
2026-08-10,9103,美德醫療-DR,-28.0,0.0,-28.0,-56.0
2026-08-10,9105,泰金寶-DR,4382.0,0.0,4387.358,8769.358
2026-08-10,9136,巨騰-DR,-8.0,0.0,-8.0,-16.0
2026-08-10,9802,鈺齊-KY,704.2,-179.0,836.758,1361.958
2026-08-10,9902,台火,10.0,0.0,11.956,21.956
2026-08-10,9904,寶成,2532.51,109.413,2636.93,5278.853
2026-08-10,9905,大華,57.0,0.0,59.0,116.0
2026-08-10,9906,欣巴巴,40.0,0.0,38.0,78.0
2026-08-10,9907,統一實,1394.0,0.0,1416.0,2810.0
2026-08-10,9908,大台北,-25.0,0.0,-15.528,-40.528
2026-08-10,9910,豐泰,353.053,51.0,412.331,816.384
2026-08-10,9911,櫻花,-60.0,0.0,-58.0,-118.0
2026-08-10,9912,偉聯,4.0,0.0,4.0,8.0
2026-08-10,9914,美利達,1317.193,0.0,1092.775,2409.968
2026-08-10,9917,中保科,-124.19,1.0,-121.03,-244.22
2026-08-10,9918,欣天然,6.0,0.0,6.0,12.0
2026-08-10,9919,康那香,-10.932,0.0,-8.932,-19.864
2026-08-10,9921,巨大,3767.509,0.0,3759.613,7527.121999999999
2026-08-10,9924,福興,-123.0,0.0,-121.0,-244.0
2026-08-10,9925,新保,-669.0,0.0,-613.0,-1282.0
2026-08-10,9926,新海,3.0,0.0,3.0,6.0
2026-08-10,9927,泰銘,33.0,0.0,89.0,122.0
2026-08-10,9928,中視,0.0,0.0,-2.0,-2.0
2026-08-10,9929,秋雨,1.0,0.0,1.0,2.0
2026-08-10,9930,中聯資源,-31.0,0.0,-25.0,-56.0
2026-08-10,9931,欣高,0.0,0.0,0.0,0.0
2026-08-10,9933,中鼎,-19.358,0.0,-105.458,-124.816
2026-08-10,9934,成霖,2738.857,0.0,2790.895,5529.752
2026-08-10,9935,慶豐富,45.001,0.0,41.001,86.002
2026-08-10,9937,全國,0.0,0.0,0.0,0.0
2026-08-10,9938,百和,25.602,-404.0,33.002,-345.396
2026-08-10,9939,宏全,-21.239,0.0,-122.739,-143.978
2026-08-10,9940,信義,169.942,0.0,171.942,341.884
2026-08-10,9941,裕融,307.064,1.0,532.726,840.79
2026-08-10,9942,茂順,114.0,0.0,114.0,228.0
2026-08-10,9943,好樂迪,-9.0,0.0,-11.0,-20.0
2026-08-10,9944,新麗,8.0,0.0,8.0,16.0
2026-08-10,9945,潤泰新,1714.062,0.0,1790.24,3504.302
2026-08-10,9946,三發地產,46.0,0.0,46.0,92.0
2026-08-10,9949,琉園,0.0,0.0,0.0,0.0
2026-08-10,9951,皇田,-2.0,-1.464,0.0,-1.464
2026-08-10,9955,佳龍,46.0,0.0,46.0,92.0
2026-08-10,9958,世紀鋼,843.38,0.0,792.294,1635.674
2026-08-10,9960,邁達康,0.0,0.0,0.0,0.0
2026-08-10,9962,有益,9.0,9.0,0.0,9.0
2026-08-11,1101,台泥,2936.591,-44.41,2818.625,5710.8060000000005
2026-08-11,1102,亞泥,-4787.2,44.349,-4779.562,-9522.413
2026-08-11,1103,嘉泥,-50.133,0.0,-50.133,-100.266
2026-08-11,1104,環泥,-36.851,0.0,0.949,-35.902
2026-08-11,1108,幸福,-231.0,0.0,-235.0,-466.0
2026-08-11,1109,信大,-2.0,0.0,-2.0,-4.0
2026-08-11,1110,東泥,30.0,0.0,30.0,60.0
2026-08-11,1201,味全,4.0,0.0,32.0,36.0
2026-08-11,1203,味王,-1.0,0.0,1.0,0.0
2026-08-11,1210,大成,1273.636,-8.58,1383.78,2648.836
2026-08-11,1215,卜蜂,176.735,-1.434,177.085,352.386
2026-08-11,1216,統一,6599.477,10.353,6478.073,13087.903
2026-08-11,1217,愛之味,35.0,0.0,35.0,70.0
2026-08-11,1218,泰山,-127.0,0.0,-127.0,-254.0
2026-08-11,1219,福壽,-29.021,0.0,-29.021,-58.042
2026-08-11,1220,台榮,-1.0,0.0,-1.718,-2.718
2026-08-11,1225,福懋油,5.999,0.0,-0.001,5.997999999999999
2026-08-11,1227,佳格,-268.109,2.305,-215.305,-481.109
2026-08-11,1229,聯華,1684.314,-6.404,1858.986,3536.896
2026-08-11,1231,聯華食,-32.0,0.0,-32.108,-64.108
2026-08-11,1232,大統益,2.159,0.0,18.159,20.318
2026-08-11,1233,天仁,-2.0,0.0,-2.0,-4.0
2026-08-11,1234,黑松,-61.0,0.0,-61.0,-122.0
2026-08-11,1235,興泰,-1.0,0.0,-1.0,-2.0
2026-08-11,1236,宏亞,-19.0,0.0,-19.0,-38.0
2026-08-11,1240,茂生農經,8.0,8.0,0.0,8.0
2026-08-11,1256,鮮活果汁-KY,-8.92,0.0,-4.92,-13.84
2026-08-11,1259,安心,-1.0,-1.0,0.0,-1.0
2026-08-11,1264,德麥,5.0,-6.273,0.0,-6.273
2026-08-11,1268,漢來美食,-11.0,-10.722,0.0,-10.722
2026-08-11,1294,漢田生技,-4.0,-4.0,0.0,-4.0
2026-08-11,1295,生合,-7.0,-7.0,0.0,-7.0
2026-08-11,1301,台塑,-907.373,-15.126,-929.087,-1851.586
2026-08-11,1303,南亞,7475.133,4500.031,9609.559,21584.723
2026-08-11,1304,台聚,462.769,0.0,583.241,1046.01
2026-08-11,1305,華夏,157.471,0.0,198.259,355.73
2026-08-11,1307,三芳,-186.961,-1.0,-153.701,-341.66200000000003
2026-08-11,1308,亞聚,227.503,0.0,204.843,432.346
2026-08-11,1309,台達化,-42.868,0.0,-44.02,-86.888
2026-08-11,1310,台苯,-939.071,0.0,-902.809,-1841.88
2026-08-11,1312,國喬,-245.822,0.0,-736.758,-982.58
2026-08-11,1313,聯成,-734.227,0.0,-709.177,-1443.404
2026-08-11,1314,中石化,-3450.418,-66.604,-3015.542,-6532.564
2026-08-11,1315,達新,-6.0,0.0,-6.0,-12.0
2026-08-11,1316,上曜,685.0,0.0,669.0,1354.0
2026-08-11,1319,東陽,1698.758,-27.453,1720.194,3391.499
2026-08-11,1321,大洋,-4.0,0.0,-4.0,-8.0
2026-08-11,1323,永裕,-19.0,0.0,-5.0,-24.0
2026-08-11,1324,地球,1.0,0.0,1.0,2.0
2026-08-11,1325,恆大,-106.0,0.0,-106.0,-212.0
2026-08-11,1326,台化,-2527.152,-6.998,-1946.768,-4480.918
2026-08-11,1336,台翰,0.0,53.999,0.0,53.999
2026-08-11,1337,再生-KY,-37.826,0.0,-37.826,-75.652
2026-08-11,1338,廣華-KY,-33.0,0.0,-33.0,-66.0
2026-08-11,1339,昭輝,28.0,0.0,48.0,76.0
2026-08-11,1340,勝悅-KY,-26.0,0.0,-2.0,-28.0
2026-08-11,1341,富林-KY,1.0,0.0,1.0,2.0
2026-08-11,1342,八貫,17.313,0.0,11.401,28.714
2026-08-11,1402,遠東新,6558.051,64.176,6552.423,13174.65
2026-08-11,1409,新纖,-6042.883,3.8,-5292.035,-11331.118
2026-08-11,1410,南染,-2.0,0.0,-2.0,-4.0
2026-08-11,1413,宏洲,0.0,0.0,2.0,2.0
2026-08-11,1414,東和,-67.002,0.0,-67.002,-134.004
2026-08-11,1416,廣豐,-62.0,0.0,-62.0,-124.0
2026-08-11,1417,嘉裕,4.0,0.0,4.0,8.0
2026-08-11,1418,東華,1.0,0.0,1.0,2.0
2026-08-11,1419,新紡,-4.982,0.0,-0.982,-5.964
2026-08-11,1423,利華,9.0,0.0,9.0,18.0
2026-08-11,1432,大魯閣,-2.99,0.0,-2.99,-5.98
2026-08-11,1434,福懋,891.684,4.192,909.684,1805.56
2026-08-11,1435,中福,-8.0,0.0,-8.0,-16.0
2026-08-11,1436,華友聯,30.304,0.0,22.304,52.608
2026-08-11,1437,勤益控,-34.857,0.0,-34.857,-69.714
2026-08-11,1438,三地開發,-5.0,0.0,-5.0,-10.0
2026-08-11,1439,雋揚,1.0,0.0,1.0,2.0
2026-08-11,1440,南紡,1067.842,3.943,1673.934,2745.719
2026-08-11,1441,大東,1.0,0.0,1.0,2.0
2026-08-11,1442,名軒,-43.61,0.0,-45.61,-89.22
2026-08-11,1444,力麗,-321.819,0.0,-357.819,-679.638
2026-08-11,1445,大宇,11.0,0.0,13.0,24.0
2026-08-11,1446,宏和,23.0,0.0,13.77,36.77
2026-08-11,1447,力鵬,-495.225,0.0,-507.225,-1002.45
2026-08-11,1449,佳和,-59.551,0.0,-35.853,-95.404
2026-08-11,1451,年興,6.0,0.0,8.0,14.0
2026-08-11,1452,宏益,-1.0,0.0,-1.0,-2.0
2026-08-11,1453,大將,-1.0,0.0,-1.0,-2.0
2026-08-11,1455,集盛,-130.872,0.0,170.238,39.36599999999999
2026-08-11,1456,怡華,-11.0,0.0,-9.0,-20.0
2026-08-11,1457,宜進,-8.867,0.0,-6.867,-15.734000000000002
2026-08-11,1459,聯發,13.552,0.0,109.552,123.104
2026-08-11,1460,宏遠,-47.188,0.0,-47.188,-94.376
2026-08-11,1463,強盛新,-9.0,0.0,-9.0,-18.0
2026-08-11,1464,得力,-265.674,0.0,-261.674,-527.348
2026-08-11,1465,偉全,1.0,0.0,1.0,2.0
2026-08-11,1466,聚隆,-112.39,0.0,-112.39,-224.78
2026-08-11,1467,南緯,-250.228,0.0,-252.228,-502.456
2026-08-11,1468,昶和,-4.0,0.0,-8.0,-12.0
2026-08-11,1470,大統新創,-3.0,0.0,-3.0,-6.0
2026-08-11,1471,首利,-29.0,0.0,-29.0,-58.0
2026-08-11,1472,三洋實業,-3.0,0.0,-1.0,-4.0
2026-08-11,1473,台南,16.0,0.0,16.0,32.0
2026-08-11,1474,弘裕,-16.0,0.0,-18.0,-34.0
2026-08-11,1475,業旺,-3.0,0.0,-3.0,-6.0
2026-08-11,1476,儒鴻,-495.442,9.19,-463.226,-949.478
2026-08-11,1477,聚陽,-1095.918,26.104,-1087.126,-2156.94
2026-08-11,1503,士電,156.977,-0.251,140.795,297.521
2026-08-11,1504,東元,281.821,-45.46,235.863,472.2240000000001
2026-08-11,1506,正道,-30.432,0.0,-26.432,-56.864
2026-08-11,1512,瑞利,9.0,0.0,9.0,18.0
2026-08-11,1513,中興電,235.687,-2.234,271.761,505.21400000000006
2026-08-11,1514,亞力,38.871,-4.394,29.671,64.148
2026-08-11,1515,力山,-296.207,0.0,-330.397,-626.604
2026-08-11,1516,川飛,12.0,0.0,12.0,24.0
2026-08-11,1517,利奇,349.544,0.0,351.402,700.9459999999999
2026-08-11,1519,華城,-88.9,-0.775,-6.098,-95.773
2026-08-11,1521,大億,3.0,0.0,-1.0,2.0
2026-08-11,1522,堤維西,161.209,0.0,155.207,316.416
2026-08-11,1524,耿鼎,129.0,0.0,129.0,258.0
2026-08-11,1525,江申,-1.0,0.0,-1.0,-2.0
2026-08-11,1526,日馳,-50.175,0.0,-50.175,-100.35
2026-08-11,1527,鑽全,-17.705,0.0,-17.705,-35.41
2026-08-11,1528,恩德,39.998,0.0,38.8,78.798
2026-08-11,1529,樂事綠能,-19.393,0.0,-11.393,-30.786
2026-08-11,1530,亞崴,34.0,0.0,32.476,66.476
2026-08-11,1531,高林股,41.0,0.0,19.0,60.0
2026-08-11,1532,勤美,-9.976,0.0,-11.976,-21.952
2026-08-11,1533,車王電,-59.0,0.0,-47.0,-106.0
2026-08-11,1535,中宇,-1.0,0.0,-1.0,-2.0
2026-08-11,1536,和大,-97.769,0.0,-50.617,-148.386
2026-08-11,1537,廣隆,-1.373,0.0,-1.373,-2.746
2026-08-11,1539,巨庭,24.0,0.0,34.0,58.0
2026-08-11,1540,喬福,-28.0,0.0,-22.0,-50.0
2026-08-11,1541,錩泰,0.0,0.0,0.0,0.0
2026-08-11,1558,伸興,5.051,0.0,11.051,16.102
2026-08-11,1560,中砂,-202.765,-0.971,-224.889,-428.625
2026-08-11,1563,巧新,1144.008,0.0,1293.978,2437.986
2026-08-11,1565,精華,30.174,30.178,0.0,30.178
2026-08-11,1568,倉佑,16.0,0.0,10.0,26.0
2026-08-11,1569,濱川,3.0,1.327,0.0,1.327
2026-08-11,1570,力肯,-3.001,-3.002,0.0,-3.002
2026-08-11,1580,新麥,56.331,56.331,0.0,56.331
2026-08-11,1582,信錦,170.672,0.0,184.36,355.03200000000004
2026-08-11,1583,程泰,3.0,0.0,3.0,6.0
2026-08-11,1584,精剛,25.681,25.681,0.0,25.681
2026-08-11,1586,和勤,-19.0,-19.0,0.0,-19.0
2026-08-11,1587,吉茂,32.17,0.0,33.06,65.23
2026-08-11,1590,亞德客-KY,106.045,-227.897,89.615,-32.236999999999995
2026-08-11,1591,駿吉-KY,-23.0,-22.999,0.0,-22.999
2026-08-11,1593,祺驊,8.0,8.0,0.0,8.0
2026-08-11,1595,川寶,-95.0,-94.127,0.0,-94.127
2026-08-11,1597,直得,-61.011,0.0,-55.331,-116.342
2026-08-11,1598,岱宇,38.469,0.0,24.469,62.938
2026-08-11,1599,宏佳騰,-1.0,-1.204,0.0,-1.204
2026-08-11,1603,華電,45.01,0.0,45.01,90.02
2026-08-11,1604,聲寶,13.0,0.0,91.0,104.0
2026-08-11,1605,華新,12065.731,-12.659,11105.921,23158.993
2026-08-11,1608,華榮,2847.693,-1.0,2940.123,5786.816000000001
2026-08-11,1609,大亞,689.221,-10.458,689.125,1367.888
2026-08-11,1611,中電,-31.127,0.0,-13.127,-44.254
2026-08-11,1612,宏泰,1208.203,-4.0,1338.023,2542.226
2026-08-11,1614,三洋電,3.0,0.0,-5.0,-2.0
2026-08-11,1615,大山,-17.726,0.0,-33.726,-51.452
2026-08-11,1616,億泰,15.415,0.0,19.415,34.83
2026-08-11,1617,榮星,-64.131,0.0,-72.131,-136.262
2026-08-11,1618,合機,129.151,0.0,49.163,178.31400000000002
2026-08-11,1623,大東電,-20.0,0.0,-20.002,-40.002
2026-08-11,1626,艾美特-KY,-1.0,0.0,-1.0,-2.0
2026-08-11,1702,南僑,-48.544,0.0,-0.544,-49.088
2026-08-11,1707,葡萄王,-39.27,-1.0,-37.126,-77.396
2026-08-11,1708,東鹼,47.447,0.0,31.255,78.702
2026-08-11,1709,和益,-259.141,0.0,-159.925,-419.066
2026-08-11,1710,東聯,1457.195,0.0,1583.275,3040.4700000000003
2026-08-11,1711,永光,-2856.05,0.0,-2846.088,-5702.138000000001
2026-08-11,1712,興農,359.437,0.0,368.237,727.674
2026-08-11,1713,國化,57.5,0.0,41.5,99.0
2026-08-11,1714,和桐,1840.712,0.0,1872.976,3713.688
2026-08-11,1717,長興,3399.69,391.541,3538.18,7329.411
2026-08-11,1718,中纖,1348.972,0.0,1263.724,2612.696
2026-08-11,1720,生達,-73.0,0.0,-74.836,-147.836
2026-08-11,1721,三晃,-76.396,0.0,-76.396,-152.792
2026-08-11,1722,台肥,-299.224,-7.963,102.802,-204.385
2026-08-11,1723,中碳,36.587,-1.0,41.467,77.054
2026-08-11,1725,元禎,4.0,0.0,8.0,12.0
2026-08-11,1726,永記,-4.0,0.0,-12.0,-16.0
2026-08-11,1727,中華化,-498.891,0.0,-485.785,-984.676
2026-08-11,1730,花仙子,-7.0,0.0,-7.0,-14.0
2026-08-11,1731,美吾華,95.523,0.0,69.523,165.046
2026-08-11,1732,毛寶,-20.909,0.0,-20.909,-41.818
2026-08-11,1733,五鼎,-8.0,0.0,-60.0,-68.0
2026-08-11,1734,杏輝,-120.588,0.0,-120.588,-241.176
2026-08-11,1735,日勝化,-8.05,0.0,29.202,21.152
2026-08-11,1736,喬山,352.989,0.252,358.989,712.23
2026-08-11,1737,臺鹽,-84.81,0.0,15.19,-69.62
2026-08-11,1742,台蠟,0.0,0.0,0.0,0.0
2026-08-11,1752,南光,-7.0,0.0,-5.0,-12.0
2026-08-11,1760,寶齡富錦,-12.668,0.0,-6.668,-19.336
2026-08-11,1762,中化生,39.0,0.0,37.0,76.0
2026-08-11,1773,勝一,22.799,-68.017,27.775,-17.442999999999998
2026-08-11,1776,展宇,22.0,0.0,12.0,34.0
2026-08-11,1777,生泰,-5.0,-5.0,0.0,-5.0
2026-08-11,1780,立弘,1.0,1.0,0.0,1.0
2026-08-11,1781,合世,14.0,14.0,0.0,14.0
2026-08-11,1783,和康生,-57.0,0.0,-15.0,-72.0
2026-08-11,1784,訊聯,4.992,4.474,0.0,4.474
2026-08-11,1785,光洋科,421.28,425.006,0.0,425.006
2026-08-11,1786,科妍,16.0,0.0,15.992,31.992
2026-08-11,1788,杏昌,-1.311,-1.516,0.0,-1.516
2026-08-11,1789,神隆,72.426,0.0,85.826,158.252
2026-08-11,1795,美時,13.117,-2.119,7.167,18.165
2026-08-11,1796,金穎生技,-2.0,-2.0,0.0,-2.0
2026-08-11,1799,易威,-37.0,-37.0,0.0,-37.0
2026-08-11,1802,台玻,4354.131,-4.944,5175.279,9524.466
2026-08-11,1805,寶徠,-7.0,0.0,-7.0,-14.0
2026-08-11,1806,冠軍,-7.0,0.0,-7.0,-14.0
2026-08-11,1808,潤隆,-463.0,-13.962,-409.0,-885.962
2026-08-11,1809,中釉,-1147.99,0.0,-1139.778,-2287.768
2026-08-11,1810,和成,-566.967,0.0,-567.265,-1134.232
2026-08-11,1813,寶利徠,1.0,1.599,0.0,1.599
2026-08-11,1815,富喬,640.478,557.805,0.0,557.805
2026-08-11,1817,凱撒衛,-4.0,0.0,-4.0,-8.0
2026-08-11,1903,士紙,26.798,0.0,26.626,53.424
2026-08-11,1904,正隆,1795.817,2.688,1805.451,3603.956
2026-08-11,1905,華紙,83.696,0.0,94.414,178.11
2026-08-11,1906,寶隆,13.0,0.0,13.0,26.0
2026-08-11,1907,永豐餘,378.317,-23.212,472.317,827.422
2026-08-11,1909,榮成,-305.0,0.0,-335.0,-640.0
2026-08-11,2002,中鋼,29246.812,-32.663,29575.458,58789.607
2026-08-11,2006,東和鋼鐵,140.669,-2.776,156.689,294.582
2026-08-11,2007,燁興,-80.0,0.0,-80.0,-160.0
2026-08-11,2008,高興昌,4.0,0.0,8.0,12.0
2026-08-11,2009,第一銅,437.0,0.0,452.076,889.076
2026-08-11,2010,春源,144.0,0.0,86.0,230.0
2026-08-11,2012,春雨,-13.0,0.0,3.0,-10.0
2026-08-11,2013,中鋼構,-5.86,0.0,42.602,36.742
2026-08-11,2014,中鴻,-150.036,3.595,-146.036,-292.477
2026-08-11,2015,豐興,-185.511,-3.313,-155.511,-344.335
2026-08-11,2017,官田鋼,-118.527,0.0,-118.527,-237.054
2026-08-11,2020,美亞,-225.93,0.0,-225.93,-451.86
2026-08-11,2022,聚亨,-183.301,0.0,-163.301,-346.602
2026-08-11,2023,燁輝,63.336,4.657,63.336,131.329
2026-08-11,2024,志聯,-0.001,0.0,-0.001,-0.002
2026-08-11,2025,千興,-198.766,0.0,-216.766,-415.532
2026-08-11,2027,大成鋼,-2101.655,-29.648,-2909.277,-5040.58
2026-08-11,2028,威致,0.0,0.0,0.0,0.0
2026-08-11,2029,盛餘,21.628,0.0,57.628,79.256
2026-08-11,2030,彰源,1475.658,0.0,1555.254,3030.912
2026-08-11,2031,新光鋼,313.506,-1.0,311.07,623.576
2026-08-11,2032,新鋼,-377.361,0.0,-377.361,-754.722
2026-08-11,2033,佳大,88.0,0.0,95.49,183.49
2026-08-11,2034,允強,1166.876,0.0,1119.51,2286.386
2026-08-11,2035,唐榮,-3.0,-3.0,0.0,-3.0
2026-08-11,2038,海光,-45.91,0.0,-65.91,-111.82
2026-08-11,2049,上銀,-287.254,47.387,-413.588,-653.455
2026-08-11,2059,川湖,77.326,-1.554,104.034,179.80599999999998
2026-08-11,2061,風青,10.292,11.078,0.0,11.078
2026-08-11,2062,橋椿,-12.001,0.0,-32.001,-44.002
2026-08-11,2063,世鎧,-2.0,-2.0,0.0,-2.0
2026-08-11,2064,晉椿,4.0,4.0,0.0,4.0
2026-08-11,2065,世豐,39.999,64.952,0.0,64.952
2026-08-11,2066,世德,-28.0,-27.729,0.0,-27.729
2026-08-11,2069,運錩,230.208,0.0,342.208,572.416
2026-08-11,2070,精湛,-19.0,-18.922,0.0,-18.922
2026-08-11,2072,世紀風電,-45.133,0.0,-43.133,-88.266
2026-08-11,2101,南港,-1182.821,0.0,-1165.101,-2347.922
2026-08-11,2102,泰豐,11.42,0.0,1.42,12.84
2026-08-11,2103,台橡,11591.563,0.0,11058.795,22650.358
2026-08-11,2104,國際中橡,285.133,0.0,348.975,634.108
2026-08-11,2105,正新,397.155,117.314,455.045,969.514
2026-08-11,2106,建大,-240.0,0.0,-118.0,-358.0
2026-08-11,2107,厚生,-69.86,0.0,-9.86,-79.72
2026-08-11,2108,南帝,442.0,0.0,482.0,924.0
2026-08-11,2109,華豐,15.376,0.0,25.376,40.752
2026-08-11,2114,鑫永銓,12.0,0.0,8.0,20.0
2026-08-11,2115,六暉-KY,-10.0,0.0,-10.0,-20.0
2026-08-11,2201,裕隆,196.367,-12.812,232.835,416.39
2026-08-11,2204,中華,43.653,-10.872,60.313,93.094
2026-08-11,2206,三陽工業,-182.066,-8.17,-176.066,-366.302
2026-08-11,2207,和泰車,-19.745,6.261,-15.745,-29.229
2026-08-11,2208,台船,-178.493,-10.487,-178.493,-367.473
2026-08-11,2211,長榮鋼,91.0,-4.011,75.198,162.187
2026-08-11,2221,大甲,-117.614,-119.564,0.0,-119.564
2026-08-11,2227,裕日車,-1.01,0.0,-1.01,-2.02
2026-08-11,2228,劍麟,-13.0,0.0,-11.0,-24.0
2026-08-11,2230,泰茂,102.202,102.094,0.0,102.094
2026-08-11,2231,為升,-89.43,0.0,-78.704,-168.134
2026-08-11,2233,宇隆,7.433,0.0,0.695,8.128
2026-08-11,2236,百達-KY,-142.0,0.0,-234.58,-376.58
2026-08-11,2237,華德動能-創,73.0,0.0,73.0,146.0
2026-08-11,2239,英利-KY,8.0,0.0,8.0,16.0
2026-08-11,2241,艾姆勒,-55.942,0.0,-51.96,-107.902
2026-08-11,2243,宏旭-KY,6.967,0.0,8.967,15.934
2026-08-11,2247,汎德永業,-1.636,0.0,-1.636,-3.272
2026-08-11,2248,華勝-KY,-59.0,0.0,-59.0,-118.0
2026-08-11,2250,IKKA-KY,14.0,0.0,14.0,28.0
2026-08-11,2254,巨鎧精密-創,1.0,0.0,1.0,2.0
2026-08-11,2258,鴻華先進-創,160.0,0.0,141.942,301.942
2026-08-11,2301,光寶科,-307.085,-18.524,-1910.203,-2235.812
2026-08-11,2302,麗正,1537.95,0.0,1541.514,3079.464
2026-08-11,2303,聯電,9599.856,-3982.622,11613.944,17231.178
2026-08-11,2305,全友,-500.056,0.0,-490.432,-990.488
2026-08-11,2308,台達電,-4629.095,1007.502,-5287.601,-8909.194
2026-08-11,2312,金寶,1150.26,-6.269,1170.186,2314.177
2026-08-11,2313,華通,108.149,-1981.495,-824.673,-2698.019
2026-08-11,2314,台揚,9.0,0.0,9.0,18.0
2026-08-11,2316,楠梓電,-243.65,0.459,-229.612,-472.803
2026-08-11,2317,鴻海,-1139.492,397.832,-1297.334,-2038.994
2026-08-11,2323,中環,-417.222,0.0,-375.222,-792.444
2026-08-11,2324,仁寶,-154.638,-22.947,-132.496,-310.081
2026-08-11,2327,國巨*,-7789.908,2124.951,-7421.58,-13086.537
2026-08-11,2328,廣宇,-102.811,0.0,-145.175,-247.986
2026-08-11,2329,華泰,-138.562,-9.508,-155.9,-303.97
2026-08-11,2330,台積電,3498.237,381.84,3120.371,7000.448
2026-08-11,2331,精英,-371.609,0.0,-591.609,-963.218
2026-08-11,2332,友訊,-10736.003,0.0,-11363.963,-22099.966
2026-08-11,2337,旺宏,8203.791,-89.468,6942.843,15057.166
2026-08-11,2338,光罩,66.878,0.0,85.024,151.902
2026-08-11,2340,台亞,-343.359,0.0,-453.981,-797.3399999999999
2026-08-11,2342,茂矽,-114.248,0.0,-111.238,-225.486
2026-08-11,2344,華邦電,37871.893,-238.815,38316.243,75949.321
2026-08-11,2345,智邦,-184.912,-490.643,71.894,-603.661
2026-08-11,2347,聯強,15.002,135.548,14.198,164.74800000000002
2026-08-11,2348,海悅,-178.69,0.0,-179.806,-358.496
2026-08-11,2349,錸德,-372.968,0.0,-372.968,-745.936
2026-08-11,2351,順德,242.928,0.0,166.866,409.794
2026-08-11,2352,佳世達,-5284.863,-15.805,-5416.639,-10717.307
2026-08-11,2353,宏碁,1109.287,93.242,339.193,1541.722
2026-08-11,2354,鴻準,2143.575,1.165,1609.701,3754.441
2026-08-11,2355,敬鵬,623.724,0.0,595.5,1219.2240000000002
2026-08-11,2356,英業達,-535.837,-20.283,-995.019,-1551.139
2026-08-11,2357,華碩,1302.177,93.702,1320.847,2716.726
2026-08-11,2359,所羅門,-987.604,0.0,-1319.188,-2306.7920000000004
2026-08-11,2360,致茂,194.821,18.637,189.723,403.181
2026-08-11,2362,藍天,-85.737,1.681,-64.269,-148.325
2026-08-11,2363,矽統,2865.226,-18.729,4673.138,7519.635
2026-08-11,2364,倫飛,-35.424,0.0,-35.424,-70.848
2026-08-11,2365,昆盈,-313.515,0.0,-313.515,-627.03
2026-08-11,2367,燿華,1158.996,-4.187,1052.83,2207.639
2026-08-11,2368,金像電,1450.124,1533.234,1880.044,4863.402
2026-08-11,2369,菱生,363.672,0.0,309.708,673.3800000000001
2026-08-11,2371,大同,-3184.002,-20.884,-3485.094,-6689.98
2026-08-11,2373,震旦行,1.0,0.0,5.0,6.0
2026-08-11,2374,佳能,-908.947,0.0,-912.359,-1821.306
2026-08-11,2375,凱美,-1823.285,0.0,-1730.239,-3553.5240000000003
2026-08-11,2376,技嘉,1050.707,-13.96,803.515,1840.262
2026-08-11,2377,微星,577.695,-2.417,287.797,863.075
2026-08-11,2379,瑞昱,314.491,32.009,328.831,675.331
2026-08-11,2380,虹光,-1.0,0.0,-1.0,-2.0
2026-08-11,2382,廣達,-1441.579,205.224,-1583.099,-2819.454
2026-08-11,2383,台光電,260.365,118.203,238.547,617.115
2026-08-11,2385,群光,1314.63,14.011,1358.752,2687.393
2026-08-11,2387,精元,-372.0,0.0,-371.334,-743.3340000000001
2026-08-11,2388,威盛,-0.666,-20.062,-336.362,-357.09000000000003
2026-08-11,2390,云辰,-78.879,0.0,-64.879,-143.758
2026-08-11,2392,正崴,1755.075,0.0,2394.173,4149.248
2026-08-11,2393,億光,1337.287,-3.507,1439.029,2772.809
2026-08-11,2395,研華,-69.193,2.428,-135.985,-202.75
2026-08-11,2397,友通,-239.44,0.0,-246.196,-485.636
2026-08-11,2399,映泰,125.09,0.0,121.894,246.984
2026-08-11,2401,凌陽,-461.988,0.0,-310.882,-772.87
2026-08-11,2402,毅嘉,112.66,0.0,104.352,217.012
2026-08-11,2404,漢唐,-200.678,-5.485,-242.904,-449.067
2026-08-11,2405,輔信,-109.001,0.0,-109.001,-218.002
2026-08-11,2406,國碩,-596.244,0.0,-584.816,-1181.06
2026-08-11,2408,南亞科,15172.885,312.952,14831.683,30317.52
2026-08-11,2409,友達,-56259.294,113.196,-64912.836,-121058.934
2026-08-11,2412,中華電,-1682.433,29.963,-1618.405,-3270.875
2026-08-11,2413,環科,-287.469,0.0,-237.971,-525.44
2026-08-11,2414,精技,-900.0,0.0,-894.0,-1794.0
2026-08-11,2415,錩新,16.0,0.0,14.8,30.8
2026-08-11,2417,圓剛,-1537.01,0.0,-1541.01,-3078.02
2026-08-11,2419,仲琦,-14.86,0.0,-14.866,-29.726
2026-08-11,2420,新巨,274.127,0.0,284.581,558.7080000000001
2026-08-11,2421,建準,247.938,-43.087,298.874,503.725
2026-08-11,2423,固緯,17.0,0.0,15.0,32.0
2026-08-11,2424,隴華,-11.0,0.0,-11.0,-22.0
2026-08-11,2425,承啟,-1060.356,0.0,-1070.356,-2130.712
2026-08-11,2426,鼎元,-218.257,0.0,-303.701,-521.9580000000001
2026-08-11,2427,三商電,-182.574,0.0,-160.574,-343.148
2026-08-11,2428,興勤,-161.353,0.324,61.611,-99.418
2026-08-11,2429,銘旺科,46.0,0.0,46.0,92.0
2026-08-11,2430,燦坤,-11.0,0.0,-11.0,-22.0
2026-08-11,2431,聯昌,96.0,0.0,94.0,190.0
2026-08-11,2432,倚天酷碁-創,1.0,0.0,-2.552,-1.552
2026-08-11,2433,互盛電,-5.0,0.0,-1.0,-6.0
2026-08-11,2434,統懋,7.0,0.0,-1.0,6.0
2026-08-11,2436,偉詮電,162.325,-157.0,-213.093,-207.768
2026-08-11,2438,翔耀,-104.0,0.0,-78.0,-182.0
2026-08-11,2439,美律,9.139,0.0,166.919,176.05800000000002
2026-08-11,2440,太空梭,-126.001,0.0,-112.001,-238.002
2026-08-11,2441,超豐,1226.236,-20.234,1380.714,2586.7160000000003
2026-08-11,2442,新美齊,-88.0,0.0,-132.0,-220.0
2026-08-11,2444,兆勁,-56.0,0.0,-54.0,-110.0
2026-08-11,2449,京元電子,-4933.884,67.217,-4978.114,-9844.781
2026-08-11,2450,神腦,-37.0,0.0,-21.0,-58.0
2026-08-11,2451,創見,-349.276,-22.342,-396.404,-768.0219999999999
2026-08-11,2453,凌群,14.0,0.0,10.0,24.0
2026-08-11,2454,聯發科,837.29,-167.457,1026.656,1696.489
2026-08-11,2455,全新,134.51,41.057,-56.164,119.403
2026-08-11,2457,飛宏,142.975,0.0,138.529,281.504
2026-08-11,2458,義隆,-435.821,-438.933,-450.981,-1325.735
2026-08-11,2459,敦吉,-9.0,0.0,-11.0,-20.0
2026-08-11,2460,建通,-55.0,0.0,-47.0,-102.0
2026-08-11,2461,光群雷,-131.997,0.0,-129.997,-261.994
2026-08-11,2462,良得電,59.0,0.0,58.558,117.558
2026-08-11,2464,盟立,3281.935,0.539,3495.227,6777.701
2026-08-11,2465,麗臺,-692.134,0.0,-680.928,-1373.062
2026-08-11,2466,冠西電,-944.882,0.0,-940.884,-1885.766
2026-08-11,2467,志聖,-288.544,-0.018,-325.522,-614.084
2026-08-11,2468,華經,-75.98,0.0,-73.98,-149.96
2026-08-11,2471,資通,45.014,0.0,65.014,110.028
2026-08-11,2472,立隆電,-1524.187,0.405,-1561.167,-3084.949
2026-08-11,2474,可成,2347.533,28.015,2586.703,4962.251
2026-08-11,2476,鉅祥,-85.365,0.0,102.349,16.98400000000001
2026-08-11,2477,美隆電,12.0,0.0,12.0,24.0
2026-08-11,2478,大毅,-6525.133,0.0,-6399.181,-12924.313999999998
2026-08-11,2480,敦陽科,-81.967,-1.0,-82.059,-165.026
2026-08-11,2481,強茂,-255.282,860.24,-282.76,322.198
2026-08-11,2482,連宇,-63.0,0.0,-61.978,-124.978
2026-08-11,2483,百容,-18.172,0.0,7.828,-10.344
2026-08-11,2484,希華,-310.525,0.0,-291.859,-602.384
2026-08-11,2485,兆赫,-803.967,0.0,-695.661,-1499.628
2026-08-11,2486,一詮,-209.929,0.0,-186.913,-396.842
2026-08-11,2488,漢平,13.0,0.0,13.0,26.0
2026-08-11,2489,瑞軒,187.578,0.0,89.95,277.528
2026-08-11,2491,吉祥全,-31.8,0.0,-35.8,-67.6
2026-08-11,2492,華新科,-3997.365,605.776,-5749.615,-9141.204
2026-08-11,2493,揚博,132.0,0.0,285.948,417.948
2026-08-11,2495,普安,-47.424,0.0,-49.5,-96.924
2026-08-11,2496,卓越,-1.0,0.0,3.0,2.0
2026-08-11,2497,怡利電,-46.0,0.0,-67.326,-113.326
2026-08-11,2498,宏達電,-98.201,-1.485,-196.297,-295.983
2026-08-11,2501,國建,1138.05,0.0,1163.43,2301.48
2026-08-11,2504,國產,156.0,-25.04,102.0,232.96
2026-08-11,2505,國揚,-45.0,0.0,-45.0,-90.0
2026-08-11,2506,太設,-11.0,0.0,-23.0,-34.0
2026-08-11,2509,全坤建,-32.0,0.0,-16.0,-48.0
2026-08-11,2511,太子,-385.0,0.0,-355.0,-740.0
2026-08-11,2514,龍邦,3.0,0.0,7.0,10.0
2026-08-11,2515,中工,1189.295,0.0,1097.295,2286.59
2026-08-11,2516,新建,-4.002,0.0,-4.002,-8.004
2026-08-11,2520,冠德,-201.501,0.0,-181.917,-383.418
2026-08-11,2524,京城,-15.0,0.0,21.0,6.0
2026-08-11,2527,宏璟,-371.871,0.0,-371.871,-743.742
2026-08-11,2528,皇普,46.0,0.0,52.0,98.0
2026-08-11,2530,華建,19.0,-20.0,19.0,18.0
2026-08-11,2534,宏盛,-34.699,0.0,1.301,-33.398
2026-08-11,2535,達欣工,-259.483,0.0,-201.407,-460.89
2026-08-11,2536,宏普,-83.563,0.0,-71.563,-155.126
2026-08-11,2537,聯上發,-185.0,0.0,-207.0,-392.0
2026-08-11,2538,基泰,-226.0,0.0,-226.0,-452.0
2026-08-11,2539,櫻花建,-1071.801,-0.615,-1071.801,-2144.217
2026-08-11,2540,愛山林,-334.0,-6.923,-430.0,-770.923
2026-08-11,2542,興富發,233.873,513.051,221.873,968.797
2026-08-11,2543,皇昌,316.955,-0.493,357.109,673.5709999999999
2026-08-11,2545,皇翔,144.188,0.0,150.188,294.376
2026-08-11,2546,根基,-72.001,-1.0,-16.849,-89.85000000000001
2026-08-11,2547,日勝生,-617.0,0.0,-559.564,-1176.564
2026-08-11,2548,華固,-441.477,-4.209,-405.879,-851.565
2026-08-11,2596,綠意,-4.0,-4.0,0.0,-4.0
2026-08-11,2597,潤弘,60.359,-1.342,18.867,77.884
2026-08-11,2601,益航,-2.89,0.0,-68.89,-71.78
2026-08-11,2603,長榮,7309.417,45.698,7528.479,14883.594
2026-08-11,2605,新興,2.597,0.0,-0.961,1.636
2026-08-11,2606,裕民,206.8,-8.427,116.21,314.583
2026-08-11,2607,榮運,64.0,-9.541,64.0,118.459
2026-08-11,2608,嘉里大榮,-115.531,0.0,-107.541,-223.072
2026-08-11,2609,陽明,6857.545,40.98,7928.895,14827.42
2026-08-11,2610,華航,-26705.734,89.735,-27596.698,-54212.697
2026-08-11,2611,志信,-94.001,0.0,-96.001,-190.002
2026-08-11,2612,中航,-26.0,0.0,-18.004,-44.004000000000005
2026-08-11,2613,中櫃,-15.0,0.0,-15.0,-30.0
2026-08-11,2614,東森,-170.507,0.0,-170.507,-341.014
2026-08-11,2615,萬海,4318.608,-17.734,4798.96,9099.834
2026-08-11,2616,山隆,-13.0,0.0,-13.314,-26.314
2026-08-11,2617,台航,-302.0,0.0,-295.612,-597.6120000000001
2026-08-11,2618,長榮航,-2470.236,-5.1,-3048.99,-5524.325999999999
2026-08-11,2630,亞航,-432.28,0.0,-373.198,-805.478
2026-08-11,2633,台灣高鐵,-5353.9,491.97,-5354.94,-10216.87
2026-08-11,2634,漢翔,-808.463,-7.02,194.379,-621.1039999999999
2026-08-11,2636,台驊控股,283.51,0.0,275.21,558.72
2026-08-11,2637,慧洋-KY,10.738,-6.167,17.728,22.299
2026-08-11,2640,大車隊,-2.0,-1.417,0.0,-1.417
2026-08-11,2641,正德,94.998,94.998,0.0,94.998
2026-08-11,2642,宅配通,-2.0,0.0,-2.0,-4.0
2026-08-11,2643,捷迅,-1.0,-1.0,0.0,-1.0
2026-08-11,2645,長榮航太,-962.281,-3.559,-951.649,-1917.489
2026-08-11,2646,星宇航空,-1170.752,-14.304,-1174.752,-2359.808
2026-08-11,2701,萬企,-2.0,0.0,-2.0,-4.0
2026-08-11,2702,華園,-2.0,0.0,-2.0,-4.0
2026-08-11,2704,國賓,-14.0,0.0,6.0,-8.0
2026-08-11,2705,六福,-21.002,0.0,-21.002,-42.004
2026-08-11,2706,第一店,-10.0,0.0,-10.0,-20.0
2026-08-11,2707,晶華,37.365,-1.0,-6.789,29.576
2026-08-11,2712,遠雄來,-1.0,0.0,-1.0,-2.0
2026-08-11,2719,燦星旅,-1.0,-1.667,0.0,-1.667
2026-08-11,2722,夏都,1.0,0.0,3.0,4.0
2026-08-11,2723,美食-KY,-144.0,0.0,-144.234,-288.23400000000004
2026-08-11,2726,雅茗-KY,0.0,-0.02,0.0,-0.02
2026-08-11,2727,王品,-54.253,0.0,-65.877,-120.13
2026-08-11,2731,雄獅,-10.019,-51.0,21.109,-39.91
2026-08-11,2732,六角,-3.0,-3.01,0.0,-3.01
2026-08-11,2734,易飛網,-2.0,-1.696,0.0,-1.696
2026-08-11,2739,寒舍,6.0,0.0,6.0,12.0
2026-08-11,2743,山富,18.0,18.299,0.0,18.299
2026-08-11,2745,五福,-34.0,-34.167,0.0,-34.167
2026-08-11,2748,雲品,-19.0,0.0,-19.0,-38.0
2026-08-11,2753,八方雲集,-2.08,-1.0,-4.218,-7.298
2026-08-11,2754,亞洲藏壽司,4.0,3.645,0.0,3.645
2026-08-11,2755,揚秦,2.0,2.109,0.0,2.109
2026-08-11,2756,聯發國際,0.0,-0.155,0.0,-0.155
2026-08-11,2762,世界健身-KY,-74.0,0.0,-80.0,-154.0
2026-08-11,2801,彰銀,-7649.05,-863.357,-7570.15,-16082.557
2026-08-11,2812,台中銀,-7280.279,-7.011,-7033.203,-14320.493000000002
2026-08-11,2816,旺旺保,-32.0,0.0,-32.0,-64.0
2026-08-11,2820,華票,-2705.57,0.0,-2709.57,-5415.14
2026-08-11,2832,台產,1.0,0.0,-14.564,-13.564
2026-08-11,2834,臺企銀,-18305.788,-36.363,-18233.87,-36576.021
2026-08-11,2836,高雄銀,-505.0,0.0,-505.0,-1010.0
2026-08-11,2838,聯邦銀,-2829.74,-15.134,-2764.436,-5609.31
2026-08-11,2845,遠東銀,-1742.255,-41.142,-1742.255,-3525.652
2026-08-11,2849,安泰銀,30.0,3.769,-44.0,-10.231000000000002
2026-08-11,2850,新產,-40.356,-1.358,-38.356,-80.07
2026-08-11,2851,中再保,-48.0,-20.0,-98.784,-166.784
2026-08-11,2852,第一保,-127.0,0.0,-101.0,-228.0
2026-08-11,2855,統一證,-1155.237,976.061,-1155.237,-1334.413
2026-08-11,2867,三商壽,-757.0,-35.063,-113.0,-905.063
2026-08-11,2880,華南金,-9608.929,6093.027,-9809.669,-13325.571
2026-08-11,2881,富邦金,751.263,-15.891,531.699,1267.071
2026-08-11,2882,國泰金,-42.969,-181.06,-194.849,-418.878
2026-08-11,2883,凱基金,68.118,5286.559,-454.756,4899.921
2026-08-11,2884,玉山金,-9675.929,419.191,-10057.685,-19314.423
2026-08-11,2885,元大金,-1258.985,675.601,-1469.293,-2052.677
2026-08-11,2886,兆豐金,-17172.418,2284.761,-17133.234,-32020.891000000003
2026-08-11,2887,台新新光金,-6161.631,10215.396,-7151.237,-3097.472
2026-08-11,2889,國票金,-1972.001,-21.394,-1975.211,-3968.606
2026-08-11,2890,永豐金,3172.106,9.685,3125.598,6307.389
2026-08-11,2891,中信金,4796.813,-260.18,3908.813,8445.446
2026-08-11,2892,第一金,23747.049,-187.329,-3248.707,20311.013
2026-08-11,2897,王道銀行,-1214.0,-34.152,-510.0,-1758.152
2026-08-11,2901,欣欣,-1.0,0.0,-1.0,-2.0
2026-08-11,2903,遠百,-265.967,-18.271,-175.967,-460.205
2026-08-11,2904,匯僑,0.0,0.0,0.0,0.0
2026-08-11,2905,三商,-206.99,0.0,-184.99,-391.98
2026-08-11,2906,高林,-10.0,0.0,-10.0,-20.0
2026-08-11,2908,特力,-39.9,0.0,-41.9,-81.8
2026-08-11,2910,統領,-9.0,0.0,-5.0,-14.0
2026-08-11,2911,麗嬰房,-12.0,0.0,-2.0,-14.0
2026-08-11,2912,統一超,-624.803,0.816,-591.325,-1215.312
2026-08-11,2913,農林,-75.368,0.0,-119.368,-194.736
2026-08-11,2915,潤泰全,-347.269,-5.511,-337.317,-690.097
2026-08-11,2916,滿心,10.0,10.0,0.0,10.0
2026-08-11,2923,鼎固-KY,-76.0,-25.583,-28.0,-129.583
2026-08-11,2926,誠品生活,4.0,4.0,0.0,4.0
2026-08-11,2929,淘帝-KY,85.0,0.0,84.338,169.338
2026-08-11,2937,集雅社,-1.0,-1.0,0.0,-1.0
2026-08-11,2939,永邑-KY,-1.0,0.0,-1.0,-2.0
2026-08-11,2945,三商家購,4.0,0.0,0.0,4.0
2026-08-11,3002,歐格,-10.0,0.0,-10.0,-20.0
2026-08-11,3003,健和興,1429.894,0.0,1285.42,2715.3140000000003
2026-08-11,3004,豐達科,-32.448,-20.0,-22.616,-75.064
2026-08-11,3005,神基,-18.726,-6.096,-116.286,-141.108
2026-08-11,3006,晶豪科,684.619,-9.715,574.747,1249.6509999999998
2026-08-11,3008,大立光,-105.522,-23.022,-128.63,-257.174
2026-08-11,3010,華立,123.191,-1.109,143.403,265.485
2026-08-11,3011,今皓,-33.0,0.0,-35.0,-68.0
2026-08-11,3013,晟銘電,95.831,0.0,86.913,182.744
2026-08-11,3014,聯陽,-220.0,-2.0,-239.924,-461.924
2026-08-11,3015,全漢,-33.0,-2.0,-35.89,-70.89
2026-08-11,3016,嘉晶,-806.439,0.681,-851.247,-1657.005
2026-08-11,3017,奇鋐,-5.669,-19.858,292.767,267.24
2026-08-11,3018,隆銘綠能,-1.0,0.0,-1.0,-2.0
2026-08-11,3019,亞光,259.639,-2.589,758.111,1015.161
2026-08-11,3021,鴻名,30.0,0.0,26.0,56.0
2026-08-11,3022,威強電,232.928,0.0,-98.14,134.788
2026-08-11,3023,信邦,544.241,-25.086,-63.555,455.6
2026-08-11,3024,憶聲,-157.0,0.0,-161.0,-318.0
2026-08-11,3025,星通,-15.0,0.0,-15.004,-30.004
2026-08-11,3026,禾伸堂,-5698.967,1491.0,-5785.849,-9993.816
2026-08-11,3027,盛達,34.0,0.0,33.892,67.892
2026-08-11,3028,增你強,793.101,0.0,733.111,1526.212
2026-08-11,3029,零壹,-41.485,-1.0,-37.817,-80.30199999999999
2026-08-11,3030,德律,108.717,-1.832,121.969,228.854
2026-08-11,3031,佰鴻,-54.945,0.0,-48.945,-103.89
2026-08-11,3032,偉訓,-141.909,0.0,-174.771,-316.67999999999995
2026-08-11,3033,威健,3085.821,-1.0,3022.563,6107.384
2026-08-11,3034,聯詠,249.454,-2.204,144.84,392.09
2026-08-11,3035,智原,-174.31,-2.029,-393.016,-569.355
2026-08-11,3036,文曄,397.309,53.784,-573.217,-122.12399999999997
2026-08-11,3037,欣興,904.23,-67.792,821.592,1658.03
2026-08-11,3038,全台,-88.0,0.0,-88.0,-176.0
2026-08-11,3040,遠見,5.0,0.0,5.0,10.0
2026-08-11,3041,揚智,-595.087,0.0,-591.131,-1186.2179999999998
2026-08-11,3042,晶技,-478.579,-122.193,-409.365,-1010.137
2026-08-11,3043,科風,-7.003,0.0,-3.003,-10.006
2026-08-11,3044,健鼎,-1237.944,453.717,-1129.152,-1913.379
2026-08-11,3045,台灣大,-1945.725,122.264,-1538.933,-3362.394
2026-08-11,3046,建碁,179.977,0.0,187.977,367.954
2026-08-11,3047,訊舟,-93.0,0.0,-97.124,-190.124
2026-08-11,3048,益登,1181.158,0.0,1378.868,2560.026
2026-08-11,3049,精金,-97.99,0.0,-97.99,-195.98
2026-08-11,3050,鈺德,56.0,0.0,56.0,112.0
2026-08-11,3051,力特,67.001,0.0,71.001,138.002
2026-08-11,3052,夆典,131.0,0.0,131.0,262.0
2026-08-11,3054,立萬利,-22.0,0.0,-22.2,-44.2
2026-08-11,3055,蔚華科,-1282.9,0.0,-1325.572,-2608.472
2026-08-11,3056,富華新,-38.598,0.0,-38.598,-77.196
2026-08-11,3057,喬鼎,-25.0,0.0,-15.842,-40.842
2026-08-11,3058,立德,17.0,0.0,31.0,48.0
2026-08-11,3059,華晶科,138.963,0.0,126.341,265.304
2026-08-11,3060,銘異,-170.901,0.0,-170.407,-341.308
2026-08-11,3062,建漢,209.046,0.0,204.544,413.59
2026-08-11,3066,李洲,28.0,16.426,0.0,16.426
2026-08-11,3071,協禧,-66.27,-66.395,0.0,-66.395
2026-08-11,3073,天方能源,-40.0,-40.425,0.0,-40.425
2026-08-11,3078,僑威,-130.0,-107.005,0.0,-107.005
2026-08-11,3081,聯亞,78.046,116.873,0.0,116.873
2026-08-11,3083,網龍,-58.0,-58.227,0.0,-58.227
2026-08-11,3086,華義*,9.0,8.292,0.0,8.292
2026-08-11,3088,艾訊,-454.059,-500.122,0.0,-500.122
2026-08-11,3090,日電貿,-4372.968,420.872,-4316.92,-8269.016
2026-08-11,3092,鴻碩,20.0,0.0,20.0,40.0
2026-08-11,3093,港建*,-22.0,-22.471,0.0,-22.471
2026-08-11,3094,聯傑,352.15,0.0,352.15,704.3
2026-08-11,3105,穩懋,-3759.424,-3776.855,0.0,-3776.855
2026-08-11,3114,好德,-54.042,-54.997,0.0,-54.997
2026-08-11,3115,富榮綱,-0.001,-0.001,0.0,-0.001
2026-08-11,3118,進階,0.0,-0.001,0.0,-0.001
2026-08-11,3122,笙泉,-3.001,-2.688,0.0,-2.688
2026-08-11,3128,昇銳,56.998,56.998,0.0,56.998
2026-08-11,3130,一零四,-33.355,0.0,-31.355,-64.71
2026-08-11,3131,弘塑,136.51,118.284,0.0,118.284
2026-08-11,3135,凌航,63.554,0.0,-3.324,60.23
2026-08-11,3138,耀登,-7.256,0.0,9.342,2.0860000000000003
2026-08-11,3141,晶宏,60.411,32.193,0.0,32.193
2026-08-11,3147,大綜,-102.0,-111.934,0.0,-111.934
2026-08-11,3149,正達,-2176.074,0.0,-2201.908,-4377.982
2026-08-11,3150,鈺寶-創,9.0,0.0,15.06,24.06
2026-08-11,3152,璟德,15.4,4.798,0.0,4.798
2026-08-11,3162,精確,-45.94,-46.026,0.0,-46.026
2026-08-11,3163,波若威,-321.883,-348.429,0.0,-348.429
2026-08-11,3164,景岳,3.0,0.0,3.0,6.0
2026-08-11,3167,大量,-25.001,0.0,-1.439,-26.44
2026-08-11,3168,眾福科,-8.0,0.0,-8.0,-16.0
2026-08-11,3169,亞信,13.0,12.978,0.0,12.978
2026-08-11,3171,炎洲流通,2.0,2.0,0.0,2.0
2026-08-11,3176,基亞,-19.127,-19.127,0.0,-19.127
2026-08-11,3178,公準,-14.0,-14.54,0.0,-14.54
2026-08-11,3188,鑫龍騰,12.0,11.916,0.0,11.916
2026-08-11,3189,景碩,208.994,-0.614,1014.358,1222.7379999999998
2026-08-11,3191,雲嘉南,3.0,3.0,0.0,3.0
2026-08-11,3205,佰研,4.0,4.0,0.0,4.0
2026-08-11,3206,志豐,37.0,37.003,0.0,37.003
2026-08-11,3207,耀勝,32.0,30.991,0.0,30.991
2026-08-11,3209,全科,600.0,0.0,595.318,1195.318
2026-08-11,3211,順達,-1950.681,2014.438,0.0,2014.438
2026-08-11,3213,茂訊,22.118,21.675,0.0,21.675
2026-08-11,3217,優群,-113.0,-112.42,0.0,-112.42
2026-08-11,3218,大學光,72.547,72.892,0.0,72.892
2026-08-11,3219,倚強科,102.143,106.264,0.0,106.264
2026-08-11,3221,台嘉碩,123.51,127.943,0.0,127.943
2026-08-11,3224,三顧,-1.0,-1.0,0.0,-1.0
2026-08-11,3226,龍鋒,1.0,2.0,0.0,2.0
2026-08-11,3227,原相,237.0,-72.895,0.0,-72.895
2026-08-11,3228,金麗科,12.15,8.686,0.0,8.686
2026-08-11,3229,晟鈦,-377.0,0.0,-377.26,-754.26
2026-08-11,3230,錦明,3.0,2.594,0.0,2.594
2026-08-11,3231,緯創,-374.274,629.075,-338.406,-83.60499999999996
2026-08-11,3232,昱捷,5.0,4.947,0.0,4.947
2026-08-11,3234,光環,280.79,277.511,0.0,277.511
2026-08-11,3236,千如,-89.144,-13.302,0.0,-13.302
2026-08-11,3252,海灣,0.0,0.0,0.0,0.0
2026-08-11,3257,虹冠電,-28.0,0.0,-28.0,-56.0
2026-08-11,3259,鑫創,-3.0,-3.155,0.0,-3.155
2026-08-11,3260,威剛,-442.106,-429.164,0.0,-429.164
2026-08-11,3264,欣銓,-378.192,928.776,0.0,928.776
2026-08-11,3265,台星科,36.19,16.56,0.0,16.56
2026-08-11,3266,昇陽,-8.0,0.0,-8.0,-16.0
2026-08-11,3268,海德威,-8.001,-5.991,0.0,-5.991
2026-08-11,3272,東碩,0.0,-0.05,0.0,-0.05
2026-08-11,3276,宇環,-120.001,-120.343,0.0,-120.343
2026-08-11,3284,太普高,-2.0,-2.0,0.0,-2.0
2026-08-11,3285,微端,-10.0,-9.846,0.0,-9.846
2026-08-11,3287,廣寰科,-13.0,-13.0,0.0,-13.0
2026-08-11,3288,點晶,-2.0,-2.01,0.0,-2.01
2026-08-11,3289,宜特,-67.164,-83.361,0.0,-83.361
2026-08-11,3290,東浦,27.999,25.953,0.0,25.953
2026-08-11,3293,鈊象,997.692,1038.863,0.0,1038.863
2026-08-11,3294,英濟,85.386,85.347,0.0,85.347
2026-08-11,3296,勝德,-8.0,0.0,-6.0,-14.0
2026-08-11,3297,杭特,13.0,13.0,0.0,13.0
2026-08-11,3303,岱稜,-341.91,-341.136,0.0,-341.136
2026-08-11,3305,昇貿,-799.0,0.0,-929.878,-1728.8780000000002
2026-08-11,3306,鼎天,39.0,39.2,0.0,39.2
2026-08-11,3308,聯德,1.0,0.0,-0.84,0.16
2026-08-11,3310,佳穎,32.0,32.158,0.0,32.158
2026-08-11,3311,閎暉,-12.0,0.0,-14.0,-26.0
2026-08-11,3312,弘憶股,-3.0,0.0,-7.358,-10.358
2026-08-11,3313,斐成,-2.0,-2.506,0.0,-2.506
2026-08-11,3317,尼克森,16.957,17.407,0.0,17.407
2026-08-11,3321,同泰,12.95,0.0,14.95,27.9
2026-08-11,3322,建舜電,-29.8,-29.809,0.0,-29.809
2026-08-11,3323,加百裕,109.043,113.043,0.0,113.043
2026-08-11,3324,雙鴻,415.504,503.932,0.0,503.932
2026-08-11,3325,旭品,-26.003,-26.067,0.0,-26.067
2026-08-11,3338,泰碩,23.47,0.0,24.426,47.896
2026-08-11,3339,泰谷,-99.912,-99.618,0.0,-99.618
2026-08-11,3346,麗清,78.0,0.0,78.0,156.0
2026-08-11,3349,寶德,-7.0,-7.0,0.0,-7.0
2026-08-11,3354,律勝,4.0,3.85,0.0,3.85
2026-08-11,3356,奇偶,122.915,0.0,125.173,248.088
2026-08-11,3357,臺慶科,-997.2,-974.716,0.0,-974.716
2026-08-11,3360,尚立,-21.0,-21.0,0.0,-21.0
2026-08-11,3362,先進光,21.97,17.97,0.0,17.97
2026-08-11,3363,上詮,-678.448,-722.717,0.0,-722.717
2026-08-11,3372,典範,-56.0,-86.118,0.0,-86.118
2026-08-11,3373,熱映,5.0,5.0,0.0,5.0
2026-08-11,3374,精材,-1314.551,-1016.436,0.0,-1016.436
2026-08-11,3376,新日興,24.749,-1.663,-63.317,-40.231
2026-08-11,3379,彬台,-82.0,-81.529,0.0,-81.529
2026-08-11,3380,明泰,-243.977,0.0,-166.747,-410.7240000000001
2026-08-11,3388,崇越電,74.0,65.103,0.0,65.103
2026-08-11,3390,旭軟,-75.095,-75.092,0.0,-75.092
2026-08-11,3402,漢科,-66.615,-69.205,0.0,-69.205
2026-08-11,3406,玉晶光,108.511,-3.238,91.279,196.552
2026-08-11,3413,京鼎,-113.0,-1.469,-137.37,-251.839
2026-08-11,3416,融程電,-197.508,0.0,-213.842,-411.35
2026-08-11,3419,譁裕,-20.0,0.0,-18.0,-38.0
2026-08-11,3430,奇鈦科,-147.66,-147.172,0.0,-147.172
2026-08-11,3432,台端,2.0,0.0,2.0,4.0
2026-08-11,3434,哲固,-32.0,-32.098,0.0,-32.098
2026-08-11,3437,榮創,-95.003,0.0,-93.003,-188.006
2026-08-11,3438,類比科,-12.91,-12.912,0.0,-12.912
2026-08-11,3441,聯一光,-208.0,-208.017,0.0,-208.017
2026-08-11,3443,創意,164.137,15.553,266.153,445.843
2026-08-11,3444,利機,-52.055,-51.238,0.0,-51.238
2026-08-11,3447,展達,0.0,0.0,0.0,0.0
2026-08-11,3450,聯鈞,-17.01,550.904,163.642,697.5360000000001
2026-08-11,3455,由田,-44.304,-51.009,0.0,-51.009
2026-08-11,3465,進泰電子,-1.0,-1.0,0.0,-1.0
2026-08-11,3466,德晉,-6.001,-5.893,0.0,-5.893
2026-08-11,3467,台灣精材,4.0,4.169,0.0,4.169
2026-08-11,3479,安勤,-391.719,-400.405,0.0,-400.405
2026-08-11,3481,群創,-12042.141,-60.103,-20586.167,-32688.411
2026-08-11,3483,力致,35.87,36.786,0.0,36.786
2026-08-11,3484,崧騰,4.0,12.405,0.0,12.405
2026-08-11,3485,敘豐,23.4,23.4,0.0,23.4
2026-08-11,3489,森寶,-3.0,-3.0,0.0,-3.0
2026-08-11,3490,單井,-19.0,-13.0,0.0,-13.0
2026-08-11,3491,昇達科,112.57,120.511,0.0,120.511
2026-08-11,3492,長盛,-1.0,-1.0,0.0,-1.0
2026-08-11,3494,誠研,-5.0,0.0,-5.0,-10.0
2026-08-11,3498,陽程,-178.603,-193.796,0.0,-193.796
2026-08-11,3499,環天科,0.0,-0.064,0.0,-0.064
2026-08-11,3501,維熹,5.0,0.0,9.0,14.0
2026-08-11,3504,揚明光,43.0,0.0,48.242,91.242
2026-08-11,3508,位速,4.998,4.998,0.0,4.998
2026-08-11,3511,矽瑪,-1.5,-1.214,0.0,-1.214
2026-08-11,3512,皇龍,-2.0,-2.0,0.0,-2.0
2026-08-11,3515,華擎,-253.675,0.0,-221.615,-475.29
2026-08-11,3516,亞帝歐,0.0,-1.0,0.0,-1.0
2026-08-11,3518,柏騰,-38.0,0.0,-56.094,-94.094
2026-08-11,3520,華盈,-145.199,-145.199,0.0,-145.199
2026-08-11,3521,台鋼建設,-3.0,-3.0,0.0,-3.0
2026-08-11,3522,御嵿,6.0,6.972,0.0,6.972
2026-08-11,3526,凡甲,-121.53,-126.872,0.0,-126.872
2026-08-11,3527,聚積,9.0,8.756,0.0,8.756
2026-08-11,3528,安馳,41.67,0.0,48.776,90.446
2026-08-11,3529,力旺,-175.302,-188.254,0.0,-188.254
2026-08-11,3530,晶相光,-4.0,0.0,-4.3,-8.3
2026-08-11,3531,先益,0.0,-7.0,0.0,-7.0
2026-08-11,3532,台勝科,482.632,-1289.392,708.886,-97.87400000000002
2026-08-11,3533,嘉澤,-138.685,-1.194,-145.535,-285.414
2026-08-11,3535,晶彩科,53.0,0.0,44.236,97.236
2026-08-11,3537,堡達,46.073,63.879,0.0,63.879
2026-08-11,3540,曜越,-46.001,-45.096,0.0,-45.096
2026-08-11,3541,西柏,0.0,-0.767,0.0,-0.767
2026-08-11,3543,州巧,-267.6,0.0,-267.6,-535.2
2026-08-11,3545,敦泰,-57.694,-5.0,-58.518,-121.212
2026-08-11,3546,宇峻,-125.1,-121.471,0.0,-121.471
2026-08-11,3548,兆利,18.0,17.949,0.0,17.949
2026-08-11,3550,聯穎,-21.68,0.0,-22.194,-43.874
2026-08-11,3551,世禾,-27.92,-28.482,0.0,-28.482
2026-08-11,3552,同致,7.0,7.0,0.0,7.0
2026-08-11,3555,博士旺,0.0,-1.311,0.0,-1.311
2026-08-11,3556,禾瑞亞,15.912,17.912,0.0,17.912
2026-08-11,3557,嘉威,1.0,0.0,-1.0,0.0
2026-08-11,3558,神準,13.06,15.977,0.0,15.977
2026-08-11,3563,牧德,-109.715,-0.768,-119.491,-229.974
2026-08-11,3564,其陽,3.0,2.875,0.0,2.875
2026-08-11,3567,逸昌,-2.0,-1.968,0.0,-1.968
2026-08-11,3570,大塚,-22.0,-21.351,0.0,-21.351
2026-08-11,3576,聯合再生,1210.873,-6.181,1228.873,2433.565
2026-08-11,3577,泓格,-26.35,-29.699,0.0,-29.699
2026-08-11,3580,友威科,-34.001,-33.141,0.0,-33.141
2026-08-11,3581,博磊,27.089,28.904,0.0,28.904
2026-08-11,3583,辛耘,120.112,-135.39,97.102,81.82400000000001
2026-08-11,3587,閎康,56.532,48.011,0.0,48.011
2026-08-11,3588,通嘉,-104.011,0.0,-104.011,-208.022
2026-08-11,3591,艾笛森,-3.9,0.0,0.1,-3.8
2026-08-11,3592,瑞鼎,-328.608,-2.0,-330.608,-661.216
2026-08-11,3594,磐儀,-60.1,-62.824,0.0,-62.824
2026-08-11,3596,智易,-2015.834,-1.913,-2026.444,-4044.191
2026-08-11,3597,映興,-1.0,-1.0,0.0,-1.0
2026-08-11,3605,宏致,498.435,0.0,755.003,1253.438
2026-08-11,3607,谷崧,-65.0,0.0,-73.0,-138.0
2026-08-11,3609,三一東林,-7.0,-6.778,0.0,-6.778
2026-08-11,3611,鼎翰,-33.493,-33.526,0.0,-33.526
2026-08-11,3615,安可,119.016,119.346,0.0,119.346
2026-08-11,3617,碩天,-18.0,0.0,-28.256,-46.256
2026-08-11,3622,洋華,65.0,0.0,65.1,130.1
2026-08-11,3623,富晶通,-2.0,-2.568,0.0,-2.568
2026-08-11,3624,光頡,-3831.93,-3672.179,0.0,-3672.179
2026-08-11,3625,西勝,57.158,56.737,0.0,56.737
2026-08-11,3628,盈正,8.0,8.0,0.0,8.0
2026-08-11,3630,新鉅科,-75.0,-76.0,0.0,-76.0
2026-08-11,3631,晟楠,31.0,31.011,0.0,31.011
2026-08-11,3645,達邁,-258.428,0.0,-293.832,-552.26
2026-08-11,3646,艾恩特,-0.001,-0.001,0.0,-0.001
2026-08-11,3652,精聯,-58.939,0.0,-50.939,-109.878
2026-08-11,3653,健策,117.186,-132.944,230.288,214.53000000000003
2026-08-11,3661,世芯-KY,722.258,-327.021,855.406,1250.643
2026-08-11,3663,鑫科,7.04,4.05,0.0,4.05
2026-08-11,3665,貿聯-KY,251.73,-732.097,243.97,-236.397
2026-08-11,3666,光耀,-0.001,-0.001,0.0,-0.001
2026-08-11,3669,圓展,-76.0,0.0,-72.0,-148.0
2026-08-11,3672,康聯訊,0.0,2.058,0.0,2.058
2026-08-11,3673,TPK-KY,-510.484,0.0,-383.462,-893.9459999999999
2026-08-11,3675,德微,-34.264,-38.076,0.0,-38.076
2026-08-11,3679,新至陞,11.0,0.0,5.0,16.0
2026-08-11,3680,家登,-103.561,-145.059,0.0,-145.059
2026-08-11,3684,榮昌,1.0,1.39,0.0,1.39
2026-08-11,3685,元創精密,-65.0,-65.177,0.0,-65.177
2026-08-11,3686,達能,-27.001,0.0,-29.001,-56.002
2026-08-11,3687,歐買尬,3.0,3.0,0.0,3.0
2026-08-11,3689,湧德,-109.762,-112.926,0.0,-112.926
2026-08-11,3691,碩禾,-48.5,-44.181,0.0,-44.181
2026-08-11,3693,營邦,-11.0,-30.564,0.0,-30.564
2026-08-11,3694,海華,-315.0,0.0,-329.002,-644.002
2026-08-11,3701,大眾控,-106.0,0.0,-85.98,-191.98
2026-08-11,3702,大聯大,-4024.157,8.526,-4234.863,-8250.494
2026-08-11,3703,欣陸,-2127.871,0.0,-2238.719,-4366.59
2026-08-11,3704,合勤控,-3610.001,0.0,-3781.783,-7391.784
2026-08-11,3705,永信,11.0,0.0,15.0,26.0
2026-08-11,3706,神達,-4563.561,-6.497,-5023.725,-9593.783
2026-08-11,3707,漢磊,16.771,13.245,0.0,13.245
2026-08-11,3708,上緯投控,45.0,0.0,6.7,51.7
2026-08-11,3709,鑫聯大投控,-1380.56,-1434.451,0.0,-1434.451
2026-08-11,3710,連展投控,44.0,44.0,0.0,44.0
2026-08-11,3711,日月光投控,-124.042,36.144,-1071.784,-1159.682
2026-08-11,3712,永崴投控,179.344,0.0,311.344,490.688
2026-08-11,3713,新晶投控,0.0,-0.035,0.0,-0.035
2026-08-11,3714,富采,-1532.156,-8.636,-2054.49,-3595.282
2026-08-11,3715,定穎投控,-2885.754,-0.982,-2906.006,-5792.742
2026-08-11,3716,中化控股,233.579,0.0,233.579,467.158
2026-08-11,3717,聯嘉投控,534.0,0.0,524.832,1058.832
2026-08-11,4102,永日,10.0,10.005,0.0,10.005
2026-08-11,4104,佳醫,48.0,0.0,29.306,77.306
2026-08-11,4105,東洋,39.232,39.232,0.0,39.232
2026-08-11,4106,雃博,84.888,0.0,86.888,171.776
2026-08-11,4107,邦特,-20.0,-19.184,0.0,-19.184
2026-08-11,4108,懷特,-2.0,0.0,-4.0,-6.0
2026-08-11,4109,加捷生醫,6.0,6.0,0.0,6.0
2026-08-11,4111,濟生,24.0,23.999,0.0,23.999
2026-08-11,4113,聯上,-137.0,-137.465,0.0,-137.465
2026-08-11,4114,健喬,874.062,871.554,0.0,871.554
2026-08-11,4116,明基醫,0.238,0.102,0.0,0.102
2026-08-11,4119,旭富,2.363,0.0,4.243,6.606
2026-08-11,4120,友華,7.0,7.0,0.0,7.0
2026-08-11,4121,優盛,1.0,1.199,0.0,1.199
2026-08-11,4123,晟德,-450.967,-368.919,0.0,-368.919
2026-08-11,4126,太醫,5.0,5.245,0.0,5.245
2026-08-11,4127,天良,40.0,40.033,0.0,40.033
2026-08-11,4128,中天,203.382,208.934,0.0,208.934
2026-08-11,4129,聯合,-6.0,-6.016,0.0,-6.016
2026-08-11,4131,浩泰,6.0,6.0,0.0,6.0
2026-08-11,4133,亞諾法,-11.002,0.0,-21.002,-32.004
2026-08-11,4137,麗豐-KY,18.222,0.0,72.222,90.444
2026-08-11,4138,曜亞,-2.0,-2.0,0.0,-2.0
2026-08-11,4142,國光生,250.999,0.0,172.115,423.114
2026-08-11,4147,中裕,859.68,860.13,0.0,860.13
2026-08-11,4148,全宇生技-KY,15.0,0.0,13.018,28.018
2026-08-11,4153,鈺緯,-4.0,-3.984,0.0,-3.984
2026-08-11,4154,樂威科-KY,-1.0,-1.0,0.0,-1.0
2026-08-11,4155,訊映,-80.0,0.0,-86.0,-166.0
2026-08-11,4157,太景*-KY,463.47,463.009,0.0,463.009
2026-08-11,4160,訊聯基因,-1.0,-0.29,0.0,-0.29
2026-08-11,4161,聿新科,4.0,4.0,0.0,4.0
2026-08-11,4162,智擎,-53.535,-57.988,0.0,-57.988
2026-08-11,4163,鐿鈦,-18.95,-5.656,0.0,-5.656
2026-08-11,4164,承業醫,97.541,0.0,96.651,194.192
2026-08-11,4166,友霖,-58.0,-58.0,0.0,-58.0
2026-08-11,4167,松瑞藥,-224.887,-225.279,0.0,-225.279
2026-08-11,4168,醣聯,-1.0,-1.333,0.0,-1.333
2026-08-11,4169,泰宗,106.166,0.0,108.166,214.332
2026-08-11,4171,瑞基,-1.001,-0.581,0.0,-0.581
2026-08-11,4173,久裕,6.0,5.481,0.0,5.481
2026-08-11,4174,浩鼎,138.568,138.568,0.0,138.568
2026-08-11,4175,杏一,-1.0,-1.0,0.0,-1.0
2026-08-11,4178,永笙-KY,-27.999,0.0,-27.999,-55.998
2026-08-11,4190,佐登-KY,-2.0,0.0,-2.0,-4.0
2026-08-11,4195,基米-創,-14.0,0.0,-26.202,-40.202
2026-08-11,4205,中華食,-1.0,-1.0,0.0,-1.0
2026-08-11,4207,環泰,113.0,113.568,0.0,113.568
2026-08-11,4303,信立,-85.394,-84.7,0.0,-84.7
2026-08-11,4304,勝昱,-2.0,-2.0,0.0,-2.0
2026-08-11,4305,世坤,-4.0,-4.0,0.0,-4.0
2026-08-11,4306,炎洲,-82.001,0.0,-86.001,-168.002
2026-08-11,4401,東隆興,-4.0,-4.018,0.0,-4.018
2026-08-11,4402,郡都開發,0.0,-0.002,0.0,-0.002
2026-08-11,4406,新昕纖,-1.0,-1.0,0.0,-1.0
2026-08-11,4413,飛寶企業,0.0,0.32,0.0,0.32
2026-08-11,4414,如興,-11.0,0.0,-1.0,-12.0
2026-08-11,4416,三圓,-31.0,-31.0,0.0,-31.0
2026-08-11,4417,金洲,178.0,178.062,0.0,178.062
2026-08-11,4419,皇家美食,3.0,3.0,0.0,3.0
2026-08-11,4420,光明,-2.0,-1.2,0.0,-1.2
2026-08-11,4426,利勤,-12.0,0.0,-12.0,-24.0
2026-08-11,4432,銘旺實,-2.0,-2.0,0.0,-2.0
2026-08-11,4433,興采,12.0,11.061,0.0,11.061
2026-08-11,4438,廣越,-3.0,0.0,-3.0,-6.0
2026-08-11,4439,冠星-KY,-1.0,0.0,-1.0,-2.0
2026-08-11,4440,宜新實業,-14.0,0.0,-10.0,-24.0
2026-08-11,4441,振大環球,-60.0,0.0,-44.0,-104.0
2026-08-11,4442,竣邦-KY,-4.949,1.073,0.0,1.073
2026-08-11,4503,金雨,1.1,1.1,0.0,1.1
2026-08-11,4506,崇友,-1.08,-1.08,0.0,-1.08
2026-08-11,4510,高鋒,36.999,35.803,0.0,35.803
2026-08-11,4513,福裕,-101.571,-101.127,0.0,-101.127
2026-08-11,4523,永彰,18.0,17.106,0.0,17.106
2026-08-11,4526,東台,106.0,0.0,99.166,205.166
2026-08-11,4527,方土霖,0.0,3.0,0.0,3.0
2026-08-11,4528,江興鍛,-1.0,-1.324,0.0,-1.324
2026-08-11,4532,瑞智,-849.0,-1.0,-854.906,-1704.906
2026-08-11,4533,協易機,-1039.001,-1040.473,0.0,-1040.473
2026-08-11,4534,慶騰,-96.328,-96.139,0.0,-96.139
2026-08-11,4535,至興,-3.0,-3.0,0.0,-3.0
2026-08-11,4536,拓凱,98.0,0.0,95.442,193.442
2026-08-11,4538,大詠城,3.0,3.0,0.0,3.0
2026-08-11,4540,全球傳動,-2.495,0.0,-3.043,-5.538
2026-08-11,4541,晟田,-974.651,-930.511,0.0,-930.511
2026-08-11,4542,科嶠,224.68,225.115,0.0,225.115
2026-08-11,4543,萬在,7.0,6.4,0.0,6.4
2026-08-11,4545,銘鈺,-7.0,0.0,-5.0,-12.0
2026-08-11,4549,桓達,17.0,17.049,0.0,17.049
2026-08-11,4550,長佳,1.0,0.95,0.0,0.95
2026-08-11,4551,智伸科,-1583.516,261.0,-1586.194,-2908.71
2026-08-11,4552,力達-KY,18.0,0.0,26.0,44.0
2026-08-11,4554,橙的,9.0,9.39,0.0,9.39
2026-08-11,4555,氣立,-36.0,0.0,-32.0,-68.0
2026-08-11,4556,旭然,-14.0,-11.617,0.0,-11.617
2026-08-11,4557,永新-KY,59.0,0.0,59.0,118.0
2026-08-11,4558,寶緯,-6.0,-6.0,0.0,-6.0
2026-08-11,4560,強信-KY,-19.0,0.0,-29.0,-48.0
2026-08-11,4561,健椿,-63.0,-57.4,0.0,-57.4
2026-08-11,4562,穎漢,65.0,0.0,65.0,130.0
2026-08-11,4563,百德,24.0,24.745,0.0,24.745
2026-08-11,4564,元翎,-74.9,0.0,-72.48,-147.38
2026-08-11,4566,時碩工業,-781.361,0.0,-860.493,-1641.854
2026-08-11,4568,科際精密,4.0,4.0,0.0,4.0
2026-08-11,4569,六方科-KY,-12.0,0.0,-8.0,-20.0
2026-08-11,4571,鈞興-KY,-58.971,0.0,-67.547,-126.518
2026-08-11,4572,駐龍,2.0,0.0,2.0,4.0
2026-08-11,4576,大銀微系統,-97.184,0.0,-210.786,-307.97
2026-08-11,4577,達航科技,11.549,11.653,0.0,11.653
2026-08-11,4580,捷流閥業,-97.0,-97.674,0.0,-97.674
2026-08-11,4581,光隆精密-KY,-3.0,0.0,-3.0,-6.0
2026-08-11,4582,聚恆-創,-129.0,0.0,-145.06,-274.06
2026-08-11,4583,台灣精銳,98.0,-0.899,98.0,195.101
2026-08-11,4585,達明,-44.0,-1.374,-47.794,-93.168
2026-08-11,4588,玖鼎電力,12.0,0.0,14.0,26.0
2026-08-11,4590,富田-創,387.84,0.0,385.578,773.4179999999999
2026-08-11,4702,中美實,-11.0,-11.841,0.0,-11.841
2026-08-11,4706,大恭,-2.0,-2.0,0.0,-2.0
2026-08-11,4707,磐亞,554.732,532.391,0.0,532.391
2026-08-11,4711,永純,32.0,23.269,0.0,23.269
2026-08-11,4714,永捷,-77.0,-106.626,0.0,-106.626
2026-08-11,4716,大立,90.54,89.909,0.0,89.909
2026-08-11,4720,德淵,-27.841,0.0,-23.647,-51.488
2026-08-11,4721,美琪瑪,54.997,48.995,0.0,48.995
2026-08-11,4722,國精化,-10.0,0.0,-47.586,-57.586
2026-08-11,4726,永昕,0.0,-0.682,0.0,-0.682
2026-08-11,4728,雙美,4.0,4.0,0.0,4.0
2026-08-11,4729,熒茂,7.0,7.0,0.0,7.0
2026-08-11,4735,豪展,22.999,23.661,0.0,23.661
2026-08-11,4736,泰博,92.0,0.0,92.0,184.0
2026-08-11,4737,華廣,36.0,0.0,36.0,72.0
2026-08-11,4739,康普,115.953,0.0,126.367,242.32
2026-08-11,4741,泓瀚,35.0,34.464,0.0,34.464
2026-08-11,4743,合一,820.992,827.531,0.0,827.531
2026-08-11,4744,皇將,-5.001,-5.001,0.0,-5.001
2026-08-11,4745,合富-KY,4.0,4.685,0.0,4.685
2026-08-11,4746,台耀,220.318,0.0,338.5,558.818
2026-08-11,4747,強生,12.0,15.635,0.0,15.635
2026-08-11,4749,新應材,-22.452,56.181,0.0,56.181
2026-08-11,4754,國碳科,0.0,0.0,0.0,0.0
2026-08-11,4755,三福化,-9.0,0.0,-9.0,-18.0
2026-08-11,4760,勤凱,14.132,16.351,0.0,16.351
2026-08-11,4763,材料*-KY,6002.384,-15.135,6715.46,12702.709
2026-08-11,4764,雙鍵,111.173,0.0,183.577,294.75
2026-08-11,4766,南寶,88.08,-1.433,94.112,180.759
2026-08-11,4767,誠泰科技,-1.0,-1.0,0.0,-1.0
2026-08-11,4768,晶呈科技,13.95,12.877,0.0,12.877
2026-08-11,4770,上品,-75.15,0.0,-75.362,-150.512
2026-08-11,4771,望隼,-43.0,0.0,-41.476,-84.476
2026-08-11,4772,台特化,-400.0,-424.669,0.0,-424.669
2026-08-11,4807,日成-KY,93.0,0.0,99.0,192.0
2026-08-11,4903,聯光通,-1053.0,-1053.0,0.0,-1053.0
2026-08-11,4904,遠傳,-356.831,168.215,-265.265,-453.881
2026-08-11,4905,台聯電,4.0,4.0,0.0,4.0
2026-08-11,4906,正文,408.876,0.0,439.55,848.4259999999999
2026-08-11,4907,富宇,-22.0,-22.138,0.0,-22.138
2026-08-11,4908,前鼎,24.481,-0.799,0.0,-0.799
2026-08-11,4909,新復興,-6.002,-5.619,0.0,-5.619
2026-08-11,4911,德英,1.0,3.0,0.0,3.0
2026-08-11,4912,聯德控股-KY,-28.999,0.0,-20.999,-49.998
2026-08-11,4915,致伸,-732.59,-7.394,-702.722,-1442.706
2026-08-11,4916,事欣科,-761.0,0.0,-759.22,-1520.22
2026-08-11,4919,新唐,101.585,-2.198,-41.625,57.762
2026-08-11,4923,力士,-170.0,-172.265,0.0,-172.265
2026-08-11,4924,欣厚-KY,1.0,1.0,0.0,1.0
2026-08-11,4927,泰鼎-KY,30.766,0.0,43.178,73.94399999999999
2026-08-11,4930,燦星網,-9.0,0.0,-9.0,-18.0
2026-08-11,4931,新盛力,1156.651,1197.89,0.0,1197.89
2026-08-11,4933,友輝,10.0,10.015,0.0,10.015
2026-08-11,4934,太極,-49.001,0.0,-45.001,-94.002
2026-08-11,4935,茂林-KY,5.0,0.0,5.0,10.0
2026-08-11,4938,和碩,-2797.552,3573.433,-3207.868,-2431.987
2026-08-11,4939,亞電,543.739,472.04,0.0,472.04
2026-08-11,4942,嘉彰,-3.0,0.0,-3.0,-6.0
2026-08-11,4946,辣椒,-8.0,-8.859,0.0,-8.859
2026-08-11,4949,有成精密,-143.906,0.0,-144.2,-288.106
2026-08-11,4950,金耘國際,1.0,2.0,0.0,2.0
2026-08-11,4951,精拓科,11.0,10.858,0.0,10.858
2026-08-11,4952,凌通,-69.0,0.0,-67.0,-136.0
2026-08-11,4953,緯致,-52.987,-53.714,0.0,-53.714
2026-08-11,4956,光鋐,0.919,0.0,49.425,50.344
2026-08-11,4958,臻鼎-KY,3147.794,-13.949,4861.23,7995.074999999999
2026-08-11,4960,誠美材,-35.931,0.0,-39.163,-75.094
2026-08-11,4961,天鈺,210.844,0.0,185.652,396.496
2026-08-11,4966,譜瑞-KY,-181.843,-185.688,0.0,-185.688
2026-08-11,4967,十銓,-219.924,-10.0,-352.732,-582.6560000000001
2026-08-11,4968,立積,47.757,0.0,51.889,99.646
2026-08-11,4971,IET-KY,19.586,24.586,0.0,24.586
2026-08-11,4972,湯石照明,-1.0,-1.0,0.0,-1.0
2026-08-11,4973,廣穎,-231.32,-261.457,0.0,-261.457
2026-08-11,4974,亞泰,28.0,28.0,0.0,28.0
2026-08-11,4976,佳凌,-41.94,0.0,-42.04,-83.97999999999999
2026-08-11,4977,眾達-KY,-508.677,0.0,-490.531,-999.208
2026-08-11,4979,華星光,-2119.821,-527.535,0.0,-527.535
2026-08-11,4989,榮科,-1075.811,0.0,-1171.675,-2247.486
2026-08-11,4991,環宇-KY,105.304,88.112,0.0,88.112
2026-08-11,4994,傳奇,-1.0,0.0,-1.0,-2.0
2026-08-11,4995,晶達,25.0,19.0,0.0,19.0
2026-08-11,4999,鑫禾,-22.0,0.0,-21.944,-43.944
2026-08-11,5007,三星,-14.0,0.0,-8.0,-22.0
2026-08-11,5009,榮剛,77.072,-51.758,0.0,-51.758
2026-08-11,5011,久陽,-65.996,-66.49,0.0,-66.49
2026-08-11,5013,強新,5.0,5.0,0.0,5.0
2026-08-11,5014,建錩,234.0,234.019,0.0,234.019
2026-08-11,5015,華祺,-1.0,-0.95,0.0,-0.95
2026-08-11,5202,力新,32.0,32.655,0.0,32.655
2026-08-11,5203,訊連,-123.0,0.0,-122.172,-245.172
2026-08-11,5206,坤悅,-32.0,-31.494,0.0,-31.494
2026-08-11,5209,新鼎,-3.0,-2.0,0.0,-2.0
2026-08-11,5210,寶碩,-6.001,-7.001,0.0,-7.001
2026-08-11,5211,蒙恬,-10.0,-23.116,0.0,-23.116
2026-08-11,5213,亞昕,14.0,14.228,0.0,14.228
2026-08-11,5215,科嘉-KY,-18.955,0.0,9.045,-9.909999999999998
2026-08-11,5220,萬達光電,-5.0,-4.7,0.0,-4.7
2026-08-11,5222,全訊,-39.894,0.0,-36.902,-76.79599999999999
2026-08-11,5223,安力-KY,-1.0,-1.0,0.0,-1.0
2026-08-11,5225,東科-KY,-236.447,0.0,-260.379,-496.826
2026-08-11,5227,立凱-KY,-39.122,-39.122,0.0,-39.122
2026-08-11,5228,鈺鎧,-61.0,-61.476,0.0,-61.476
2026-08-11,5230,雷笛克光學,-32.0,-32.0,0.0,-32.0
2026-08-11,5234,達興材料,-15.0,-1.559,-12.752,-29.311
2026-08-11,5236,凌陽創新,-31.12,0.0,-15.696,-46.816
2026-08-11,5243,乙盛-KY,-216.0,-1.0,-197.658,-414.658
2026-08-11,5244,弘凱,18.0,0.0,18.0,36.0
2026-08-11,5245,智晶,-13.0,-12.481,0.0,-12.481
2026-08-11,5251,天鉞電,2.0,1.515,0.0,1.515
2026-08-11,5258,虹堡,-216.0,0.0,-227.186,-443.186
2026-08-11,5263,智崴,40.0,41.192,0.0,41.192
2026-08-11,5269,祥碩,165.019,0.547,196.121,361.687
2026-08-11,5272,笙科,17.0,16.621,0.0,16.621
2026-08-11,5274,信驊,42.402,39.662,0.0,39.662
2026-08-11,5276,達輝-KY,-1.0,-1.0,0.0,-1.0
2026-08-11,5278,尚凡*,15.0,10.999,0.0,10.999
2026-08-11,5283,禾聯碩,30.199,0.0,30.199,60.398
2026-08-11,5284,jpp-KY,24.868,0.0,43.636,68.504
2026-08-11,5285,界霖,101.0,0.0,109.502,210.502
2026-08-11,5287,數字,-9.86,-9.883,0.0,-9.883
2026-08-11,5288,豐祥-KY,-71.92,0.0,-65.994,-137.914
2026-08-11,5289,宜鼎,-28.801,-44.111,0.0,-44.111
2026-08-11,5291,邑昇,36.0,34.8,0.0,34.8
2026-08-11,5292,華懋,-16.0,0.0,-5.478,-21.478
2026-08-11,5299,杰力,-82.0,-84.163,0.0,-84.163
2026-08-11,5302,太欣,-64.05,-64.101,0.0,-64.101
2026-08-11,5306,桂盟,156.105,0.0,144.105,300.21
2026-08-11,5309,系統電,-283.0,-287.899,0.0,-287.899
2026-08-11,5312,寶島科,-9.0,-9.003,0.0,-9.003
2026-08-11,5314,世紀*,-311.905,-322.036,0.0,-322.036
2026-08-11,5315,光聯,-46.934,-46.934,0.0,-46.934
2026-08-11,5321,美而快,57.025,57.025,0.0,57.025
2026-08-11,5324,士開,334.0,334.001,0.0,334.001
2026-08-11,5328,華容,327.659,327.077,0.0,327.077
2026-08-11,5340,建榮,-12.029,-12.551,0.0,-12.551
2026-08-11,5344,立衛,-5.0,-5.0,0.0,-5.0
2026-08-11,5345,馥鴻,0.0,0.0,0.0,0.0
2026-08-11,5347,世界,1643.615,1256.111,0.0,1256.111
2026-08-11,5351,鈺創,2995.366,3007.637,0.0,3007.637
2026-08-11,5353,台林,-10.0,-9.999,0.0,-9.999
2026-08-11,5355,佳總,-1.0,-1.0,0.0,-1.0
2026-08-11,5356,協益,21.999,21.592,0.0,21.592
2026-08-11,5364,力麗店,-4.0,-4.0,0.0,-4.0
2026-08-11,5371,中光電,-208.757,-70.526,0.0,-70.526
2026-08-11,5381,光譜,-16.8,-16.8,0.0,-16.8
2026-08-11,5386,青雲,-233.975,-345.132,0.0,-345.132
2026-08-11,5388,中磊,-510.549,0.766,-775.349,-1285.132
2026-08-11,5392,能率,-426.91,-437.149,0.0,-437.149
2026-08-11,5398,慕康生醫,0.0,-0.008,0.0,-0.008
2026-08-11,5403,中菲,-4.15,-4.15,0.0,-4.15
2026-08-11,5410,國眾,-37.892,-36.998,0.0,-36.998
2026-08-11,5425,台半,254.03,173.782,0.0,173.782
2026-08-11,5426,振發,61.0,70.275,0.0,70.275
2026-08-11,5432,新門,-1.0,-0.196,0.0,-0.196
2026-08-11,5434,崇越,-249.845,-2.605,-116.891,-369.341
2026-08-11,5438,東友,-8.0,-7.95,0.0,-7.95
2026-08-11,5439,高技,241.882,249.783,0.0,249.783
2026-08-11,5443,均豪,908.655,1069.151,0.0,1069.151
2026-08-11,5450,南良,-19.0,-19.0,0.0,-19.0
2026-08-11,5452,佶優,7.999,-2.303,0.0,-2.303
2026-08-11,5455,昇益,-1.0,-1.0,0.0,-1.0
2026-08-11,5457,宣德,-78.858,-78.289,0.0,-78.289
2026-08-11,5460,同協,-6.0,-5.948,0.0,-5.948
2026-08-11,5464,霖宏,84.0,84.432,0.0,84.432
2026-08-11,5465,富驊,-4.0,-4.624,0.0,-4.624
2026-08-11,5468,凱鈺,-11.0,-12.001,0.0,-12.001
2026-08-11,5469,瀚宇博,-172.958,-1.427,-160.026,-334.411
2026-08-11,5471,松翰,-426.497,0.0,-434.397,-860.894
2026-08-11,5474,聰泰,-32.436,-32.475,0.0,-32.475
2026-08-11,5475,德宏,-773.525,-773.854,0.0,-773.854
2026-08-11,5478,智冠,0.162,0.162,0.0,0.162
2026-08-11,5481,新華,3.0,3.0,0.0,3.0
2026-08-11,5483,中美晶,-1704.528,-1750.991,0.0,-1750.991
2026-08-11,5484,慧友,-108.0,0.0,-127.52,-235.52
2026-08-11,5487,通泰,2.0,2.0,0.0,2.0
2026-08-11,5488,松普,-109.001,-109.134,0.0,-109.134
2026-08-11,5489,彩富,24.0,24.0,0.0,24.0
2026-08-11,5490,同亨,-378.051,-378.199,0.0,-378.199
2026-08-11,5493,三聯,0.65,-2.621,0.0,-2.621
2026-08-11,5498,凱崴,24.0,26.586,0.0,26.586
2026-08-11,5508,永信建,61.385,63.385,0.0,63.385
2026-08-11,5511,德昌,-109.0,-116.0,0.0,-116.0
2026-08-11,5512,力麒,-191.99,-192.181,0.0,-192.181
2026-08-11,5514,三豐,0.2,0.2,0.0,0.2
2026-08-11,5515,建國,-77.269,0.0,-117.519,-194.788
2026-08-11,5516,雙喜,1.0,1.0,0.0,1.0
2026-08-11,5519,隆大,4.0,0.0,4.0,8.0
2026-08-11,5520,力泰,-2.0,-2.0,0.0,-2.0
2026-08-11,5521,工信,-184.581,0.0,-184.581,-369.162
2026-08-11,5522,遠雄,61.101,-2.375,17.101,75.827
2026-08-11,5523,豐謙,9.0,9.0,0.0,9.0
2026-08-11,5525,順天,-24.0,0.0,-24.0,-48.0
2026-08-11,5529,鉅陞,-7.0,-7.0,0.0,-7.0
2026-08-11,5530,龍巖,-28.0,-28.0,0.0,-28.0
2026-08-11,5531,鄉林,-429.0,0.0,-353.0,-782.0
2026-08-11,5533,皇鼎,-7.0,0.0,-7.0,-14.0
2026-08-11,5534,長虹,-591.0,0.0,-415.426,-1006.426
2026-08-11,5536,聖暉*,-432.035,-530.907,0.0,-530.907
2026-08-11,5538,東明-KY,-29.0,0.0,-23.0,-52.0
2026-08-11,5543,桓鼎-KY,0.0,-0.001,0.0,-0.001
2026-08-11,5546,永固-KY,1.0,0.0,3.0,4.0
2026-08-11,5547,久舜,6.0,6.0,0.0,6.0
2026-08-11,5548,安倉,1.0,0.945,0.0,0.945
2026-08-11,5603,陸海,3.0,2.57,0.0,2.57
2026-08-11,5607,遠雄港,131.927,0.0,131.927,263.854
2026-08-11,5608,四維航,-72.002,0.0,-72.002,-144.004
2026-08-11,5609,中菲行,-22.0,-22.0,0.0,-22.0
2026-08-11,5701,劍湖山,-1.0,-1.0,0.0,-1.0
2026-08-11,5704,老爺知,-1.0,-1.0,0.0,-1.0
2026-08-11,5706,鳳凰,-15.001,0.0,6.999,-8.001999999999999
2026-08-11,5864,致和證,367.505,367.505,0.0,367.505
2026-08-11,5871,中租-KY,7474.553,20.04,7619.133,15113.726
2026-08-11,5876,上海商銀,-42.53,306.616,-479.446,-215.36
2026-08-11,5880,合庫金,-25723.002,186.617,-27223.416,-52759.80100000001
2026-08-11,5902,德記,-2.0,-2.0,0.0,-2.0
2026-08-11,5903,全家,2.0,3.0,0.0,3.0
2026-08-11,5904,寶雅*,-5491.877,-5844.505,0.0,-5844.505
2026-08-11,5905,南仁湖,-143.0,-142.461,0.0,-142.461
2026-08-11,5906,台南-KY,1.0,0.0,1.0,2.0
2026-08-11,5907,大洋-KY,-29.0,0.0,-29.0,-58.0
2026-08-11,6005,群益證,-5853.349,-8.044,-5853.349,-11714.742
2026-08-11,6015,宏遠證,24.194,24.194,0.0,24.194
2026-08-11,6016,康和證,170.499,170.499,0.0,170.499
2026-08-11,6020,大展證,14.0,14.0,0.0,14.0
2026-08-11,6021,美好證,-14.0,-14.0,0.0,-14.0
2026-08-11,6023,元大期,122.33,122.33,0.0,122.33
2026-08-11,6024,群益期,-108.351,0.0,-108.351,-216.702
2026-08-11,6026,福邦證,-385.0,-395.0,0.0,-395.0
2026-08-11,6101,寬魚國際,-33.0,-33.01,0.0,-33.01
2026-08-11,6104,創惟,21.99,18.874,0.0,18.874
2026-08-11,6108,競國,415.361,0.0,721.361,1136.722
2026-08-11,6109,亞元,-31.001,-31.002,0.0,-31.002
2026-08-11,6111,光聚晶電,63.999,63.847,0.0,63.847
2026-08-11,6112,邁達特,89.0,0.0,90.988,179.988
2026-08-11,6113,亞矽,35.0,35.158,0.0,35.158
2026-08-11,6114,久威,0.0,0.0,0.0,0.0
2026-08-11,6115,鎰勝,-32.0,0.0,-32.0,-64.0
2026-08-11,6116,彩晶,-4907.865,6.712,-6094.801,-10995.954
2026-08-11,6117,迎廣,20.877,0.0,-0.175,20.702
2026-08-11,6118,建達,-7.0,-7.0,0.0,-7.0
2026-08-11,6120,達運,-952.17,0.0,-960.14,-1912.31
2026-08-11,6121,新普,1007.543,988.748,0.0,988.748
2026-08-11,6122,擎邦,-90.97,-95.827,0.0,-95.827
2026-08-11,6123,上奇,-6.0,-6.0,0.0,-6.0
2026-08-11,6124,業強,-2.0,-2.0,0.0,-2.0
2026-08-11,6125,廣運,84.244,84.411,0.0,84.411
2026-08-11,6126,信音,-5.029,-5.029,0.0,-5.029
2026-08-11,6127,九豪,-939.001,-895.736,0.0,-895.736
2026-08-11,6128,上福,-12.0,0.0,-14.0,-26.0
2026-08-11,6129,普誠,33.999,34.273,0.0,34.273
2026-08-11,6130,上亞科技,5.999,5.999,0.0,5.999
2026-08-11,6133,金橋,218.096,0.0,218.096,436.192
2026-08-11,6134,萬旭,-22.08,-21.22,0.0,-21.22
2026-08-11,6136,富爾特,36.0,0.0,40.0,76.0
2026-08-11,6138,茂達,-69.837,-52.361,0.0,-52.361
2026-08-11,6139,亞翔,299.623,97.179,348.367,745.1690000000001
2026-08-11,6140,訊達,-2.882,-2.88,0.0,-2.88
2026-08-11,6141,柏承,58.908,0.0,54.908,113.816
2026-08-11,6142,友勁,-310.0,0.0,-310.0,-620.0
2026-08-11,6143,振曜,-274.97,-270.17,0.0,-270.17
2026-08-11,6144,得利影,0.0,-0.564,0.0,-0.564
2026-08-11,6146,耕興,98.309,96.402,0.0,96.402
2026-08-11,6147,頎邦,-3511.042,-2316.003,0.0,-2316.003
2026-08-11,6148,驊宏資,-57.999,-58.415,0.0,-58.415
2026-08-11,6150,撼訊,-9.905,-9.954,0.0,-9.954
2026-08-11,6151,晉倫,-16.0,-16.0,0.0,-16.0
2026-08-11,6152,百一,208.0,0.0,451.068,659.068
2026-08-11,6153,嘉聯益,391.355,0.0,422.557,813.912
2026-08-11,6154,順發,32.0,32.0,0.0,32.0
2026-08-11,6155,鈞寶,480.15,0.0,480.452,960.602
2026-08-11,6156,松上,97.0,96.219,0.0,96.219
2026-08-11,6158,禾昌,3.0,3.0,0.0,3.0
2026-08-11,6160,欣技,-1.0,-1.0,0.0,-1.0
2026-08-11,6161,捷波,-39.0,-35.0,0.0,-35.0
2026-08-11,6163,華電網,-445.876,-436.777,0.0,-436.777
2026-08-11,6164,華興,-39.0,0.0,-39.0,-78.0
2026-08-11,6165,浪凡,-56.0,0.0,-48.0,-104.0
2026-08-11,6166,凌華,-211.504,0.503,-229.764,-440.765
2026-08-11,6167,久正,22.0,22.0,0.0,22.0
2026-08-11,6168,宏齊,-157.0,0.0,-157.332,-314.332
2026-08-11,6169,昱泉,-1.0,-1.01,0.0,-1.01
2026-08-11,6170,統振,-46.0,-45.287,0.0,-45.287
2026-08-11,6173,信昌電,-2115.631,-2479.565,0.0,-2479.565
2026-08-11,6174,安碁,155.0,155.212,0.0,155.212
2026-08-11,6175,立敦,-63.98,-31.923,0.0,-31.923
2026-08-11,6176,瑞儀,-400.129,-0.175,-399.649,-799.953
2026-08-11,6177,達麗,-672.141,0.0,-674.143,-1346.284
2026-08-11,6179,亞通,34.162,34.04,0.0,34.04
2026-08-11,6180,橘子,56.081,56.101,0.0,56.101
2026-08-11,6182,合晶,-4931.215,-5113.738,0.0,-5113.738
2026-08-11,6183,關貿,-2.001,0.0,-4.001,-6.002000000000001
2026-08-11,6184,大豐電,-4.0,0.0,-4.0,-8.0
2026-08-11,6185,幃翔,-32.0,-31.26,0.0,-31.26
2026-08-11,6186,新潤,-66.002,-65.905,0.0,-65.905
2026-08-11,6187,萬潤,-516.283,-456.973,0.0,-456.973
2026-08-11,6188,廣明,-43.969,-21.768,0.0,-21.768
2026-08-11,6189,豐藝,170.001,-1.0,144.241,313.242
2026-08-11,6190,萬泰科,-202.054,-205.023,0.0,-205.023
2026-08-11,6191,精成科,-321.684,-1.094,-333.018,-655.796
2026-08-11,6192,巨路,39.448,-1.0,51.448,89.896
2026-08-11,6194,育富,6.0,6.0,0.0,6.0
2026-08-11,6195,詩肯,-5.0,-4.915,0.0,-4.915
2026-08-11,6196,帆宣,-154.744,-0.231,-171.378,-326.35299999999995
2026-08-11,6197,佳必琪,-115.121,0.299,-316.831,-431.653
2026-08-11,6199,天品,20.0,14.948,0.0,14.948
2026-08-11,6201,亞弘電,-2.0,0.0,-2.0,-4.0
2026-08-11,6202,盛群,1139.128,0.0,1126.306,2265.434
2026-08-11,6203,海韻電,-19.0,-19.402,0.0,-19.402
2026-08-11,6204,艾華,-20.0,-20.003,0.0,-20.003
2026-08-11,6205,詮欣,75.09,0.0,75.108,150.198
2026-08-11,6206,飛捷,-1350.314,-2.0,-1569.286,-2921.6000000000004
2026-08-11,6207,雷科,-297.917,-275.71,0.0,-275.71
2026-08-11,6208,日揚,44.0,43.419,0.0,43.419
2026-08-11,6209,今國光,-120.898,0.0,-35.064,-155.962
2026-08-11,6212,理銘,-1.0,-1.0,0.0,-1.0
2026-08-11,6213,聯茂,2387.909,-3.796,3809.179,6193.292
2026-08-11,6214,精誠,-123.31,-5.104,-172.346,-300.76
2026-08-11,6215,和椿,-148.073,0.0,-170.401,-318.47400000000005
2026-08-11,6216,居易,153.0,0.0,153.0,306.0
2026-08-11,6217,中探針,63.993,64.993,0.0,64.993
2026-08-11,6218,豪勉,54.145,54.145,0.0,54.145
2026-08-11,6219,富旺,2.0,2.125,0.0,2.125
2026-08-11,6220,岳豐,184.0,183.625,0.0,183.625
2026-08-11,6221,晉泰,-38.0,-38.541,0.0,-38.541
2026-08-11,6223,旺矽,-25.242,6.834,0.0,6.834
2026-08-11,6224,聚鼎,-136.985,0.0,-106.619,-243.604
2026-08-11,6226,光鼎,-2304.0,0.0,-2304.0,-4608.0
2026-08-11,6227,茂綸,194.617,270.894,0.0,270.894
2026-08-11,6228,全譜,0.0,-0.132,0.0,-0.132
2026-08-11,6229,研通,14.0,13.0,0.0,13.0
2026-08-11,6230,尼得科超眾,-2.0,0.0,-2.426,-4.426
2026-08-11,6231,系微,33.0,32.871,0.0,32.871
2026-08-11,6233,旺玖,28.021,27.84,0.0,27.84
2026-08-11,6234,高僑,-156.0,-158.186,0.0,-158.186
2026-08-11,6235,華孚,76.0,0.0,78.0,154.0
2026-08-11,6237,驊訊,-8.06,-8.06,0.0,-8.06
2026-08-11,6239,力成,-5539.574,524.657,-6140.418,-11155.335
2026-08-11,6240,松崗,-1.0,-1.0,0.0,-1.0
2026-08-11,6241,鑫永洋,12.0,12.005,0.0,12.005
2026-08-11,6243,迅杰,-38.001,0.0,-37.817,-75.818
2026-08-11,6244,茂迪,289.487,267.975,0.0,267.975
2026-08-11,6245,立端,-368.202,-356.085,0.0,-356.085
2026-08-11,6246,臺龍,3.0,2.534,0.0,2.534
2026-08-11,6248,沛波,-9.0,-8.43,0.0,-8.43
2026-08-11,6257,矽格,-1637.05,-43.602,-1830.562,-3511.214
2026-08-11,6259,百徽,-65.04,-65.684,0.0,-65.684
2026-08-11,6261,久元,97.0,97.242,0.0,97.242
2026-08-11,6263,普萊德,-2.669,-3.669,0.0,-3.669
2026-08-11,6265,方土昶,1244.52,1243.828,0.0,1243.828
2026-08-11,6266,泰詠,-17.0,-16.402,0.0,-16.402
2026-08-11,6269,台郡,1248.161,0.0,1218.763,2466.924
2026-08-11,6270,倍微,77.998,77.998,0.0,77.998
2026-08-11,6271,同欣電,-369.683,-3.743,-649.681,-1023.107
2026-08-11,6272,驊陞,-4.0,0.0,-6.0,-10.0
2026-08-11,6274,台燿,49.27,122.357,0.0,122.357
2026-08-11,6275,元山,30.0,31.183,0.0,31.183
2026-08-11,6276,安鈦克,1.0,0.999,0.0,0.999
2026-08-11,6277,宏正,33.561,0.0,21.555,55.116
2026-08-11,6278,台表科,-45.625,-1.344,2.307,-44.662
2026-08-11,6279,胡連,153.0,217.477,0.0,217.477
2026-08-11,6281,全國電,0.0,0.0,4.0,4.0
2026-08-11,6282,康舒,-3466.974,-28.569,-3644.81,-7140.353
2026-08-11,6283,淳安,-10.0,0.0,-4.0,-14.0
2026-08-11,6284,佳邦,-86.864,-81.812,0.0,-81.812
2026-08-11,6285,啟碁,-398.983,386.007,-127.591,-140.567
2026-08-11,6290,良維,509.834,566.138,0.0,566.138
2026-08-11,6291,沛亨,80.0,-31.126,0.0,-31.126
2026-08-11,6292,迅德,291.0,291.754,0.0,291.754
2026-08-11,6294,智基,0.0,-0.418,0.0,-0.418
2026-08-11,6405,悅城,48.0,0.0,50.592,98.592
2026-08-11,6409,旭隼,100.997,0.689,69.351,171.03699999999998
2026-08-11,6411,晶焱,124.173,124.188,0.0,124.188
2026-08-11,6412,群電,-9.995,-3.472,-15.757,-29.224
2026-08-11,6414,樺漢,-730.774,-0.874,-610.566,-1342.214
2026-08-11,6415,矽力*-KY,49.403,-53.823,35.427,31.007
2026-08-11,6416,瑞祺電通,-187.12,0.0,-195.16,-382.28
2026-08-11,6417,韋僑,-6.0,-6.0,0.0,-6.0
2026-08-11,6418,詠昇,-17.0,-17.0,0.0,-17.0
2026-08-11,6419,京晨科,-75.395,-76.105,0.0,-76.105
2026-08-11,6423,億而得,14.0,16.0,0.0,16.0
2026-08-11,6425,易發,-152.976,-153.209,0.0,-153.209
2026-08-11,6426,統新,223.746,0.0,236.148,459.894
2026-08-11,6431,光麗-KY,11.0,0.0,11.0,22.0
2026-08-11,6432,今展科,471.725,472.725,0.0,472.725
2026-08-11,6435,大中,-22.063,-22.601,0.0,-22.601
2026-08-11,6438,迅得,-12.242,0.0,-31.668,-43.91
2026-08-11,6441,廣錠,-15.001,-15.241,0.0,-15.241
2026-08-11,6442,光聖,-44.046,85.046,-30.86,10.140000000000008
2026-08-11,6443,元晶,408.403,0.0,368.403,776.806
2026-08-11,6446,藥華藥,1760.547,-0.541,1818.555,3578.561
2026-08-11,6449,鈺邦,-499.59,0.0,-459.348,-958.938
2026-08-11,6451,訊芯-KY,26.683,-0.718,5.115,31.08
2026-08-11,6456,GIS-KY,427.497,0.0,574.559,1002.056
2026-08-11,6461,益得,-26.0,-26.0,0.0,-26.0
2026-08-11,6462,神盾,142.234,139.925,0.0,139.925
2026-08-11,6464,台數科,-8.0,0.0,-8.0,-16.0
2026-08-11,6465,威潤,-32.72,-32.721,0.0,-32.721
2026-08-11,6469,大樹,-81.003,-77.989,0.0,-77.989
2026-08-11,6470,宇智,-3.0,-3.162,0.0,-3.162
2026-08-11,6472,保瑞,61.041,-0.037,37.663,98.667
2026-08-11,6474,華豫寧,-1.0,-1.0,0.0,-1.0
2026-08-11,6477,安集,-195.191,0.0,-195.597,-390.788
2026-08-11,6482,弘煜科,-10.0,-10.0,0.0,-10.0
2026-08-11,6485,點序,7.151,7.243,0.0,7.243
2026-08-11,6486,互動,2.0,2.646,0.0,2.646
2026-08-11,6488,環球晶,589.259,-732.448,0.0,-732.448
2026-08-11,6491,晶碩,131.514,0.0,125.594,257.108
2026-08-11,6492,生華科,98.999,98.999,0.0,98.999
2026-08-11,6494,九齊,3.0,-2.0,0.0,-2.0
2026-08-11,6498,久禾光,-31.0,-31.011,0.0,-31.011
2026-08-11,6499,益安,56.14,56.14,0.0,56.14
2026-08-11,6504,南六,1.0,0.0,-3.0,-2.0
2026-08-11,6505,台塑化,-407.367,63.298,-10.685,-354.754
2026-08-11,6506,雙邦,-10.0,-10.021,0.0,-10.021
2026-08-11,6508,惠光,-1.0,-1.0,0.0,-1.0
2026-08-11,6509,聚和,44.886,41.245,0.0,41.245
2026-08-11,6510,精測,-91.909,-0.094,0.0,-0.094
2026-08-11,6512,啟發電,0.0,0.203,0.0,0.203
2026-08-11,6515,穎崴,2.722,-5.025,6.284,3.981
2026-08-11,6516,勤崴國際,-8.0,-8.0,0.0,-8.0
2026-08-11,6517,保勝光學,-44.0,-40.797,0.0,-40.797
2026-08-11,6523,達爾膚,0.0,0.333,0.0,0.333
2026-08-11,6525,捷敏-KY,-199.825,-1.0,-170.999,-371.824
2026-08-11,6526,達發,25.123,-0.335,26.813,51.601
2026-08-11,6527,明達醫,-2.0,-2.0,0.0,-2.0
2026-08-11,6530,創威,-221.059,-212.12,0.0,-212.12
2026-08-11,6531,愛普*,-41.998,-26.0,-112.306,-180.304
2026-08-11,6532,瑞耘,85.0,84.948,0.0,84.948
2026-08-11,6533,晶心科,179.454,0.0,141.58,321.034
2026-08-11,6534,正瀚-創,-21.0,0.0,-20.36,-41.36
2026-08-11,6535,順藥,78.506,48.639,0.0,48.639
2026-08-11,6538,倉和,-34.354,-37.771,0.0,-37.771
2026-08-11,6541,泰福-KY,98.89,0.0,98.89,197.78
2026-08-11,6542,隆中,1.0,1.0,0.0,1.0
2026-08-11,6546,正基,17.134,10.133,0.0,10.133
2026-08-11,6547,高端疫苗,433.65,163.408,0.0,163.408
2026-08-11,6548,長科*,-4.342,12.204,0.0,12.204
2026-08-11,6550,北極星藥業-KY,-197.14,0.0,-205.14,-402.28
2026-08-11,6552,易華電,-14.0,0.0,-6.0,-20.0
2026-08-11,6556,勝品,0.0,1.0,0.0,1.0
2026-08-11,6558,興能高,71.001,0.0,71.001,142.002
2026-08-11,6560,欣普羅,0.0,0.0,0.0,0.0
2026-08-11,6561,是方,-3.787,-3.562,0.0,-3.562
2026-08-11,6568,宏觀,27.0,27.49,0.0,27.49
2026-08-11,6569,醫揚,4.0,3.96,0.0,3.96
2026-08-11,6570,維田,17.0,30.3,0.0,30.3
2026-08-11,6573,虹揚-KY,-32.0,0.0,-44.0,-76.0
2026-08-11,6574,霈方,-26.0,-22.0,0.0,-22.0
2026-08-11,6576,逸達,-7.0,-7.0,0.0,-7.0
2026-08-11,6577,勁豐,-8.55,-8.499,0.0,-8.499
2026-08-11,6578,達邦蛋白,11.0,11.0,0.0,11.0
2026-08-11,6579,研揚,-628.207,0.0,-606.547,-1234.754
2026-08-11,6581,鋼聯,-1.0,0.0,-3.0,-4.0
2026-08-11,6582,申豐,2.0,0.0,0.0,2.0
2026-08-11,6584,南俊國際,-84.762,-86.158,0.0,-86.158
2026-08-11,6585,鼎基,88.0,0.0,92.0,180.0
2026-08-11,6588,東典光電,28.0,31.17,0.0,31.17
2026-08-11,6589,台康生技,756.676,0.0,763.026,1519.702
2026-08-11,6591,動力-KY,10.0,0.0,8.678,18.678
2026-08-11,6592,和潤企業,252.12,-10.032,274.68,516.768
2026-08-11,6593,台灣銘板,-5.0,-5.0,0.0,-5.0
2026-08-11,6596,寬宏藝術,-1.0,-1.64,0.0,-1.64
2026-08-11,6598,ABC-KY,-12.849,0.0,-12.849,-25.698
2026-08-11,6603,富強鑫,-287.0,-289.542,0.0,-289.542
2026-08-11,6605,帝寶,296.204,0.0,302.1,598.3040000000001
2026-08-11,6606,建德工業,89.0,0.0,75.0,164.0
2026-08-11,6609,瀧澤科,4.0,5.0,0.0,5.0
2026-08-11,6612,奈米醫材,-7.0,-7.251,0.0,-7.251
2026-08-11,6613,朋億*,-86.29,-89.145,0.0,-89.145
2026-08-11,6614,資拓宏宇,2.0,0.0,2.0,4.0
2026-08-11,6615,慧智,1.0,1.0,0.0,1.0
2026-08-11,6617,共信-KY,48.1,43.253,0.0,43.253
2026-08-11,6620,漢達,142.37,34.31,0.0,34.31
2026-08-11,6625,必應,-20.0,0.0,-20.0,-40.0
2026-08-11,6629,泰金-KY,-6.0,-6.0,0.0,-6.0
2026-08-11,6637,醫影,-37.0,-37.212,0.0,-37.212
2026-08-11,6640,均華,-197.071,-197.128,0.0,-197.128
2026-08-11,6641,基士德-KY,-1.0,0.0,4.848,3.848
2026-08-11,6642,富致,111.673,115.378,0.0,115.378
2026-08-11,6643,M31,-2.14,17.89,0.0,17.89
2026-08-11,6645,金萬林-創,-2.0,0.0,-2.0,-4.0
2026-08-11,6649,台生材,-1.0,-1.0,0.0,-1.0
2026-08-11,6651,全宇昕,52.45,55.917,0.0,55.917
2026-08-11,6654,天正國際,-4.0,-2.0,0.0,-2.0
2026-08-11,6655,科定,-2.0,0.0,0.0,-2.0
2026-08-11,6657,華安,10.0,0.0,10.0,20.0
2026-08-11,6658,聯策,13.0,0.0,12.998,25.998
2026-08-11,6664,群翊,61.05,61.957,0.0,61.957
2026-08-11,6666,羅麗芬-KY,-4.0,0.0,-2.0,-6.0
2026-08-11,6667,信紘科,-146.5,-149.017,0.0,-149.017
2026-08-11,6668,中揚光,21.0,0.0,21.0,42.0
2026-08-11,6669,緯穎,171.34,-398.975,247.066,19.430999999999983
2026-08-11,6670,復盛應用,37.155,-2.728,33.155,67.582
2026-08-11,6671,三能-KY,0.0,0.0,0.0,0.0
2026-08-11,6672,騰輝電子-KY,-852.1,0.0,-809.69,-1661.79
2026-08-11,6674,鋐寶科技,-1.0,0.0,-1.0,-2.0
2026-08-11,6679,鈺太,-41.233,-41.619,0.0,-41.619
2026-08-11,6680,鑫創電子,1.0,0.999,0.0,0.999
2026-08-11,6683,雍智科技,-92.826,-108.606,0.0,-108.606
2026-08-11,6684,安格,54.0,54.169,0.0,54.169
2026-08-11,6689,伊雲谷,20.008,0.0,38.008,58.016000000000005
2026-08-11,6690,安碁資訊,-3.549,-3.549,0.0,-3.549
2026-08-11,6691,洋基工程,-53.554,-1.499,-68.554,-123.607
2026-08-11,6692,進能服,1.0,1.1,0.0,1.1
2026-08-11,6693,廣閎科,-162.43,-171.015,0.0,-171.015
2026-08-11,6695,芯鼎,-47.0,0.0,-47.0,-94.0
2026-08-11,6697,東捷資訊,6.0,5.996,0.0,5.996
2026-08-11,6698,旭暉應材,-16.0,0.0,-16.0,-32.0
2026-08-11,6703,軒郁,2.592,1.908,0.0,1.908
2026-08-11,6706,惠特,-170.251,0.0,-191.371,-361.622
2026-08-11,6712,長聖,-55.5,-50.965,0.0,-50.965
2026-08-11,6715,嘉基,24.659,0.0,28.615,53.274
2026-08-11,6716,應廣,153.48,107.621,0.0,107.621
2026-08-11,6719,力智,18.546,0.0,-9.428,9.118
2026-08-11,6720,久昌,5.05,5.05,0.0,5.05
2026-08-11,6722,輝創,-10.0,0.0,-10.0,-20.0
2026-08-11,6725,矽科宏晟,-6.0,-7.246,0.0,-7.246
2026-08-11,6727,亞泰金屬,-0.193,0.718,0.0,0.718
2026-08-11,6728,上洋,8.0,8.0,0.0,8.0
2026-08-11,6730,常廣,-1.0,-2.0,0.0,-2.0
2026-08-11,6732,昇佳電子,4.301,3.08,0.0,3.08
2026-08-11,6733,博晟生醫,-7.0,-6.998,0.0,-6.998
2026-08-11,6735,美達科技,13.0,13.405,0.0,13.405
2026-08-11,6739,竹陞科技,8.0,8.239,0.0,8.239
2026-08-11,6741,91APP*-KY,80.0,80.533,0.0,80.533
2026-08-11,6742,澤米,54.999,0.0,54.587,109.586
2026-08-11,6743,安普新,358.0,0.0,384.0,742.0
2026-08-11,6751,智聯服務,-1.0,-1.0,0.0,-1.0
2026-08-11,6752,叡揚,0.0,0.166,0.0,0.166
2026-08-11,6753,龍德造船,-509.0,0.0,-519.998,-1028.998
2026-08-11,6754,匯僑設計,-1.0,0.0,-1.0,-2.0
2026-08-11,6756,威鋒電子,-18.0,0.0,-12.0,-30.0
2026-08-11,6757,台灣虎航,105.318,0.0,105.318,210.636
2026-08-11,6761,穩得,289.007,298.611,0.0,298.611
2026-08-11,6763,綠界科技*,26.0,13.671,0.0,13.671
2026-08-11,6768,志強-KY,123.673,-149.0,123.673,98.346
2026-08-11,6770,力積電,3988.616,-3.895,4461.404,8446.125
2026-08-11,6771,平和環保-創,-2.0,0.0,-10.0,-12.0
2026-08-11,6776,展碁國際,45.0,0.0,45.0,90.0
2026-08-11,6781,AES-KY,540.206,-0.477,481.58,1021.309
2026-08-11,6782,視陽,49.301,0.0,56.861,106.162
2026-08-11,6785,昱展新藥,4.0,3.151,0.0,3.151
2026-08-11,6788,華景電,-2.994,-3.426,0.0,-3.426
2026-08-11,6789,采鈺,-21.348,1.657,-29.444,-49.135
2026-08-11,6790,永豐實,15.981,0.0,21.061,37.042
2026-08-11,6791,虎門科技,-6.0,-6.076,0.0,-6.076
2026-08-11,6792,詠業,4.05,0.0,4.05,8.1
2026-08-11,6794,向榮生技,-4.0,0.0,-4.0,-8.0
2026-08-11,6796,晉弘,-25.0,0.0,-25.0,-50.0
2026-08-11,6799,來頡,-13.04,0.0,-12.914,-25.954
2026-08-11,6803,崑鼎,-40.0,-39.987,0.0,-39.987
2026-08-11,6804,明係,-32.0,-36.339,0.0,-36.339
2026-08-11,6805,富世達,-416.762,1182.859,-392.838,373.259
2026-08-11,6807,峰源-KY,-1.0,0.0,-1.0,-2.0
2026-08-11,6811,宏碁資訊,-51.21,-53.318,0.0,-53.318
2026-08-11,6821,聯寶,13.0,13.0,0.0,13.0
2026-08-11,6823,濾能,-29.0,-28.772,0.0,-28.772
2026-08-11,6829,千附精密,-96.757,-110.141,0.0,-110.141
2026-08-11,6830,汎銓,-267.486,0.0,-280.91,-548.396
2026-08-11,6831,邁科,20.498,0.0,18.946,39.444
2026-08-11,6834,天二科技,224.917,0.0,233.451,458.368
2026-08-11,6835,圓裕,-3.0,0.0,-3.0,-6.0
2026-08-11,6838,台新藥,-7.0,0.0,-7.0,-14.0
2026-08-11,6840,東研信超,17.0,17.158,0.0,17.158
2026-08-11,6841,長佳智能,-2.0,-2.279,0.0,-2.279
2026-08-11,6844,諾貝兒,2.0,2.0,0.0,2.0
2026-08-11,6846,綠茵,-1.0,-1.0,0.0,-1.0
2026-08-11,6854,錼創科技-KY創,12.0,0.0,17.378,29.378
2026-08-11,6859,伯特光,-11.0,-11.0,0.0,-11.0
2026-08-11,6861,睿生光電,30.686,0.0,30.588,61.274
2026-08-11,6862,三集瑞-KY,-3.0,0.0,-4.528,-7.528
2026-08-11,6863,永道-KY,-31.93,0.0,0.662,-31.268
2026-08-11,6865,偉康科技,0.0,0.0,0.0,0.0
2026-08-11,6869,雲豹能源,-157.569,0.0,-216.487,-374.056
2026-08-11,6870,騰雲,-9.0,-10.944,0.0,-10.944
2026-08-11,6873,泓德能源,-559.614,0.0,-579.2,-1138.814
2026-08-11,6874,倍力,-22.8,-21.648,0.0,-21.648
2026-08-11,6875,國邑*,9.0,9.187,0.0,9.187
2026-08-11,6877,鏵友益,11.0,8.95,0.0,8.95
2026-08-11,6885,全福生技,-107.0,0.0,-109.0,-216.0
2026-08-11,6887,寶綠特-KY,-4.0,0.0,-6.0,-10.0
2026-08-11,6890,來億-KY,-3.949,-1.512,-4.657,-10.118
2026-08-11,6894,衛司特,-8.0,-10.606,0.0,-10.606
2026-08-11,6895,宏碩系統,-0.95,-1.13,0.0,-1.13
2026-08-11,6899,創為精密,2.0,2.0,0.0,2.0
2026-08-11,6901,鑽石投資,860.0,0.0,884.0,1744.0
2026-08-11,6902,GOGOLOOK,-25.616,0.0,-25.616,-51.232
2026-08-11,6903,巨漢,-30.0,-31.701,0.0,-31.701
2026-08-11,6906,現觀科,2.0,0.0,1.996,3.996
2026-08-11,6907,雅特力-KY,-132.986,-116.706,0.0,-116.706
2026-08-11,6908,宏碁遊戲-創,2.0,0.0,1.884,3.884
2026-08-11,6909,創控,-11.0,0.0,-11.0,-22.0
2026-08-11,6910,德鴻,-1.0,-1.0,0.0,-1.0
2026-08-11,6913,鴻呈,-4.789,1.174,0.0,1.174
2026-08-11,6914,阜爾運通,-12.945,0.0,-12.945,-25.89
2026-08-11,6916,華凌,-4.0,0.0,-4.0,-8.0
2026-08-11,6918,愛派司,4.0,0.0,2.0,6.0
2026-08-11,6919,康霈*,353.864,0.996,268.016,622.876
2026-08-11,6921,嘉雨思-創,-8.0,0.0,-8.0,-16.0
2026-08-11,6922,宸曜,292.101,263.313,0.0,263.313
2026-08-11,6923,中台,-18.0,0.0,-18.0,-36.0
2026-08-11,6924,榮惠-KY創,6.0,0.0,4.4,10.4
2026-08-11,6925,意藍,-5.0,-5.0,0.0,-5.0
2026-08-11,6928,攸泰科技,-9.0,0.0,-9.0,-18.0
2026-08-11,6931,青松健康,27.0,0.0,23.0,50.0
2026-08-11,6933,AMAX-KY,304.57,0.0,200.304,504.874
2026-08-11,6934,心誠鎂,15.0,0.0,15.0,30.0
2026-08-11,6936,永鴻生技,1.0,0.0,1.0,2.0
2026-08-11,6937,天虹,307.905,0.0,391.915,699.8199999999999
2026-08-11,6944,兆聯實業,-77.993,-0.632,-81.955,-160.57999999999998
2026-08-11,6945,圓祥生技,363.429,362.329,0.0,362.329
2026-08-11,6947,台鎔科技,-92.0,0.0,-92.0,-184.0
2026-08-11,6949,沛爾生醫-創,47.035,0.0,-0.791,46.244
2026-08-11,6951,青新-創,-2.0,0.0,-2.0,-4.0
2026-08-11,6952,大武山,-13.0,0.0,-17.0,-30.0
2026-08-11,6953,家碩,0.0,0.173,0.0,0.173
2026-08-11,6957,裕慶-KY,8.0,0.0,8.0,16.0
2026-08-11,6958,日盛台駿,-5.0,0.0,3.0,-2.0
2026-08-11,6961,旅天下,-1.0,-1.0,0.0,-1.0
2026-08-11,6962,奕力-KY,235.2,0.0,219.792,454.992
2026-08-11,6965,中傑-KY,5.0,0.0,7.0,12.0
2026-08-11,6967,汎瑋材料,19.0,19.0,0.0,19.0
2026-08-11,6968,萬達寵物,-4.0,-4.219,0.0,-4.219
2026-08-11,6969,成信實業*-創,10.0,0.0,9.168,19.168
2026-08-11,6971,惠民實業,-2.0,-2.0,0.0,-2.0
2026-08-11,6982,大井泵浦,-3.0,-3.0,0.0,-3.0
2026-08-11,6983,華洋精機,-3.0,-3.234,0.0,-3.234
2026-08-11,6986,和迅,-3.0,-19.0,0.0,-19.0
2026-08-11,6988,威力暘-創,-11.0,0.0,-15.0,-26.0
2026-08-11,6994,富威電力,-84.0,0.0,-56.12,-140.12
2026-08-11,6996,力領科技,-9.0,-8.015,0.0,-8.015
2026-08-11,7402,邑錡,-226.0,-224.515,0.0,-224.515
2026-08-11,7547,碩網,0.0,0.0,0.0,0.0
2026-08-11,7556,意德士,-2.0,-0.664,0.0,-0.664
2026-08-11,7610,聯友金屬-創,11.001,0.0,12.869,23.87
2026-08-11,7631,聚賢研發-創,-4.0,0.0,-2.34,-6.34
2026-08-11,7642,昶瑞機電,-3.0,-3.0,0.0,-3.0
2026-08-11,7689,大鵬科CLMX,-17.0,0.0,-17.0,-34.0
2026-08-11,7703,銳澤,68.07,68.167,0.0,68.167
2026-08-11,7704,明遠精密,0.0,-0.077,0.0,-0.077
2026-08-11,7705,三商餐飲,-6.0,0.0,-6.0,-12.0
2026-08-11,7709,榮田,-5.0,-5.0,0.0,-5.0
2026-08-11,7711,永擎,-115.397,0.0,-108.215,-223.612
2026-08-11,7712,博盛半導體,-49.96,-5.676,0.0,-5.676
2026-08-11,7713,威力德生醫,0.0,0.0,0.0,0.0
2026-08-11,7714,創泓科技,-50.156,-51.258,0.0,-51.258
2026-08-11,7715,裕山,4.0,4.0,0.0,4.0
2026-08-11,7717,萊德光電-KY,20.0,17.201,0.0,17.201
2026-08-11,7718,友鋮,2.0,2.0,0.0,2.0
2026-08-11,7721,微程式,17.0,0.0,17.0,34.0
2026-08-11,7722,LINEPAY,-5.9,0.0,-6.774,-12.674
2026-08-11,7723,築間,-69.0,-69.539,0.0,-69.539
2026-08-11,7728,光焱科技,0.0,0.0,0.0,0.0
2026-08-11,7730,暉盛-創,10.0,0.0,10.352,20.352
2026-08-11,7732,金興精密,-2.0,0.0,-16.0,-18.0
2026-08-11,7734,印能科技,-68.992,-110.726,0.0,-110.726
2026-08-11,7736,虎山,-2.0,0.0,-2.0,-4.0
2026-08-11,7738,東聯互動,1.0,1.0,0.0,1.0
2026-08-11,7740,熙特爾-創,-348.0,0.0,-352.252,-700.252
2026-08-11,7744,崴寶,-9.0,-9.734,0.0,-9.734
2026-08-11,7747,昕奇雲端,-0.2,-0.2,0.0,-0.2
2026-08-11,7749,意騰-KY,0.08,0.0,0.08,0.16
2026-08-11,7750,新代,-123.707,-0.36,-133.581,-257.648
2026-08-11,7751,竑騰,-33.0,-35.496,0.0,-35.496
2026-08-11,7753,星亞,-1.0,-1.0,0.0,-1.0
2026-08-11,7757,金色三麥,-3.0,-3.0,0.0,-3.0
2026-08-11,7760,享溫馨,-13.0,0.0,-11.0,-24.0
2026-08-11,7765,中華資安,2.0,0.0,0.0,2.0
2026-08-11,7767,仁大資訊,16.0,16.0,0.0,16.0
2026-08-11,7768,頌勝科技,-1.0,0.0,-1.0,-2.0
2026-08-11,7769,鴻勁,86.827,-18.301,76.241,144.767
2026-08-11,7770,君曜,-1.0,-2.0,0.0,-2.0
2026-08-11,7772,耀穎,12.0,11.991,0.0,11.991
2026-08-11,7777,能率亞洲,-57.644,-89.68,0.0,-89.68
2026-08-11,7780,大研生醫*,-13.2,0.0,-14.822,-28.022
2026-08-11,7782,光速火箭,0.0,0.0,0.0,0.0
2026-08-11,7786,東方風能,-22.75,0.0,-24.75,-47.5
2026-08-11,7788,松川精密,-201.983,0.0,-298.511,-500.494
2026-08-11,7791,皇家可口,-5.0,0.0,-5.0,-10.0
2026-08-11,7792,安葆,-15.0,-16.95,0.0,-16.95
2026-08-11,7794,宏碁智新,1.0,1.0,0.0,1.0
2026-08-11,7795,長廣,-21.981,-0.053,-6.071,-28.105000000000004
2026-08-11,7799,禾榮科,43.244,0.062,47.244,90.55
2026-08-11,7803,雲象科技-創,-5.0,0.0,-5.2,-10.2
2026-08-11,7805,威聯通,28.0,30.419,0.0,30.419
2026-08-11,7810,捷創科技,0.0,0.0,0.0,0.0
2026-08-11,7814,海昌生技,-4.0,-4.0,0.0,-4.0
2026-08-11,7818,溢泰實業,18.0,0.0,40.0,58.0
2026-08-11,7819,精誠金融,-5.0,-5.0,0.0,-5.0
2026-08-11,7820,立盈,-30.0,-30.0,0.0,-30.0
2026-08-11,7821,神數,-95.0,0.0,-91.0,-186.0
2026-08-11,7822,倍利科,-17.085,0.0,-17.599,-34.684
2026-08-11,7823,奧義賽博-KY創,2.0,0.0,-4.408,-2.4080000000000004
2026-08-11,7827,漢康-KY創,68.0,0.0,68.0,136.0
2026-08-11,7828,創新服務,23.0,23.0,0.0,23.0
2026-08-11,7835,永悅健康-創,-7.0,0.0,-7.0,-14.0
2026-08-11,7839,達人網,0.0,-5.0,0.0,-5.0
2026-08-11,7842,天能綠電,-60.97,-75.604,0.0,-75.604
2026-08-11,7855,和運租車,0.0,0.0,900.0,900.0
2026-08-11,8011,台通,-178.0,0.0,-178.0,-356.0
2026-08-11,8016,矽創,-86.628,-7.741,-115.752,-210.121
2026-08-11,8021,尖點,447.781,9.43,296.895,754.106
2026-08-11,8024,佑華,-4.0,-3.782,0.0,-3.782
2026-08-11,8027,鈦昇,-5.01,-6.835,0.0,-6.835
2026-08-11,8028,昇陽半導體,-60.885,-440.843,-86.643,-588.371
2026-08-11,8032,光菱,11.0,6.012,0.0,6.012
2026-08-11,8033,雷虎,-1282.443,0.0,-1235.773,-2518.216
2026-08-11,8034,榮群,16.0,16.0,0.0,16.0
2026-08-11,8038,長園科,6.996,6.996,0.0,6.996
2026-08-11,8039,台虹,-674.283,0.073,-738.759,-1412.969
2026-08-11,8040,九暘,29.95,30.691,0.0,30.691
2026-08-11,8042,金山電,-2043.0,-2033.633,0.0,-2033.633
2026-08-11,8043,蜜望實,-315.065,-237.243,0.0,-237.243
2026-08-11,8044,網家,65.2,59.199,0.0,59.199
2026-08-11,8045,達運光電,-25.0,0.0,-28.648,-53.648
2026-08-11,8046,南電,-407.881,4.298,-456.821,-860.404
2026-08-11,8047,星雲,-10.0,-9.0,0.0,-9.0
2026-08-11,8048,德勝,-31.0,-31.133,0.0,-31.133
2026-08-11,8049,晶采,-38.0,-38.426,0.0,-38.426
2026-08-11,8050,廣積,-2713.183,-2734.454,0.0,-2734.454
2026-08-11,8054,安國,66.023,65.257,0.0,65.257
2026-08-11,8059,凱碩,-81.0,-84.122,0.0,-84.122
2026-08-11,8064,東捷,143.521,155.568,0.0,155.568
2026-08-11,8066,來思達,2.0,1.875,0.0,1.875
2026-08-11,8068,全達,-1.0,-1.0,0.0,-1.0
2026-08-11,8069,元太,-9133.446,-9698.774,0.0,-9698.774
2026-08-11,8070,長華*,-47.172,-3.345,70.59,20.073000000000008
2026-08-11,8071,能率網通,71.358,71.358,0.0,71.358
2026-08-11,8072,陞泰,-18.0,0.0,-18.0,-36.0
2026-08-11,8074,鉅橡,-224.97,-211.909,0.0,-211.909
2026-08-11,8076,伍豐,-17.857,-29.986,0.0,-29.986
2026-08-11,8077,洛碁,-1.0,-1.0,0.0,-1.0
2026-08-11,8080,泰霖,-1.0,-1.0,0.0,-1.0
2026-08-11,8081,致新,498.206,-1.0,509.238,1006.444
2026-08-11,8083,瑞穎,-7.0,-7.49,0.0,-7.49
2026-08-11,8084,巨虹,302.0,301.685,0.0,301.685
2026-08-11,8085,福華,37.0,36.989,0.0,36.989
2026-08-11,8086,宏捷科,-584.018,-583.56,0.0,-583.56
2026-08-11,8087,麗升能源,1.0,-0.002,0.0,-0.002
2026-08-11,8088,品安,-34.14,-33.474,0.0,-33.474
2026-08-11,8089,康全電訊,4.0,4.0,0.0,4.0
2026-08-11,8091,翔名,2.107,18.69,0.0,18.69
2026-08-11,8092,建暐,1.0,0.999,0.0,0.999
2026-08-11,8093,保銳,0.0,0.0,0.0,0.0
2026-08-11,8096,擎亞,-40.354,-24.035,0.0,-24.035
2026-08-11,8097,常珵,-12.0,-12.0,0.0,-12.0
2026-08-11,8099,大世科,-8.001,-8.584,0.0,-8.584
2026-08-11,8102,傑霖科技,-1.0,-1.0,0.0,-1.0
2026-08-11,8103,瀚荃,5.442,0.0,0.008,5.45
2026-08-11,8104,錸寶,38.138,0.0,38.138,76.276
2026-08-11,8105,凌巨,774.03,0.0,786.038,1560.068
2026-08-11,8107,大億金茂,29.0,29.001,0.0,29.001
2026-08-11,8109,博大,54.0,58.02,0.0,58.02
2026-08-11,8110,華東,720.476,0.359,741.584,1462.419
2026-08-11,8111,立碁,-447.544,-489.387,0.0,-489.387
2026-08-11,8112,至上,33079.104,-5.151,34181.632,67255.58499999999
2026-08-11,8114,振樺電,-114.437,0.0,-285.889,-400.326
2026-08-11,8121,越峰,37.561,69.192,0.0,69.192
2026-08-11,8131,福懋科,-261.066,-6.6,-437.514,-705.1800000000001
2026-08-11,8147,正淩,29.019,28.917,0.0,28.917
2026-08-11,8150,南茂,-3596.525,-5.712,108.047,-3494.19
2026-08-11,8155,博智,-81.035,-50.778,0.0,-50.778
2026-08-11,8162,微矽電子-創,7.022,0.0,-16.994,-9.972
2026-08-11,8163,達方,5.0,0.0,3.99,8.99
2026-08-11,8171,天宇,17.0,17.01,0.0,17.01
2026-08-11,8176,智捷,-6.0,-6.102,0.0,-6.102
2026-08-11,8182,加高,20.0,18.034,0.0,18.034
2026-08-11,8183,精星,25.0,25.604,0.0,25.604
2026-08-11,8201,無敵,-6.0,0.0,-6.0,-12.0
2026-08-11,8210,勤誠,-343.272,-507.516,-332.648,-1183.436
2026-08-11,8213,志超,-70.78,0.0,-30.778,-101.558
2026-08-11,8215,明基材,34.0,-3.0,35.07,66.07
2026-08-11,8222,寶一,-7.969,0.0,4.031,-3.9380000000000006
2026-08-11,8227,巨有科技,13.714,27.383,0.0,27.383
2026-08-11,8234,新漢,-7.452,-6.865,0.0,-6.865
2026-08-11,8240,華宏,-18.91,-19.868,0.0,-19.868
2026-08-11,8249,菱光,102.0,0.0,102.0,204.0
2026-08-11,8255,朋程,20.005,12.224,0.0,12.224
2026-08-11,8261,富鼎,-101.658,0.0,-89.754,-191.412
2026-08-11,8271,宇瞻,60.51,0.318,1.044,61.87199999999999
2026-08-11,8277,商丞,11.0,11.0,0.0,11.0
2026-08-11,8279,生展,-1.0,-1.0,0.0,-1.0
2026-08-11,8284,三竹,0.0,1.0,0.0,1.0
2026-08-11,8289,泰藝,41.0,40.259,0.0,40.259
2026-08-11,8291,尚茂,2.0,2.0,0.0,2.0
2026-08-11,8299,群聯,196.37,296.7,0.0,296.7
2026-08-11,8341,日友,-0.577,0.0,-2.577,-3.154
2026-08-11,8342,益張,1.0,1.0,0.0,1.0
2026-08-11,8349,恒耀,-6.0,-6.0,0.0,-6.0
2026-08-11,8354,冠好,-14.0,-13.331,0.0,-13.331
2026-08-11,8358,金居,6575.215,7208.693,0.0,7208.693
2026-08-11,8367,建新國際,-6.0,0.0,-6.0,-12.0
2026-08-11,8374,羅昇,-80.961,0.0,-82.415,-163.376
2026-08-11,8383,千附,-167.769,-192.491,0.0,-192.491
2026-08-11,8390,金益鼎,-189.0,-211.823,0.0,-211.823
2026-08-11,8401,白紗科,12.0,12.0,0.0,12.0
2026-08-11,8403,盛弘,53.0,53.0,0.0,53.0
2026-08-11,8404,百和興業-KY,-10.8,0.0,-4.8,-15.6
2026-08-11,8409,商之器,0.0,-0.001,0.0,-0.001
2026-08-11,8410,森田,0.0,0.0,0.0,0.0
2026-08-11,8411,福貞-KY,38.0,0.0,58.0,96.0
2026-08-11,8415,大國鋼,-231.0,-219.77,0.0,-219.77
2026-08-11,8421,旭源,-15.14,-15.552,0.0,-15.552
2026-08-11,8422,可寧衛*,635.128,-4.604,673.008,1303.5320000000002
2026-08-11,8423,保綠-KY,-2.0,-2.0,0.0,-2.0
2026-08-11,8424,惠普,-3.0,-3.0,0.0,-3.0
2026-08-11,8426,紅木-KY,0.0,0.0,0.0,0.0
2026-08-11,8429,金麗-KY,5.0,0.0,5.0,10.0
2026-08-11,8431,匯鑽科,-32.001,-31.984,0.0,-31.984
2026-08-11,8432,東生華,-1.0,-1.078,0.0,-1.078
2026-08-11,8433,弘帆,-2.0,-2.0,0.0,-2.0
2026-08-11,8436,大江,-919.85,-854.483,0.0,-854.483
2026-08-11,8437,大地-KY,2.0,2.0,0.0,2.0
2026-08-11,8438,昶昕,-22.174,0.0,9.564,-12.61
2026-08-11,8440,綠電,-5.001,-5.197,0.0,-5.197
2026-08-11,8442,威宏-KY,-22.0,0.0,-26.0,-48.0
2026-08-11,8443,阿瘦,-1.0,0.0,-1.0,-2.0
2026-08-11,8446,華研,-12.0,-12.0,0.0,-12.0
2026-08-11,8450,霹靂,-1.0,-0.381,0.0,-0.381
2026-08-11,8454,富邦媒,62.539,-0.651,42.451,104.339
2026-08-11,8462,柏文,-68.619,-1.0,-66.619,-136.238
2026-08-11,8463,潤泰材,-3.0,0.0,-3.0,-6.0
2026-08-11,8464,億豐,284.6,-1.07,284.528,568.058
2026-08-11,8466,美吉吉-KY,-2.0,0.0,-2.0,-4.0
2026-08-11,8467,波力-KY,-26.0,0.0,-26.0,-52.0
2026-08-11,8473,山林水,-45.0,0.0,-47.084,-92.084
2026-08-11,8476,台境*,28.5,0.0,32.5,61.0
2026-08-11,8478,東哥遊艇,-37.362,0.0,-37.964,-75.326
2026-08-11,8481,政伸,-3.0,0.0,3.0,0.0
2026-08-11,8482,商億-KY,1.0,0.0,1.0,2.0
2026-08-11,8487,愛爾達-創,-7.0,0.0,1.862,-5.138
2026-08-11,8488,吉源-KY,25.0,0.0,25.0,50.0
2026-08-11,8489,三貝德,1.0,1.145,0.0,1.145
2026-08-11,8499,鼎炫-KY,25.0,0.0,24.356,49.356
2026-08-11,8905,裕國,-1.0,1.0,0.0,1.0
2026-08-11,8906,花王,-1.0,-1.048,0.0,-1.048
2026-08-11,8908,欣雄,10.0,9.801,0.0,9.801
2026-08-11,8916,光隆,-108.0,-108.358,0.0,-108.358
2026-08-11,8924,大田,-7.0,-7.104,0.0,-7.104
2026-08-11,8926,台汽電,-1759.197,-2.798,-1738.081,-3500.076
2026-08-11,8927,北基,-143.0,-142.181,0.0,-142.181
2026-08-11,8928,鉅明,2.0,2.007,0.0,2.007
2026-08-11,8929,富堡,-2.0,-2.547,0.0,-2.547
2026-08-11,8931,大汽電,1.0,0.527,0.0,0.527
2026-08-11,8932,智通*,489.813,627.49,0.0,627.49
2026-08-11,8933,愛地雅,-6.0,-6.0,0.0,-6.0
2026-08-11,8935,邦泰,-25.0,-25.001,0.0,-25.001
2026-08-11,8936,國統,-184.0,-131.192,0.0,-131.192
2026-08-11,8937,合騏*,2.0,2.0,0.0,2.0
2026-08-11,8938,明安,-22.0,-21.657,0.0,-21.657
2026-08-11,8940,新天地,1.0,0.0,-3.0,-2.0
2026-08-11,8941,關中,0.0,0.0,0.0,0.0
2026-08-11,8942,森鉅,77.08,77.814,0.0,77.814
2026-08-11,8996,高力,-281.426,127.86,-288.514,-442.08
2026-08-11,9103,美德醫療-DR,-103.0,0.0,-103.9,-206.9
2026-08-11,9105,泰金寶-DR,-3029.0,0.0,-3028.872,-6057.871999999999
2026-08-11,9136,巨騰-DR,44.0,0.0,44.0,88.0
2026-08-11,9802,鈺齊-KY,725.144,-178.0,817.144,1364.288
2026-08-11,9902,台火,40.0,0.0,42.0,82.0
2026-08-11,9904,寶成,772.5,115.044,799.628,1687.172
2026-08-11,9905,大華,-28.0,0.0,-22.0,-50.0
2026-08-11,9906,欣巴巴,30.0,0.0,36.0,66.0
2026-08-11,9907,統一實,150.0,-36.731,150.0,263.269
2026-08-11,9908,大台北,-53.2,0.0,-53.2,-106.4
2026-08-11,9910,豐泰,1170.72,54.239,1170.72,2395.679
2026-08-11,9911,櫻花,-34.0,0.0,-34.0,-68.0
2026-08-11,9912,偉聯,-5.001,0.0,-5.001,-10.002
2026-08-11,9914,美利達,829.358,0.676,1658.288,2488.322
2026-08-11,9917,中保科,-75.371,-1.554,-61.371,-138.296
2026-08-11,9919,康那香,-7.0,0.0,-7.0,-14.0
2026-08-11,9921,巨大,4528.75,-0.724,4906.372,9434.398
2026-08-11,9924,福興,1.891,0.0,21.891,23.782
2026-08-11,9925,新保,-246.0,0.0,-258.0,-504.0
2026-08-11,9926,新海,-3.0,0.0,-3.0,-6.0
2026-08-11,9927,泰銘,18.05,0.0,18.05,36.1
2026-08-11,9928,中視,0.0,0.0,-2.0,-2.0
2026-08-11,9930,中聯資源,-7.0,0.0,8.774,1.7739999999999991
2026-08-11,9931,欣高,-2.0,0.0,-0.144,-2.144
2026-08-11,9933,中鼎,381.499,-4.908,323.499,700.09
2026-08-11,9934,成霖,468.738,0.0,168.7,637.438
2026-08-11,9935,慶豐富,-72.052,0.0,-76.052,-148.104
2026-08-11,9937,全國,-2.0,0.0,-2.0,-4.0
2026-08-11,9938,百和,534.969,-407.0,580.969,708.9380000000001
2026-08-11,9939,宏全,-1292.0,-49.297,-1402.726,-2744.023
2026-08-11,9940,信義,-101.0,0.0,-119.12,-220.12
2026-08-11,9941,裕融,182.169,-2.31,334.475,514.3340000000001
2026-08-11,9942,茂順,-67.213,-1.0,-69.213,-137.426
2026-08-11,9943,好樂迪,3.0,0.0,-15.0,-12.0
2026-08-11,9944,新麗,-5.0,0.0,-1.0,-6.0
2026-08-11,9945,潤泰新,-1969.519,-12.024,-2076.215,-4057.758
2026-08-11,9946,三發地產,14.0,0.0,-22.0,-8.0
2026-08-11,9949,琉園,4.0,4.0,0.0,4.0
2026-08-11,9951,皇田,-1.0,-1.0,0.0,-1.0
2026-08-11,9955,佳龍,50.0,0.0,50.0,100.0
2026-08-11,9958,世紀鋼,-97.937,-3.436,-170.421,-271.794
2026-08-11,9960,邁達康,1.0,-4.0,0.0,-4.0
2026-08-11,9962,有益,16.0,15.599,0.0,15.599
2026-08-12,1101,台泥,44.372,-10.0,207.588,241.96
2026-08-12,1102,亞泥,-2693.64,-197.647,-2628.464,-5519.751
2026-08-12,1103,嘉泥,-60.82,0.0,-60.82,-121.64
2026-08-12,1104,環泥,-161.03,0.0,-164.2,-325.23
2026-08-12,1108,幸福,8.0,0.0,-22.0,-14.0
2026-08-12,1109,信大,1.0,0.0,1.0,2.0
2026-08-12,1110,東泥,90.0,0.0,90.0,180.0
2026-08-12,1201,味全,-32.0,0.0,10.0,-22.0
2026-08-12,1203,味王,4.0,0.0,4.0,8.0
2026-08-12,1210,大成,-1213.765,158.0,-2076.179,-3131.9440000000004
2026-08-12,1215,卜蜂,-175.423,0.0,-164.953,-340.376
2026-08-12,1216,統一,5055.324,-27.0,5031.352,10059.676
2026-08-12,1217,愛之味,58.812,0.0,58.812,117.624
2026-08-12,1218,泰山,-446.0,0.0,-446.626,-892.626
2026-08-12,1219,福壽,-127.527,0.0,-127.527,-255.054
2026-08-12,1220,台榮,4.0,0.0,4.3,8.3
2026-08-12,1225,福懋油,0.0,0.0,2.0,2.0
2026-08-12,1227,佳格,-410.0,0.0,-391.334,-801.3340000000001
2026-08-12,1229,聯華,-12.138,0.0,-12.722,-24.86
2026-08-12,1231,聯華食,-80.977,0.0,-82.499,-163.476
2026-08-12,1232,大統益,-11.724,0.0,0.276,-11.448
2026-08-12,1233,天仁,0.0,0.0,0.0,0.0
2026-08-12,1234,黑松,-42.983,0.0,-25.053,-68.036
2026-08-12,1235,興泰,3.0,0.0,3.0,6.0
2026-08-12,1236,宏亞,2.0,0.0,2.0,4.0
2026-08-12,1240,茂生農經,3.0,3.0,0.0,3.0
2026-08-12,1256,鮮活果汁-KY,-7.295,0.0,-7.295,-14.59
2026-08-12,1259,安心,2.0,2.0,0.0,2.0
2026-08-12,1264,德麥,2.0,-9.506,0.0,-9.506
2026-08-12,1268,漢來美食,6.0,6.0,0.0,6.0
2026-08-12,1294,漢田生技,-4.0,-4.045,0.0,-4.045
2026-08-12,1295,生合,-7.0,-7.0,0.0,-7.0
2026-08-12,1301,台塑,5402.759,0.0,5811.159,11213.918
2026-08-12,1303,南亞,-12290.027,4300.0,-14538.947,-22528.974
2026-08-12,1304,台聚,1014.869,0.0,1001.695,2016.564
2026-08-12,1305,華夏,279.0,0.0,354.452,633.452
2026-08-12,1307,三芳,-93.0,0.0,-116.792,-209.792
2026-08-12,1308,亞聚,359.296,0.0,343.092,702.3879999999999
2026-08-12,1309,台達化,632.795,0.0,563.163,1195.958
2026-08-12,1310,台苯,909.314,0.0,855.026,1764.34
2026-08-12,1312,國喬,-55.828,0.0,-410.148,-465.976
2026-08-12,1313,聯成,343.814,0.0,325.548,669.3620000000001
2026-08-12,1314,中石化,1568.83,0.0,2252.634,3821.464
2026-08-12,1315,達新,-6.0,0.0,-6.0,-12.0
2026-08-12,1316,上曜,766.03,0.0,698.03,1464.06
2026-08-12,1319,東陽,1503.201,-42.0,1439.201,2900.402
2026-08-12,1321,大洋,35.0,0.0,47.0,82.0
2026-08-12,1323,永裕,10.0,0.0,10.0,20.0
2026-08-12,1324,地球,1.0,0.0,1.0,2.0
2026-08-12,1325,恆大,65.52,0.0,65.52,131.04
2026-08-12,1326,台化,7275.63,0.0,8381.436,15657.066
2026-08-12,1336,台翰,-57.0,-109.915,0.0,-109.915
2026-08-12,1337,再生-KY,-23.274,0.0,-23.274,-46.548
2026-08-12,1338,廣華-KY,-1.0,0.0,-1.0,-2.0
2026-08-12,1339,昭輝,40.0,0.0,51.012,91.012
2026-08-12,1340,勝悅-KY,40.0,0.0,18.0,58.0
2026-08-12,1341,富林-KY,2.0,0.0,2.0,4.0
2026-08-12,1342,八貫,39.748,0.0,37.748,77.496
2026-08-12,1402,遠東新,15079.303,72.768,15413.235,30565.306
2026-08-12,1409,新纖,725.948,0.0,1441.944,2167.892
2026-08-12,1410,南染,4.0,0.0,6.0,10.0
2026-08-12,1413,宏洲,-2.0,0.0,2.0,0.0
2026-08-12,1414,東和,-39.935,0.0,-39.935,-79.87
2026-08-12,1416,廣豐,272.369,0.0,266.369,538.738
2026-08-12,1417,嘉裕,9.0,0.0,9.0,18.0
2026-08-12,1418,東華,2.0,0.0,2.0,4.0
2026-08-12,1419,新紡,6.0,0.0,6.0,12.0
2026-08-12,1423,利華,4.0,0.0,6.0,10.0
2026-08-12,1432,大魯閣,-30.0,0.0,-30.0,-60.0
2026-08-12,1434,福懋,161.631,0.0,175.631,337.262
2026-08-12,1435,中福,3.0,0.0,3.0,6.0
2026-08-12,1436,華友聯,134.13,0.0,134.13,268.26
2026-08-12,1437,勤益控,-23.64,0.0,-21.64,-45.28
2026-08-12,1438,三地開發,-0.613,0.0,-0.613,-1.226
2026-08-12,1439,雋揚,15.0,0.0,17.0,32.0
2026-08-12,1440,南紡,1147.442,0.0,1144.92,2292.362
2026-08-12,1441,大東,2.0,0.0,2.0,4.0
2026-08-12,1442,名軒,26.516,0.0,28.516,55.032
2026-08-12,1443,立益物流,1.0,0.0,1.0,2.0
2026-08-12,1444,力麗,537.503,-15.0,537.503,1060.006
2026-08-12,1445,大宇,-5.0,0.0,-5.0,-10.0
2026-08-12,1446,宏和,1.0,0.0,-1.0,0.0
2026-08-12,1447,力鵬,675.876,-12.0,671.876,1335.752
2026-08-12,1449,佳和,12.0,0.0,6.0,18.0
2026-08-12,1451,年興,2.0,0.0,-18.0,-16.0
2026-08-12,1452,宏益,16.99,0.0,26.99,43.98
2026-08-12,1453,大將,8.0,0.0,48.0,56.0
2026-08-12,1454,台富,1.0,0.0,9.0,10.0
2026-08-12,1455,集盛,47.438,0.0,-63.938,-16.5
2026-08-12,1456,怡華,3.0,0.0,5.0,8.0
2026-08-12,1457,宜進,35.141,0.0,9.141,44.282
2026-08-12,1459,聯發,-38.894,0.0,-34.892,-73.786
2026-08-12,1460,宏遠,-30.78,0.0,-30.78,-61.56
2026-08-12,1463,強盛新,5.0,0.0,5.0,10.0
2026-08-12,1464,得力,-10.432,0.0,-10.432,-20.864
2026-08-12,1465,偉全,3.0,0.0,5.0,8.0
2026-08-12,1466,聚隆,-23.889,0.0,-15.889,-39.778
2026-08-12,1467,南緯,-40.777,0.0,-44.777,-85.554
2026-08-12,1468,昶和,-1.0,0.0,-3.0,-4.0
2026-08-12,1470,大統新創,6.0,0.0,6.0,12.0
2026-08-12,1471,首利,104.0,0.0,104.0,208.0
2026-08-12,1472,三洋實業,2.0,0.0,2.0,4.0
2026-08-12,1473,台南,6.0,0.0,14.0,20.0
2026-08-12,1474,弘裕,3.0,0.0,1.0,4.0
2026-08-12,1475,業旺,5.0,0.0,5.0,10.0
2026-08-12,1476,儒鴻,-1017.384,78.876,-1013.396,-1951.904
2026-08-12,1477,聚陽,-1017.393,84.0,-1006.947,-1940.34
2026-08-12,1503,士電,26.911,0.0,39.291,66.202
2026-08-12,1504,東元,-745.5,-2.0,-208.494,-955.994
2026-08-12,1506,正道,13.0,0.0,7.0,20.0
2026-08-12,1512,瑞利,-5.0,0.0,-5.0,-10.0
2026-08-12,1513,中興電,4031.906,0.0,4724.066,8755.972
2026-08-12,1514,亞力,-382.505,0.0,-343.705,-726.21
2026-08-12,1515,力山,142.669,-2.0,116.931,257.6
2026-08-12,1516,川飛,-5.0,0.0,-5.0,-10.0
2026-08-12,1517,利奇,47.244,0.0,43.92,91.164
2026-08-12,1519,華城,-58.068,15.0,-40.544,-83.612
2026-08-12,1521,大億,0.0,0.0,4.0,4.0
2026-08-12,1522,堤維西,391.092,0.0,383.092,774.184
2026-08-12,1524,耿鼎,129.0,0.0,129.0,258.0
2026-08-12,1525,江申,3.0,0.0,3.0,6.0
2026-08-12,1526,日馳,-83.348,0.0,-83.348,-166.696
2026-08-12,1527,鑽全,5.0,0.0,5.0,10.0
2026-08-12,1528,恩德,270.001,0.0,269.935,539.9359999999999
2026-08-12,1529,樂事綠能,79.811,0.0,79.811,159.622
2026-08-12,1530,亞崴,-19.0,0.0,-19.0,-38.0
2026-08-12,1531,高林股,2.0,0.0,2.0,4.0
2026-08-12,1532,勤美,13.114,0.0,10.832,23.946
2026-08-12,1533,車王電,36.947,0.0,22.947,59.894000000000005
2026-08-12,1535,中宇,4.0,0.0,6.0,10.0
2026-08-12,1536,和大,1229.016,0.0,1328.468,2557.4840000000004
2026-08-12,1537,廣隆,-34.0,0.0,-34.0,-68.0
2026-08-12,1539,巨庭,-10.0,0.0,-10.0,-20.0
2026-08-12,1540,喬福,35.0,0.0,31.0,66.0
2026-08-12,1541,錩泰,4.0,0.0,4.0,8.0
2026-08-12,1558,伸興,19.175,0.0,23.175,42.35
2026-08-12,1560,中砂,937.188,26.5,766.478,1730.166
2026-08-12,1563,巧新,240.413,0.0,434.257,674.6700000000001
2026-08-12,1565,精華,62.0,73.487,0.0,73.487
2026-08-12,1568,倉佑,16.229,0.0,50.223,66.452
2026-08-12,1569,濱川,113.0,113.346,0.0,113.346
2026-08-12,1570,力肯,0.0,0.268,0.0,0.268
2026-08-12,1580,新麥,-88.548,-88.079,0.0,-88.079
2026-08-12,1582,信錦,33.561,0.0,27.809,61.370000000000005
2026-08-12,1583,程泰,1.0,0.0,3.0,4.0
2026-08-12,1584,精剛,135.809,135.806,0.0,135.806
2026-08-12,1586,和勤,133.179,133.179,0.0,133.179
2026-08-12,1587,吉茂,106.0,0.0,106.0,212.0
2026-08-12,1590,亞德客-KY,-16.367,0.0,2.599,-13.768
2026-08-12,1591,駿吉-KY,-1.0,-1.0,0.0,-1.0
2026-08-12,1593,祺驊,11.0,11.0,0.0,11.0
2026-08-12,1595,川寶,119.129,123.99,0.0,123.99
2026-08-12,1597,直得,239.009,0.0,239.257,478.266
2026-08-12,1598,岱宇,72.615,0.0,74.615,147.23
2026-08-12,1599,宏佳騰,1.0,1.584,0.0,1.584
2026-08-12,1603,華電,139.754,0.0,139.754,279.508
2026-08-12,1604,聲寶,-4.0,0.0,-4.0,-8.0
2026-08-12,1605,華新,44292.104,-6.207,44258.022,88543.919
2026-08-12,1608,華榮,9108.219,0.0,9469.767,18577.986
2026-08-12,1609,大亞,2373.62,0.0,2609.298,4982.918
2026-08-12,1611,中電,77.971,0.0,63.971,141.942
2026-08-12,1612,宏泰,175.326,0.0,155.4,330.726
2026-08-12,1614,三洋電,0.0,0.0,2.0,2.0
2026-08-12,1615,大山,216.982,0.0,216.982,433.964
2026-08-12,1616,億泰,66.863,0.0,66.863,133.726
2026-08-12,1617,榮星,277.52,0.0,287.522,565.0419999999999
2026-08-12,1618,合機,381.792,0.0,359.792,741.584
2026-08-12,1623,大東電,21.78,0.0,24.312,46.092
2026-08-12,1626,艾美特-KY,-3.0,0.0,3.0,0.0
2026-08-12,1702,南僑,-22.11,0.0,-34.926,-57.036
2026-08-12,1707,葡萄王,-142.173,0.0,-143.043,-285.216
2026-08-12,1708,東鹼,137.718,-4.0,85.31,219.028
2026-08-12,1709,和益,-502.282,0.0,-631.786,-1134.068
2026-08-12,1710,東聯,787.682,0.0,648.712,1436.394
2026-08-12,1711,永光,1063.702,0.0,1162.308,2226.01
2026-08-12,1712,興農,-180.206,0.0,-146.14,-326.346
2026-08-12,1713,國化,114.0,0.0,114.0,228.0
2026-08-12,1714,和桐,836.225,79.0,1001.229,1916.454
2026-08-12,1717,長興,16328.784,200.07,19322.354,35851.208
2026-08-12,1718,中纖,7148.469,-20.0,6591.413,13719.882
2026-08-12,1720,生達,-35.55,0.0,10.286,-25.264
2026-08-12,1721,三晃,361.316,0.0,361.316,722.632
2026-08-12,1722,台肥,-65.0,0.0,182.954,117.954
2026-08-12,1723,中碳,-51.13,-1.0,-47.48,-99.61
2026-08-12,1725,元禎,8.0,0.0,8.0,16.0
2026-08-12,1726,永記,-5.0,0.0,-1.0,-6.0
2026-08-12,1727,中華化,620.035,0.0,628.675,1248.71
2026-08-12,1730,花仙子,-3.0,0.0,-7.0,-10.0
2026-08-12,1731,美吾華,-6.0,0.0,14.0,8.0
2026-08-12,1732,毛寶,30.0,0.0,30.0,60.0
2026-08-12,1733,五鼎,-174.0,0.0,-174.0,-348.0
2026-08-12,1734,杏輝,-66.496,0.0,-60.496,-126.992
2026-08-12,1735,日勝化,43.0,0.0,22.972,65.97200000000001
2026-08-12,1736,喬山,-286.055,0.0,-284.055,-570.11
2026-08-12,1737,臺鹽,-36.0,0.0,-38.0,-74.0
2026-08-12,1742,台蠟,0.0,0.0,0.0,0.0
2026-08-12,1752,南光,0.0,0.0,10.0,10.0
2026-08-12,1760,寶齡富錦,-31.0,0.0,-33.0,-64.0
2026-08-12,1762,中化生,-41.437,0.0,-33.437,-74.874
2026-08-12,1773,勝一,102.052,-170.0,169.1,101.152
2026-08-12,1776,展宇,10.0,0.0,10.0,20.0
2026-08-12,1777,生泰,2.0,1.878,0.0,1.878
2026-08-12,1780,立弘,-3.0,-3.0,0.0,-3.0
2026-08-12,1781,合世,17.0,16.969,0.0,16.969
2026-08-12,1783,和康生,0.0,0.0,16.0,16.0
2026-08-12,1784,訊聯,23.137,22.368,0.0,22.368
2026-08-12,1785,光洋科,1108.57,1082.087,0.0,1082.087
2026-08-12,1786,科妍,44.0,0.0,44.176,88.176
2026-08-12,1788,杏昌,-0.954,-0.1,0.0,-0.1
2026-08-12,1789,神隆,38.291,0.0,42.291,80.582
2026-08-12,1795,美時,-88.776,0.0,-114.824,-203.6
2026-08-12,1799,易威,-87.997,-88.082,0.0,-88.082
2026-08-12,1802,台玻,2156.392,0.0,2625.524,4781.915999999999
2026-08-12,1805,寶徠,22.0,0.0,18.0,40.0
2026-08-12,1806,冠軍,30.0,0.0,30.0,60.0
2026-08-12,1808,潤隆,358.015,0.0,312.015,670.03
2026-08-12,1809,中釉,-205.918,0.0,-242.682,-448.6
2026-08-12,1810,和成,-477.579,0.0,-476.451,-954.03
2026-08-12,1813,寶利徠,1.0,0.33,0.0,0.33
2026-08-12,1815,富喬,1325.027,1292.365,0.0,1292.365
2026-08-12,1817,凱撒衛,36.0,0.0,35.602,71.602
2026-08-12,1903,士紙,22.172,0.0,24.172,46.344
2026-08-12,1904,正隆,2971.652,0.0,3396.022,6367.674
2026-08-12,1905,華紙,21.251,0.0,296.905,318.15599999999995
2026-08-12,1906,寶隆,27.0,0.0,37.192,64.19200000000001
2026-08-12,1907,永豐餘,194.669,0.0,202.669,397.338
2026-08-12,2002,中鋼,18378.28,-14.0,16988.546,35352.826
2026-08-12,2006,東和鋼鐵,-82.234,152.0,-89.556,-19.789999999999992
2026-08-12,2007,燁興,-5.0,0.0,-5.0,-10.0
2026-08-12,2008,高興昌,-7.0,0.0,-7.0,-14.0
2026-08-12,2009,第一銅,2795.772,0.0,2943.484,5739.255999999999
2026-08-12,2010,春源,-37.0,0.0,-13.0,-50.0
2026-08-12,2012,春雨,-1.0,0.0,-1.0,-2.0
2026-08-12,2013,中鋼構,-3.0,0.0,-3.0,-6.0
2026-08-12,2014,中鴻,-349.72,0.0,-351.72,-701.44
2026-08-12,2015,豐興,-215.019,0.0,-215.019,-430.038
2026-08-12,2017,官田鋼,-49.412,0.0,-49.412,-98.824
2026-08-12,2020,美亞,-84.0,0.0,-84.0,-168.0
2026-08-12,2022,聚亨,-27.659,0.0,-83.659,-111.318
2026-08-12,2023,燁輝,55.021,0.0,422.255,477.276
2026-08-12,2024,志聯,4.0,0.0,4.0,8.0
2026-08-12,2025,千興,-10.757,0.0,-18.757,-29.514000000000003
2026-08-12,2027,大成鋼,2536.836,0.0,2581.078,5117.914
2026-08-12,2028,威致,-8.0,0.0,-8.0,-16.0
2026-08-12,2029,盛餘,79.794,0.0,79.794,159.588
2026-08-12,2030,彰源,1745.908,0.0,1707.728,3453.636
2026-08-12,2031,新光鋼,-99.967,0.0,-18.073,-118.04
2026-08-12,2032,新鋼,52.361,0.0,52.361,104.722
2026-08-12,2033,佳大,99.505,0.0,85.505,185.01
2026-08-12,2034,允強,108.448,0.0,150.518,258.966
2026-08-12,2038,海光,50.0,0.0,52.0,102.0
2026-08-12,2049,上銀,888.263,-120.0,969.711,1737.9740000000002
2026-08-12,2059,川湖,-102.482,-10.007,-90.52,-203.009
2026-08-12,2061,風青,-144.9,-100.931,0.0,-100.931
2026-08-12,2062,橋椿,-5.447,0.0,-5.447,-10.894
2026-08-12,2063,世鎧,-2.0,-2.43,0.0,-2.43
2026-08-12,2064,晉椿,8.0,7.7,0.0,7.7
2026-08-12,2065,世豐,-15.0,-6.0,0.0,-6.0
2026-08-12,2066,世德,-9.0,-9.1,0.0,-9.1
2026-08-12,2067,嘉鋼,0.0,-0.003,0.0,-0.003
2026-08-12,2069,運錩,138.308,0.0,138.308,276.616
2026-08-12,2070,精湛,36.0,35.662,0.0,35.662
2026-08-12,2072,世紀風電,-49.601,0.0,-51.601,-101.202
2026-08-12,2101,南港,421.269,0.0,395.119,816.388
2026-08-12,2102,泰豐,127.13,0.0,127.13,254.26
2026-08-12,2103,台橡,-4140.261,0.0,-4209.365,-8349.626
2026-08-12,2104,國際中橡,-282.704,0.0,-146.704,-429.408
2026-08-12,2105,正新,1189.245,71.0,1345.213,2605.458
2026-08-12,2106,建大,-1445.947,0.0,-1541.947,-2987.894
2026-08-12,2107,厚生,-72.549,0.0,-128.549,-201.098
2026-08-12,2108,南帝,1584.349,0.0,1588.645,3172.994
2026-08-12,2109,華豐,32.0,0.0,32.0,64.0
2026-08-12,2114,鑫永銓,9.0,0.0,11.0,20.0
2026-08-12,2115,六暉-KY,6.0,0.0,6.0,12.0
2026-08-12,2201,裕隆,1589.462,45.0,1653.184,3287.646
2026-08-12,2204,中華,30.6,0.0,-0.702,29.898000000000003
2026-08-12,2206,三陽工業,-437.334,0.0,-427.334,-864.668
2026-08-12,2207,和泰車,-136.764,19.0,-133.694,-251.458
2026-08-12,2208,台船,518.825,0.0,518.825,1037.65
2026-08-12,2211,長榮鋼,-262.0,0.0,-264.544,-526.544
2026-08-12,2221,大甲,77.809,78.156,0.0,78.156
2026-08-12,2227,裕日車,0.0,0.0,0.0,0.0
2026-08-12,2228,劍麟,8.187,0.0,8.187,16.374
2026-08-12,2230,泰茂,-77.712,-77.487,0.0,-77.487
2026-08-12,2231,為升,-86.452,0.0,-100.272,-186.724
2026-08-12,2233,宇隆,209.109,0.0,214.297,423.406
2026-08-12,2236,百達-KY,-155.93,0.0,-151.93,-307.86
2026-08-12,2237,華德動能-創,113.0,0.0,113.0,226.0
2026-08-12,2239,英利-KY,14.0,0.0,13.738,27.738
2026-08-12,2241,艾姆勒,-12.998,0.0,-16.998,-29.996
2026-08-12,2243,宏旭-KY,20.633,-1.0,56.633,76.266
2026-08-12,2247,汎德永業,8.0,0.0,8.0,16.0
2026-08-12,2248,華勝-KY,-18.0,0.0,-14.0,-32.0
2026-08-12,2250,IKKA-KY,3.0,0.0,7.0,10.0
2026-08-12,2254,巨鎧精密-創,2.0,0.0,2.0,4.0
2026-08-12,2258,鴻華先進-創,321.15,0.0,292.066,613.2159999999999
2026-08-12,2301,光寶科,706.507,1403.054,567.855,2677.416
2026-08-12,2302,麗正,34.812,-2.0,218.748,251.56
2026-08-12,2303,聯電,5676.679,-8652.905,12597.243,9621.017
2026-08-12,2305,全友,367.27,-9.0,298.518,656.788
2026-08-12,2308,台達電,-1166.554,170.791,-834.09,-1829.853
2026-08-12,2312,金寶,4552.86,0.0,5049.398,9602.258
2026-08-12,2313,華通,-2555.382,404.0,-2333.86,-4485.242
2026-08-12,2316,楠梓電,-1031.733,-3.0,-1196.301,-2231.034
2026-08-12,2317,鴻海,29370.661,255.973,32285.739,61912.37300000001
2026-08-12,2323,中環,951.9,0.0,867.9,1819.8
2026-08-12,2324,仁寶,51024.49,60.921,58831.864,109917.275
2026-08-12,2327,國巨*,-10377.145,229.847,-10670.001,-20817.299
2026-08-12,2328,廣宇,817.93,0.0,996.548,1814.478
2026-08-12,2329,華泰,407.27,0.0,344.284,751.554
2026-08-12,2330,台積電,2626.903,587.054,2046.331,5260.288
2026-08-12,2331,精英,56.531,0.0,205.731,262.262
2026-08-12,2332,友訊,-3629.831,0.0,-3827.881,-7457.711999999999
2026-08-12,2337,旺宏,11058.528,-8.0,10781.036,21831.564
2026-08-12,2338,光罩,268.973,0.0,268.595,537.568
2026-08-12,2340,台亞,789.153,0.0,843.477,1632.63
2026-08-12,2342,茂矽,240.96,0.0,241.58,482.54
2026-08-12,2344,華邦電,-30701.517,-11140.522,-34855.677,-76697.71600000001
2026-08-12,2345,智邦,-908.723,140.0,-965.673,-1734.396
2026-08-12,2347,聯強,2390.776,116.0,2397.742,4904.518
2026-08-12,2348,海悅,-67.879,0.0,-68.131,-136.01
2026-08-12,2349,錸德,219.029,0.0,219.029,438.058
2026-08-12,2351,順德,168.02,0.0,224.666,392.686
2026-08-12,2352,佳世達,-23.395,-4.0,34.499,7.104000000000003
2026-08-12,2353,宏碁,10521.216,-153.204,13067.696,23435.708
2026-08-12,2354,鴻準,5606.208,0.0,6004.648,11610.856
2026-08-12,2355,敬鵬,294.0,0.0,317.872,611.8720000000001
2026-08-12,2356,英業達,25668.472,881.822,27265.22,53815.514
2026-08-12,2357,華碩,1186.544,75.887,1361.412,2623.843
2026-08-12,2359,所羅門,974.8,0.0,1053.316,2028.116
2026-08-12,2360,致茂,-156.304,229.949,-75.166,-1.5209999999999866
2026-08-12,2362,藍天,1208.995,0.0,1152.995,2361.99
2026-08-12,2363,矽統,-2005.17,0.0,-2292.836,-4298.005999999999
2026-08-12,2364,倫飛,220.9,0.0,220.9,441.8
2026-08-12,2365,昆盈,179.14,0.0,179.14,358.28
2026-08-12,2367,燿華,1854.224,0.0,1892.394,3746.618
2026-08-12,2368,金像電,-3313.25,2385.982,-3331.234,-4258.502
2026-08-12,2369,菱生,616.08,0.0,658.594,1274.674
2026-08-12,2371,大同,4569.806,-4.0,4290.736,8856.542
2026-08-12,2373,震旦行,3.0,0.0,-5.0,-2.0
2026-08-12,2374,佳能,257.806,0.0,228.208,486.014
2026-08-12,2375,凱美,-95.92,-2.0,-114.316,-212.236
2026-08-12,2376,技嘉,4224.006,205.765,4932.096,9361.867
2026-08-12,2377,微星,7854.332,-113.0,9935.686,17677.018
2026-08-12,2379,瑞昱,-329.351,35.986,-327.271,-620.636
2026-08-12,2382,廣達,636.241,1098.476,670.045,2404.762
2026-08-12,2383,台光電,305.609,56.993,312.823,675.425
2026-08-12,2385,群光,1041.717,16.878,1033.861,2092.456
2026-08-12,2387,精元,-337.008,0.0,-338.394,-675.402
2026-08-12,2388,威盛,-1661.147,0.0,-1856.805,-3517.952
2026-08-12,2390,云辰,157.41,0.0,149.41,306.82
2026-08-12,2392,正崴,797.079,0.0,936.349,1733.428
2026-08-12,2393,億光,-1215.0,-415.0,-1206.684,-2836.684
2026-08-12,2395,研華,242.613,167.0,398.337,807.95
2026-08-12,2397,友通,-76.72,0.0,-68.72,-145.44
2026-08-12,2399,映泰,1045.589,0.0,1332.361,2377.95
2026-08-12,2401,凌陽,-111.725,0.0,16.123,-95.602
2026-08-12,2402,毅嘉,447.937,0.0,442.953,890.89
2026-08-12,2404,漢唐,-48.374,0.0,-67.326,-115.7
2026-08-12,2405,輔信,122.0,0.0,136.0,258.0
2026-08-12,2406,國碩,50.795,-6.0,-121.205,-76.41
2026-08-12,2408,南亞科,-14721.317,49.624,-15855.273,-30526.966
2026-08-12,2409,友達,-5804.657,-0.698,-5382.469,-11187.824
2026-08-12,2412,中華電,-1239.653,-1975.046,-1181.653,-4396.352
2026-08-12,2413,環科,320.582,0.0,294.582,615.164
2026-08-12,2414,精技,62.0,-1.0,-4.0,57.0
2026-08-12,2415,錩新,-3.801,-2.0,1.503,-4.298
2026-08-12,2417,圓剛,-767.434,0.0,-765.434,-1532.868
2026-08-12,2419,仲琦,127.602,0.0,133.602,261.204
2026-08-12,2420,新巨,74.003,0.0,60.003,134.006
2026-08-12,2421,建準,535.25,0.0,419.978,955.228
2026-08-12,2423,固緯,35.0,0.0,39.0,74.0
2026-08-12,2425,承啟,-1294.8,-1.0,-1278.8,-2574.6
2026-08-12,2426,鼎元,3886.91,0.0,3921.95,7808.86
2026-08-12,2427,三商電,35.855,0.0,5.855,41.71
2026-08-12,2428,興勤,-243.353,-12.0,-192.247,-447.6
2026-08-12,2429,銘旺科,26.123,0.0,26.123,52.246
2026-08-12,2430,燦坤,0.0,0.0,18.0,18.0
2026-08-12,2431,聯昌,-28.0,0.0,-28.002,-56.002
2026-08-12,2432,倚天酷碁-創,1.0,0.0,1.0,2.0
2026-08-12,2433,互盛電,-2.0,0.0,-4.0,-6.0
2026-08-12,2434,統懋,57.748,0.0,64.714,122.462
2026-08-12,2436,偉詮電,1337.472,-158.0,1495.716,2675.188
2026-08-12,2438,翔耀,-57.0,0.0,-71.0,-128.0
2026-08-12,2439,美律,-15.1,0.0,-11.202,-26.302
2026-08-12,2440,太空梭,-65.83,0.0,-99.83,-165.66
2026-08-12,2441,超豐,2931.702,0.0,3385.864,6317.566000000001
2026-08-12,2442,新美齊,554.099,0.0,554.099,1108.198
2026-08-12,2444,兆勁,-8.892,0.0,-8.892,-17.784
2026-08-12,2449,京元電子,5585.403,-132.646,7147.965,12600.722000000002
2026-08-12,2450,神腦,-24.0,0.0,-24.0,-48.0
2026-08-12,2451,創見,3182.071,0.0,3279.481,6461.552
2026-08-12,2453,凌群,31.0,0.0,29.0,60.0
2026-08-12,2454,聯發科,148.529,-122.592,105.505,131.442
2026-08-12,2455,全新,247.696,7.0,620.46,875.1560000000001
2026-08-12,2457,飛宏,138.839,0.0,221.471,360.31
2026-08-12,2458,義隆,-220.48,-200.0,-239.394,-659.874
2026-08-12,2459,敦吉,50.0,0.0,48.0,98.0
2026-08-12,2460,建通,-124.459,0.0,-126.459,-250.918
2026-08-12,2461,光群雷,832.134,0.0,830.154,1662.288
2026-08-12,2462,良得電,21.0,0.0,18.842,39.842
2026-08-12,2464,盟立,5419.065,0.0,5726.667,11145.732
2026-08-12,2465,麗臺,2138.854,0.0,2259.612,4398.466
2026-08-12,2466,冠西電,321.309,-3.0,317.309,635.618
2026-08-12,2467,志聖,378.505,0.008,430.391,808.904
2026-08-12,2468,華經,57.066,0.0,55.066,112.132
2026-08-12,2471,資通,46.345,0.0,58.345,104.69
2026-08-12,2472,立隆電,182.56,0.0,457.482,640.042
2026-08-12,2474,可成,56.86,46.0,170.144,273.004
2026-08-12,2476,鉅祥,786.303,0.0,1452.383,2238.686
2026-08-12,2477,美隆電,-97.817,0.0,-97.817,-195.634
2026-08-12,2478,大毅,2739.43,-2.0,2829.19,5566.62
2026-08-12,2480,敦陽科,49.843,0.0,50.259,100.102
2026-08-12,2481,強茂,-3556.74,-426.0,-3463.244,-7445.984
2026-08-12,2482,連宇,39.0,0.0,38.71,77.71000000000001
2026-08-12,2483,百容,118.916,0.0,38.916,157.832
2026-08-12,2484,希華,1631.451,-3.0,1659.431,3287.882
2026-08-12,2485,兆赫,924.403,0.0,1091.451,2015.854
2026-08-12,2486,一詮,-71.323,0.0,-90.241,-161.564
2026-08-12,2488,漢平,-42.961,0.0,-40.961,-83.922
2026-08-12,2489,瑞軒,1655.959,-5.0,1592.619,3243.578
2026-08-12,2491,吉祥全,7.0,-1.0,7.0,13.0
2026-08-12,2492,華新科,-14198.286,504.0,-18079.35,-31773.636
2026-08-12,2493,揚博,-390.85,-3.0,-364.886,-758.7360000000001
2026-08-12,2495,普安,636.881,0.0,607.237,1244.118
2026-08-12,2496,卓越,1.0,0.0,1.0,2.0
2026-08-12,2497,怡利電,122.0,0.0,118.956,240.956
2026-08-12,2498,宏達電,551.3,0.0,558.936,1110.236
2026-08-12,2501,國建,1546.07,0.0,1583.634,3129.704
2026-08-12,2504,國產,236.487,0.0,236.487,472.974
2026-08-12,2505,國揚,103.349,0.0,91.349,194.698
2026-08-12,2506,太設,-7.0,0.0,-7.0,-14.0
2026-08-12,2509,全坤建,4.0,0.0,6.0,10.0
2026-08-12,2511,太子,-143.0,0.0,-123.0,-266.0
2026-08-12,2514,龍邦,2.0,0.0,-14.074,-12.074
2026-08-12,2515,中工,1578.1,0.0,1492.55,3070.65
2026-08-12,2516,新建,59.0,0.0,55.0,114.0
2026-08-12,2520,冠德,1382.748,0.0,1404.748,2787.496
2026-08-12,2524,京城,24.0,0.0,12.0,36.0
2026-08-12,2527,宏璟,-129.013,0.0,-202.595,-331.608
2026-08-12,2528,皇普,128.305,0.0,128.305,256.61
2026-08-12,2530,華建,121.341,0.0,121.341,242.682
2026-08-12,2534,宏盛,37.1,0.0,43.1,80.2
2026-08-12,2535,達欣工,-58.589,0.0,-53.591,-112.18
2026-08-12,2536,宏普,398.0,0.0,418.0,816.0
2026-08-12,2537,聯上發,339.0,0.0,340.2,679.2
2026-08-12,2538,基泰,-38.71,0.0,-38.71,-77.42
2026-08-12,2539,櫻花建,650.703,0.0,654.703,1305.406
2026-08-12,2540,愛山林,-392.904,0.0,-748.904,-1141.808
2026-08-12,2542,興富發,729.145,294.0,732.587,1755.732
2026-08-12,2543,皇昌,328.86,0.0,362.542,691.402
2026-08-12,2545,皇翔,132.509,0.0,126.509,259.018
2026-08-12,2546,根基,134.045,0.0,134.045,268.09
2026-08-12,2547,日勝生,-4434.0,0.0,-4525.096,-8959.096
2026-08-12,2548,華固,-234.7,0.0,-241.308,-476.008
2026-08-12,2596,綠意,-5.0,-5.0,0.0,-5.0
2026-08-12,2597,潤弘,43.414,0.0,43.426,86.84
2026-08-12,2601,益航,678.179,0.0,678.179,1356.358
2026-08-12,2603,長榮,-3143.947,1991.0,-3493.537,-4646.484
2026-08-12,2605,新興,-237.248,0.0,-196.6,-433.848
2026-08-12,2606,裕民,1266.057,0.0,994.203,2260.26
2026-08-12,2607,榮運,451.768,0.0,452.34,904.108
2026-08-12,2608,嘉里大榮,-182.0,0.0,-179.354,-361.354
2026-08-12,2609,陽明,-1401.803,31.654,-1678.671,-3048.82
2026-08-12,2610,華航,-4977.318,29.0,-5075.698,-10024.016
2026-08-12,2611,志信,-35.0,0.0,-35.0,-70.0
2026-08-12,2612,中航,39.331,0.0,43.171,82.50200000000001
2026-08-12,2613,中櫃,-15.0,0.0,-15.0,-30.0
2026-08-12,2614,東森,-77.0,0.0,-77.0,-154.0
2026-08-12,2615,萬海,-463.625,-2.1,-603.507,-1069.232
2026-08-12,2616,山隆,23.0,0.0,23.0,46.0
2026-08-12,2617,台航,-170.0,0.0,-169.87,-339.87
2026-08-12,2618,長榮航,-808.567,420.776,-850.429,-1238.22
2026-08-12,2630,亞航,-194.0,0.0,-248.704,-442.704
2026-08-12,2633,台灣高鐵,-1689.0,286.0,-1671.0,-3074.0
2026-08-12,2634,漢翔,-1875.661,-12.0,-2440.223,-4327.884
2026-08-12,2636,台驊控股,-11.997,0.0,-41.225,-53.222
2026-08-12,2637,慧洋-KY,546.356,-2.0,543.398,1087.754
2026-08-12,2640,大車隊,-2.0,-2.124,0.0,-2.124
2026-08-12,2641,正德,-42.0,-48.09,0.0,-48.09
2026-08-12,2642,宅配通,6.0,0.0,6.0,12.0
2026-08-12,2643,捷迅,1.0,1.0,0.0,1.0
2026-08-12,2645,長榮航太,-1267.973,32.0,-1327.375,-2563.348
2026-08-12,2646,星宇航空,-2296.308,0.0,-2290.308,-4586.616
2026-08-12,2701,萬企,-7.0,0.0,-5.0,-12.0
2026-08-12,2702,華園,7.0,0.0,9.0,16.0
2026-08-12,2704,國賓,-60.0,0.0,-18.0,-78.0
2026-08-12,2705,六福,-4.0,0.0,-18.0,-22.0
2026-08-12,2706,第一店,-27.0,0.0,7.0,-20.0
2026-08-12,2707,晶華,-85.0,0.0,-93.1,-178.1
2026-08-12,2712,遠雄來,2.0,0.0,2.0,4.0
2026-08-12,2718,全心投控,11.0,11.0,0.0,11.0
2026-08-12,2719,燦星旅,1.0,1.0,0.0,1.0
2026-08-12,2722,夏都,0.033,0.0,2.033,2.066
2026-08-12,2723,美食-KY,-229.76,0.0,-229.76,-459.52
2026-08-12,2727,王品,-21.462,0.0,-25.044,-46.506
2026-08-12,2729,瓦城,1.925,1.851,0.0,1.851
2026-08-12,2731,雄獅,53.36,0.0,44.452,97.812
2026-08-12,2732,六角,3.0,2.83,0.0,2.83
2026-08-12,2734,易飛網,-2.0,-1.892,0.0,-1.892
2026-08-12,2736,富野,18.0,17.999,0.0,17.999
2026-08-12,2739,寒舍,6.27,0.0,0.27,6.539999999999999
2026-08-12,2743,山富,24.0,24.004,0.0,24.004
2026-08-12,2745,五福,-2.0,-15.779,0.0,-15.779
2026-08-12,2748,雲品,-1.0,0.0,-1.0,-2.0
2026-08-12,2751,王座,-1.0,-1.0,0.0,-1.0
2026-08-12,2752,豆府,-1.066,-1.066,0.0,-1.066
2026-08-12,2753,八方雲集,-63.0,0.0,-63.0,-126.0
2026-08-12,2754,亞洲藏壽司,-3.0,-4.0,0.0,-4.0
2026-08-12,2755,揚秦,-1.0,-1.252,0.0,-1.252
2026-08-12,2756,聯發國際,2.0,2.62,0.0,2.62
2026-08-12,2762,世界健身-KY,6.0,0.0,6.0,12.0
2026-08-12,2801,彰銀,-1606.942,28.0,-1392.942,-2971.884
2026-08-12,2812,台中銀,-2140.13,9.0,-1992.13,-4123.26
2026-08-12,2816,旺旺保,14.96,0.0,-1.04,13.920000000000002
2026-08-12,2820,華票,-1703.0,0.0,-1703.0,-3406.0
2026-08-12,2832,台產,-6.948,0.0,-4.83,-11.778
2026-08-12,2834,臺企銀,-3013.951,14.0,-2957.951,-5957.902
2026-08-12,2836,高雄銀,-411.0,0.0,-419.0,-830.0
2026-08-12,2838,聯邦銀,235.0,0.0,385.0,620.0
2026-08-12,2845,遠東銀,-610.124,8.0,-524.124,-1126.248
2026-08-12,2849,安泰銀,16.0,0.0,4.0,20.0
2026-08-12,2850,新產,-19.77,0.0,-15.77,-35.54
2026-08-12,2851,中再保,275.619,0.0,386.621,662.24
2026-08-12,2852,第一保,60.0,0.0,108.0,168.0
2026-08-12,2855,統一證,1882.058,594.0,1882.058,4358.116
2026-08-12,2867,三商壽,1410.837,0.0,1410.837,2821.674
2026-08-12,2880,華南金,-15261.45,6462.0,-15934.94,-24734.39
2026-08-12,2881,富邦金,-1425.688,434.675,-1421.24,-2412.253
2026-08-12,2882,國泰金,2361.816,1163.316,2737.58,6262.712
2026-08-12,2883,凱基金,2856.557,4243.422,2612.165,9712.144
2026-08-12,2884,玉山金,-5878.345,363.395,-5768.437,-11283.387
2026-08-12,2885,元大金,734.307,-458.389,664.947,940.865
2026-08-12,2886,兆豐金,-14609.611,4775.042,-14970.763,-24805.332
2026-08-12,2887,台新新光金,9082.949,4943.774,8821.395,22848.118
2026-08-12,2889,國票金,-1228.0,0.0,-1254.68,-2482.6800000000003
2026-08-12,2890,永豐金,8869.859,118.252,8357.597,17345.708
2026-08-12,2891,中信金,4780.007,-4279.726,5197.943,5698.224
2026-08-12,2892,第一金,13521.627,-95.966,10381.645,23807.306
2026-08-12,2897,王道銀行,-657.0,0.0,-829.0,-1486.0
2026-08-12,2901,欣欣,2.0,0.0,4.0,6.0
2026-08-12,2903,遠百,-753.0,599.0,-743.0,-897.0
2026-08-12,2904,匯僑,-2.0,0.0,-2.0,-4.0
2026-08-12,2905,三商,89.71,0.0,39.71,129.42
2026-08-12,2906,高林,14.0,0.0,20.0,34.0
2026-08-12,2908,特力,-18.0,0.0,4.0,-14.0
2026-08-12,2910,統領,-4.0,0.0,4.0,0.0
2026-08-12,2911,麗嬰房,12.0,0.0,2.0,14.0
2026-08-12,2912,統一超,47.195,0.0,49.195,96.39
2026-08-12,2913,農林,-55.778,0.0,20.222,-35.556
2026-08-12,2915,潤泰全,-157.29,0.0,-3.29,-160.57999999999998
2026-08-12,2916,滿心,6.0,6.0,0.0,6.0
2026-08-12,2923,鼎固-KY,87.0,0.0,37.0,124.0
2026-08-12,2926,誠品生活,6.0,6.0,0.0,6.0
2026-08-12,2929,淘帝-KY,-69.0,0.0,-57.0,-126.0
2026-08-12,2937,集雅社,2.0,-3.0,0.0,-3.0
2026-08-12,2939,永邑-KY,-6.0,0.0,-6.0,-12.0
2026-08-12,2945,三商家購,0.0,0.0,0.0,0.0
2026-08-12,3002,歐格,27.0,0.0,27.0,54.0
2026-08-12,3003,健和興,115.0,0.0,87.802,202.802
2026-08-12,3004,豐達科,1.397,0.0,-0.603,0.794
2026-08-12,3005,神基,387.434,0.0,370.076,757.51
2026-08-12,3006,晶豪科,976.417,0.0,770.523,1746.94
2026-08-12,3008,大立光,-44.488,199.0,119.99,274.502
2026-08-12,3010,華立,2252.456,0.0,2544.848,4797.304
2026-08-12,3011,今皓,-87.0,0.0,-87.0,-174.0
2026-08-12,3013,晟銘電,-79.031,0.0,-13.719,-92.75
2026-08-12,3014,聯陽,24.631,0.0,18.661,43.292
2026-08-12,3015,全漢,-206.717,-4.0,-184.945,-395.662
2026-08-12,3016,嘉晶,-603.071,0.0,-503.679,-1106.75
2026-08-12,3017,奇鋐,139.001,-32.0,445.733,552.734
2026-08-12,3018,隆銘綠能,14.0,0.0,14.0,28.0
2026-08-12,3019,亞光,160.1,0.0,-55.066,105.034
2026-08-12,3021,鴻名,35.0,0.0,35.0,70.0
2026-08-12,3022,威強電,692.428,0.0,704.214,1396.642
2026-08-12,3023,信邦,615.66,-4.0,300.512,912.172
2026-08-12,3024,憶聲,138.2,0.0,162.2,300.4
2026-08-12,3025,星通,57.028,0.0,80.746,137.774
2026-08-12,3026,禾伸堂,-1233.014,865.0,-2064.73,-2432.744
2026-08-12,3027,盛達,109.08,0.0,108.99,218.07
2026-08-12,3028,增你強,-360.717,-3.0,-371.001,-734.718
2026-08-12,3029,零壹,-23.12,0.0,22.84,-0.2800000000000011
2026-08-12,3030,德律,579.833,0.0,669.993,1249.826
2026-08-12,3031,佰鴻,114.0,0.0,114.296,228.296
2026-08-12,3032,偉訓,-22.0,0.0,-13.01,-35.01
2026-08-12,3033,威健,1758.294,1.0,1572.954,3332.248
2026-08-12,3034,聯詠,661.233,0.965,529.415,1191.6129999999998
2026-08-12,3035,智原,642.735,0.0,697.783,1340.518
2026-08-12,3036,文曄,-1799.904,-692.049,-1565.298,-4057.251
2026-08-12,3037,欣興,2296.751,-50.0,2742.691,4989.442
2026-08-12,3038,全台,19.0,0.0,19.0,38.0
2026-08-12,3040,遠見,24.0,0.0,24.0,48.0
2026-08-12,3041,揚智,-4.969,0.0,-6.361,-11.33
2026-08-12,3042,晶技,1896.275,0.0,3325.143,5221.418
2026-08-12,3043,科風,23.0,0.0,25.0,48.0
2026-08-12,3044,健鼎,-438.71,-3.023,-449.34,-891.073
2026-08-12,3045,台灣大,598.224,91.317,636.38,1325.921
2026-08-12,3046,建碁,351.237,0.0,355.255,706.492
2026-08-12,3047,訊舟,146.0,0.0,145.992,291.992
2026-08-12,3048,益登,-1743.907,0.0,-1796.709,-3540.616
2026-08-12,3049,精金,188.487,0.0,188.487,376.974
2026-08-12,3050,鈺德,76.0,0.0,76.0,152.0
2026-08-12,3051,力特,137.445,0.0,137.445,274.89
2026-08-12,3052,夆典,31.0,0.0,31.0,62.0
2026-08-12,3054,立萬利,47.0,0.0,46.932,93.932
2026-08-12,3055,蔚華科,294.059,0.0,304.479,598.538
2026-08-12,3056,富華新,157.479,0.0,173.479,330.958
2026-08-12,3057,喬鼎,18.0,0.0,8.0,26.0
2026-08-12,3058,立德,62.0,0.0,40.0,102.0
2026-08-12,3059,華晶科,776.299,0.0,785.293,1561.592
2026-08-12,3060,銘異,-44.319,-2.0,-44.555,-90.874
2026-08-12,3062,建漢,316.138,0.0,483.088,799.226
2026-08-12,3066,李洲,363.996,365.736,0.0,365.736
2026-08-12,3071,協禧,40.601,41.244,0.0,41.244
2026-08-12,3073,天方能源,45.0,45.622,0.0,45.622
2026-08-12,3078,僑威,54.12,74.738,0.0,74.738
2026-08-12,3081,聯亞,41.405,394.997,0.0,394.997
2026-08-12,3083,網龍,-10.0,-10.25,0.0,-10.25
2026-08-12,3086,華義*,32.0,31.512,0.0,31.512
2026-08-12,3088,艾訊,55.35,19.338,0.0,19.338
2026-08-12,3090,日電貿,-4347.396,-3.0,-4243.722,-8594.117999999999
2026-08-12,3092,鴻碩,16.231,0.0,14.561,30.792
2026-08-12,3093,港建*,-34.0,-33.856,0.0,-33.856
2026-08-12,3094,聯傑,-304.066,0.0,-300.066,-604.132
2026-08-12,3095,及成,-1.0,-0.997,0.0,-0.997
2026-08-12,3105,穩懋,5158.581,6274.599,0.0,6274.599
2026-08-12,3114,好德,40.95,39.679,0.0,39.679
2026-08-12,3118,進階,0.0,-0.201,0.0,-0.201
2026-08-12,3122,笙泉,0.0,0.0,0.0,0.0
2026-08-12,3128,昇銳,27.0,26.99,0.0,26.99
2026-08-12,3130,一零四,-30.37,0.0,-32.37,-62.74
2026-08-12,3131,弘塑,42.345,42.749,0.0,42.749
2026-08-12,3135,凌航,25.852,0.0,-25.532,0.3200000000000003
2026-08-12,3138,耀登,56.047,0.0,59.001,115.048
2026-08-12,3141,晶宏,93.397,85.505,0.0,85.505
2026-08-12,3147,大綜,27.171,28.436,0.0,28.436
2026-08-12,3149,正達,-1861.973,0.0,-1301.445,-3163.418
2026-08-12,3150,鈺寶-創,11.006,0.0,5.266,16.272
2026-08-12,3152,璟德,19.139,17.204,0.0,17.204
2026-08-12,3162,精確,42.0,45.985,0.0,45.985
2026-08-12,3163,波若威,-8.032,2.293,0.0,2.293
2026-08-12,3164,景岳,-1.0,0.0,-1.0,-2.0
2026-08-12,3167,大量,-80.19,0.0,-8.19,-88.38
2026-08-12,3168,眾福科,4.0,0.0,4.0,8.0
2026-08-12,3169,亞信,1.126,0.674,0.0,0.674
2026-08-12,3171,炎洲流通,4.0,3.693,0.0,3.693
2026-08-12,3176,基亞,48.99,48.99,0.0,48.99
2026-08-12,3178,公準,27.0,26.201,0.0,26.201
2026-08-12,3188,鑫龍騰,123.075,123.075,0.0,123.075
2026-08-12,3189,景碩,771.329,0.011,1224.883,1996.223
2026-08-12,3191,雲嘉南,1.0,1.0,0.0,1.0
2026-08-12,3205,佰研,16.0,16.0,0.0,16.0
2026-08-12,3206,志豐,15.0,19.0,0.0,19.0
2026-08-12,3207,耀勝,-56.0,-55.797,0.0,-55.797
2026-08-12,3209,全科,-770.957,0.0,-805.059,-1576.016
2026-08-12,3211,順達,-1811.265,-136.256,0.0,-136.256
2026-08-12,3213,茂訊,-39.954,-40.991,0.0,-40.991
2026-08-12,3217,優群,-212.0,-211.924,0.0,-211.924
2026-08-12,3218,大學光,-79.52,-79.452,0.0,-79.452
2026-08-12,3219,倚強科,19.561,36.565,0.0,36.565
2026-08-12,3221,台嘉碩,603.0,616.679,0.0,616.679
2026-08-12,3224,三顧,-4.0,-4.0,0.0,-4.0
2026-08-12,3226,龍鋒,-1.0,-1.0,0.0,-1.0
2026-08-12,3227,原相,-394.0,-433.711,0.0,-433.711
2026-08-12,3228,金麗科,49.23,52.373,0.0,52.373
2026-08-12,3229,晟鈦,193.0,0.0,193.35,386.35
2026-08-12,3230,錦明,-70.775,-70.364,0.0,-70.364
2026-08-12,3231,緯創,8824.935,-3416.832,9923.171,15331.274
2026-08-12,3232,昱捷,6.0,5.871,0.0,5.871
2026-08-12,3234,光環,1366.068,1386.134,0.0,1386.134
2026-08-12,3236,千如,-828.37,-850.109,0.0,-850.109
2026-08-12,3252,海灣,-5.0,-5.0,0.0,-5.0
2026-08-12,3257,虹冠電,39.576,0.0,39.576,79.152
2026-08-12,3259,鑫創,7.0,6.998,0.0,6.998
2026-08-12,3260,威剛,3778.797,3850.872,0.0,3850.872
2026-08-12,3264,欣銓,1378.464,1198.654,0.0,1198.654
2026-08-12,3265,台星科,903.565,967.699,0.0,967.699
2026-08-12,3266,昇陽,5.0,0.0,9.0,14.0
2026-08-12,3268,海德威,-39.0,-40.945,0.0,-40.945
2026-08-12,3272,東碩,2.0,1.949,0.0,1.949
2026-08-12,3276,宇環,37.0,37.03,0.0,37.03
2026-08-12,3284,太普高,-15.88,-15.878,0.0,-15.878
2026-08-12,3285,微端,2.0,2.0,0.0,2.0
2026-08-12,3287,廣寰科,-5.0,231.0,0.0,231.0
2026-08-12,3288,點晶,-2.0,-2.308,0.0,-2.308
2026-08-12,3289,宜特,85.07,86.553,0.0,86.553
2026-08-12,3290,東浦,31.0,57.969,0.0,57.969
2026-08-12,3293,鈊象,-240.157,-252.308,0.0,-252.308
2026-08-12,3294,英濟,122.162,122.162,0.0,122.162
2026-08-12,3296,勝德,4.0,0.0,8.0,12.0
2026-08-12,3297,杭特,7.0,7.42,0.0,7.42
2026-08-12,3303,岱稜,-49.0,-90.129,0.0,-90.129
2026-08-12,3305,昇貿,458.92,0.0,569.292,1028.212
2026-08-12,3306,鼎天,39.021,38.919,0.0,38.919
2026-08-12,3308,聯德,4.0,0.0,4.0,8.0
2026-08-12,3310,佳穎,5.0,5.0,0.0,5.0
2026-08-12,3311,閎暉,57.0,0.0,61.0,118.0
2026-08-12,3312,弘憶股,193.07,0.0,188.668,381.738
2026-08-12,3313,斐成,62.0,61.922,0.0,61.922
2026-08-12,3317,尼克森,148.05,147.806,0.0,147.806
2026-08-12,3321,同泰,24.928,0.0,26.928,51.856
2026-08-12,3322,建舜電,114.003,115.124,0.0,115.124
2026-08-12,3323,加百裕,181.865,181.865,0.0,181.865
2026-08-12,3324,雙鴻,-41.646,-71.423,0.0,-71.423
2026-08-12,3325,旭品,-7.0,-7.012,0.0,-7.012
2026-08-12,3338,泰碩,71.977,0.0,71.977,143.954
2026-08-12,3339,泰谷,184.184,184.164,0.0,184.164
2026-08-12,3346,麗清,82.865,0.0,82.865,165.73
2026-08-12,3349,寶德,28.0,28.0,0.0,28.0
2026-08-12,3354,律勝,26.0,26.779,0.0,26.779
2026-08-12,3356,奇偶,258.508,0.0,253.46,511.968
2026-08-12,3357,臺慶科,458.864,534.382,0.0,534.382
2026-08-12,3360,尚立,488.0,493.71,0.0,493.71
2026-08-12,3362,先進光,36.0,37.0,0.0,37.0
2026-08-12,3363,上詮,171.253,195.93,0.0,195.93
2026-08-12,3372,典範,-1.138,-27.031,0.0,-27.031
2026-08-12,3373,熱映,-1.0,-1.0,0.0,-1.0
2026-08-12,3374,精材,-960.761,-704.253,0.0,-704.253
2026-08-12,3376,新日興,538.409,0.0,960.965,1499.374
2026-08-12,3379,彬台,-1.0,-1.466,0.0,-1.466
2026-08-12,3380,明泰,336.0,0.0,390.754,726.754
2026-08-12,3388,崇越電,244.0,204.864,0.0,204.864
2026-08-12,3390,旭軟,52.913,52.913,0.0,52.913
2026-08-12,3402,漢科,24.972,23.972,0.0,23.972
2026-08-12,3406,玉晶光,-119.163,-2.0,-46.577,-167.74
2026-08-12,3413,京鼎,-108.985,0.0,-155.859,-264.844
2026-08-12,3416,融程電,31.378,0.0,35.854,67.232
2026-08-12,3419,譁裕,-17.0,0.0,-17.0,-34.0
2026-08-12,3430,奇鈦科,10.251,9.943,0.0,9.943
2026-08-12,3432,台端,-4.0,0.0,-4.0,-8.0
2026-08-12,3434,哲固,3.0,3.884,0.0,3.884
2026-08-12,3437,榮創,237.886,0.0,233.886,471.772
2026-08-12,3438,類比科,-4.0,-4.003,0.0,-4.003
2026-08-12,3441,聯一光,1361.93,1364.426,0.0,1364.426
2026-08-12,3443,創意,-10.351,250.879,80.551,321.079
2026-08-12,3444,利機,-51.47,-51.159,0.0,-51.159
2026-08-12,3447,展達,37.0,0.0,39.0,76.0
2026-08-12,3450,聯鈞,289.194,0.0,430.73,719.924
2026-08-12,3455,由田,20.729,52.716,0.0,52.716
2026-08-12,3465,進泰電子,-2.0,-3.0,0.0,-3.0
2026-08-12,3466,德晉,10.0,9.634,0.0,9.634
2026-08-12,3467,台灣精材,-11.0,-11.04,0.0,-11.04
2026-08-12,3479,安勤,41.728,37.024,0.0,37.024
2026-08-12,3481,群創,-979.5,-17.596,601.894,-395.202
2026-08-12,3483,力致,37.352,37.352,0.0,37.352
2026-08-12,3484,崧騰,-5.0,-1.21,0.0,-1.21
2026-08-12,3485,敘豐,10.096,12.071,0.0,12.071
2026-08-12,3489,森寶,63.0,63.0,0.0,63.0
2026-08-12,3490,單井,371.18,375.065,0.0,375.065
2026-08-12,3491,昇達科,-34.568,24.298,0.0,24.298
2026-08-12,3492,長盛,2.0,3.0,0.0,3.0
2026-08-12,3494,誠研,4.0,0.0,4.0,8.0
2026-08-12,3498,陽程,519.498,617.83,0.0,617.83
2026-08-12,3499,環天科,0.0,-0.719,0.0,-0.719
2026-08-12,3501,維熹,44.088,0.0,86.088,130.176
2026-08-12,3504,揚明光,177.733,0.0,240.363,418.096
2026-08-12,3508,位速,6.0,6.0,0.0,6.0
2026-08-12,3511,矽瑪,31.291,31.291,0.0,31.291
2026-08-12,3512,皇龍,9.0,9.0,0.0,9.0
2026-08-12,3515,華擎,640.993,0.0,704.359,1345.352
2026-08-12,3516,亞帝歐,-3.0,-3.0,0.0,-3.0
2026-08-12,3518,柏騰,-26.0,0.0,-22.0,-48.0
2026-08-12,3520,華盈,-24.0,-24.054,0.0,-24.054
2026-08-12,3521,台鋼建設,-1.0,-1.131,0.0,-1.131
2026-08-12,3522,御嵿,16.0,15.334,0.0,15.334
2026-08-12,3523,迎輝,3.0,3.0,0.0,3.0
2026-08-12,3526,凡甲,17.1,0.761,0.0,0.761
2026-08-12,3527,聚積,5.0,5.0,0.0,5.0
2026-08-12,3528,安馳,6.0,0.0,7.498,13.498
2026-08-12,3529,力旺,-7.219,-13.541,0.0,-13.541
2026-08-12,3530,晶相光,20.499,0.0,18.597,39.096
2026-08-12,3532,台勝科,1182.766,0.0,1146.966,2329.732
2026-08-12,3533,嘉澤,-581.393,-60.0,-593.341,-1234.734
2026-08-12,3535,晶彩科,122.23,0.0,139.596,261.826
2026-08-12,3537,堡達,-516.914,-534.859,0.0,-534.859
2026-08-12,3540,曜越,59.0,53.709,0.0,53.709
2026-08-12,3541,西柏,23.0,22.959,0.0,22.959
2026-08-12,3543,州巧,727.9,0.0,729.9,1457.8
2026-08-12,3545,敦泰,139.0,0.0,132.372,271.372
2026-08-12,3546,宇峻,-0.41,-3.875,0.0,-3.875
2026-08-12,3548,兆利,77.0,72.718,0.0,72.718
2026-08-12,3550,聯穎,385.92,-2.0,388.792,772.712
2026-08-12,3551,世禾,11.24,12.228,0.0,12.228
2026-08-12,3552,同致,39.104,38.358,0.0,38.358
2026-08-12,3555,博士旺,1.994,2.024,0.0,2.024
2026-08-12,3556,禾瑞亞,142.485,121.485,0.0,121.485
2026-08-12,3557,嘉威,-13.15,0.0,-13.15,-26.3
2026-08-12,3558,神準,39.491,39.822,0.0,39.822
2026-08-12,3563,牧德,182.121,0.0,311.129,493.25
2026-08-12,3564,其陽,58.0,58.0,0.0,58.0
2026-08-12,3567,逸昌,0.0,0.002,0.0,0.002
2026-08-12,3570,大塚,-4.0,-4.045,0.0,-4.045
2026-08-12,3576,聯合再生,772.029,0.0,778.029,1550.058
2026-08-12,3577,泓格,-44.363,-44.136,0.0,-44.136
2026-08-12,3580,友威科,155.831,155.69,0.0,155.69
2026-08-12,3581,博磊,141.931,157.593,0.0,157.593
2026-08-12,3583,辛耘,466.091,-195.6,541.965,812.456
2026-08-12,3587,閎康,40.92,39.089,0.0,39.089
2026-08-12,3588,通嘉,-0.883,0.0,-48.721,-49.604
2026-08-12,3591,艾笛森,147.84,0.0,147.854,295.694
2026-08-12,3592,瑞鼎,-67.13,0.0,-85.13,-152.26
2026-08-12,3593,力銘,-2.0,0.0,-2.0,-4.0
2026-08-12,3594,磐儀,-18.996,-21.066,0.0,-21.066
2026-08-12,3596,智易,-701.644,0.0,-710.048,-1411.692
2026-08-12,3597,映興,10.0,10.0,0.0,10.0
2026-08-12,3605,宏致,2053.988,0.0,2103.082,4157.07
2026-08-12,3607,谷崧,0.998,0.0,-11.002,-10.004
2026-08-12,3609,三一東林,51.0,51.0,0.0,51.0
2026-08-12,3611,鼎翰,-4.507,-4.507,0.0,-4.507
2026-08-12,3615,安可,202.96,202.322,0.0,202.322
2026-08-12,3617,碩天,50.198,0.0,57.398,107.596
2026-08-12,3622,洋華,67.018,0.0,67.018,134.036
2026-08-12,3623,富晶通,8.0,8.0,0.0,8.0
2026-08-12,3624,光頡,-865.15,-880.7,0.0,-880.7
2026-08-12,3625,西勝,62.0,74.96,0.0,74.96
2026-08-12,3628,盈正,10.0,10.709,0.0,10.709
2026-08-12,3630,新鉅科,135.888,135.936,0.0,135.936
2026-08-12,3631,晟楠,37.0,36.312,0.0,36.312
2026-08-12,3645,達邁,236.0,0.0,339.484,575.4839999999999
2026-08-12,3646,艾恩特,5.0,5.0,0.0,5.0
2026-08-12,3652,精聯,22.329,0.0,28.329,50.658
2026-08-12,3653,健策,136.438,-2.0,183.6,318.038
2026-08-12,3661,世芯-KY,327.67,-7.0,333.07,653.74
2026-08-12,3663,鑫科,-204.875,-202.783,0.0,-202.783
2026-08-12,3665,貿聯-KY,497.443,-1318.43,497.493,-323.4940000000001
2026-08-12,3669,圓展,107.024,0.0,105.024,212.048
2026-08-12,3673,TPK-KY,518.932,0.0,432.602,951.534
2026-08-12,3675,德微,23.267,21.367,0.0,21.367
2026-08-12,3679,新至陞,17.0,0.0,19.0,36.0
2026-08-12,3680,家登,216.591,246.944,0.0,246.944
2026-08-12,3684,榮昌,3.0,1.691,0.0,1.691
2026-08-12,3685,元創精密,-66.9,-67.207,0.0,-67.207
2026-08-12,3686,達能,9.0,0.0,9.0,18.0
2026-08-12,3687,歐買尬,23.0,22.438,0.0,22.438
2026-08-12,3689,湧德,208.0,211.876,0.0,211.876
2026-08-12,3691,碩禾,-3.019,-4.349,0.0,-4.349
2026-08-12,3693,營邦,-60.867,-28.532,0.0,-28.532
2026-08-12,3694,海華,-23.864,0.0,-25.864,-49.728
2026-08-12,3701,大眾控,186.132,0.0,190.192,376.324
2026-08-12,3702,大聯大,-3336.31,1.0,-2821.84,-6157.15
2026-08-12,3703,欣陸,-761.0,0.0,-762.124,-1523.124
2026-08-12,3704,合勤控,-3867.112,0.0,-3915.294,-7782.406
2026-08-12,3705,永信,18.27,0.0,38.27,56.540000000000006
2026-08-12,3706,神達,9467.114,-92.0,10289.426,19664.54
2026-08-12,3707,漢磊,151.32,140.913,0.0,140.913
2026-08-12,3708,上緯投控,352.714,-1.0,332.712,684.4259999999999
2026-08-12,3709,鑫聯大投控,-431.0,-408.417,0.0,-408.417
2026-08-12,3710,連展投控,133.0,133.0,0.0,133.0
2026-08-12,3711,日月光投控,-1405.298,-1622.427,-1103.134,-4130.859
2026-08-12,3712,永崴投控,230.09,0.0,250.09,480.18
2026-08-12,3713,新晶投控,-4.0,-4.046,0.0,-4.046
2026-08-12,3714,富采,2866.681,0.0,2932.573,5799.254
2026-08-12,3715,定穎投控,-984.186,0.0,-1170.71,-2154.896
2026-08-12,3716,中化控股,-42.0,0.0,-36.0,-78.0
2026-08-12,3717,聯嘉投控,-197.0,0.0,-190.43,-387.43
2026-08-12,4102,永日,17.0,17.003,0.0,17.003
2026-08-12,4104,佳醫,-52.829,0.0,-47.029,-99.858
2026-08-12,4105,東洋,-390.019,-383.019,0.0,-383.019
2026-08-12,4106,雃博,29.112,0.0,13.112,42.224
2026-08-12,4107,邦特,-4.0,-4.047,0.0,-4.047
2026-08-12,4108,懷特,29.0,0.0,33.0,62.0
2026-08-12,4109,加捷生醫,-1.0,-0.876,0.0,-0.876
2026-08-12,4111,濟生,-5.0,-5.0,0.0,-5.0
2026-08-12,4113,聯上,-32.113,-32.419,0.0,-32.419
2026-08-12,4114,健喬,-458.583,-458.206,0.0,-458.206
2026-08-12,4116,明基醫,-11.0,-11.0,0.0,-11.0
2026-08-12,4119,旭富,255.007,0.0,261.707,516.7139999999999
2026-08-12,4120,友華,-2.0,-2.0,0.0,-2.0
2026-08-12,4121,優盛,2.0,1.999,0.0,1.999
2026-08-12,4123,晟德,166.886,152.697,0.0,152.697
2026-08-12,4126,太醫,-3.0,-3.049,0.0,-3.049
2026-08-12,4127,天良,-17.0,-16.838,0.0,-16.838
2026-08-12,4128,中天,-217.455,-227.169,0.0,-227.169
2026-08-12,4129,聯合,-8.148,-6.122,0.0,-6.122
2026-08-12,4133,亞諾法,-8.0,0.0,-8.0,-16.0
2026-08-12,4137,麗豐-KY,-106.442,0.0,-112.386,-218.828
2026-08-12,4138,曜亞,1.0,1.0,0.0,1.0
2026-08-12,4139,馬光-KY,1.0,1.0,0.0,1.0
2026-08-12,4142,國光生,12.0,0.0,12.448,24.448
2026-08-12,4147,中裕,64.093,64.76,0.0,64.76
2026-08-12,4148,全宇生技-KY,1.0,0.0,-1.0,0.0
2026-08-12,4153,鈺緯,-1.0,-1.0,0.0,-1.0
2026-08-12,4155,訊映,91.0,0.0,89.0,180.0
2026-08-12,4157,太景*-KY,-24.003,-24.233,0.0,-24.233
2026-08-12,4160,訊聯基因,1.0,0.662,0.0,0.662
2026-08-12,4161,聿新科,-3.0,-3.0,0.0,-3.0
2026-08-12,4162,智擎,142.217,139.069,0.0,139.069
2026-08-12,4163,鐿鈦,-36.757,-35.754,0.0,-35.754
2026-08-12,4164,承業醫,36.152,0.0,36.716,72.868
2026-08-12,4166,友霖,-23.0,-23.0,0.0,-23.0
2026-08-12,4167,松瑞藥,-188.0,-202.204,0.0,-202.204
2026-08-12,4168,醣聯,8.0,7.683,0.0,7.683
2026-08-12,4169,泰宗,52.054,0.0,50.054,102.108
2026-08-12,4171,瑞基,-3.0,-3.0,0.0,-3.0
2026-08-12,4173,久裕,-54.0,-53.357,0.0,-53.357
2026-08-12,4174,浩鼎,-36.083,-36.083,0.0,-36.083
2026-08-12,4178,永笙-KY,-21.0,0.0,-21.0,-42.0
2026-08-12,4188,安克,0.0,-0.007,0.0,-0.007
2026-08-12,4190,佐登-KY,-1.0,0.0,3.0,2.0
2026-08-12,4195,基米-創,13.0,0.0,-157.0,-144.0
2026-08-12,4205,中華食,-1.0,-1.185,0.0,-1.185
2026-08-12,4207,環泰,20.0,19.254,0.0,19.254
2026-08-12,4303,信立,325.612,330.802,0.0,330.802
2026-08-12,4304,勝昱,4.0,4.0,0.0,4.0
2026-08-12,4305,世坤,4.0,6.0,0.0,6.0
2026-08-12,4306,炎洲,17.951,0.0,-8.049,9.902
2026-08-12,4401,東隆興,-1.0,-0.316,0.0,-0.316
2026-08-12,4406,新昕纖,-1.0,-1.0,0.0,-1.0
2026-08-12,4413,飛寶企業,2.0,1.886,0.0,1.886
2026-08-12,4414,如興,142.0,0.0,126.0,268.0
2026-08-12,4416,三圓,-9.0,-9.0,0.0,-9.0
2026-08-12,4417,金洲,-38.0,-37.968,0.0,-37.968
2026-08-12,4419,皇家美食,2.0,2.0,0.0,2.0
2026-08-12,4420,光明,0.0,0.079,0.0,0.079
2026-08-12,4426,利勤,11.0,0.0,9.0,20.0
2026-08-12,4430,耀億,40.0,40.0,0.0,40.0
2026-08-12,4432,銘旺實,1.0,1.05,0.0,1.05
2026-08-12,4433,興采,-2.0,-1.01,0.0,-1.01
2026-08-12,4438,廣越,31.0,0.0,33.0,64.0
2026-08-12,4439,冠星-KY,-2.0,0.0,-2.0,-4.0
2026-08-12,4440,宜新實業,0.0,0.0,0.0,0.0
2026-08-12,4441,振大環球,-79.0,60.0,-77.0,-96.0
2026-08-12,4442,竣邦-KY,-3.0,-2.98,0.0,-2.98
2026-08-12,4502,健信,-2.0,-2.0,0.0,-2.0
2026-08-12,4503,金雨,236.0,237.65,0.0,237.65
2026-08-12,4506,崇友,-11.0,-11.655,0.0,-11.655
2026-08-12,4510,高鋒,1421.844,1499.107,0.0,1499.107
2026-08-12,4513,福裕,120.0,105.0,0.0,105.0
2026-08-12,4523,永彰,-11.0,-11.0,0.0,-11.0
2026-08-12,4526,東台,586.1,0.0,580.342,1166.442
2026-08-12,4527,方土霖,-2.0,-2.0,0.0,-2.0
2026-08-12,4528,江興鍛,-1.0,-0.639,0.0,-0.639
2026-08-12,4532,瑞智,79.0,0.0,48.962,127.962
2026-08-12,4533,協易機,193.08,193.081,0.0,193.081
2026-08-12,4534,慶騰,93.0,93.113,0.0,93.113
2026-08-12,4535,至興,-2.0,-2.0,0.0,-2.0
2026-08-12,4536,拓凱,82.26,0.0,84.818,167.078
2026-08-12,4538,大詠城,8.0,8.015,0.0,8.015
2026-08-12,4540,全球傳動,1232.21,0.0,1232.21,2464.42
2026-08-12,4541,晟田,1857.789,1780.215,0.0,1780.215
2026-08-12,4542,科嶠,70.962,71.772,0.0,71.772
2026-08-12,4543,萬在,45.0,45.741,0.0,45.741
2026-08-12,4545,銘鈺,25.0,0.0,25.0,50.0
2026-08-12,4549,桓達,5.0,5.498,0.0,5.498
2026-08-12,4551,智伸科,66.0,109.0,90.964,265.964
2026-08-12,4552,力達-KY,20.0,0.0,8.0,28.0
2026-08-12,4554,橙的,-12.0,-11.675,0.0,-11.675
2026-08-12,4555,氣立,216.0,0.0,230.0,446.0
2026-08-12,4556,旭然,37.0,43.006,0.0,43.006
2026-08-12,4557,永新-KY,0.0,0.0,-6.0,-6.0
2026-08-12,4558,寶緯,-3.0,-2.99,0.0,-2.99
2026-08-12,4560,強信-KY,9.09,0.0,25.09,34.18
2026-08-12,4561,健椿,-2.0,0.997,0.0,0.997
2026-08-12,4562,穎漢,157.0,0.0,155.65,312.65
2026-08-12,4563,百德,37.0,36.63,0.0,36.63
2026-08-12,4564,元翎,151.0,0.0,154.158,305.158
2026-08-12,4566,時碩工業,180.34,0.0,183.746,364.086
2026-08-12,4568,科際精密,-1.0,-1.0,0.0,-1.0
2026-08-12,4569,六方科-KY,6.0,0.0,6.0,12.0
2026-08-12,4571,鈞興-KY,91.342,0.0,91.342,182.684
2026-08-12,4572,駐龍,-3.0,0.0,-5.0,-8.0
2026-08-12,4576,大銀微系統,378.829,0.0,524.575,903.404
2026-08-12,4577,達航科技,39.114,38.488,0.0,38.488
2026-08-12,4580,捷流閥業,-11.0,-9.01,0.0,-9.01
2026-08-12,4581,光隆精密-KY,-11.0,0.0,-11.0,-22.0
2026-08-12,4582,聚恆-創,-7.0,0.0,15.02,8.02
2026-08-12,4583,台灣精銳,126.949,0.0,124.949,251.898
2026-08-12,4584,君帆,3.0,3.0,0.0,3.0
2026-08-12,4585,達明,50.054,0.0,66.244,116.298
2026-08-12,4588,玖鼎電力,25.0,0.0,25.0,50.0
2026-08-12,4590,富田-創,240.463,0.0,241.035,481.498
2026-08-12,4706,大恭,-2.0,-2.0,0.0,-2.0
2026-08-12,4707,磐亞,1018.471,952.479,0.0,952.479
2026-08-12,4711,永純,16.0,16.0,0.0,16.0
2026-08-12,4714,永捷,288.334,253.342,0.0,253.342
2026-08-12,4716,大立,-429.0,-429.136,0.0,-429.136
2026-08-12,4720,德淵,101.26,0.0,96.284,197.544
2026-08-12,4721,美琪瑪,81.921,81.561,0.0,81.561
2026-08-12,4722,國精化,-107.0,0.0,-143.374,-250.374
2026-08-12,4726,永昕,-11.0,-10.583,0.0,-10.583
2026-08-12,4729,熒茂,19.0,19.0,0.0,19.0
2026-08-12,4735,豪展,16.0,16.302,0.0,16.302
2026-08-12,4736,泰博,74.855,0.0,72.855,147.71
2026-08-12,4737,華廣,32.344,0.0,32.344,64.688
2026-08-12,4739,康普,410.185,0.0,386.615,796.8
2026-08-12,4741,泓瀚,23.0,23.08,0.0,23.08
2026-08-12,4743,合一,264.949,260.401,0.0,260.401
2026-08-12,4744,皇將,6.0,6.0,0.0,6.0
2026-08-12,4745,合富-KY,4.0,3.77,0.0,3.77
2026-08-12,4746,台耀,-137.982,0.0,-144.932,-282.914
2026-08-12,4747,強生,-7.0,-7.305,0.0,-7.305
2026-08-12,4749,新應材,-31.54,-36.883,0.0,-36.883
2026-08-12,4754,國碳科,10.0,10.0,0.0,10.0
2026-08-12,4755,三福化,14.0,0.0,44.0,58.0
2026-08-12,4760,勤凱,5.181,2.603,0.0,2.603
2026-08-12,4763,材料*-KY,4405.385,-111.0,4164.683,8459.068
2026-08-12,4764,雙鍵,188.77,40.0,302.4,531.17
2026-08-12,4766,南寶,18.046,0.0,22.046,40.092
2026-08-12,4767,誠泰科技,-3.0,-3.0,0.0,-3.0
2026-08-12,4768,晶呈科技,35.463,34.098,0.0,34.098
2026-08-12,4770,上品,137.312,0.0,144.002,281.314
2026-08-12,4771,望隼,81.224,0.0,99.22,180.444
2026-08-12,4772,台特化,59.9,76.014,0.0,76.014
2026-08-12,4807,日成-KY,104.0,0.0,98.0,202.0
2026-08-12,4903,聯光通,67.07,67.07,0.0,67.07
2026-08-12,4904,遠傳,-794.275,2526.929,-808.927,923.727
2026-08-12,4905,台聯電,-4.0,-4.0,0.0,-4.0
2026-08-12,4906,正文,546.182,0.0,825.92,1372.102
2026-08-12,4907,富宇,17.0,16.578,0.0,16.578
2026-08-12,4908,前鼎,139.501,185.614,0.0,185.614
2026-08-12,4909,新復興,102.05,102.588,0.0,102.588
2026-08-12,4911,德英,1.0,1.0,0.0,1.0
2026-08-12,4912,聯德控股-KY,243.127,0.0,241.127,484.254
2026-08-12,4915,致伸,-451.372,646.0,-474.984,-280.356
2026-08-12,4916,事欣科,-539.0,0.0,-545.546,-1084.546
2026-08-12,4919,新唐,285.757,0.0,284.727,570.4839999999999
2026-08-12,4923,力士,-11.0,-11.039,0.0,-11.039
2026-08-12,4924,欣厚-KY,3.0,3.0,0.0,3.0
2026-08-12,4927,泰鼎-KY,474.224,0.0,469.546,943.77
2026-08-12,4930,燦星網,6.0,0.0,6.0,12.0
2026-08-12,4931,新盛力,2681.15,2695.878,0.0,2695.878
2026-08-12,4933,友輝,20.134,20.127,0.0,20.127
2026-08-12,4934,太極,53.598,0.0,53.598,107.196
2026-08-12,4935,茂林-KY,11.0,0.0,13.0,24.0
2026-08-12,4938,和碩,8259.658,43.0,9191.774,17494.432
2026-08-12,4939,亞電,-61.775,-42.716,0.0,-42.716
2026-08-12,4942,嘉彰,-3.532,0.0,-3.532,-7.064
2026-08-12,4943,康控-KY,0.111,0.0,0.111,0.222
2026-08-12,4946,辣椒,-2.0,-2.0,0.0,-2.0
2026-08-12,4949,有成精密,-454.0,0.0,-462.0,-916.0
2026-08-12,4951,精拓科,7.0,6.803,0.0,6.803
2026-08-12,4952,凌通,-31.756,0.0,-17.756,-49.512
2026-08-12,4953,緯致,-18.0,-41.835,0.0,-41.835
2026-08-12,4956,光鋐,371.28,0.0,528.31,899.5899999999999
2026-08-12,4958,臻鼎-KY,-15022.433,-1861.211,-16671.159,-33554.803
2026-08-12,4960,誠美材,-1176.329,0.0,-929.173,-2105.502
2026-08-12,4961,天鈺,271.561,0.0,269.607,541.168
2026-08-12,4966,譜瑞-KY,21.032,13.461,0.0,13.461
2026-08-12,4967,十銓,746.028,0.0,762.094,1508.122
2026-08-12,4968,立積,31.934,0.0,33.848,65.782
2026-08-12,4971,IET-KY,89.267,90.267,0.0,90.267
2026-08-12,4972,湯石照明,-1.0,-1.0,0.0,-1.0
2026-08-12,4973,廣穎,197.5,200.653,0.0,200.653
2026-08-12,4974,亞泰,31.0,31.436,0.0,31.436
2026-08-12,4976,佳凌,644.866,0.0,648.868,1293.734
2026-08-12,4977,眾達-KY,110.175,0.0,302.803,412.978
2026-08-12,4979,華星光,2519.586,3119.692,0.0,3119.692
2026-08-12,4989,榮科,43.226,0.0,-12.88,30.346
2026-08-12,4991,環宇-KY,-1931.756,-1744.195,0.0,-1744.195
2026-08-12,4994,傳奇,1.0,0.0,1.0,2.0
2026-08-12,4995,晶達,13.0,17.0,0.0,17.0
2026-08-12,4999,鑫禾,-1.0,0.0,-1.63,-2.63
2026-08-12,5007,三星,53.0,0.0,53.0,106.0
2026-08-12,5009,榮剛,296.0,282.851,0.0,282.851
2026-08-12,5011,久陽,-5.0,-5.161,0.0,-5.161
2026-08-12,5013,強新,1.0,1.0,0.0,1.0
2026-08-12,5014,建錩,-461.42,-461.433,0.0,-461.433
2026-08-12,5015,華祺,0.0,0.0,0.0,0.0
2026-08-12,5016,松和,-1.0,-1.0,0.0,-1.0
2026-08-12,5201,凱衛,1.0,1.0,0.0,1.0
2026-08-12,5202,力新,14.0,13.999,0.0,13.999
2026-08-12,5203,訊連,-99.0,0.0,-99.042,-198.042
2026-08-12,5206,坤悅,101.0,100.386,0.0,100.386
2026-08-12,5209,新鼎,16.0,11.316,0.0,11.316
2026-08-12,5210,寶碩,49.0,49.0,0.0,49.0
2026-08-12,5211,蒙恬,2.0,1.995,0.0,1.995
2026-08-12,5213,亞昕,63.366,62.998,0.0,62.998
2026-08-12,5215,科嘉-KY,39.0,0.0,27.0,66.0
2026-08-12,5220,萬達光電,-5.0,-5.747,0.0,-5.747
2026-08-12,5222,全訊,68.535,0.0,156.835,225.37
2026-08-12,5223,安力-KY,0.0,0.0,0.0,0.0
2026-08-12,5225,東科-KY,-236.8,0.0,-250.568,-487.36800000000005
2026-08-12,5227,立凱-KY,-49.03,-49.03,0.0,-49.03
2026-08-12,5228,鈺鎧,88.04,87.28,0.0,87.28
2026-08-12,5230,雷笛克光學,-4.0,-3.77,0.0,-3.77
2026-08-12,5234,達興材料,6.099,-5.0,5.521,6.62
2026-08-12,5236,凌陽創新,-0.295,0.0,-4.295,-4.59
2026-08-12,5243,乙盛-KY,384.0,0.0,699.01,1083.01
2026-08-12,5244,弘凱,135.0,0.0,135.0,270.0
2026-08-12,5245,智晶,-2.0,-2.0,0.0,-2.0
2026-08-12,5251,天鉞電,22.0,22.63,0.0,22.63
2026-08-12,5258,虹堡,-41.523,0.0,-48.191,-89.714
2026-08-12,5263,智崴,-85.948,-87.728,0.0,-87.728
2026-08-12,5269,祥碩,60.143,-25.0,52.817,87.96000000000001
2026-08-12,5272,笙科,21.0,20.97,0.0,20.97
2026-08-12,5274,信驊,-33.437,33.104,0.0,33.104
2026-08-12,5278,尚凡*,19.0,19.0,0.0,19.0
2026-08-12,5283,禾聯碩,8.66,0.0,8.66,17.32
2026-08-12,5284,jpp-KY,15.764,0.0,9.528,25.292
2026-08-12,5285,界霖,51.042,0.0,55.336,106.378
2026-08-12,5287,數字,13.95,15.056,0.0,15.056
2026-08-12,5288,豐祥-KY,-8.0,0.0,-7.222,-15.222
2026-08-12,5289,宜鼎,271.572,287.694,0.0,287.694
2026-08-12,5291,邑昇,48.0,48.114,0.0,48.114
2026-08-12,5292,華懋,36.0,0.0,50.62,86.62
2026-08-12,5299,杰力,47.88,50.86,0.0,50.86
2026-08-12,5302,太欣,-96.0,-96.057,0.0,-96.057
2026-08-12,5306,桂盟,65.02,0.0,71.02,136.04
2026-08-12,5309,系統電,-452.467,-505.187,0.0,-505.187
2026-08-12,5312,寶島科,-6.0,-6.004,0.0,-6.004
2026-08-12,5314,世紀*,550.059,732.41,0.0,732.41
2026-08-12,5315,光聯,-0.374,-0.374,0.0,-0.374
2026-08-12,5321,美而快,64.0,64.011,0.0,64.011
2026-08-12,5324,士開,-23.0,-23.0,0.0,-23.0
2026-08-12,5328,華容,1227.344,1232.433,0.0,1232.433
2026-08-12,5340,建榮,-362.531,-350.079,0.0,-350.079
2026-08-12,5344,立衛,2.0,2.095,0.0,2.095
2026-08-12,5345,馥鴻,1.0,1.0,0.0,1.0
2026-08-12,5347,世界,-4031.611,-2654.384,0.0,-2654.384
2026-08-12,5351,鈺創,2064.533,2062.533,0.0,2062.533
2026-08-12,5353,台林,5.0,5.0,0.0,5.0
2026-08-12,5355,佳總,2.0,2.0,0.0,2.0
2026-08-12,5356,協益,-8.0,-8.256,0.0,-8.256
2026-08-12,5364,力麗店,-10.0,-10.0,0.0,-10.0
2026-08-12,5371,中光電,-139.705,-237.188,0.0,-237.188
2026-08-12,5381,光譜,91.37,91.37,0.0,91.37
2026-08-12,5386,青雲,54.235,32.073,0.0,32.073
2026-08-12,5388,中磊,-13695.721,0.0,-13758.147,-27453.868
2026-08-12,5392,能率,-64.0,-48.998,0.0,-48.998
2026-08-12,5398,慕康生醫,-1.0,-1.1,0.0,-1.1
2026-08-12,5403,中菲,14.0,14.0,0.0,14.0
2026-08-12,5410,國眾,40.0,39.795,0.0,39.795
2026-08-12,5425,台半,850.625,965.983,0.0,965.983
2026-08-12,5426,振發,-961.016,-972.023,0.0,-972.023
2026-08-12,5432,新門,14.167,14.28,0.0,14.28
2026-08-12,5434,崇越,24.34,-7.987,68.062,84.41499999999999
2026-08-12,5438,東友,-6.0,-6.0,0.0,-6.0
2026-08-12,5439,高技,116.587,132.627,0.0,132.627
2026-08-12,5443,均豪,1372.279,1582.978,0.0,1582.978
2026-08-12,5450,南良,1.0,0.895,0.0,0.895
2026-08-12,5452,佶優,116.21,115.853,0.0,115.853
2026-08-12,5455,昇益,0.0,-0.101,0.0,-0.101
2026-08-12,5457,宣德,-28.595,1.369,0.0,1.369
2026-08-12,5460,同協,-5.0,-5.0,0.0,-5.0
2026-08-12,5464,霖宏,-1.0,0.112,0.0,0.112
2026-08-12,5465,富驊,26.0,26.0,0.0,26.0
2026-08-12,5468,凱鈺,-190.0,-191.294,0.0,-191.294
2026-08-12,5469,瀚宇博,428.258,0.0,384.258,812.516
2026-08-12,5471,松翰,-57.317,0.0,-61.317,-118.634
2026-08-12,5474,聰泰,30.846,39.046,0.0,39.046
2026-08-12,5475,德宏,-1035.477,-925.745,0.0,-925.745
2026-08-12,5478,智冠,-4.0,-4.0,0.0,-4.0
2026-08-12,5481,新華,-2.0,-1.864,0.0,-1.864
2026-08-12,5483,中美晶,3795.503,4356.744,0.0,4356.744
2026-08-12,5484,慧友,-29.0,0.0,-29.0,-58.0
2026-08-12,5487,通泰,16.0,16.0,0.0,16.0
2026-08-12,5488,松普,22.646,23.056,0.0,23.056
2026-08-12,5489,彩富,9.0,9.0,0.0,9.0
2026-08-12,5490,同亨,50.99,50.527,0.0,50.527
2026-08-12,5493,三聯,12.0,12.0,0.0,12.0
2026-08-12,5498,凱崴,861.407,887.943,0.0,887.943
2026-08-12,5508,永信建,-24.131,-22.131,0.0,-22.131
2026-08-12,5511,德昌,-62.06,-61.327,0.0,-61.327
2026-08-12,5512,力麒,542.27,542.668,0.0,542.668
2026-08-12,5514,三豐,1.0,1.0,0.0,1.0
2026-08-12,5515,建國,196.389,0.0,281.675,478.064
2026-08-12,5516,雙喜,-4.0,-3.985,0.0,-3.985
2026-08-12,5519,隆大,107.0,0.0,107.838,214.838
2026-08-12,5521,工信,240.0,0.0,240.0,480.0
2026-08-12,5522,遠雄,-1702.0,0.0,-1702.0,-3404.0
2026-08-12,5523,豐謙,-1.0,-1.0,0.0,-1.0
2026-08-12,5525,順天,-15.0,0.0,-15.0,-30.0
2026-08-12,5529,鉅陞,9.0,8.501,0.0,8.501
2026-08-12,5530,龍巖,-44.073,-44.073,0.0,-44.073
2026-08-12,5531,鄉林,-273.0,0.0,-343.0,-616.0
2026-08-12,5533,皇鼎,-84.0,0.0,-74.0,-158.0
2026-08-12,5534,長虹,172.697,16.0,212.497,401.194
2026-08-12,5536,聖暉*,-76.834,-487.447,0.0,-487.447
2026-08-12,5538,東明-KY,14.0,0.0,14.0,28.0
2026-08-12,5546,永固-KY,-5.0,0.0,-7.0,-12.0
2026-08-12,5547,久舜,2.0,2.0,0.0,2.0
2026-08-12,5548,安倉,18.0,18.0,0.0,18.0
2026-08-12,5603,陸海,7.0,7.561,0.0,7.561
2026-08-12,5604,中連,0.0,0.0,0.0,0.0
2026-08-12,5607,遠雄港,205.599,0.0,191.599,397.198
2026-08-12,5608,四維航,78.851,0.0,78.851,157.702
2026-08-12,5609,中菲行,-39.0,-38.518,0.0,-38.518
2026-08-12,5706,鳳凰,12.03,0.0,12.03,24.06
2026-08-12,5864,致和證,926.389,926.389,0.0,926.389
2026-08-12,5871,中租-KY,-721.273,24.0,-752.491,-1449.764
2026-08-12,5876,上海商銀,-1007.165,193.0,-1017.829,-1831.994
2026-08-12,5878,台名,-2.0,-2.0,0.0,-2.0
2026-08-12,5880,合庫金,-5920.885,255.0,-5820.875,-11486.76
2026-08-12,5902,德記,-2.0,-2.0,0.0,-2.0
2026-08-12,5903,全家,2.0,2.0,0.0,2.0
2026-08-12,5904,寶雅*,-25831.543,-25502.327,0.0,-25502.327
2026-08-12,5905,南仁湖,24.0,24.165,0.0,24.165
2026-08-12,5906,台南-KY,-2.0,0.0,-2.0,-4.0
2026-08-12,5907,大洋-KY,6.0,0.0,6.0,12.0
2026-08-12,6005,群益證,-4345.484,0.0,-4345.484,-8690.968
2026-08-12,6015,宏遠證,69.0,69.0,0.0,69.0
2026-08-12,6016,康和證,372.351,372.351,0.0,372.351
2026-08-12,6020,大展證,8.0,8.0,0.0,8.0
2026-08-12,6021,美好證,41.0,41.0,0.0,41.0
2026-08-12,6023,元大期,-222.8,-222.8,0.0,-222.8
2026-08-12,6024,群益期,-33.552,0.0,-33.552,-67.104
2026-08-12,6026,福邦證,550.1,550.1,0.0,550.1
2026-08-12,6028,公勝保經,-15.0,-15.0,0.0,-15.0
2026-08-12,6101,寬魚國際,10.0,8.952,0.0,8.952
2026-08-12,6104,創惟,22.0,16.123,0.0,16.123
2026-08-12,6108,競國,917.176,0.0,921.176,1838.352
2026-08-12,6109,亞元,-17.0,-17.055,0.0,-17.055
2026-08-12,6111,光聚晶電,14.383,13.639,0.0,13.639
2026-08-12,6112,邁達特,94.0,0.0,86.984,180.984
2026-08-12,6113,亞矽,-67.0,-67.825,0.0,-67.825
2026-08-12,6114,久威,-1.0,-1.0,0.0,-1.0
2026-08-12,6115,鎰勝,29.0,0.0,47.0,76.0
2026-08-12,6116,彩晶,-6738.742,0.0,-6598.706,-13337.448
2026-08-12,6117,迎廣,-7.0,0.0,-10.922,-17.922
2026-08-12,6118,建達,1.0,1.738,0.0,1.738
2026-08-12,6120,達運,-568.798,0.0,-593.556,-1162.354
2026-08-12,6121,新普,256.441,211.337,0.0,211.337
2026-08-12,6122,擎邦,56.0,-25.255,0.0,-25.255
2026-08-12,6123,上奇,-5.0,-5.181,0.0,-5.181
2026-08-12,6124,業強,4.0,3.576,0.0,3.576
2026-08-12,6125,廣運,153.5,153.752,0.0,153.752
2026-08-12,6126,信音,15.941,-31.361,0.0,-31.361
2026-08-12,6127,九豪,495.463,533.096,0.0,533.096
2026-08-12,6128,上福,55.0,0.0,51.0,106.0
2026-08-12,6129,普誠,46.997,46.893,0.0,46.893
2026-08-12,6130,上亞科技,-30.0,-25.0,0.0,-25.0
2026-08-12,6133,金橋,268.423,0.0,268.423,536.846
2026-08-12,6134,萬旭,63.0,61.634,0.0,61.634
2026-08-12,6136,富爾特,37.0,0.0,35.0,72.0
2026-08-12,6138,茂達,0.014,-0.06,0.0,-0.06
2026-08-12,6139,亞翔,-858.572,212.0,-926.986,-1573.558
2026-08-12,6140,訊達,-12.0,-11.982,0.0,-11.982
2026-08-12,6141,柏承,461.849,0.0,463.849,925.698
2026-08-12,6142,友勁,-27.0,0.0,-27.0,-54.0
2026-08-12,6143,振曜,-35.0,-32.115,0.0,-32.115
2026-08-12,6144,得利影,1.0,1.0,0.0,1.0
2026-08-12,6146,耕興,48.5,49.036,0.0,49.036
2026-08-12,6147,頎邦,-1845.098,-2320.289,0.0,-2320.289
2026-08-12,6148,驊宏資,33.0,33.603,0.0,33.603
2026-08-12,6150,撼訊,92.05,91.436,0.0,91.436
2026-08-12,6151,晉倫,27.382,27.382,0.0,27.382
2026-08-12,6152,百一,1202.0,0.0,1011.038,2213.038
2026-08-12,6153,嘉聯益,555.17,0.0,867.546,1422.716
2026-08-12,6155,鈞寶,72.0,-1.0,71.998,142.998
2026-08-12,6156,松上,240.123,239.521,0.0,239.521
2026-08-12,6158,禾昌,67.0,67.0,0.0,67.0
2026-08-12,6160,欣技,4.0,3.422,0.0,3.422
2026-08-12,6161,捷波,50.0,51.458,0.0,51.458
2026-08-12,6163,華電網,274.872,274.872,0.0,274.872
2026-08-12,6164,華興,35.54,0.0,35.54,71.08
2026-08-12,6165,浪凡,-24.0,0.0,-28.0,-52.0
2026-08-12,6166,凌華,532.197,0.0,561.165,1093.362
2026-08-12,6167,久正,225.0,225.0,0.0,225.0
2026-08-12,6168,宏齊,437.769,0.0,435.747,873.5160000000001
2026-08-12,6169,昱泉,0.0,-0.014,0.0,-0.014
2026-08-12,6170,統振,10.0,10.16,0.0,10.16
2026-08-12,6171,大城地產,-1.0,-1.0,0.0,-1.0
2026-08-12,6173,信昌電,-499.029,-554.824,0.0,-554.824
2026-08-12,6174,安碁,393.86,394.312,0.0,394.312
2026-08-12,6175,立敦,420.25,426.851,0.0,426.851
2026-08-12,6176,瑞儀,-1340.905,0.0,-1308.237,-2649.142
2026-08-12,6177,達麗,-885.598,0.0,-766.688,-1652.286
2026-08-12,6179,亞通,265.427,256.236,0.0,256.236
2026-08-12,6180,橘子,-130.0,-129.85,0.0,-129.85
2026-08-12,6182,合晶,192.748,-437.264,0.0,-437.264
2026-08-12,6183,關貿,17.987,0.0,21.987,39.974
2026-08-12,6184,大豐電,-5.0,0.0,-5.0,-10.0
2026-08-12,6185,幃翔,18.54,18.539,0.0,18.539
2026-08-12,6186,新潤,-95.496,-176.216,0.0,-176.216
2026-08-12,6187,萬潤,1225.486,1024.8,0.0,1024.8
2026-08-12,6188,廣明,144.039,144.034,0.0,144.034
2026-08-12,6189,豐藝,80.399,0.0,87.685,168.084
2026-08-12,6190,萬泰科,457.152,457.941,0.0,457.941
2026-08-12,6191,精成科,571.697,0.0,583.831,1155.528
2026-08-12,6192,巨路,-24.11,0.0,-35.844,-59.954
2026-08-12,6194,育富,4.0,4.0,0.0,4.0
2026-08-12,6195,詩肯,4.0,4.441,0.0,4.441
2026-08-12,6196,帆宣,-40.208,-183.0,-58.088,-281.296
2026-08-12,6197,佳必琪,421.086,0.0,388.832,809.918
2026-08-12,6199,天品,186.0,186.347,0.0,186.347
2026-08-12,6201,亞弘電,-2.0,0.0,-2.0,-4.0
2026-08-12,6202,盛群,-74.079,0.0,-108.377,-182.456
2026-08-12,6203,海韻電,10.0,9.999,0.0,9.999
2026-08-12,6204,艾華,108.0,108.224,0.0,108.224
2026-08-12,6205,詮欣,-131.367,0.0,-134.791,-266.158
2026-08-12,6206,飛捷,-27.72,0.0,-60.956,-88.676
2026-08-12,6207,雷科,281.793,298.059,0.0,298.059
2026-08-12,6208,日揚,89.0,89.012,0.0,89.012
2026-08-12,6209,今國光,719.437,0.0,796.315,1515.752
2026-08-12,6210,慶生,-1.0,-0.238,0.0,-0.238
2026-08-12,6213,聯茂,1352.061,-5.0,1684.113,3031.174
2026-08-12,6214,精誠,64.073,0.0,58.519,122.59199999999998
2026-08-12,6215,和椿,397.2,0.0,430.024,827.2239999999999
2026-08-12,6216,居易,-2.0,0.0,0.0,-2.0
2026-08-12,6217,中探針,215.0,215.0,0.0,215.0
2026-08-12,6218,豪勉,-102.04,-101.631,0.0,-101.631
2026-08-12,6219,富旺,-22.0,-22.143,0.0,-22.143
2026-08-12,6220,岳豐,166.0,166.885,0.0,166.885
2026-08-12,6221,晉泰,45.0,46.998,0.0,46.998
2026-08-12,6222,立軒,-4.0,-3.8,0.0,-3.8
2026-08-12,6223,旺矽,67.475,86.723,0.0,86.723
2026-08-12,6224,聚鼎,167.351,0.0,138.985,306.336
2026-08-12,6225,天瀚,0.0,0.0,16.0,16.0
2026-08-12,6226,光鼎,-430.99,-2.0,-366.99,-799.98
2026-08-12,6227,茂綸,-258.005,-415.292,0.0,-415.292
2026-08-12,6228,全譜,-1.0,-1.0,0.0,-1.0
2026-08-12,6229,研通,1.0,0.947,0.0,0.947
2026-08-12,6230,尼得科超眾,11.205,0.0,12.995,24.2
2026-08-12,6231,系微,85.1,83.916,0.0,83.916
2026-08-12,6233,旺玖,-41.0,-41.0,0.0,-41.0
2026-08-12,6234,高僑,49.0,48.36,0.0,48.36
2026-08-12,6235,華孚,65.0,0.0,61.636,126.636
2026-08-12,6237,驊訊,60.06,60.061,0.0,60.061
2026-08-12,6239,力成,-2910.371,15.431,-2912.601,-5807.541
2026-08-12,6240,松崗,-4.0,-4.355,0.0,-4.355
2026-08-12,6241,鑫永洋,31.004,31.004,0.0,31.004
2026-08-12,6242,立康,3.0,3.0,0.0,3.0
2026-08-12,6243,迅杰,-179.579,0.0,-179.289,-358.868
2026-08-12,6244,茂迪,414.17,413.17,0.0,413.17
2026-08-12,6245,立端,92.086,74.383,0.0,74.383
2026-08-12,6246,臺龍,28.0,28.252,0.0,28.252
2026-08-12,6248,沛波,8.0,8.0,0.0,8.0
2026-08-12,6257,矽格,262.77,0.015,468.72,731.505
2026-08-12,6259,百徽,90.0,89.976,0.0,89.976
2026-08-12,6261,久元,158.0,164.338,0.0,164.338
2026-08-12,6263,普萊德,74.2,74.2,0.0,74.2
2026-08-12,6265,方土昶,1746.0,1757.289,0.0,1757.289
2026-08-12,6266,泰詠,17.551,17.541,0.0,17.541
2026-08-12,6269,台郡,730.885,0.0,1055.743,1786.628
2026-08-12,6270,倍微,117.994,117.578,0.0,117.578
2026-08-12,6271,同欣電,1293.199,0.0,1223.417,2516.616
2026-08-12,6272,驊陞,-52.0,0.0,-50.0,-102.0
2026-08-12,6274,台燿,-231.246,-341.603,0.0,-341.603
2026-08-12,6275,元山,-115.0,-115.373,0.0,-115.373
2026-08-12,6276,安鈦克,-1.0,-1.001,0.0,-1.001
2026-08-12,6277,宏正,-8.443,0.0,-5.833,-14.276
2026-08-12,6278,台表科,-444.546,0.0,-322.504,-767.05
2026-08-12,6279,胡連,310.445,330.218,0.0,330.218
2026-08-12,6281,全國電,12.0,0.0,12.0,24.0
2026-08-12,6282,康舒,-7131.645,27.0,-8248.175,-15352.82
2026-08-12,6283,淳安,13.0,0.0,13.0,26.0
2026-08-12,6284,佳邦,258.0,284.082,0.0,284.082
2026-08-12,6285,啟碁,-975.641,-103.0,-1087.697,-2166.338
2026-08-12,6290,良維,-317.819,-344.183,0.0,-344.183
2026-08-12,6291,沛亨,135.857,145.665,0.0,145.665
2026-08-12,6292,迅德,-451.0,-451.355,0.0,-451.355
2026-08-12,6294,智基,4.0,4.02,0.0,4.02
2026-08-12,6405,悅城,120.55,0.0,119.496,240.046
2026-08-12,6409,旭隼,-25.969,-2.025,-42.491,-70.485
2026-08-12,6411,晶焱,96.998,96.084,0.0,96.084
2026-08-12,6412,群電,338.233,0.0,342.157,680.39
2026-08-12,6414,樺漢,307.375,0.0,303.719,611.094
2026-08-12,6415,矽力*-KY,499.746,-1359.0,450.832,-408.422
2026-08-12,6416,瑞祺電通,66.14,0.0,130.14,196.28
2026-08-12,6417,韋僑,-3.165,-2.419,0.0,-2.419
2026-08-12,6418,詠昇,-7.0,-7.0,0.0,-7.0
2026-08-12,6419,京晨科,113.0,114.451,0.0,114.451
2026-08-12,6423,億而得,14.0,14.0,0.0,14.0
2026-08-12,6425,易發,5.0,5.242,0.0,5.242
2026-08-12,6426,統新,31.0,0.0,31.0,62.0
2026-08-12,6431,光麗-KY,7.0,0.0,9.0,16.0
2026-08-12,6432,今展科,-35.212,-29.212,0.0,-29.212
2026-08-12,6435,大中,54.865,67.522,0.0,67.522
2026-08-12,6438,迅得,150.309,0.0,168.393,318.702
2026-08-12,6441,廣錠,-5.0,-4.486,0.0,-4.486
2026-08-12,6442,光聖,13.925,145.0,48.325,207.25
2026-08-12,6443,元晶,444.0,0.0,438.0,882.0
2026-08-12,6446,藥華藥,-102.241,234.0,-155.347,-23.588
2026-08-12,6449,鈺邦,227.491,0.0,230.205,457.696
2026-08-12,6451,訊芯-KY,129.477,0.0,123.517,252.994
2026-08-12,6456,GIS-KY,-231.665,0.0,-278.369,-510.034
2026-08-12,6461,益得,8.0,8.0,0.0,8.0
2026-08-12,6462,神盾,-75.0,-77.492,0.0,-77.492
2026-08-12,6464,台數科,0.0,0.0,0.0,0.0
2026-08-12,6465,威潤,48.0,48.683,0.0,48.683
2026-08-12,6469,大樹,-153.0,-148.061,0.0,-148.061
2026-08-12,6470,宇智,6.0,3.565,0.0,3.565
2026-08-12,6472,保瑞,40.325,0.0,-5.497,34.828
2026-08-12,6474,華豫寧,4.0,4.0,0.0,4.0
2026-08-12,6477,安集,-163.994,0.0,-163.994,-327.988
2026-08-12,6482,弘煜科,2.0,2.0,0.0,2.0
2026-08-12,6485,點序,29.05,29.106,0.0,29.106
2026-08-12,6486,互動,1.0,0.406,0.0,0.406
2026-08-12,6488,環球晶,978.058,487.701,0.0,487.701
2026-08-12,6491,晶碩,97.299,-5.0,105.699,197.998
2026-08-12,6492,生華科,131.0,131.0,0.0,131.0
2026-08-12,6494,九齊,45.0,44.587,0.0,44.587
2026-08-12,6496,科懋,-1.0,-1.0,0.0,-1.0
2026-08-12,6498,久禾光,36.0,36.0,0.0,36.0
2026-08-12,6499,益安,12.0,11.16,0.0,11.16
2026-08-12,6504,南六,0.0,0.0,0.0,0.0
2026-08-12,6505,台塑化,-2919.525,7.0,-3419.035,-6331.56
2026-08-12,6506,雙邦,20.0,20.0,0.0,20.0
2026-08-12,6508,惠光,-3.0,-3.0,0.0,-3.0
2026-08-12,6509,聚和,404.287,367.609,0.0,367.609
2026-08-12,6510,精測,-53.371,77.154,0.0,77.154
2026-08-12,6515,穎崴,20.464,-1.0,17.852,37.316
2026-08-12,6516,勤崴國際,0.0,0.201,0.0,0.201
2026-08-12,6517,保勝光學,51.04,50.881,0.0,50.881
2026-08-12,6523,達爾膚,2.0,1.333,0.0,1.333
2026-08-12,6525,捷敏-KY,141.547,-1.0,141.959,282.506
2026-08-12,6526,達發,85.273,0.0,91.363,176.636
2026-08-12,6527,明達醫,-9.0,-9.0,0.0,-9.0
2026-08-12,6530,創威,267.294,268.898,0.0,268.898
2026-08-12,6531,愛普*,12.471,3.008,173.161,188.64
2026-08-12,6532,瑞耘,37.9,40.011,0.0,40.011
2026-08-12,6533,晶心科,-273.194,0.0,-276.622,-549.816
2026-08-12,6534,正瀚-創,-19.0,0.0,-19.0,-38.0
2026-08-12,6535,順藥,-100.333,-129.888,0.0,-129.888
2026-08-12,6538,倉和,-99.877,-91.074,0.0,-91.074
2026-08-12,6541,泰福-KY,-18.0,0.0,-18.0,-36.0
2026-08-12,6542,隆中,1.0,1.0,0.0,1.0
2026-08-12,6546,正基,238.868,225.079,0.0,225.079
2026-08-12,6547,高端疫苗,-350.178,-370.612,0.0,-370.612
2026-08-12,6548,長科*,485.5,515.297,0.0,515.297
2026-08-12,6550,北極星藥業-KY,-158.27,0.0,-158.27,-316.54
2026-08-12,6552,易華電,28.0,0.0,30.0,58.0
2026-08-12,6556,勝品,3.0,2.0,0.0,2.0
2026-08-12,6558,興能高,47.0,0.0,47.0,94.0
2026-08-12,6560,欣普羅,-12.0,-12.0,0.0,-12.0
2026-08-12,6561,是方,7.017,6.017,0.0,6.017
2026-08-12,6568,宏觀,7.804,7.601,0.0,7.601
2026-08-12,6569,醫揚,0.0,-0.03,0.0,-0.03
2026-08-12,6570,維田,78.0,78.022,0.0,78.022
2026-08-12,6573,虹揚-KY,35.92,0.0,29.92,65.84
2026-08-12,6574,霈方,-35.0,-36.052,0.0,-36.052
2026-08-12,6576,逸達,-2.0,-2.0,0.0,-2.0
2026-08-12,6577,勁豐,-5.44,-5.217,0.0,-5.217
2026-08-12,6578,達邦蛋白,3.0,3.0,0.0,3.0
2026-08-12,6579,研揚,43.0,0.0,46.682,89.682
2026-08-12,6581,鋼聯,0.0,0.0,6.0,6.0
2026-08-12,6582,申豐,-7.0,0.0,-1.0,-8.0
2026-08-12,6584,南俊國際,-184.366,-206.764,0.0,-206.764
2026-08-12,6585,鼎基,110.0,-1.0,110.002,219.002
2026-08-12,6588,東典光電,590.998,598.801,0.0,598.801
2026-08-12,6589,台康生技,-162.432,0.0,-162.02,-324.452
2026-08-12,6591,動力-KY,92.0,0.0,92.0,184.0
2026-08-12,6592,和潤企業,271.931,0.0,295.249,567.1800000000001
2026-08-12,6593,台灣銘板,0.0,0.0,0.0,0.0
2026-08-12,6596,寬宏藝術,97.95,103.976,0.0,103.976
2026-08-12,6598,ABC-KY,-17.245,0.0,-17.245,-34.49
2026-08-12,6603,富強鑫,649.05,944.074,0.0,944.074
2026-08-12,6605,帝寶,27.658,0.0,30.94,58.598
2026-08-12,6606,建德工業,25.0,0.0,43.0,68.0
2026-08-12,6609,瀧澤科,92.0,92.0,0.0,92.0
2026-08-12,6612,奈米醫材,-2.67,-2.673,0.0,-2.673
2026-08-12,6613,朋億*,28.084,29.307,0.0,29.307
2026-08-12,6614,資拓宏宇,1.0,0.0,1.0,2.0
2026-08-12,6617,共信-KY,-9.95,-9.473,0.0,-9.473
2026-08-12,6620,漢達,-31.918,-27.566,0.0,-27.566
2026-08-12,6624,萬年清,-1.0,-1.0,0.0,-1.0
2026-08-12,6625,必應,36.0,0.0,36.0,72.0
2026-08-12,6629,泰金-KY,-7.0,-6.346,0.0,-6.346
2026-08-12,6637,醫影,0.0,0.355,0.0,0.355
2026-08-12,6640,均華,56.799,67.132,0.0,67.132
2026-08-12,6641,基士德-KY,-1.0,0.0,-3.0,-4.0
2026-08-12,6642,富致,247.862,250.907,0.0,250.907
2026-08-12,6643,M31,68.086,69.708,0.0,69.708
2026-08-12,6645,金萬林-創,2.0,0.0,3.478,5.478
2026-08-12,6649,台生材,4.0,4.0,0.0,4.0
2026-08-12,6651,全宇昕,23.847,39.08,0.0,39.08
2026-08-12,6654,天正國際,27.0,27.14,0.0,27.14
2026-08-12,6655,科定,1.0,0.0,1.0,2.0
2026-08-12,6657,華安,38.0,0.0,38.0,76.0
2026-08-12,6658,聯策,100.275,0.0,100.165,200.44
2026-08-12,6664,群翊,116.318,129.207,0.0,129.207
2026-08-12,6666,羅麗芬-KY,3.0,0.0,3.0,6.0
2026-08-12,6667,信紘科,14.0,12.288,0.0,12.288
2026-08-12,6668,中揚光,513.2,0.0,513.2,1026.4
2026-08-12,6669,緯穎,115.997,-191.875,104.405,28.527
2026-08-12,6670,復盛應用,-61.582,0.0,-91.986,-153.568
2026-08-12,6671,三能-KY,2.0,0.0,2.0,4.0
2026-08-12,6672,騰輝電子-KY,717.92,-1.0,943.034,1659.954
2026-08-12,6674,鋐寶科技,0.0,0.0,0.0,0.0
2026-08-12,6679,鈺太,-4.0,-6.785,0.0,-6.785
2026-08-12,6680,鑫創電子,-1.0,-1.0,0.0,-1.0
2026-08-12,6683,雍智科技,-26.531,-35.269,0.0,-35.269
2026-08-12,6684,安格,19.434,19.485,0.0,19.485
2026-08-12,6689,伊雲谷,-101.503,0.0,-123.503,-225.006
2026-08-12,6690,安碁資訊,10.0,10.263,0.0,10.263
2026-08-12,6691,洋基工程,38.687,-2.0,47.995,84.68199999999999
2026-08-12,6692,進能服,0.0,0.0,0.0,0.0
2026-08-12,6693,廣閎科,147.362,177.102,0.0,177.102
2026-08-12,6695,芯鼎,203.0,0.0,202.842,405.842
2026-08-12,6697,東捷資訊,-6.0,-6.487,0.0,-6.487
2026-08-12,6698,旭暉應材,16.393,0.0,16.393,32.786
2026-08-12,6703,軒郁,-69.616,-68.652,0.0,-68.652
2026-08-12,6706,惠特,346.707,0.0,390.607,737.3140000000001
2026-08-12,6708,天擎,2.0,2.0,0.0,2.0
2026-08-12,6712,長聖,-9.99,-10.732,0.0,-10.732
2026-08-12,6715,嘉基,106.0,0.0,107.56,213.56
2026-08-12,6716,應廣,202.92,204.612,0.0,204.612
2026-08-12,6719,力智,-54.066,0.0,-68.882,-122.948
2026-08-12,6720,久昌,0.0,1.1,0.0,1.1
2026-08-12,6722,輝創,2.0,0.0,2.0,4.0
2026-08-12,6725,矽科宏晟,13.748,13.848,0.0,13.848
2026-08-12,6727,亞泰金屬,-15.03,-11.647,0.0,-11.647
2026-08-12,6728,上洋,4.0,4.0,0.0,4.0
2026-08-12,6730,常廣,-4.0,-4.0,0.0,-4.0
2026-08-12,6732,昇佳電子,32.1,32.526,0.0,32.526
2026-08-12,6733,博晟生醫,-37.0,-37.565,0.0,-37.565
2026-08-12,6735,美達科技,69.0,69.259,0.0,69.259
2026-08-12,6739,竹陞科技,30.09,8.833,0.0,8.833
2026-08-12,6741,91APP*-KY,99.0,98.529,0.0,98.529
2026-08-12,6742,澤米,125.099,0.0,124.939,250.038
2026-08-12,6743,安普新,-6.914,0.0,-26.914,-33.828
2026-08-12,6751,智聯服務,1.0,1.0,0.0,1.0
2026-08-12,6752,叡揚,-0.1,-0.1,0.0,-0.1
2026-08-12,6753,龍德造船,145.44,0.0,229.766,375.206
2026-08-12,6754,匯僑設計,4.0,0.0,4.0,8.0
2026-08-12,6756,威鋒電子,-43.0,0.0,-41.0,-84.0
2026-08-12,6757,台灣虎航,-284.941,0.0,-292.941,-577.882
2026-08-12,6761,穩得,-262.0,-249.977,0.0,-249.977
2026-08-12,6763,綠界科技*,59.0,48.598,0.0,48.598
2026-08-12,6768,志強-KY,-467.955,0.0,-467.955,-935.91
2026-08-12,6770,力積電,113974.233,0.0,120168.381,234142.614
2026-08-12,6771,平和環保-創,39.0,0.0,40.926,79.926
2026-08-12,6776,展碁國際,-2.09,0.0,3.91,1.8200000000000005
2026-08-12,6781,AES-KY,354.216,0.0,352.642,706.858
2026-08-12,6782,視陽,108.51,-55.0,103.252,156.762
2026-08-12,6785,昱展新藥,6.02,4.107,0.0,4.107
2026-08-12,6788,華景電,56.0,60.663,0.0,60.663
2026-08-12,6789,采鈺,274.582,0.0,368.182,642.764
2026-08-12,6790,永豐實,-0.614,0.0,-0.552,-1.166
2026-08-12,6791,虎門科技,-1.0,-1.067,0.0,-1.067
2026-08-12,6792,詠業,7.0,0.0,7.0,14.0
2026-08-12,6794,向榮生技,11.0,0.0,11.0,22.0
2026-08-12,6796,晉弘,-1.0,0.0,1.0,0.0
2026-08-12,6799,來頡,-18.0,0.0,-18.814,-36.814
2026-08-12,6803,崑鼎,-57.415,-57.522,0.0,-57.522
2026-08-12,6804,明係,-20.0,-20.0,0.0,-20.0
2026-08-12,6805,富世達,-486.918,401.0,-511.508,-597.4259999999999
2026-08-12,6807,峰源-KY,2.0,0.0,2.0,4.0
2026-08-12,6811,宏碁資訊,-56.482,-57.731,0.0,-57.731
2026-08-12,6821,聯寶,17.0,16.753,0.0,16.753
2026-08-12,6823,濾能,-1.0,-1.127,0.0,-1.127
2026-08-12,6829,千附精密,33.01,36.395,0.0,36.395
2026-08-12,6830,汎銓,383.871,0.0,438.293,822.164
2026-08-12,6831,邁科,-36.953,101.0,27.569,91.616
2026-08-12,6834,天二科技,-628.679,-1.0,-638.269,-1267.948
2026-08-12,6835,圓裕,2.0,0.0,2.0,4.0
2026-08-12,6838,台新藥,-13.0,0.0,-13.0,-26.0
2026-08-12,6840,東研信超,39.0,39.0,0.0,39.0
2026-08-12,6841,長佳智能,-70.0,-70.61,0.0,-70.61
2026-08-12,6844,諾貝兒,7.0,7.0,0.0,7.0
2026-08-12,6846,綠茵,0.05,0.05,0.0,0.05
2026-08-12,6854,錼創科技-KY創,29.951,0.0,18.717,48.668
2026-08-12,6855,數泓科,3.0,3.0,0.0,3.0
2026-08-12,6859,伯特光,0.0,13.274,0.0,13.274
2026-08-12,6861,睿生光電,-13.874,0.0,-13.574,-27.448
2026-08-12,6862,三集瑞-KY,20.005,0.0,10.037,30.042
2026-08-12,6863,永道-KY,-19.331,0.0,-19.243,-38.574
2026-08-12,6865,偉康科技,-2.0,-2.0,0.0,-2.0
2026-08-12,6869,雲豹能源,9.417,0.0,-5.757,3.66
2026-08-12,6870,騰雲,-6.0,-6.493,0.0,-6.493
2026-08-12,6872,浩宇生醫,2.0,2.09,0.0,2.09
2026-08-12,6873,泓德能源,-23.8,0.0,-23.8,-47.6
2026-08-12,6874,倍力,-2.0,-1.527,0.0,-1.527
2026-08-12,6875,國邑*,16.0,16.0,0.0,16.0
2026-08-12,6877,鏵友益,17.037,15.729,0.0,15.729
2026-08-12,6885,全福生技,-99.0,0.0,-99.0,-198.0
2026-08-12,6887,寶綠特-KY,-1.0,0.0,-1.0,-2.0
2026-08-12,6890,來億-KY,84.332,0.0,85.456,169.788
2026-08-12,6894,衛司特,-15.0,-15.408,0.0,-15.408
2026-08-12,6895,宏碩系統,0.03,0.355,0.0,0.355
2026-08-12,6899,創為精密,5.0,5.0,0.0,5.0
2026-08-12,6901,鑽石投資,1010.0,0.0,1022.0,2032.0
2026-08-12,6902,GOGOLOOK,24.579,0.0,26.579,51.158
2026-08-12,6903,巨漢,72.0,72.507,0.0,72.507
2026-08-12,6906,現觀科,9.0,0.0,8.708,17.708
2026-08-12,6907,雅特力-KY,-543.0,-534.421,0.0,-534.421
2026-08-12,6908,宏碁遊戲-創,-3.0,0.0,-3.56,-6.5600000000000005
2026-08-12,6909,創控,45.0,0.0,45.0,90.0
2026-08-12,6910,德鴻,0.0,0.0,0.0,0.0
2026-08-12,6913,鴻呈,335.74,311.401,0.0,311.401
2026-08-12,6914,阜爾運通,-35.0,0.0,-35.0,-70.0
2026-08-12,6916,華凌,-5.0,0.0,-7.0,-12.0
2026-08-12,6918,愛派司,-2.0,0.0,-2.0,-4.0
2026-08-12,6919,康霈*,1464.255,0.0,1473.813,2938.068
2026-08-12,6921,嘉雨思-創,6.0,0.0,0.0,6.0
2026-08-12,6922,宸曜,78.254,33.572,0.0,33.572
2026-08-12,6923,中台,17.0,0.0,57.0,74.0
2026-08-12,6924,榮惠-KY創,-10.0,0.0,-1.9,-11.9
2026-08-12,6925,意藍,-1.0,-1.0,0.0,-1.0
2026-08-12,6928,攸泰科技,7.0,0.0,9.0,16.0
2026-08-12,6929,佑全,3.0,3.0,0.0,3.0
2026-08-12,6931,青松健康,-11.0,0.0,-7.0,-18.0
2026-08-12,6933,AMAX-KY,165.291,0.0,182.269,347.56
2026-08-12,6934,心誠鎂,9.0,0.0,9.0,18.0
2026-08-12,6936,永鴻生技,0.0,0.0,0.0,0.0
2026-08-12,6937,天虹,190.879,-45.0,237.981,383.86
2026-08-12,6944,兆聯實業,-20.275,0.0,-18.577,-38.852
2026-08-12,6945,圓祥生技,-258.0,-258.0,0.0,-258.0
2026-08-12,6947,台鎔科技,-50.0,0.0,-50.0,-100.0
2026-08-12,6949,沛爾生醫-創,43.124,0.0,43.604,86.72800000000001
2026-08-12,6951,青新-創,5.0,0.0,4.804,9.804
2026-08-12,6952,大武山,0.0,0.0,-4.0,-4.0
2026-08-12,6953,家碩,11.0,10.79,0.0,10.79
2026-08-12,6955,邦睿生技-創,-2.0,0.0,-4.0,-6.0
2026-08-12,6957,裕慶-KY,-4.397,0.0,-6.397,-10.794
2026-08-12,6958,日盛台駿,-5.0,0.0,-5.0,-10.0
2026-08-12,6961,旅天下,1.0,1.0,0.0,1.0
2026-08-12,6962,奕力-KY,87.0,0.0,85.758,172.75799999999998
2026-08-12,6965,中傑-KY,4.0,0.0,4.0,8.0
2026-08-12,6967,汎瑋材料,5.0,5.005,0.0,5.005
2026-08-12,6968,萬達寵物,-19.5,-19.74,0.0,-19.74
2026-08-12,6969,成信實業*-創,-18.0,0.0,-12.44,-30.44
2026-08-12,6971,惠民實業,0.0,0.0,0.0,0.0
2026-08-12,6982,大井泵浦,-3.0,-3.0,0.0,-3.0
2026-08-12,6983,華洋精機,-2.0,-2.116,0.0,-2.116
2026-08-12,6986,和迅,5.0,-3.0,0.0,-3.0
2026-08-12,6988,威力暘-創,-3.0,0.0,-19.0,-22.0
2026-08-12,6994,富威電力,-3.0,0.0,5.0,2.0
2026-08-12,6996,力領科技,-11.0,-9.348,0.0,-9.348
2026-08-12,7402,邑錡,24.0,21.592,0.0,21.592
2026-08-12,7547,碩網,-1.0,-1.0,0.0,-1.0
2026-08-12,7556,意德士,4.005,7.525,0.0,7.525
2026-08-12,7610,聯友金屬-創,87.0,0.0,85.942,172.942
2026-08-12,7631,聚賢研發-創,-7.0,0.0,-17.68,-24.68
2026-08-12,7642,昶瑞機電,-2.0,-2.0,0.0,-2.0
2026-08-12,7689,大鵬科CLMX,16.0,0.0,16.0,32.0
2026-08-12,7703,銳澤,-14.0,-14.699,0.0,-14.699
2026-08-12,7704,明遠精密,-12.0,-10.6,0.0,-10.6
2026-08-12,7705,三商餐飲,1.0,0.0,1.0,2.0
2026-08-12,7708,全家餐飲,-3.0,-3.0,0.0,-3.0
2026-08-12,7709,榮田,8.0,8.0,0.0,8.0
2026-08-12,7711,永擎,257.742,0.0,441.032,698.774
2026-08-12,7712,博盛半導體,67.19,75.869,0.0,75.869
2026-08-12,7713,威力德生醫,1.0,1.0,0.0,1.0
2026-08-12,7714,創泓科技,-18.934,-19.366,0.0,-19.366
2026-08-12,7715,裕山,37.0,36.056,0.0,36.056
2026-08-12,7717,萊德光電-KY,47.0,50.302,0.0,50.302
2026-08-12,7718,友鋮,-1.0,-2.0,0.0,-2.0
2026-08-12,7721,微程式,4.0,0.0,4.0,8.0
2026-08-12,7722,LINEPAY,16.192,0.0,16.986,33.178
2026-08-12,7723,築間,-9.0,-9.0,0.0,-9.0
2026-08-12,7728,光焱科技,5.01,4.66,0.0,4.66
2026-08-12,7730,暉盛-創,9.135,0.0,11.123,20.258
2026-08-12,7732,金興精密,-5.0,0.0,-23.0,-28.0
2026-08-12,7734,印能科技,82.994,60.561,0.0,60.561
2026-08-12,7736,虎山,3.0,0.0,3.0,6.0
2026-08-12,7740,熙特爾-創,-14.0,0.0,-9.94,-23.94
2026-08-12,7744,崴寶,0.0,-0.236,0.0,-0.236
2026-08-12,7749,意騰-KY,-4.82,0.0,-2.736,-7.556000000000001
2026-08-12,7750,新代,43.161,0.0,43.887,87.048
2026-08-12,7751,竑騰,134.094,29.385,0.0,29.385
2026-08-12,7753,星亞,-1.0,-1.0,0.0,-1.0
2026-08-12,7760,享溫馨,6.0,0.0,6.0,12.0
2026-08-12,7765,中華資安,37.01,0.0,39.01,76.02
2026-08-12,7767,仁大資訊,-6.0,-7.0,0.0,-7.0
2026-08-12,7768,頌勝科技,31.0,0.0,31.0,62.0
2026-08-12,7769,鴻勁,67.601,-32.0,71.641,107.242
2026-08-12,7772,耀穎,18.0,18.028,0.0,18.028
2026-08-12,7777,能率亞洲,134.603,118.142,0.0,118.142
2026-08-12,7780,大研生醫*,84.0,0.0,83.398,167.398
2026-08-12,7782,光速火箭,2.0,2.0,0.0,2.0
2026-08-12,7786,東方風能,-17.144,0.0,-15.144,-32.288
2026-08-12,7788,松川精密,248.112,0.0,377.822,625.934
2026-08-12,7791,皇家可口,-4.0,0.0,-4.0,-8.0
2026-08-12,7792,安葆,-3.0,-2.001,0.0,-2.001
2026-08-12,7795,長廣,-61.0,0.0,-27.016,-88.01599999999999
2026-08-12,7799,禾榮科,33.26,0.0,29.26,62.52
2026-08-12,7803,雲象科技-創,2.0,0.0,7.184,9.184
2026-08-12,7805,威聯通,58.0,60.466,0.0,60.466
2026-08-12,7810,捷創科技,15.178,15.197,0.0,15.197
2026-08-12,7814,海昌生技,-4.0,-4.0,0.0,-4.0
2026-08-12,7818,溢泰實業,20.0,0.0,10.0,30.0
2026-08-12,7819,精誠金融,-1.0,-1.0,0.0,-1.0
2026-08-12,7820,立盈,-4.0,-5.0,0.0,-5.0
2026-08-12,7821,神數,-28.05,0.0,-40.05,-68.1
2026-08-12,7822,倍利科,36.004,0.0,37.19,73.19399999999999
2026-08-12,7823,奧義賽博-KY創,-6.0,0.0,-6.012,-12.012
2026-08-12,7827,漢康-KY創,71.023,0.0,71.171,142.19400000000002
2026-08-12,7828,創新服務,28.813,28.41,0.0,28.41
2026-08-12,7835,永悅健康-創,3.0,0.0,3.0,6.0
2026-08-12,7839,達人網,0.0,-14.0,0.0,-14.0
2026-08-12,7842,天能綠電,-8.0,-8.0,0.0,-8.0
2026-08-12,7855,和運租車,94.0,0.0,93.984,187.984
2026-08-12,8011,台通,136.0,0.0,140.0,276.0
2026-08-12,8016,矽創,93.0,0.0,137.87,230.87
2026-08-12,8021,尖點,-42.582,-47.0,30.854,-58.728
2026-08-12,8024,佑華,2.0,2.506,0.0,2.506
2026-08-12,8027,鈦昇,-17.347,-16.005,0.0,-16.005
2026-08-12,8028,昇陽半導體,1161.276,-790.0,1229.134,1600.41
2026-08-12,8032,光菱,-49.869,-50.081,0.0,-50.081
2026-08-12,8033,雷虎,-5107.185,-3.0,-5161.811,-10271.996
2026-08-12,8034,榮群,7.0,7.0,0.0,7.0
2026-08-12,8038,長園科,-13.0,-12.725,0.0,-12.725
2026-08-12,8039,台虹,-4757.115,7.0,-5185.705,-9935.82
2026-08-12,8040,九暘,24.031,23.028,0.0,23.028
2026-08-12,8042,金山電,966.964,970.271,0.0,970.271
2026-08-12,8043,蜜望實,-665.0,-727.642,0.0,-727.642
2026-08-12,8044,網家,-64.0,-66.055,0.0,-66.055
2026-08-12,8045,達運光電,-13.0,0.0,-14.196,-27.196
2026-08-12,8046,南電,-1346.564,855.22,-2190.198,-2681.542
2026-08-12,8047,星雲,-1.0,-1.0,0.0,-1.0
2026-08-12,8048,德勝,-8.04,-8.381,0.0,-8.381
2026-08-12,8049,晶采,-57.02,-56.56,0.0,-56.56
2026-08-12,8050,廣積,-2308.8,-2450.547,0.0,-2450.547
2026-08-12,8054,安國,108.005,99.987,0.0,99.987
2026-08-12,8059,凱碩,-14.0,-13.776,0.0,-13.776
2026-08-12,8064,東捷,468.224,479.9,0.0,479.9
2026-08-12,8066,來思達,11.0,10.637,0.0,10.637
2026-08-12,8068,全達,0.0,-0.251,0.0,-0.251
2026-08-12,8069,元太,-3367.114,-3195.591,0.0,-3195.591
2026-08-12,8070,長華*,296.092,0.0,381.834,677.9259999999999
2026-08-12,8071,能率網通,171.0,178.977,0.0,178.977
2026-08-12,8072,陞泰,-4.0,0.0,-4.0,-8.0
2026-08-12,8074,鉅橡,223.0,219.882,0.0,219.882
2026-08-12,8076,伍豐,-75.253,-85.384,0.0,-85.384
2026-08-12,8080,泰霖,1.0,1.0,0.0,1.0
2026-08-12,8081,致新,102.157,-47.0,97.057,152.214
2026-08-12,8083,瑞穎,-25.0,-24.564,0.0,-24.564
2026-08-12,8084,巨虹,125.0,125.625,0.0,125.625
2026-08-12,8085,福華,12.0,11.39,0.0,11.39
2026-08-12,8086,宏捷科,-325.13,-319.263,0.0,-319.263
2026-08-12,8087,麗升能源,-1.0,-1.003,0.0,-1.003
2026-08-12,8088,品安,22.871,22.718,0.0,22.718
2026-08-12,8089,康全電訊,-2.0,-1.944,0.0,-1.944
2026-08-12,8091,翔名,-84.994,-108.371,0.0,-108.371
2026-08-12,8092,建暐,1.0,0.896,0.0,0.896
2026-08-12,8096,擎亞,304.482,347.965,0.0,347.965
2026-08-12,8097,常珵,-16.0,-21.006,0.0,-21.006
2026-08-12,8099,大世科,2.014,2.017,0.0,2.017
2026-08-12,8103,瀚荃,-148.447,0.0,-149.453,-297.9
2026-08-12,8104,錸寶,83.0,0.0,83.0,166.0
2026-08-12,8105,凌巨,380.0,-5.0,372.0,747.0
2026-08-12,8107,大億金茂,18.0,18.219,0.0,18.219
2026-08-12,8109,博大,-42.0,-46.832,0.0,-46.832
2026-08-12,8110,華東,1484.22,0.0,1441.534,2925.754
2026-08-12,8111,立碁,160.811,165.328,0.0,165.328
2026-08-12,8112,至上,-7357.923,217.253,-8249.113,-15389.783
2026-08-12,8114,振樺電,104.636,0.0,-170.574,-65.93800000000002
2026-08-12,8121,越峰,6.875,6.448,0.0,6.448
2026-08-12,8131,福懋科,836.291,0.0,829.787,1666.078
2026-08-12,8147,正淩,17.265,18.26,0.0,18.26
2026-08-12,8150,南茂,-24202.639,0.0,-28644.869,-52847.508
2026-08-12,8155,博智,-87.889,-139.807,0.0,-139.807
2026-08-12,8162,微矽電子-創,6.0,0.0,5.286,11.286
2026-08-12,8163,達方,328.153,0.0,329.041,657.194
2026-08-12,8171,天宇,-7.0,-7.19,0.0,-7.19
2026-08-12,8176,智捷,29.0,29.0,0.0,29.0
2026-08-12,8182,加高,501.0,502.465,0.0,502.465
2026-08-12,8183,精星,39.0,40.679,0.0,40.679
2026-08-12,8201,無敵,2.0,0.0,4.0,6.0
2026-08-12,8210,勤誠,-256.737,-160.0,-251.219,-667.956
2026-08-12,8213,志超,337.079,0.0,347.731,684.81
2026-08-12,8215,明基材,320.0,-2.0,319.998,637.998
2026-08-12,8222,寶一,350.302,0.0,352.302,702.604
2026-08-12,8227,巨有科技,-501.91,-496.408,0.0,-496.408
2026-08-12,8234,新漢,14.0,12.202,0.0,12.202
2026-08-12,8240,華宏,118.0,118.404,0.0,118.404
2026-08-12,8249,菱光,174.4,0.0,174.4,348.8
2026-08-12,8255,朋程,101.164,125.444,0.0,125.444
2026-08-12,8261,富鼎,414.497,-2.0,426.627,839.124
2026-08-12,8271,宇瞻,-653.887,0.0,-691.215,-1345.102
2026-08-12,8277,商丞,29.0,29.0,0.0,29.0
2026-08-12,8284,三竹,0.0,0.0,0.0,0.0
2026-08-12,8289,泰藝,166.269,167.405,0.0,167.405
2026-08-12,8291,尚茂,0.0,0.0,0.0,0.0
2026-08-12,8299,群聯,462.427,573.365,0.0,573.365
2026-08-12,8341,日友,14.5,0.0,20.5,35.0
2026-08-12,8342,益張,1.0,1.0,0.0,1.0
2026-08-12,8349,恒耀,-24.136,-24.136,0.0,-24.136
2026-08-12,8354,冠好,99.0,98.25,0.0,98.25
2026-08-12,8358,金居,-1405.02,-2108.195,0.0,-2108.195
2026-08-12,8367,建新國際,-5.0,0.0,-5.0,-10.0
2026-08-12,8374,羅昇,207.0,0.0,219.764,426.764
2026-08-12,8383,千附,-175.503,-179.256,0.0,-179.256
2026-08-12,8390,金益鼎,68.701,55.861,0.0,55.861
2026-08-12,8401,白紗科,27.0,27.0,0.0,27.0
2026-08-12,8403,盛弘,44.0,44.0,0.0,44.0
2026-08-12,8404,百和興業-KY,33.15,0.0,33.15,66.3
2026-08-12,8410,森田,-1.0,4.0,0.0,4.0
2026-08-12,8411,福貞-KY,35.0,0.0,35.0,70.0
2026-08-12,8415,大國鋼,189.0,216.858,0.0,216.858
2026-08-12,8421,旭源,16.637,17.273,0.0,17.273
2026-08-12,8422,可寧衛*,1886.121,1.0,1948.789,3835.91
2026-08-12,8423,保綠-KY,-1.0,-1.0,0.0,-1.0
2026-08-12,8426,紅木-KY,-10.0,-10.0,0.0,-10.0
2026-08-12,8429,金麗-KY,35.0,0.0,35.0,70.0
2026-08-12,8431,匯鑽科,18.0,17.95,0.0,17.95
2026-08-12,8435,鉅邁,-1.0,-1.008,0.0,-1.008
2026-08-12,8436,大江,-403.0,-367.032,0.0,-367.032
2026-08-12,8437,大地-KY,-4.0,-4.014,0.0,-4.014
2026-08-12,8438,昶昕,64.859,0.0,60.861,125.72
2026-08-12,8440,綠電,-9.0,-8.993,0.0,-8.993
2026-08-12,8442,威宏-KY,1.0,0.0,1.0,2.0
2026-08-12,8443,阿瘦,2.0,0.0,2.0,4.0
2026-08-12,8446,華研,3.0,3.0,0.0,3.0
2026-08-12,8450,霹靂,0.0,-0.535,0.0,-0.535
2026-08-12,8454,富邦媒,-38.775,-0.142,-32.623,-71.53999999999999
2026-08-12,8462,柏文,201.03,0.0,205.03,406.06
2026-08-12,8463,潤泰材,-5.0,0.0,-3.0,-8.0
2026-08-12,8464,億豐,-19.323,20.0,-19.309,-18.632
2026-08-12,8466,美吉吉-KY,4.0,0.0,6.0,10.0
2026-08-12,8467,波力-KY,8.0,0.0,8.0,16.0
2026-08-12,8473,山林水,88.499,0.0,100.097,188.596
2026-08-12,8476,台境*,5.194,-2.0,1.194,4.388
2026-08-12,8478,東哥遊艇,-53.006,0.0,-51.744,-104.75
2026-08-12,8481,政伸,1.0,0.0,1.0,2.0
2026-08-12,8482,商億-KY,2.0,0.0,2.0,4.0
2026-08-12,8487,愛爾達-創,-1.0,0.0,-1.0,-2.0
2026-08-12,8488,吉源-KY,-17.0,0.0,-19.0,-36.0
2026-08-12,8489,三貝德,-1.0,-0.457,0.0,-0.457
2026-08-12,8499,鼎炫-KY,-5.0,0.0,-5.008,-10.008
2026-08-12,8905,裕國,0.0,0.534,0.0,0.534
2026-08-12,8906,花王,-1.0,-1.444,0.0,-1.444
2026-08-12,8908,欣雄,6.0,6.0,0.0,6.0
2026-08-12,8916,光隆,-98.871,-98.234,0.0,-98.234
2026-08-12,8917,欣泰,-1.0,-1.0,0.0,-1.0
2026-08-12,8924,大田,11.0,10.833,0.0,10.833
2026-08-12,8926,台汽電,-467.277,-1.0,-479.119,-947.396
2026-08-12,8927,北基,44.679,44.679,0.0,44.679
2026-08-12,8928,鉅明,3.0,2.727,0.0,2.727
2026-08-12,8929,富堡,-26.0,-25.55,0.0,-25.55
2026-08-12,8930,青鋼,-2.0,-2.0,0.0,-2.0
2026-08-12,8931,大汽電,1.0,4.232,0.0,4.232
2026-08-12,8932,智通*,403.384,491.116,0.0,491.116
2026-08-12,8933,愛地雅,-18.0,-18.0,0.0,-18.0
2026-08-12,8935,邦泰,-41.0,-41.051,0.0,-41.051
2026-08-12,8936,國統,67.0,337.079,0.0,337.079
2026-08-12,8937,合騏*,51.0,50.0,0.0,50.0
2026-08-12,8938,明安,-25.96,-27.477,0.0,-27.477
2026-08-12,8940,新天地,3.0,0.0,3.0,6.0
2026-08-12,8941,關中,5.0,5.0,0.0,5.0
2026-08-12,8942,森鉅,19.995,26.139,0.0,26.139
2026-08-12,8996,高力,-860.197,267.0,-775.173,-1368.37
2026-08-12,9103,美德醫療-DR,0.0,0.0,-1.776,-1.776
2026-08-12,9105,泰金寶-DR,5563.0,0.0,5571.95,11134.95
2026-08-12,9136,巨騰-DR,-51.0,0.0,-49.6,-100.6
2026-08-12,9802,鈺齊-KY,-433.0,0.0,-425.246,-858.246
2026-08-12,9902,台火,9.0,0.0,10.998,19.998
2026-08-12,9904,寶成,-3377.082,80.0,-3373.672,-6670.754
2026-08-12,9905,大華,24.0,0.0,8.0,32.0
2026-08-12,9906,欣巴巴,45.728,0.0,41.728,87.456
2026-08-12,9907,統一實,658.998,0.0,658.998,1317.996
2026-08-12,9908,大台北,-66.751,0.0,-66.751,-133.502
2026-08-12,9910,豐泰,422.046,34.0,420.622,876.668
2026-08-12,9911,櫻花,-152.0,0.0,-10.0,-162.0
2026-08-12,9912,偉聯,-34.0,0.0,-34.0,-68.0
2026-08-12,9914,美利達,1259.151,118.0,1129.939,2507.09
2026-08-12,9917,中保科,-36.39,0.0,-36.39,-72.78
2026-08-12,9918,欣天然,2.0,0.0,2.0,4.0
2026-08-12,9919,康那香,113.069,0.0,113.069,226.138
2026-08-12,9921,巨大,2334.622,120.0,2202.272,4656.894
2026-08-12,9924,福興,3.07,0.0,31.07,34.14
2026-08-12,9925,新保,-242.0,0.0,-242.364,-484.364
2026-08-12,9926,新海,1.0,0.0,1.0,2.0
2026-08-12,9927,泰銘,54.91,0.0,54.91,109.82
2026-08-12,9929,秋雨,0.0,0.0,0.0,0.0
2026-08-12,9930,中聯資源,1.176,0.0,-8.824,-7.648
2026-08-12,9931,欣高,3.0,0.0,3.0,6.0
2026-08-12,9933,中鼎,4840.509,-2.8,4316.657,9154.366
2026-08-12,9934,成霖,-106.908,0.0,-80.908,-187.816
2026-08-12,9935,慶豐富,-3.91,0.0,-3.91,-7.82
2026-08-12,9937,全國,-1.0,0.0,3.0,2.0
2026-08-12,9938,百和,199.615,-269.0,159.619,90.234
2026-08-12,9939,宏全,-133.765,4.0,-128.633,-258.398
2026-08-12,9940,信義,264.447,0.0,360.447,624.894
2026-08-12,9941,裕融,22.51,0.0,166.398,188.908
2026-08-12,9942,茂順,-45.003,0.0,-61.003,-106.006
2026-08-12,9943,好樂迪,-2.0,0.0,12.0,10.0
2026-08-12,9944,新麗,7.0,0.0,-11.0,-4.0
2026-08-12,9945,潤泰新,61.146,0.0,187.058,248.204
2026-08-12,9946,三發地產,204.0,-3.0,218.0,419.0
2026-08-12,9949,琉園,-2.0,-2.0,0.0,-2.0
2026-08-12,9951,皇田,-5.0,-5.35,0.0,-5.35
2026-08-12,9955,佳龍,36.0,0.0,38.0,74.0
2026-08-12,9958,世紀鋼,-1472.716,0.0,-1716.214,-3188.93
2026-08-12,9962,有益,4.0,3.85,0.0,3.85
2026-08-13,1101,台泥,-7510.712,-21.0,-7475.5,-15007.212
2026-08-13,1102,亞泥,-14247.488,135.54,-14899.942,-29011.89
2026-08-13,1103,嘉泥,6.229,0.0,36.229,42.458
2026-08-13,1104,環泥,-414.244,0.0,-408.438,-822.682
2026-08-13,1108,幸福,43.0,0.0,19.0,62.0
2026-08-13,1109,信大,-1.0,0.0,10.914,9.914
2026-08-13,1110,東泥,114.0,0.0,118.0,232.0
2026-08-13,1201,味全,-52.0,0.0,-42.0,-94.0
2026-08-13,1203,味王,-5.999,0.0,-3.999,-9.998
2026-08-13,1210,大成,-672.0,154.0,-666.128,-1184.1280000000002
2026-08-13,1215,卜蜂,-207.956,0.0,-203.726,-411.682
2026-08-13,1216,統一,6000.711,-6.488,5395.345,11389.568
2026-08-13,1217,愛之味,-49.0,0.0,-39.0,-88.0
2026-08-13,1219,福壽,75.006,0.0,93.006,168.012
2026-08-13,1220,台榮,-20.0,0.0,-18.0,-38.0
2026-08-13,1225,福懋油,40.001,0.0,42.001,82.002
2026-08-13,1227,佳格,-378.0,0.0,-357.662,-735.662
2026-08-13,1229,聯華,53.433,-5.0,96.995,145.428
2026-08-13,1231,聯華食,-225.023,0.0,-218.411,-443.434
2026-08-13,1232,大統益,-3.0,0.0,-1.0,-4.0
2026-08-13,1233,天仁,-4.0,0.0,-4.0,-8.0
2026-08-13,1234,黑松,58.092,0.0,60.092,118.184
2026-08-13,1235,興泰,1.0,0.0,5.0,6.0
2026-08-13,1236,宏亞,-6.194,0.0,-6.194,-12.388
2026-08-13,1240,茂生農經,1.0,1.0,0.0,1.0
2026-08-13,1256,鮮活果汁-KY,3.24,0.0,1.24,4.48
2026-08-13,1259,安心,-2.0,-2.0,0.0,-2.0
2026-08-13,1264,德麥,1.08,-0.92,0.0,-0.92
2026-08-13,1268,漢來美食,-1.974,-1.974,0.0,-1.974
2026-08-13,1294,漢田生技,0.0,0.0,0.0,0.0
2026-08-13,1295,生合,-10.0,-10.0,0.0,-10.0
2026-08-13,1301,台塑,3781.818,-4.0,5427.12,9204.938
2026-08-13,1303,南亞,1748.446,-4446.195,6437.236,3739.487
2026-08-13,1304,台聚,1239.538,0.0,1227.704,2467.242
2026-08-13,1305,華夏,1163.631,0.0,1171.613,2335.244
2026-08-13,1307,三芳,-435.0,-5.0,-444.432,-884.432
2026-08-13,1308,亞聚,220.11,0.0,263.162,483.272
2026-08-13,1309,台達化,527.781,0.0,532.575,1060.356
2026-08-13,1310,台苯,109.469,0.0,125.469,234.938
2026-08-13,1312,國喬,273.0,0.0,3.096,276.096
2026-08-13,1313,聯成,1332.351,0.0,1356.165,2688.516
2026-08-13,1314,中石化,-11723.838,0.0,-12394.706,-24118.544
2026-08-13,1315,達新,-10.0,0.0,-10.0,-20.0
2026-08-13,1316,上曜,-630.0,0.0,-628.004,-1258.004
2026-08-13,1319,東陽,561.048,-44.0,525.448,1042.496
2026-08-13,1321,大洋,99.0,0.0,93.0,192.0
2026-08-13,1323,永裕,4.0,0.0,4.0,8.0
2026-08-13,1324,地球,-2.0,0.0,-2.0,-4.0
2026-08-13,1325,恆大,-139.139,0.0,-139.139,-278.278
2026-08-13,1326,台化,528.662,0.0,816.418,1345.08
2026-08-13,1336,台翰,47.0,47.0,0.0,47.0
2026-08-13,1337,再生-KY,4.543,0.0,6.543,11.086
2026-08-13,1338,廣華-KY,7.0,0.0,11.0,18.0
2026-08-13,1339,昭輝,-39.908,0.0,0.092,-39.816
2026-08-13,1340,勝悅-KY,24.0,0.0,24.0,48.0
2026-08-13,1341,富林-KY,-2.0,0.0,-2.0,-4.0
2026-08-13,1342,八貫,0.793,0.0,0.793,1.586
2026-08-13,1402,遠東新,-7595.276,1355.123,-8263.848,-14504.001
2026-08-13,1409,新纖,-81.237,0.0,1000.539,919.302
2026-08-13,1410,南染,2.0,0.0,0.0,2.0
2026-08-13,1413,宏洲,1.0,0.0,7.0,8.0
2026-08-13,1414,東和,38.728,0.0,74.728,113.456
2026-08-13,1416,廣豐,227.878,0.0,225.878,453.756
2026-08-13,1417,嘉裕,-11.0,0.0,-5.0,-16.0
2026-08-13,1418,東華,-1.0,0.0,-1.0,-2.0
2026-08-13,1419,新紡,3.0,0.0,7.0,10.0
2026-08-13,1423,利華,5.0,0.0,5.0,10.0
2026-08-13,1432,大魯閣,-7.0,0.0,-5.0,-12.0
2026-08-13,1434,福懋,-153.616,0.0,-121.624,-275.24
2026-08-13,1435,中福,46.0,0.0,46.0,92.0
2026-08-13,1436,華友聯,-32.557,0.0,-30.557,-63.114
2026-08-13,1437,勤益控,77.0,0.0,73.0,150.0
2026-08-13,1438,三地開發,-2.0,0.0,-4.0,-6.0
2026-08-13,1439,雋揚,-6.0,0.0,-6.0,-12.0
2026-08-13,1440,南紡,80.285,0.0,70.565,150.85
2026-08-13,1441,大東,-2.0,0.0,-2.0,-4.0
2026-08-13,1442,名軒,25.693,0.0,29.693,55.386
2026-08-13,1443,立益物流,-9.0,0.0,-9.0,-18.0
2026-08-13,1444,力麗,107.555,0.0,113.555,221.11
2026-08-13,1445,大宇,30.0,0.0,32.0,62.0
2026-08-13,1446,宏和,26.0,0.0,28.0,54.0
2026-08-13,1447,力鵬,-191.657,0.0,-203.657,-395.314
2026-08-13,1449,佳和,-17.0,0.0,-10.0,-27.0
2026-08-13,1451,年興,-25.0,0.0,-27.0,-52.0
2026-08-13,1452,宏益,26.0,0.0,20.0,46.0
2026-08-13,1453,大將,-23.0,0.0,-15.0,-38.0
2026-08-13,1454,台富,-9.0,0.0,-7.0,-16.0
2026-08-13,1455,集盛,-4.445,0.0,23.555,19.11
2026-08-13,1456,怡華,6.0,0.0,18.0,24.0
2026-08-13,1457,宜進,20.0,0.0,22.0,42.0
2026-08-13,1459,聯發,33.568,0.0,33.566,67.134
2026-08-13,1460,宏遠,-47.599,0.0,-41.599,-89.198
2026-08-13,1463,強盛新,-8.0,0.0,-4.0,-12.0
2026-08-13,1464,得力,-138.4,0.0,-136.4,-274.8
2026-08-13,1465,偉全,-17.0,0.0,-17.0,-34.0
2026-08-13,1466,聚隆,-23.309,0.0,-29.309,-52.618
2026-08-13,1467,南緯,-103.05,0.0,-99.05,-202.1
2026-08-13,1468,昶和,-10.0,0.0,-4.0,-14.0
2026-08-13,1470,大統新創,1.0,0.0,1.0,2.0
2026-08-13,1471,首利,-48.0,0.0,-44.0,-92.0
2026-08-13,1472,三洋實業,10.0,0.0,10.0,20.0
2026-08-13,1473,台南,15.0,0.0,17.0,32.0
2026-08-13,1474,弘裕,3.0,0.0,3.0,6.0
2026-08-13,1475,業旺,-14.0,0.0,-6.0,-20.0
2026-08-13,1476,儒鴻,-363.235,162.519,-266.093,-466.809
2026-08-13,1477,聚陽,-1733.728,112.364,-1726.406,-3347.77
2026-08-13,1503,士電,334.093,-1.0,417.533,750.626
2026-08-13,1504,東元,10657.337,-10.0,11876.795,22524.132
2026-08-13,1506,正道,-83.0,0.0,-79.0,-162.0
2026-08-13,1512,瑞利,27.0,0.0,27.0,54.0
2026-08-13,1513,中興電,9070.176,-1.0,10250.678,19319.854
2026-08-13,1514,亞力,75.976,0.0,81.428,157.404
2026-08-13,1515,力山,54.859,0.0,4.385,59.244
2026-08-13,1516,川飛,1.0,0.0,1.0,2.0
2026-08-13,1517,利奇,-186.445,0.0,-180.019,-366.464
2026-08-13,1519,華城,-37.946,-0.487,-47.464,-85.89699999999999
2026-08-13,1521,大億,3.0,0.0,3.0,6.0
2026-08-13,1522,堤維西,-83.828,0.0,-85.006,-168.834
2026-08-13,1524,耿鼎,8.0,0.0,8.0,16.0
2026-08-13,1525,江申,24.0,0.0,22.0,46.0
2026-08-13,1526,日馳,-198.735,0.0,-198.735,-397.47
2026-08-13,1527,鑽全,-132.207,0.0,-130.207,-262.414
2026-08-13,1528,恩德,-102.0,0.0,-101.934,-203.934
2026-08-13,1529,樂事綠能,-13.625,0.0,-13.625,-27.25
2026-08-13,1530,亞崴,-28.0,0.0,-28.0,-56.0
2026-08-13,1531,高林股,29.0,0.0,29.0,58.0
2026-08-13,1532,勤美,-138.0,0.0,-126.0,-264.0
2026-08-13,1533,車王電,26.945,0.0,26.945,53.89
2026-08-13,1535,中宇,-17.0,0.0,-17.0,-34.0
2026-08-13,1536,和大,69.763,0.0,56.313,126.076
2026-08-13,1537,廣隆,-68.0,0.0,-66.0,-134.0
2026-08-13,1539,巨庭,-11.0,0.0,-9.0,-20.0
2026-08-13,1540,喬福,-274.0,0.0,-276.0,-550.0
2026-08-13,1541,錩泰,-3.0,0.0,-3.0,-6.0
2026-08-13,1558,伸興,-27.52,0.0,-23.52,-51.04
2026-08-13,1560,中砂,-473.685,0.0,-562.141,-1035.826
2026-08-13,1563,巧新,-122.713,0.0,-99.023,-221.736
2026-08-13,1565,精華,12.0,11.268,0.0,11.268
2026-08-13,1568,倉佑,-121.39,0.0,-126.536,-247.926
2026-08-13,1569,濱川,54.0,50.145,0.0,50.145
2026-08-13,1570,力肯,8.0,8.0,0.0,8.0
2026-08-13,1580,新麥,-22.0,-21.727,0.0,-21.727
2026-08-13,1582,信錦,50.22,0.0,50.97,101.19
2026-08-13,1583,程泰,8.0,0.0,8.0,16.0
2026-08-13,1584,精剛,18.893,18.465,0.0,18.465
2026-08-13,1586,和勤,112.832,112.471,0.0,112.471
2026-08-13,1587,吉茂,49.0,0.0,51.0,100.0
2026-08-13,1590,亞德客-KY,346.005,-290.572,373.311,428.744
2026-08-13,1591,駿吉-KY,-51.0,-51.001,0.0,-51.001
2026-08-13,1593,祺驊,-5.0,-5.113,0.0,-5.113
2026-08-13,1595,川寶,-63.0,-26.953,0.0,-26.953
2026-08-13,1597,直得,-11.041,0.0,-5.639,-16.68
2026-08-13,1598,岱宇,-11.091,0.0,-5.091,-16.182
2026-08-13,1599,宏佳騰,-1.0,-1.003,0.0,-1.003
2026-08-13,1603,華電,-53.424,0.0,-125.424,-178.848
2026-08-13,1604,聲寶,-94.0,0.0,-86.0,-180.0
2026-08-13,1605,華新,18332.785,-13.799,17971.099,36290.085
2026-08-13,1608,華榮,-3078.683,-15.188,-3350.633,-6444.504
2026-08-13,1609,大亞,1966.965,0.0,1771.331,3738.296
2026-08-13,1611,中電,-62.968,0.0,-48.968,-111.936
2026-08-13,1612,宏泰,113.395,-5.0,122.335,230.73
2026-08-13,1614,三洋電,-30.0,0.0,-28.0,-58.0
2026-08-13,1615,大山,-115.96,0.0,-113.96,-229.92
2026-08-13,1616,億泰,-136.022,0.0,-137.258,-273.28
2026-08-13,1617,榮星,134.545,0.0,118.659,253.204
2026-08-13,1618,合機,56.609,0.0,56.609,113.218
2026-08-13,1623,大東電,2.0,0.0,0.0,2.0
2026-08-13,1626,艾美特-KY,34.0,0.0,36.0,70.0
2026-08-13,1702,南僑,-95.0,0.0,-91.362,-186.362
2026-08-13,1707,葡萄王,-97.366,0.0,-95.42,-192.786
2026-08-13,1708,東鹼,-135.718,0.0,-142.12,-277.838
2026-08-13,1709,和益,2074.941,0.0,2024.091,4099.031999999999
2026-08-13,1710,東聯,183.766,0.0,181.576,365.342
2026-08-13,1711,永光,373.943,0.0,540.799,914.742
2026-08-13,1712,興農,-48.0,-5.808,79.58,25.772
2026-08-13,1713,國化,-20.0,0.0,-22.0,-42.0
2026-08-13,1714,和桐,-5644.295,0.0,-5982.623,-11626.918
2026-08-13,1717,長興,4624.526,22.0,4361.25,9007.776
2026-08-13,1718,中纖,-11627.98,0.0,-11084.41,-22712.39
2026-08-13,1720,生達,-116.0,0.0,-116.0,-232.0
2026-08-13,1721,三晃,61.3,0.0,61.3,122.6
2026-08-13,1722,台肥,-1545.0,-2.0,-1528.72,-3075.7200000000003
2026-08-13,1723,中碳,-226.0,-2.0,-228.118,-456.118
2026-08-13,1725,元禎,0.0,0.0,2.0,2.0
2026-08-13,1726,永記,-6.0,0.0,-10.0,-16.0
2026-08-13,1727,中華化,228.833,0.0,258.909,487.742
2026-08-13,1730,花仙子,0.0,0.0,0.0,0.0
2026-08-13,1731,美吾華,-22.0,0.0,-22.0,-44.0
2026-08-13,1732,毛寶,-63.0,0.0,-61.0,-124.0
2026-08-13,1733,五鼎,46.0,0.0,46.0,92.0
2026-08-13,1734,杏輝,45.109,0.0,45.109,90.218
2026-08-13,1735,日勝化,-11.0,0.0,-8.22,-19.22
2026-08-13,1736,喬山,134.001,0.0,140.001,274.002
2026-08-13,1737,臺鹽,19.0,0.0,21.0,40.0
2026-08-13,1742,台蠟,0.0,-0.74,0.0,-0.74
2026-08-13,1752,南光,-6.0,0.0,-4.0,-10.0
2026-08-13,1760,寶齡富錦,-24.0,0.0,-24.0,-48.0
2026-08-13,1762,中化生,-14.933,0.0,-20.933,-35.866
2026-08-13,1773,勝一,60.0,-161.0,60.908,-40.092
2026-08-13,1776,展宇,-5.0,0.0,-3.0,-8.0
2026-08-13,1777,生泰,-6.0,-6.0,0.0,-6.0
2026-08-13,1780,立弘,15.0,15.0,0.0,15.0
2026-08-13,1781,合世,-1.0,-1.009,0.0,-1.009
2026-08-13,1783,和康生,-5.0,0.0,-11.0,-16.0
2026-08-13,1784,訊聯,7.951,8.33,0.0,8.33
2026-08-13,1785,光洋科,-624.125,-624.206,0.0,-624.206
2026-08-13,1786,科妍,-15.0,0.0,-13.09,-28.09
2026-08-13,1788,杏昌,0.0,0.0,0.0,0.0
2026-08-13,1789,神隆,30.298,0.0,62.298,92.596
2026-08-13,1795,美時,33.892,0.0,31.652,65.54400000000001
2026-08-13,1799,易威,-11.894,-11.985,0.0,-11.985
2026-08-13,1802,台玻,524.447,0.0,467.359,991.806
2026-08-13,1805,寶徠,5.0,0.0,7.0,12.0
2026-08-13,1806,冠軍,-15.0,0.0,-5.0,-20.0
2026-08-13,1808,潤隆,630.75,0.0,678.75,1309.5
2026-08-13,1809,中釉,-8.0,0.0,-8.008,-16.008
2026-08-13,1810,和成,815.505,-17.054,838.775,1637.226
2026-08-13,1813,寶利徠,1.0,1.635,0.0,1.635
2026-08-13,1815,富喬,1251.844,1217.629,0.0,1217.629
2026-08-13,1817,凱撒衛,-46.0,0.0,-46.06,-92.06
2026-08-13,1903,士紙,8.0,0.0,14.0,22.0
2026-08-13,1904,正隆,637.54,0.0,668.72,1306.26
2026-08-13,1905,華紙,-51.776,0.0,-34.82,-86.596
2026-08-13,1906,寶隆,29.02,0.0,10.828,39.848
2026-08-13,1907,永豐餘,209.541,-13.584,319.541,515.498
2026-08-13,1909,榮成,-1070.0,0.0,-1224.0,-2294.0
2026-08-13,2002,中鋼,-23669.392,-28.0,-29053.212,-52750.604
2026-08-13,2006,東和鋼鐵,149.323,148.884,108.437,406.644
2026-08-13,2007,燁興,-84.0,0.0,-82.0,-166.0
2026-08-13,2008,高興昌,2.0,0.0,4.0,6.0
2026-08-13,2009,第一銅,-851.72,0.0,-929.896,-1781.616
2026-08-13,2010,春源,-117.0,0.0,-127.0,-244.0
2026-08-13,2012,春雨,-2.0,0.0,-2.0,-4.0
2026-08-13,2013,中鋼構,-20.0,0.0,-20.862,-40.862
2026-08-13,2014,中鴻,-764.657,0.0,-732.657,-1497.314
2026-08-13,2015,豐興,-44.0,-1.0,-34.0,-79.0
2026-08-13,2017,官田鋼,-48.163,0.0,-40.163,-88.326
2026-08-13,2020,美亞,-121.4,0.0,-111.402,-232.802
2026-08-13,2022,聚亨,-381.959,0.0,-381.959,-763.918
2026-08-13,2023,燁輝,-150.339,0.0,-116.339,-266.678
2026-08-13,2024,志聯,-5.0,0.0,-3.0,-8.0
2026-08-13,2025,千興,-205.884,0.0,-193.884,-399.768
2026-08-13,2027,大成鋼,39932.119,-8628.0,38643.655,69947.774
2026-08-13,2028,威致,4.0,0.0,6.0,10.0
2026-08-13,2029,盛餘,-58.792,0.0,-52.792,-111.584
2026-08-13,2030,彰源,-241.973,0.0,-243.973,-485.946
2026-08-13,2031,新光鋼,-103.345,-4.0,-89.843,-197.188
2026-08-13,2032,新鋼,-151.199,0.0,-149.643,-300.842
2026-08-13,2033,佳大,-180.848,0.0,-180.848,-361.696
2026-08-13,2034,允強,127.434,0.0,142.954,270.38800000000003
2026-08-13,2038,海光,-28.299,0.0,-20.299,-48.598
2026-08-13,2049,上銀,2730.968,-685.0,3276.468,5322.436
2026-08-13,2059,川湖,4.144,-10.817,-3.068,-9.741
2026-08-13,2061,風青,-371.918,-469.918,0.0,-469.918
2026-08-13,2062,橋椿,14.0,0.0,18.972,32.972
2026-08-13,2063,世鎧,1.0,0.878,0.0,0.878
2026-08-13,2065,世豐,-9.0,-8.506,0.0,-8.506
2026-08-13,2066,世德,-61.0,-60.526,0.0,-60.526
2026-08-13,2067,嘉鋼,0.0,0.179,0.0,0.179
2026-08-13,2069,運錩,314.897,0.0,316.897,631.794
2026-08-13,2070,精湛,-21.0,-23.996,0.0,-23.996
2026-08-13,2072,世紀風電,-87.76,0.0,-85.76,-173.52
2026-08-13,2101,南港,-344.984,0.0,-359.154,-704.1379999999999
2026-08-13,2102,泰豐,46.42,0.0,56.42,102.84
2026-08-13,2103,台橡,1584.235,0.0,1788.465,3372.7
2026-08-13,2104,國際中橡,-0.351,0.0,19.649,19.298
2026-08-13,2105,正新,-12844.043,236.767,-13739.755,-26347.031
2026-08-13,2106,建大,-1560.4,0.0,-1536.402,-3096.802
2026-08-13,2107,厚生,43.0,0.0,103.0,146.0
2026-08-13,2108,南帝,990.323,0.0,1032.015,2022.338
2026-08-13,2109,華豐,2.772,0.0,4.772,7.544
2026-08-13,2114,鑫永銓,3.0,0.0,5.0,8.0
2026-08-13,2115,六暉-KY,4.0,0.0,6.0,10.0
2026-08-13,2201,裕隆,-469.575,1.0,-396.283,-864.858
2026-08-13,2204,中華,-476.5,-9.006,-467.316,-952.822
2026-08-13,2206,三陽工業,-171.5,0.0,-161.5,-333.0
2026-08-13,2207,和泰車,82.243,27.24,102.243,211.726
2026-08-13,2208,台船,-22.046,0.0,-14.046,-36.092
2026-08-13,2211,長榮鋼,-1402.0,-2.0,-1896.014,-3300.014
2026-08-13,2221,大甲,234.035,225.3,0.0,225.3
2026-08-13,2227,裕日車,-12.587,0.0,-12.587,-25.174
2026-08-13,2228,劍麟,19.999,0.0,15.417,35.416
2026-08-13,2230,泰茂,-6.529,-6.009,0.0,-6.009
2026-08-13,2231,為升,22.551,0.0,11.159,33.71
2026-08-13,2233,宇隆,41.087,0.0,159.597,200.68400000000003
2026-08-13,2235,謚源,1.0,1.0,0.0,1.0
2026-08-13,2236,百達-KY,-120.89,0.0,-163.724,-284.614
2026-08-13,2237,華德動能-創,26.0,0.0,26.0,52.0
2026-08-13,2239,英利-KY,7.0,0.0,9.002,16.002000000000002
2026-08-13,2241,艾姆勒,64.292,0.0,69.67,133.962
2026-08-13,2243,宏旭-KY,-39.0,0.0,-37.0,-76.0
2026-08-13,2247,汎德永業,-6.0,-0.501,-6.0,-12.501
2026-08-13,2248,華勝-KY,7.0,0.0,7.0,14.0
2026-08-13,2250,IKKA-KY,4.92,0.0,4.92,9.84
2026-08-13,2254,巨鎧精密-創,-6.0,0.0,8.0,2.0
2026-08-13,2258,鴻華先進-創,41.129,0.0,57.129,98.258
2026-08-13,2301,光寶科,11527.644,204.511,12378.322,24110.477
2026-08-13,2302,麗正,-89.0,0.0,-60.064,-149.064
2026-08-13,2303,聯電,1914.978,-9557.942,16261.558,8618.594000000001
2026-08-13,2305,全友,2120.707,0.0,2132.801,4253.508
2026-08-13,2308,台達電,1400.085,76.564,1508.313,2984.9620000000004
2026-08-13,2312,金寶,1466.701,1.0,1659.729,3127.4300000000003
2026-08-13,2313,華通,2563.199,332.463,3107.375,6003.037
2026-08-13,2314,台揚,-14.0,0.0,-14.0,-28.0
2026-08-13,2316,楠梓電,440.105,0.0,507.503,947.608
2026-08-13,2317,鴻海,-33363.018,-80.555,-37612.272,-71055.845
2026-08-13,2323,中環,920.651,0.0,987.367,1908.018
2026-08-13,2324,仁寶,12612.709,-42.907,19345.199,31915.001000000004
2026-08-13,2327,國巨*,4761.911,1505.121,4015.879,10282.911
2026-08-13,2328,廣宇,876.1,0.0,723.152,1599.252
2026-08-13,2329,華泰,-7.595,0.0,-4.655,-12.25
2026-08-13,2330,台積電,3972.231,735.993,4158.593,8866.817
2026-08-13,2331,精英,68.831,0.0,72.831,141.662
2026-08-13,2332,友訊,5459.395,0.0,6667.079,12126.474
2026-08-13,2337,旺宏,3165.477,-64.0,3470.921,6572.397999999999
2026-08-13,2338,光罩,223.0,0.0,211.33,434.33
2026-08-13,2340,台亞,285.914,0.0,355.684,641.598
2026-08-13,2342,茂矽,267.043,0.0,272.247,539.29
2026-08-13,2344,華邦電,12451.822,-29102.924,13941.504,-2709.597999999998
2026-08-13,2345,智邦,-561.733,176.759,-616.665,-1001.639
2026-08-13,2347,聯強,-495.548,335.0,-698.19,-858.738
2026-08-13,2348,海悅,-243.94,0.0,-253.538,-497.478
2026-08-13,2349,錸德,245.998,0.0,249.998,495.996
2026-08-13,2351,順德,116.597,0.0,80.119,196.716
2026-08-13,2352,佳世達,-1405.41,-8.0,-1446.804,-2860.214
2026-08-13,2353,宏碁,7059.575,224.474,7119.643,14403.692
2026-08-13,2354,鴻準,1243.337,-8.0,1834.867,3070.204
2026-08-13,2355,敬鵬,299.112,0.0,223.034,522.146
2026-08-13,2356,英業達,6938.951,314.31,8506.503,15759.764
2026-08-13,2357,華碩,-365.201,-13.807,-279.143,-658.1510000000001
2026-08-13,2359,所羅門,2819.988,0.0,3075.104,5895.092
2026-08-13,2360,致茂,270.973,220.02,182.697,673.69
2026-08-13,2362,藍天,-460.088,0.0,-452.768,-912.856
2026-08-13,2363,矽統,-1093.819,-10.0,-1652.617,-2756.436
2026-08-13,2364,倫飛,523.238,0.0,523.238,1046.476
2026-08-13,2365,昆盈,256.12,0.0,273.72,529.84
2026-08-13,2367,燿華,-167.855,0.0,-300.295,-468.15
2026-08-13,2368,金像電,-3079.703,1948.869,-3372.861,-4503.695
2026-08-13,2369,菱生,416.871,0.0,424.029,840.9
2026-08-13,2371,大同,795.252,-10.0,857.826,1643.078
2026-08-13,2373,震旦行,-5.02,0.0,-3.02,-8.04
2026-08-13,2374,佳能,103.0,0.0,77.004,180.00400000000002
2026-08-13,2375,凱美,331.0,0.0,439.782,770.7819999999999
2026-08-13,2376,技嘉,6831.787,90.093,7317.163,14239.043
2026-08-13,2377,微星,8275.514,337.0,11007.794,19620.308
2026-08-13,2379,瑞昱,-209.758,29.86,-226.942,-406.84
2026-08-13,2382,廣達,-4475.317,659.545,-4281.713,-8097.485
2026-08-13,2383,台光電,-51.885,-15.08,-63.925,-130.89
2026-08-13,2385,群光,2493.957,-1851.473,2428.623,3071.107
2026-08-13,2387,精元,-100.0,-4.025,-96.984,-201.009
2026-08-13,2388,威盛,-613.442,-10.0,-922.836,-1546.278
2026-08-13,2390,云辰,-449.0,0.0,-447.0,-896.0
2026-08-13,2392,正崴,-34.567,0.0,-31.429,-65.996
2026-08-13,2393,億光,2881.711,-12.879,2940.497,5809.329
2026-08-13,2395,研華,-288.601,3.915,-385.293,-669.979
2026-08-13,2397,友通,35.074,0.0,61.944,97.018
2026-08-13,2399,映泰,157.326,0.0,155.518,312.844
2026-08-13,2401,凌陽,-1356.203,-20.0,-1314.117,-2690.32
2026-08-13,2402,毅嘉,-630.227,0.0,-656.029,-1286.256
2026-08-13,2404,漢唐,-55.597,-141.0,-2.631,-199.228
2026-08-13,2405,輔信,-88.0,0.0,-84.0,-172.0
2026-08-13,2406,國碩,-393.054,0.0,-337.886,-730.94
2026-08-13,2408,南亞科,42740.922,1778.13,46251.718,90770.77
2026-08-13,2409,友達,-7685.741,-48.701,-8458.769,-16193.211
2026-08-13,2412,中華電,-1966.008,-14.746,-1743.996,-3724.75
2026-08-13,2413,環科,57.263,0.0,59.263,116.526
2026-08-13,2414,精技,-101.7,0.0,-93.7,-195.4
2026-08-13,2415,錩新,-255.829,0.0,-252.313,-508.142
2026-08-13,2417,圓剛,543.203,0.0,541.203,1084.406
2026-08-13,2419,仲琦,119.854,0.0,117.86,237.714
2026-08-13,2420,新巨,240.136,0.0,240.136,480.272
2026-08-13,2421,建準,350.088,0.0,360.164,710.252
2026-08-13,2423,固緯,141.0,0.0,147.0,288.0
2026-08-13,2425,承啟,37.016,0.0,75.016,112.032
2026-08-13,2426,鼎元,-610.301,0.0,-515.303,-1125.604
2026-08-13,2427,三商電,-34.015,0.0,-32.015,-66.03
2026-08-13,2428,興勤,-2660.451,90.0,-2671.337,-5241.7880000000005
2026-08-13,2429,銘旺科,101.292,0.0,103.292,204.584
2026-08-13,2430,燦坤,6.0,0.0,8.0,14.0
2026-08-13,2431,聯昌,34.0,0.0,34.0,68.0
2026-08-13,2432,倚天酷碁-創,-4.0,0.0,-2.0,-6.0
2026-08-13,2433,互盛電,-6.0,0.0,-4.0,-10.0
2026-08-13,2434,統懋,-178.102,0.0,-184.102,-362.204
2026-08-13,2436,偉詮電,2678.064,-10.0,3387.056,6055.12
2026-08-13,2438,翔耀,12.0,0.0,4.0,16.0
2026-08-13,2439,美律,0.0,0.0,27.648,27.648
2026-08-13,2440,太空梭,-196.438,0.0,-190.438,-386.876
2026-08-13,2441,超豐,-136.433,0.0,-257.377,-393.81
2026-08-13,2442,新美齊,-327.0,0.0,-317.0,-644.0
2026-08-13,2444,兆勁,9.892,0.0,11.892,21.784
2026-08-13,2449,京元電子,-10622.548,-382.808,-13024.718,-24030.074
2026-08-13,2450,神腦,15.0,0.0,19.0,34.0
2026-08-13,2451,創見,2348.488,-1.0,2413.394,4760.882
2026-08-13,2453,凌群,-246.0,0.0,-244.0,-490.0
2026-08-13,2454,聯發科,3760.291,-61.94,3500.275,7198.626
2026-08-13,2455,全新,416.907,-21.0,570.725,966.632
2026-08-13,2457,飛宏,293.844,0.0,299.028,592.8720000000001
2026-08-13,2458,義隆,-1238.0,-16.0,-1254.824,-2508.824
2026-08-13,2459,敦吉,-30.0,0.0,-30.0,-60.0
2026-08-13,2460,建通,-66.358,0.0,-64.358,-130.716
2026-08-13,2461,光群雷,79.711,0.0,81.711,161.422
2026-08-13,2462,良得電,37.0,0.0,36.484,73.48400000000001
2026-08-13,2464,盟立,-122.23,0.0,-545.762,-667.992
2026-08-13,2465,麗臺,1158.072,0.0,1207.004,2365.076
2026-08-13,2466,冠西電,-46.013,0.0,-46.013,-92.026
2026-08-13,2467,志聖,100.711,0.0,52.057,152.768
2026-08-13,2468,華經,77.054,0.0,76.916,153.97
2026-08-13,2471,資通,83.05,0.0,79.05,162.1
2026-08-13,2472,立隆電,-1820.752,-73.0,-1950.04,-3843.792
2026-08-13,2474,可成,-355.444,55.0,-466.484,-766.928
2026-08-13,2476,鉅祥,-1013.222,0.0,-1147.46,-2160.682
2026-08-13,2477,美隆電,-25.18,-1.746,-21.18,-48.106
2026-08-13,2478,大毅,-7594.848,0.0,-7610.056,-15204.904
2026-08-13,2480,敦陽科,517.735,-1.0,538.511,1055.246
2026-08-13,2481,強茂,-3903.929,-608.0,-3958.279,-8470.208
2026-08-13,2482,連宇,-81.0,0.0,-81.286,-162.286
2026-08-13,2483,百容,519.658,0.0,529.652,1049.31
2026-08-13,2484,希華,1679.555,0.0,1731.213,3410.768
2026-08-13,2485,兆赫,102.591,0.0,116.497,219.088
2026-08-13,2486,一詮,-239.706,250.0,-134.454,-124.16
2026-08-13,2488,漢平,-43.0,0.0,-43.0,-86.0
2026-08-13,2489,瑞軒,169.206,0.0,62.712,231.918
2026-08-13,2491,吉祥全,-2.0,0.0,-2.0,-4.0
2026-08-13,2492,華新科,1457.797,-2.0,771.505,2227.302
2026-08-13,2493,揚博,-613.959,-1.0,-670.187,-1285.146
2026-08-13,2495,普安,176.269,0.0,133.051,309.32
2026-08-13,2496,卓越,0.0,0.0,0.0,0.0
2026-08-13,2497,怡利電,-314.9,0.0,-319.042,-633.942
2026-08-13,2498,宏達電,-418.197,0.0,-472.259,-890.456
2026-08-13,2501,國建,-239.136,0.0,-231.136,-470.272
2026-08-13,2504,國產,-901.003,-18.905,-876.381,-1796.289
2026-08-13,2505,國揚,9.0,0.0,19.0,28.0
2026-08-13,2506,太設,-29.014,0.0,-27.014,-56.028
2026-08-13,2509,全坤建,9.0,0.0,11.0,20.0
2026-08-13,2511,太子,227.22,0.0,275.22,502.44000000000005
2026-08-13,2514,龍邦,-18.0,0.0,-8.0,-26.0
2026-08-13,2515,中工,1080.08,0.0,1061.174,2141.254
2026-08-13,2516,新建,59.0,0.0,59.0,118.0
2026-08-13,2520,冠德,524.871,0.0,608.871,1133.742
2026-08-13,2524,京城,74.0,0.0,78.0,152.0
2026-08-13,2527,宏璟,-177.166,0.0,-168.582,-345.748
2026-08-13,2528,皇普,20.0,-5.184,22.0,36.816
2026-08-13,2530,華建,-142.999,-8.044,-138.999,-290.04200000000003
2026-08-13,2534,宏盛,-11.0,0.0,3.0,-8.0
2026-08-13,2535,達欣工,-118.354,0.0,-109.108,-227.462
2026-08-13,2536,宏普,418.597,0.0,412.597,831.194
2026-08-13,2537,聯上發,-371.0,0.0,-370.254,-741.254
2026-08-13,2538,基泰,-75.0,0.0,-87.0,-162.0
2026-08-13,2539,櫻花建,-643.0,0.0,-639.0,-1282.0
2026-08-13,2540,愛山林,-46.999,0.0,-28.999,-75.998
2026-08-13,2542,興富發,6156.704,1432.0,6535.428,14124.132
2026-08-13,2543,皇昌,-749.142,0.0,-762.662,-1511.804
2026-08-13,2545,皇翔,-33.93,0.0,40.07,6.140000000000001
2026-08-13,2546,根基,191.586,0.0,173.586,365.172
2026-08-13,2547,日勝生,630.0,-13.039,681.528,1298.489
2026-08-13,2548,華固,-614.987,0.0,-618.583,-1233.57
2026-08-13,2596,綠意,12.0,12.0,0.0,12.0
2026-08-13,2597,潤弘,272.541,-1.84,107.013,377.71400000000006
2026-08-13,2601,益航,134.002,0.0,140.002,274.004
2026-08-13,2603,長榮,1349.953,48.751,1271.067,2669.771
2026-08-13,2605,新興,-2252.206,0.0,-3687.782,-5939.988
2026-08-13,2606,裕民,-1809.515,0.0,-1813.103,-3622.618
2026-08-13,2607,榮運,-403.0,0.0,-409.0,-812.0
2026-08-13,2608,嘉里大榮,-155.0,0.0,-164.06,-319.06
2026-08-13,2609,陽明,-2813.168,112.662,-3191.37,-5891.876
2026-08-13,2610,華航,-20853.489,763.0,-21102.037,-41192.526
2026-08-13,2611,志信,196.0,0.0,174.0,370.0
2026-08-13,2612,中航,-171.373,0.0,-173.373,-344.746
2026-08-13,2613,中櫃,12.0,0.0,6.0,18.0
2026-08-13,2614,東森,-257.914,0.0,-255.914,-513.828
2026-08-13,2615,萬海,2728.579,-8.121,2583.439,5303.897
2026-08-13,2616,山隆,25.0,0.0,26.468,51.468
2026-08-13,2617,台航,-558.0,0.0,-550.28,-1108.28
2026-08-13,2618,長榮航,-13925.807,784.077,-14833.763,-27975.493
2026-08-13,2630,亞航,48.0,0.0,21.18,69.18
2026-08-13,2633,台灣高鐵,-2608.0,1787.0,-2549.138,-3370.138
2026-08-13,2634,漢翔,12572.0,0.0,13503.532,26075.532
2026-08-13,2636,台驊控股,21.0,0.0,26.2,47.2
2026-08-13,2637,慧洋-KY,-494.306,-1.0,-549.6,-1044.906
2026-08-13,2640,大車隊,-11.0,-10.944,0.0,-10.944
2026-08-13,2641,正德,-469.0,-469.068,0.0,-469.068
2026-08-13,2642,宅配通,3.0,0.0,5.0,8.0
2026-08-13,2643,捷迅,7.0,7.0,0.0,7.0
2026-08-13,2645,長榮航太,-349.904,0.0,-382.068,-731.972
2026-08-13,2646,星宇航空,-2608.448,0.0,-2368.414,-4976.862
2026-08-13,2701,萬企,-11.0,0.0,-9.0,-20.0
2026-08-13,2702,華園,-6.0,0.0,-6.0,-12.0
2026-08-13,2704,國賓,14.0,0.0,6.0,20.0
2026-08-13,2705,六福,-1.0,0.0,1.0,0.0
2026-08-13,2706,第一店,-16.0,0.0,-12.0,-28.0
2026-08-13,2707,晶華,-62.0,0.0,-60.956,-122.956
2026-08-13,2712,遠雄來,-4.0,0.0,-4.0,-8.0
2026-08-13,2718,全心投控,24.0,23.777,0.0,23.777
2026-08-13,2719,燦星旅,1.0,1.835,0.0,1.835
2026-08-13,2722,夏都,2.0,0.0,8.0,10.0
2026-08-13,2723,美食-KY,-140.905,0.0,-137.819,-278.724
2026-08-13,2727,王品,-196.0,0.0,-214.67,-410.67
2026-08-13,2729,瓦城,0.129,0.129,0.0,0.129
2026-08-13,2731,雄獅,-90.0,-52.306,-86.01,-228.316
2026-08-13,2732,六角,-3.0,-3.069,0.0,-3.069
2026-08-13,2734,易飛網,-14.0,-14.0,0.0,-14.0
2026-08-13,2736,富野,15.0,15.044,0.0,15.044
2026-08-13,2739,寒舍,130.0,0.0,136.0,266.0
2026-08-13,2743,山富,-31.0,-31.764,0.0,-31.764
2026-08-13,2745,五福,6.0,5.985,0.0,5.985
2026-08-13,2748,雲品,-10.0,0.0,-8.0,-18.0
2026-08-13,2751,王座,-1.0,-1.0,0.0,-1.0
2026-08-13,2752,豆府,-7.0,-7.0,0.0,-7.0
2026-08-13,2753,八方雲集,-100.0,-1.993,-100.026,-202.019
2026-08-13,2754,亞洲藏壽司,-47.0,-47.305,0.0,-47.305
2026-08-13,2755,揚秦,2.0,2.678,0.0,2.678
2026-08-13,2756,聯發國際,1.0,0.717,0.0,0.717
2026-08-13,2762,世界健身-KY,22.0,0.0,20.0,42.0
2026-08-13,2801,彰銀,2311.333,-489.0,3072.723,4895.0560000000005
2026-08-13,2812,台中銀,-3290.832,0.0,-3012.832,-6303.664
2026-08-13,2816,旺旺保,-168.142,0.0,-164.142,-332.284
2026-08-13,2820,華票,-2053.0,0.0,-2031.0,-4084.0
2026-08-13,2832,台產,10.0,-2.262,9.956,17.694
2026-08-13,2834,臺企銀,-19670.561,0.0,-19179.105,-38849.666
2026-08-13,2836,高雄銀,-35.0,0.0,9.0,-26.0
2026-08-13,2838,聯邦銀,-111.402,0.0,337.014,225.612
2026-08-13,2845,遠東銀,-486.269,0.0,-208.269,-694.538
2026-08-13,2849,安泰銀,19.0,0.0,1.0,20.0
2026-08-13,2850,新產,122.37,0.0,162.37,284.74
2026-08-13,2851,中再保,1022.29,0.0,1103.596,2125.886
2026-08-13,2852,第一保,54.0,0.0,58.0,112.0
2026-08-13,2855,統一證,-1186.602,599.0,-1186.602,-1774.2040000000002
2026-08-13,2867,三商壽,5104.0,0.0,5340.286,10444.286
2026-08-13,2880,華南金,8399.683,-549.687,-14271.955,-6421.958999999999
2026-08-13,2881,富邦金,1071.13,1393.214,1235.528,3699.872
2026-08-13,2882,國泰金,-399.81,1211.251,431.936,1243.377
2026-08-13,2883,凱基金,12142.179,6046.877,10904.259,29093.315
2026-08-13,2884,玉山金,-2554.744,915.796,-3502.99,-5141.938
2026-08-13,2885,元大金,3458.635,2322.193,2901.965,8682.793000000001
2026-08-13,2886,兆豐金,28691.202,586.26,4220.956,33498.418
2026-08-13,2887,台新新光金,12336.017,9137.959,11653.157,33127.133
2026-08-13,2889,國票金,3824.859,-2006.0,4007.545,5826.404
2026-08-13,2890,永豐金,969.491,1558.703,-699.277,1828.917
2026-08-13,2891,中信金,-4745.474,3496.407,-5120.42,-6369.487
2026-08-13,2892,第一金,10864.088,1420.208,11496.98,23781.276
2026-08-13,2897,王道銀行,-1015.159,0.0,-949.159,-1964.318
2026-08-13,2901,欣欣,-2.0,0.0,-4.0,-6.0
2026-08-13,2903,遠百,-4327.0,858.0,-4165.0,-7634.0
2026-08-13,2904,匯僑,-13.0,0.0,-11.0,-24.0
2026-08-13,2905,三商,-610.121,0.0,-598.121,-1208.242
2026-08-13,2906,高林,-17.0,0.0,-21.0,-38.0
2026-08-13,2908,特力,118.0,0.0,122.0,240.0
2026-08-13,2910,統領,-14.0,0.0,-10.0,-24.0
2026-08-13,2911,麗嬰房,85.0,0.0,87.0,172.0
2026-08-13,2912,統一超,-603.436,60.476,-571.436,-1114.3960000000002
2026-08-13,2913,農林,-695.0,0.0,-691.0,-1386.0
2026-08-13,2915,潤泰全,-702.872,0.0,-659.308,-1362.1799999999998
2026-08-13,2916,滿心,-25.0,-25.0,0.0,-25.0
2026-08-13,2923,鼎固-KY,14.0,0.0,64.0,78.0
2026-08-13,2926,誠品生活,2.0,2.0,0.0,2.0
2026-08-13,2929,淘帝-KY,12.0,0.0,11.524,23.524
2026-08-13,2937,集雅社,1.0,-9.0,0.0,-9.0
2026-08-13,2939,永邑-KY,-2.0,0.0,-2.0,-4.0
2026-08-13,2945,三商家購,-2.0,0.0,-2.0,-4.0
2026-08-13,3002,歐格,2.0,0.0,2.032,4.032
2026-08-13,3003,健和興,242.0,0.0,309.876,551.876
2026-08-13,3004,豐達科,60.35,-14.0,76.642,122.992
2026-08-13,3005,神基,678.814,-16.081,578.212,1240.945
2026-08-13,3006,晶豪科,589.226,0.0,599.756,1188.982
2026-08-13,3008,大立光,-140.298,80.557,7.642,-52.099
2026-08-13,3010,華立,88.0,0.0,-203.696,-115.696
2026-08-13,3011,今皓,-102.0,0.0,-102.0,-204.0
2026-08-13,3013,晟銘電,249.281,0.0,285.565,534.846
2026-08-13,3014,聯陽,-29.0,-6.917,-32.402,-68.319
2026-08-13,3015,全漢,107.434,-2.0,94.494,199.928
2026-08-13,3016,嘉晶,-802.15,0.0,-690.648,-1492.798
2026-08-13,3017,奇鋐,1859.948,698.941,1941.7,4500.589
2026-08-13,3018,隆銘綠能,16.0,0.0,30.04,46.04
2026-08-13,3019,亞光,982.861,0.0,1120.861,2103.722
2026-08-13,3021,鴻名,-57.0,0.0,-55.0,-112.0
2026-08-13,3022,威強電,-543.81,0.0,-928.596,-1472.406
2026-08-13,3023,信邦,555.522,-32.0,491.81,1015.332
2026-08-13,3024,憶聲,-203.0,0.0,-205.0,-408.0
2026-08-13,3025,星通,-2.97,0.0,15.03,12.06
2026-08-13,3026,禾伸堂,-4865.601,648.0,-4834.569,-9052.17
2026-08-13,3027,盛達,-6.0,0.0,-4.748,-10.748
2026-08-13,3028,增你強,-51.58,0.0,-101.77,-153.35
2026-08-13,3029,零壹,935.745,-2.0,980.709,1914.454
2026-08-13,3030,德律,133.741,-12.0,58.077,179.818
2026-08-13,3031,佰鴻,46.954,0.0,50.874,97.828
2026-08-13,3032,偉訓,-139.449,0.0,-149.635,-289.084
2026-08-13,3033,威健,-7255.0,-1.0,-7812.75,-15068.75
2026-08-13,3034,聯詠,352.625,-38.237,238.283,552.6709999999999
2026-08-13,3035,智原,698.474,0.0,740.33,1438.804
2026-08-13,3036,文曄,-653.239,-646.722,-778.117,-2078.078
2026-08-13,3037,欣興,2741.39,-755.242,2751.274,4737.422
2026-08-13,3038,全台,76.0,0.0,80.0,156.0
2026-08-13,3040,遠見,28.0,0.0,28.0,56.0
2026-08-13,3041,揚智,85.916,0.0,85.654,171.57
2026-08-13,3042,晶技,678.63,0.0,1223.01,1901.64
2026-08-13,3043,科風,62.0,0.0,60.0,122.0
2026-08-13,3044,健鼎,2031.512,594.54,2269.736,4895.788
2026-08-13,3045,台灣大,-6549.927,-664.973,-6502.075,-13716.975
2026-08-13,3046,建碁,315.201,0.0,321.201,636.402
2026-08-13,3047,訊舟,84.0,0.0,83.266,167.26600000000002
2026-08-13,3048,益登,1488.984,0.0,1620.228,3109.212
2026-08-13,3049,精金,145.188,0.0,165.188,310.376
2026-08-13,3050,鈺德,-120.7,0.0,-118.7,-239.4
2026-08-13,3051,力特,272.756,0.0,294.754,567.51
2026-08-13,3052,夆典,580.0,0.0,582.0,1162.0
2026-08-13,3054,立萬利,23.0,0.0,22.92,45.92
2026-08-13,3055,蔚華科,-1396.622,0.0,-1369.026,-2765.648
2026-08-13,3056,富華新,-153.0,0.0,-151.854,-304.85400000000004
2026-08-13,3057,喬鼎,7.0,0.0,7.0,14.0
2026-08-13,3058,立德,-126.0,0.0,-122.0,-248.0
2026-08-13,3059,華晶科,588.35,0.0,584.958,1173.308
2026-08-13,3060,銘異,43.395,0.0,45.711,89.106
2026-08-13,3062,建漢,152.05,0.0,73.564,225.614
2026-08-13,3066,李洲,-179.0,-172.236,0.0,-172.236
2026-08-13,3071,協禧,-38.4,-38.988,0.0,-38.988
2026-08-13,3073,天方能源,-19.0,-19.524,0.0,-19.524
2026-08-13,3078,僑威,-331.25,-244.727,0.0,-244.727
2026-08-13,3081,聯亞,-102.973,266.083,0.0,266.083
2026-08-13,3083,網龍,-49.0,-49.049,0.0,-49.049
2026-08-13,3086,華義*,-21.0,-22.239,0.0,-22.239
2026-08-13,3088,艾訊,45.0,42.39,0.0,42.39
2026-08-13,3090,日電貿,-947.104,0.0,-794.344,-1741.448
2026-08-13,3092,鴻碩,-37.31,0.0,-35.77,-73.08000000000001
2026-08-13,3093,港建*,131.0,131.232,0.0,131.232
2026-08-13,3094,聯傑,722.405,0.0,725.959,1448.364
2026-08-13,3095,及成,0.0,-0.867,0.0,-0.867
2026-08-13,3105,穩懋,-8261.492,-7202.385,0.0,-7202.385
2026-08-13,3114,好德,-0.3,-1.216,0.0,-1.216
2026-08-13,3115,富榮綱,-1.0,-1.0,0.0,-1.0
2026-08-13,3118,進階,-1.0,-1.001,0.0,-1.001
2026-08-13,3122,笙泉,28.092,27.982,0.0,27.982
2026-08-13,3128,昇銳,12.0,11.993,0.0,11.993
2026-08-13,3130,一零四,-60.0,0.0,-52.0,-112.0
2026-08-13,3131,弘塑,-258.017,-139.893,0.0,-139.893
2026-08-13,3135,凌航,484.669,0.0,511.703,996.372
2026-08-13,3138,耀登,-18.628,0.0,-18.612,-37.24
2026-08-13,3141,晶宏,20.353,8.978,0.0,8.978
2026-08-13,3147,大綜,137.334,139.53,0.0,139.53
2026-08-13,3149,正達,1145.69,0.0,1146.856,2292.5460000000003
2026-08-13,3150,鈺寶-創,-11.0,0.0,3.0,-8.0
2026-08-13,3152,璟德,34.0,34.879,0.0,34.879
2026-08-13,3162,精確,-297.0,-298.072,0.0,-298.072
2026-08-13,3163,波若威,110.947,107.948,0.0,107.948
2026-08-13,3164,景岳,-12.0,0.0,-6.0,-18.0
2026-08-13,3167,大量,13.0,0.0,30.4,43.4
2026-08-13,3168,眾福科,-2.0,0.0,-2.0,-4.0
2026-08-13,3169,亞信,-7.97,-4.9,0.0,-4.9
2026-08-13,3171,炎洲流通,12.0,12.007,0.0,12.007
2026-08-13,3176,基亞,234.0,233.999,0.0,233.999
2026-08-13,3178,公準,23.0,23.206,0.0,23.206
2026-08-13,3188,鑫龍騰,-74.0,-74.205,0.0,-74.205
2026-08-13,3189,景碩,606.164,-1024.0,953.112,535.276
2026-08-13,3191,雲嘉南,3.0,3.0,0.0,3.0
2026-08-13,3205,佰研,22.0,22.0,0.0,22.0
2026-08-13,3206,志豐,36.0,36.0,0.0,36.0
2026-08-13,3207,耀勝,-26.0,-24.569,0.0,-24.569
2026-08-13,3209,全科,849.0,0.0,889.99,1738.99
2026-08-13,3211,順達,-1175.042,6.866,0.0,6.866
2026-08-13,3213,茂訊,40.14,43.236,0.0,43.236
2026-08-13,3217,優群,-902.15,-901.495,0.0,-901.495
2026-08-13,3218,大學光,-327.0,-327.235,0.0,-327.235
2026-08-13,3219,倚強科,-20.0,-11.515,0.0,-11.515
2026-08-13,3221,台嘉碩,375.253,401.142,0.0,401.142
2026-08-13,3224,三顧,-7.0,-7.0,0.0,-7.0
2026-08-13,3226,龍鋒,3.0,3.0,0.0,3.0
2026-08-13,3227,原相,-264.98,-286.835,0.0,-286.835
2026-08-13,3228,金麗科,17.911,22.843,0.0,22.843
2026-08-13,3229,晟鈦,-31.0,0.0,-31.488,-62.488
2026-08-13,3230,錦明,27.0,26.505,0.0,26.505
2026-08-13,3231,緯創,10325.788,7484.228,9915.924,27725.94
2026-08-13,3232,昱捷,-2.0,-3.0,0.0,-3.0
2026-08-13,3234,光環,1469.501,1734.25,0.0,1734.25
2026-08-13,3236,千如,-158.0,-141.069,0.0,-141.069
2026-08-13,3257,虹冠電,-21.956,0.0,-15.956,-37.912
2026-08-13,3259,鑫創,6.0,5.98,0.0,5.98
2026-08-13,3260,威剛,1057.752,1015.561,0.0,1015.561
2026-08-13,3264,欣銓,-2442.118,3522.028,0.0,3522.028
2026-08-13,3265,台星科,688.0,679.282,0.0,679.282
2026-08-13,3266,昇陽,-9.0,0.0,-9.0,-18.0
2026-08-13,3268,海德威,35.0,34.885,0.0,34.885
2026-08-13,3272,東碩,2.0,1.999,0.0,1.999
2026-08-13,3276,宇環,-25.0,-24.517,0.0,-24.517
2026-08-13,3284,太普高,73.0,72.998,0.0,72.998
2026-08-13,3285,微端,-9.0,-7.0,0.0,-7.0
2026-08-13,3287,廣寰科,-151.0,-386.906,0.0,-386.906
2026-08-13,3288,點晶,0.0,-0.198,0.0,-0.198
2026-08-13,3289,宜特,-27.0,-37.439,0.0,-37.439
2026-08-13,3290,東浦,-0.7,8.26,0.0,8.26
2026-08-13,3293,鈊象,-643.689,-652.105,0.0,-652.105
2026-08-13,3294,英濟,140.0,140.0,0.0,140.0
2026-08-13,3296,勝德,11.0,0.0,9.0,20.0
2026-08-13,3297,杭特,-24.0,-24.0,0.0,-24.0
2026-08-13,3303,岱稜,-85.0,-84.821,0.0,-84.821
2026-08-13,3305,昇貿,247.16,0.0,128.952,376.112
2026-08-13,3306,鼎天,-1.0,-1.0,0.0,-1.0
2026-08-13,3308,聯德,5.02,0.0,5.022,10.042
2026-08-13,3310,佳穎,-1.0,-1.0,0.0,-1.0
2026-08-13,3311,閎暉,60.0,0.0,60.0,120.0
2026-08-13,3312,弘憶股,-53.0,0.0,17.552,-35.448
2026-08-13,3313,斐成,-42.0,-41.577,0.0,-41.577
2026-08-13,3317,尼克森,6.289,5.797,0.0,5.797
2026-08-13,3321,同泰,-8.0,0.0,-8.0,-16.0
2026-08-13,3322,建舜電,63.0,63.523,0.0,63.523
2026-08-13,3323,加百裕,37.613,37.613,0.0,37.613
2026-08-13,3324,雙鴻,-401.517,-352.479,0.0,-352.479
2026-08-13,3325,旭品,-6.0,-5.675,0.0,-5.675
2026-08-13,3332,幸康,1.0,1.0,0.0,1.0
2026-08-13,3338,泰碩,102.187,0.0,102.187,204.374
2026-08-13,3339,泰谷,-138.816,-138.946,0.0,-138.946
2026-08-13,3346,麗清,1.148,0.0,0.426,1.5739999999999998
2026-08-13,3349,寶德,8.0,8.0,0.0,8.0
2026-08-13,3354,律勝,-13.0,-13.079,0.0,-13.079
2026-08-13,3356,奇偶,595.0,0.0,596.496,1191.496
2026-08-13,3357,臺慶科,-272.091,-173.526,0.0,-173.526
2026-08-13,3360,尚立,-500.653,-506.305,0.0,-506.305
2026-08-13,3362,先進光,121.961,124.961,0.0,124.961
2026-08-13,3363,上詮,-1794.407,-1797.21,0.0,-1797.21
2026-08-13,3372,典範,0.0,-0.126,0.0,-0.126
2026-08-13,3373,熱映,14.0,14.541,0.0,14.541
2026-08-13,3374,精材,-2466.339,-2891.556,0.0,-2891.556
2026-08-13,3376,新日興,88.7,0.0,-107.234,-18.533999999999992
2026-08-13,3379,彬台,26.0,26.153,0.0,26.153
2026-08-13,3380,明泰,-269.84,0.0,-148.254,-418.094
2026-08-13,3388,崇越電,-345.95,-368.652,0.0,-368.652
2026-08-13,3390,旭軟,1.0,1.001,0.0,1.001
2026-08-13,3402,漢科,-30.0,-30.986,0.0,-30.986
2026-08-13,3406,玉晶光,-916.759,0.0,-246.373,-1163.132
2026-08-13,3413,京鼎,-49.4,0.0,-129.64,-179.04
2026-08-13,3416,融程電,34.0,0.0,36.844,70.844
2026-08-13,3419,譁裕,-22.0,0.0,-22.0,-44.0
2026-08-13,3430,奇鈦科,138.22,138.388,0.0,138.388
2026-08-13,3432,台端,-5.0,0.0,-5.0,-10.0
2026-08-13,3434,哲固,-16.0,-16.765,0.0,-16.765
2026-08-13,3437,榮創,-1.212,0.0,-1.212,-2.424
2026-08-13,3438,類比科,-14.994,-14.926,0.0,-14.926
2026-08-13,3441,聯一光,-672.003,-671.605,0.0,-671.605
2026-08-13,3443,創意,-31.242,151.002,-115.452,4.308000000000007
2026-08-13,3444,利機,49.0,49.864,0.0,49.864
2026-08-13,3447,展達,16.0,0.0,16.0,32.0
2026-08-13,3450,聯鈞,845.0,348.0,895.924,2088.924
2026-08-13,3455,由田,367.989,361.315,0.0,361.315
2026-08-13,3465,進泰電子,-4.0,-5.0,0.0,-5.0
2026-08-13,3466,德晉,30.0,30.417,0.0,30.417
2026-08-13,3467,台灣精材,12.0,12.0,0.0,12.0
2026-08-13,3479,安勤,46.538,44.824,0.0,44.824
2026-08-13,3481,群創,-27433.739,564.151,-31700.039,-58569.627
2026-08-13,3483,力致,8.94,9.009,0.0,9.009
2026-08-13,3484,崧騰,-8.0,-7.618,0.0,-7.618
2026-08-13,3485,敘豐,-43.0,-43.487,0.0,-43.487
2026-08-13,3489,森寶,-272.0,-272.215,0.0,-272.215
2026-08-13,3490,單井,205.0,218.03,0.0,218.03
2026-08-13,3491,昇達科,-125.576,-46.447,0.0,-46.447
2026-08-13,3492,長盛,17.0,17.013,0.0,17.013
2026-08-13,3494,誠研,-3.0,0.0,-3.0,-6.0
2026-08-13,3498,陽程,-51.0,-10.467,0.0,-10.467
2026-08-13,3499,環天科,-8.0,-7.11,0.0,-7.11
2026-08-13,3501,維熹,-20.0,0.0,-34.0,-54.0
2026-08-13,3504,揚明光,121.112,0.0,128.032,249.144
2026-08-13,3508,位速,21.0,21.0,0.0,21.0
2026-08-13,3511,矽瑪,75.118,75.118,0.0,75.118
2026-08-13,3512,皇龍,5.0,4.88,0.0,4.88
2026-08-13,3515,華擎,1024.813,0.0,1232.715,2257.528
2026-08-13,3516,亞帝歐,-15.0,-15.264,0.0,-15.264
2026-08-13,3518,柏騰,17.0,0.0,10.956,27.956
2026-08-13,3520,華盈,136.408,136.408,0.0,136.408
2026-08-13,3521,台鋼建設,1.0,1.0,0.0,1.0
2026-08-13,3522,御嵿,-2.0,-2.0,0.0,-2.0
2026-08-13,3523,迎輝,5.0,5.0,0.0,5.0
2026-08-13,3526,凡甲,-70.169,-51.086,0.0,-51.086
2026-08-13,3527,聚積,3.0,3.0,0.0,3.0
2026-08-13,3528,安馳,69.139,0.0,113.139,182.278
2026-08-13,3529,力旺,-167.414,-163.938,0.0,-163.938
2026-08-13,3530,晶相光,-3.0,0.0,-1.23,-4.23
2026-08-13,3532,台勝科,-553.069,175.0,-720.853,-1098.922
2026-08-13,3533,嘉澤,-1994.563,-241.595,-2022.513,-4258.671
2026-08-13,3535,晶彩科,-84.97,0.0,-94.346,-179.316
2026-08-13,3537,堡達,-477.0,-477.524,0.0,-477.524
2026-08-13,3540,曜越,19.0,4.675,0.0,4.675
2026-08-13,3541,西柏,-8.0,-7.75,0.0,-7.75
2026-08-13,3543,州巧,-23.0,0.0,-25.0,-48.0
2026-08-13,3545,敦泰,-33.94,0.0,-32.168,-66.108
2026-08-13,3546,宇峻,-14.05,-20.45,0.0,-20.45
2026-08-13,3548,兆利,55.688,54.345,0.0,54.345
2026-08-13,3550,聯穎,494.449,0.0,515.849,1010.298
2026-08-13,3551,世禾,58.0,-10.395,0.0,-10.395
2026-08-13,3552,同致,56.0,56.369,0.0,56.369
2026-08-13,3555,博士旺,11.0,10.997,0.0,10.997
2026-08-13,3556,禾瑞亞,80.196,80.804,0.0,80.804
2026-08-13,3557,嘉威,-5.0,0.0,-5.0,-10.0
2026-08-13,3558,神準,48.43,48.464,0.0,48.464
2026-08-13,3563,牧德,-89.053,0.0,-155.039,-244.092
2026-08-13,3564,其陽,55.0,54.934,0.0,54.934
2026-08-13,3567,逸昌,-6.0,-6.0,0.0,-6.0
2026-08-13,3570,大塚,4.0,4.0,0.0,4.0
2026-08-13,3576,聯合再生,7048.618,0.0,7056.618,14105.236
2026-08-13,3577,泓格,16.997,13.014,0.0,13.014
2026-08-13,3580,友威科,0.022,0.322,0.0,0.322
2026-08-13,3581,博磊,-146.576,-152.576,0.0,-152.576
2026-08-13,3583,辛耘,287.875,-355.0,248.395,181.27
2026-08-13,3587,閎康,33.1,31.249,0.0,31.249
2026-08-13,3588,通嘉,49.999,0.0,49.401,99.4
2026-08-13,3591,艾笛森,-63.097,0.0,-33.097,-96.194
2026-08-13,3592,瑞鼎,-41.02,-1.0,-36.518,-78.53800000000001
2026-08-13,3593,力銘,5.0,0.0,5.0,10.0
2026-08-13,3594,磐儀,55.634,43.766,0.0,43.766
2026-08-13,3596,智易,-1465.73,0.0,-1488.982,-2954.712
2026-08-13,3597,映興,7.0,7.5,0.0,7.5
2026-08-13,3605,宏致,1469.999,0.0,1376.411,2846.41
2026-08-13,3607,谷崧,0.0,0.0,2.0,2.0
2026-08-13,3609,三一東林,-40.0,-40.0,0.0,-40.0
2026-08-13,3611,鼎翰,-8.0,-8.05,0.0,-8.05
2026-08-13,3615,安可,-197.9,-196.567,0.0,-196.567
2026-08-13,3617,碩天,21.0,0.0,29.316,50.316
2026-08-13,3622,洋華,17.541,0.0,19.059,36.6
2026-08-13,3623,富晶通,1.0,1.0,0.0,1.0
2026-08-13,3624,光頡,589.535,532.055,0.0,532.055
2026-08-13,3625,西勝,52.202,52.201,0.0,52.201
2026-08-13,3628,盈正,16.95,17.088,0.0,17.088
2026-08-13,3630,新鉅科,-77.0,-81.073,0.0,-81.073
2026-08-13,3631,晟楠,17.0,17.015,0.0,17.015
2026-08-13,3645,達邁,-243.919,0.0,-275.855,-519.774
2026-08-13,3652,精聯,203.0,0.0,215.0,418.0
2026-08-13,3653,健策,-32.729,29.648,1.747,-1.3339999999999994
2026-08-13,3661,世芯-KY,627.569,-281.014,666.077,1012.632
2026-08-13,3663,鑫科,-38.343,-39.317,0.0,-39.317
2026-08-13,3665,貿聯-KY,-139.682,102.943,-65.834,-102.573
2026-08-13,3669,圓展,-96.748,0.0,-96.748,-193.496
2026-08-13,3672,康聯訊,0.0,-0.001,0.0,-0.001
2026-08-13,3673,TPK-KY,185.303,0.0,100.937,286.24
2026-08-13,3675,德微,-90.546,-89.323,0.0,-89.323
2026-08-13,3679,新至陞,6.0,-0.484,6.0,11.516
2026-08-13,3680,家登,374.353,435.667,0.0,435.667
2026-08-13,3684,榮昌,5.0,5.296,0.0,5.296
2026-08-13,3685,元創精密,110.0,110.235,0.0,110.235
2026-08-13,3686,達能,6.0,0.0,8.0,14.0
2026-08-13,3687,歐買尬,7.0,6.945,0.0,6.945
2026-08-13,3689,湧德,167.254,193.254,0.0,193.254
2026-08-13,3691,碩禾,70.9,66.108,0.0,66.108
2026-08-13,3693,營邦,125.0,210.508,0.0,210.508
2026-08-13,3694,海華,87.6,0.0,85.6,173.2
2026-08-13,3701,大眾控,109.48,0.0,112.638,222.118
2026-08-13,3702,大聯大,272.691,579.0,29.655,881.346
2026-08-13,3703,欣陸,-1416.752,0.0,-1395.254,-2812.006
2026-08-13,3704,合勤控,-1582.9,0.0,-1569.59,-3152.49
2026-08-13,3705,永信,19.0,0.0,21.0,40.0
2026-08-13,3706,神達,1356.294,-5.0,1106.334,2457.628
2026-08-13,3707,漢磊,1717.252,1733.037,0.0,1733.037
2026-08-13,3708,上緯投控,488.227,-1.0,472.625,959.852
2026-08-13,3709,鑫聯大投控,-31.0,-45.327,0.0,-45.327
2026-08-13,3710,連展投控,114.0,114.0,0.0,114.0
2026-08-13,3711,日月光投控,4761.542,-3376.456,5072.698,6457.784000000001
2026-08-13,3712,永崴投控,-126.827,0.0,-126.827,-253.654
2026-08-13,3713,新晶投控,0.0,0.423,0.0,0.423
2026-08-13,3714,富采,1484.87,0.0,1478.126,2962.996
2026-08-13,3715,定穎投控,-1046.605,0.0,-1021.151,-2067.756
2026-08-13,3716,中化控股,112.13,0.0,114.13,226.26
2026-08-13,3717,聯嘉投控,-5.179,0.0,4.551,-0.6280000000000001
2026-08-13,4102,永日,-2.0,-1.999,0.0,-1.999
2026-08-13,4104,佳醫,2.157,0.0,-7.843,-5.686
2026-08-13,4105,東洋,-260.925,-269.815,0.0,-269.815
2026-08-13,4106,雃博,-8.792,0.0,-4.792,-13.584
2026-08-13,4107,邦特,-10.827,-10.958,0.0,-10.958
2026-08-13,4108,懷特,15.0,0.0,11.0,26.0
2026-08-13,4109,加捷生醫,-10.0,-10.804,0.0,-10.804
2026-08-13,4111,濟生,-5.0,-5.002,0.0,-5.002
2026-08-13,4113,聯上,5.0,4.895,0.0,4.895
2026-08-13,4114,健喬,284.345,347.426,0.0,347.426
2026-08-13,4116,明基醫,-13.0,-13.0,0.0,-13.0
2026-08-13,4119,旭富,-67.807,0.0,-68.247,-136.054
2026-08-13,4120,友華,-10.0,-10.0,0.0,-10.0
2026-08-13,4121,優盛,-1.0,-1.45,0.0,-1.45
2026-08-13,4123,晟德,-1383.0,-719.216,0.0,-719.216
2026-08-13,4126,太醫,-5.0,-5.005,0.0,-5.005
2026-08-13,4127,天良,-101.0,-102.684,0.0,-102.684
2026-08-13,4128,中天,424.0,424.028,0.0,424.028
2026-08-13,4129,聯合,23.0,22.778,0.0,22.778
2026-08-13,4133,亞諾法,-12.19,0.0,-12.19,-24.38
2026-08-13,4137,麗豐-KY,-40.97,-1.047,-103.67,-145.687
2026-08-13,4138,曜亞,1.0,1.0,0.0,1.0
2026-08-13,4139,馬光-KY,1.0,1.0,0.0,1.0
2026-08-13,4142,國光生,227.0,0.0,242.33,469.33
2026-08-13,4147,中裕,-326.309,-330.244,0.0,-330.244
2026-08-13,4148,全宇生技-KY,-10.0,0.0,-10.018,-20.018
2026-08-13,4153,鈺緯,-2.0,-2.0,0.0,-2.0
2026-08-13,4155,訊映,120.0,0.0,110.0,230.0
2026-08-13,4157,太景*-KY,107.12,107.12,0.0,107.12
2026-08-13,4160,訊聯基因,-1.0,-1.104,0.0,-1.104
2026-08-13,4161,聿新科,3.0,3.0,0.0,3.0
2026-08-13,4162,智擎,149.0,149.906,0.0,149.906
2026-08-13,4163,鐿鈦,0.0,0.404,0.0,0.404
2026-08-13,4164,承業醫,-218.0,0.0,-209.56,-427.56
2026-08-13,4166,友霖,-32.0,-32.0,0.0,-32.0
2026-08-13,4167,松瑞藥,-60.572,-69.095,0.0,-69.095
2026-08-13,4168,醣聯,4.0,3.859,0.0,3.859
2026-08-13,4169,泰宗,7.077,0.0,9.077,16.154
2026-08-13,4171,瑞基,-8.0,-8.0,0.0,-8.0
2026-08-13,4173,久裕,-46.0,-46.461,0.0,-46.461
2026-08-13,4174,浩鼎,65.44,64.482,0.0,64.482
2026-08-13,4175,杏一,0.0,0.0,0.0,0.0
2026-08-13,4178,永笙-KY,-11.0,0.0,-13.0,-24.0
2026-08-13,4188,安克,2.0,2.898,0.0,2.898
2026-08-13,4190,佐登-KY,-5.0,0.0,-5.0,-10.0
2026-08-13,4195,基米-創,-47.0,0.0,-102.05,-149.05
2026-08-13,4198,欣大健康,0.0,-0.306,0.0,-0.306
2026-08-13,4205,中華食,-2.0,-1.363,0.0,-1.363
2026-08-13,4207,環泰,-64.0,-63.809,0.0,-63.809
2026-08-13,4303,信立,209.658,208.805,0.0,208.805
2026-08-13,4304,勝昱,4.0,4.0,0.0,4.0
2026-08-13,4306,炎洲,167.708,0.0,165.708,333.416
2026-08-13,4401,東隆興,7.0,6.999,0.0,6.999
2026-08-13,4402,郡都開發,0.0,0.003,0.0,0.003
2026-08-13,4406,新昕纖,1.0,1.0,0.0,1.0
2026-08-13,4413,飛寶企業,6.0,6.0,0.0,6.0
2026-08-13,4414,如興,-3.0,0.0,-1.0,-4.0
2026-08-13,4416,三圓,-26.0,-26.0,0.0,-26.0
2026-08-13,4417,金洲,-67.0,-67.0,0.0,-67.0
2026-08-13,4420,光明,7.0,5.87,0.0,5.87
2026-08-13,4426,利勤,9.0,0.0,13.0,22.0
2026-08-13,4430,耀億,-5.0,-5.0,0.0,-5.0
2026-08-13,4432,銘旺實,7.0,7.0,0.0,7.0
2026-08-13,4433,興采,-1.0,-1.0,0.0,-1.0
2026-08-13,4438,廣越,3.0,0.0,7.0,10.0
2026-08-13,4439,冠星-KY,2.0,0.0,2.0,4.0
2026-08-13,4440,宜新實業,11.0,0.0,11.0,22.0
2026-08-13,4441,振大環球,-17.0,0.0,-19.0,-36.0
2026-08-13,4442,竣邦-KY,18.0,18.0,0.0,18.0
2026-08-13,4502,健信,3.0,3.1,0.0,3.1
2026-08-13,4503,金雨,96.0,102.498,0.0,102.498
2026-08-13,4506,崇友,3.1,3.708,0.0,3.708
2026-08-13,4510,高鋒,-256.844,-233.752,0.0,-233.752
2026-08-13,4513,福裕,-267.0,-267.466,0.0,-267.466
2026-08-13,4523,永彰,-136.0,-136.0,0.0,-136.0
2026-08-13,4526,東台,-156.856,0.0,-170.29,-327.146
2026-08-13,4527,方土霖,1.0,1.0,0.0,1.0
2026-08-13,4528,江興鍛,0.0,-0.504,0.0,-0.504
2026-08-13,4530,宏易,-1.0,-1.0,0.0,-1.0
2026-08-13,4532,瑞智,-89.0,-11.771,-81.0,-181.771
2026-08-13,4533,協易機,155.0,204.348,0.0,204.348
2026-08-13,4534,慶騰,-57.917,-58.31,0.0,-58.31
2026-08-13,4535,至興,-1.0,-1.045,0.0,-1.045
2026-08-13,4536,拓凱,-8.637,0.0,-10.637,-19.274
2026-08-13,4538,大詠城,5.0,5.0,0.0,5.0
2026-08-13,4540,全球傳動,-353.893,0.0,-353.893,-707.786
2026-08-13,4541,晟田,510.736,438.31,0.0,438.31
2026-08-13,4542,科嶠,-163.9,-176.367,0.0,-176.367
2026-08-13,4543,萬在,-7.101,-7.101,0.0,-7.101
2026-08-13,4545,銘鈺,0.07,0.0,-1.93,-1.86
2026-08-13,4549,桓達,18.3,19.209,0.0,19.209
2026-08-13,4550,長佳,3.0,3.08,0.0,3.08
2026-08-13,4551,智伸科,-1008.519,400.0,-851.139,-1459.658
2026-08-13,4552,力達-KY,12.0,0.0,12.0,24.0
2026-08-13,4554,橙的,-13.0,-13.0,0.0,-13.0
2026-08-13,4555,氣立,242.873,0.0,242.231,485.104
2026-08-13,4556,旭然,-151.0,-250.76,0.0,-250.76
2026-08-13,4557,永新-KY,-12.0,0.0,-12.0,-24.0
2026-08-13,4558,寶緯,-2.0,-2.0,0.0,-2.0
2026-08-13,4560,強信-KY,-26.0,0.0,-32.0,-58.0
2026-08-13,4561,健椿,-118.0,-118.949,0.0,-118.949
2026-08-13,4562,穎漢,55.0,0.0,57.0,112.0
2026-08-13,4563,百德,28.002,27.755,0.0,27.755
2026-08-13,4564,元翎,29.402,0.0,28.868,58.27
2026-08-13,4566,時碩工業,1701.035,0.0,1700.319,3401.3540000000003
2026-08-13,4568,科際精密,-1.0,-1.0,0.0,-1.0
2026-08-13,4569,六方科-KY,-1.0,0.0,1.0,0.0
2026-08-13,4571,鈞興-KY,38.0,-1.0,-17.384,19.616
2026-08-13,4572,駐龍,-8.0,0.0,-8.0,-16.0
2026-08-13,4576,大銀微系統,-383.879,0.0,-379.623,-763.502
2026-08-13,4577,達航科技,21.0,24.225,0.0,24.225
2026-08-13,4580,捷流閥業,-3.0,-1.931,0.0,-1.931
2026-08-13,4581,光隆精密-KY,-2.0,0.0,-2.0,-4.0
2026-08-13,4582,聚恆-創,-32.0,0.0,-27.418,-59.418
2026-08-13,4583,台灣精銳,37.072,0.0,37.072,74.144
2026-08-13,4585,達明,5.0,0.0,8.162,13.162
2026-08-13,4588,玖鼎電力,10.0,0.0,10.0,20.0
2026-08-13,4590,富田-創,251.0,0.0,255.386,506.386
2026-08-13,4706,大恭,-2.0,-2.0,0.0,-2.0
2026-08-13,4707,磐亞,-579.03,-574.702,0.0,-574.702
2026-08-13,4711,永純,40.0,39.994,0.0,39.994
2026-08-13,4714,永捷,64.392,44.012,0.0,44.012
2026-08-13,4716,大立,-120.126,-119.895,0.0,-119.895
2026-08-13,4720,德淵,-50.0,0.0,-46.0,-96.0
2026-08-13,4721,美琪瑪,-54.306,-53.27,0.0,-53.27
2026-08-13,4722,國精化,43.294,0.0,16.21,59.504
2026-08-13,4726,永昕,-64.0,-64.359,0.0,-64.359
2026-08-13,4728,雙美,-6.0,-6.0,0.0,-6.0
2026-08-13,4729,熒茂,-5.0,-4.924,0.0,-4.924
2026-08-13,4735,豪展,-27.0,-12.742,0.0,-12.742
2026-08-13,4736,泰博,557.609,0.0,555.609,1113.218
2026-08-13,4737,華廣,42.0,0.0,44.0,86.0
2026-08-13,4739,康普,62.17,0.0,38.916,101.086
2026-08-13,4741,泓瀚,24.0,23.675,0.0,23.675
2026-08-13,4743,合一,464.096,457.848,0.0,457.848
2026-08-13,4744,皇將,6.0,6.0,0.0,6.0
2026-08-13,4745,合富-KY,-1.0,-1.487,0.0,-1.487
2026-08-13,4746,台耀,-96.235,0.0,-100.183,-196.418
2026-08-13,4747,強生,0.0,-0.23,0.0,-0.23
2026-08-13,4749,新應材,-83.783,-75.934,0.0,-75.934
2026-08-13,4754,國碳科,4.0,4.0,0.0,4.0
2026-08-13,4755,三福化,55.0,0.0,45.0,100.0
2026-08-13,4760,勤凱,39.0,21.867,0.0,21.867
2026-08-13,4763,材料*-KY,-1564.62,-9.885,-1905.74,-3480.245
2026-08-13,4764,雙鍵,-70.459,0.0,-13.311,-83.77000000000001
2026-08-13,4766,南寶,-39.0,0.0,-41.006,-80.006
2026-08-13,4767,誠泰科技,-2.0,-2.0,0.0,-2.0
2026-08-13,4768,晶呈科技,52.0,52.051,0.0,52.051
2026-08-13,4770,上品,100.003,0.0,99.581,199.584
2026-08-13,4771,望隼,180.846,0.0,184.212,365.058
2026-08-13,4772,台特化,84.188,87.133,0.0,87.133
2026-08-13,4807,日成-KY,21.0,0.0,13.0,34.0
2026-08-13,4903,聯光通,-142.043,-144.043,0.0,-144.043
2026-08-13,4904,遠傳,-1983.352,8.399,-2212.476,-4187.429
2026-08-13,4906,正文,541.5,0.0,656.446,1197.946
2026-08-13,4907,富宇,41.0,41.01,0.0,41.01
2026-08-13,4908,前鼎,-253.287,-265.72,0.0,-265.72
2026-08-13,4909,新復興,38.84,38.519,0.0,38.519
2026-08-13,4911,德英,-1.0,-0.991,0.0,-0.991
2026-08-13,4912,聯德控股-KY,-67.967,0.0,-67.967,-135.934
2026-08-13,4915,致伸,-1114.0,893.0,-1118.2,-1339.2
2026-08-13,4916,事欣科,-148.399,0.0,-158.487,-306.886
2026-08-13,4919,新唐,317.331,-12.0,543.499,848.83
2026-08-13,4923,力士,10.01,31.765,0.0,31.765
2026-08-13,4927,泰鼎-KY,214.1,0.0,217.336,431.436
2026-08-13,4930,燦星網,-2.0,0.0,-2.0,-4.0
2026-08-13,4931,新盛力,371.95,360.749,0.0,360.749
2026-08-13,4933,友輝,28.0,27.44,0.0,27.44
2026-08-13,4934,太極,120.35,0.0,118.35,238.7
2026-08-13,4935,茂林-KY,27.0,0.0,31.0,58.0
2026-08-13,4938,和碩,24643.888,-104.0,20335.742,44875.63
2026-08-13,4939,亞電,1186.696,1298.146,0.0,1298.146
2026-08-13,4942,嘉彰,-149.0,0.0,-141.672,-290.672
2026-08-13,4946,辣椒,-3.0,-2.175,0.0,-2.175
2026-08-13,4949,有成精密,50.0,0.0,66.0,116.0
2026-08-13,4950,金耘國際,1.0,-1.0,0.0,-1.0
2026-08-13,4951,精拓科,-12.481,-12.712,0.0,-12.712
2026-08-13,4952,凌通,44.959,0.0,50.959,95.918
2026-08-13,4953,緯致,28.0,28.584,0.0,28.584
2026-08-13,4956,光鋐,201.069,0.0,201.069,402.138
2026-08-13,4958,臻鼎-KY,143.309,487.571,-472.679,158.20100000000002
2026-08-13,4960,誠美材,-2815.798,0.0,-2788.222,-5604.02
2026-08-13,4961,天鈺,-13.311,0.0,-5.231,-18.542
2026-08-13,4966,譜瑞-KY,101.212,85.766,0.0,85.766
2026-08-13,4967,十銓,459.006,0.0,403.398,862.404
2026-08-13,4968,立積,-42.1,0.0,-58.744,-100.844
2026-08-13,4971,IET-KY,62.338,65.338,0.0,65.338
2026-08-13,4972,湯石照明,-1.0,-1.0,0.0,-1.0
2026-08-13,4973,廣穎,543.245,554.12,0.0,554.12
2026-08-13,4974,亞泰,54.14,54.02,0.0,54.02
2026-08-13,4976,佳凌,429.851,0.0,429.851,859.702
2026-08-13,4977,眾達-KY,-78.967,0.0,-199.939,-278.906
2026-08-13,4979,華星光,-1714.831,4080.756,0.0,4080.756
2026-08-13,4989,榮科,-233.605,0.0,-228.271,-461.876
2026-08-13,4991,環宇-KY,-43.006,-784.632,0.0,-784.632
2026-08-13,4994,傳奇,0.0,0.0,0.0,0.0
2026-08-13,4995,晶達,-10.0,-11.0,0.0,-11.0
2026-08-13,4999,鑫禾,-3.0,0.0,-1.384,-4.384
2026-08-13,5007,三星,-16.0,0.0,-16.0,-32.0
2026-08-13,5009,榮剛,-454.901,-443.91,0.0,-443.91
2026-08-13,5011,久陽,-88.0,-88.031,0.0,-88.031
2026-08-13,5014,建錩,-223.0,-222.822,0.0,-222.822
2026-08-13,5201,凱衛,3.0,3.0,0.0,3.0
2026-08-13,5202,力新,25.0,24.443,0.0,24.443
2026-08-13,5203,訊連,-61.0,0.0,-57.0,-118.0
2026-08-13,5206,坤悅,-36.0,-35.184,0.0,-35.184
2026-08-13,5209,新鼎,-7.789,-7.923,0.0,-7.923
2026-08-13,5210,寶碩,-2.0,-2.0,0.0,-2.0
2026-08-13,5211,蒙恬,2.0,1.952,0.0,1.952
2026-08-13,5213,亞昕,144.0,144.0,0.0,144.0
2026-08-13,5215,科嘉-KY,-14.0,0.0,-16.0,-30.0
2026-08-13,5220,萬達光電,-2.0,-1.998,0.0,-1.998
2026-08-13,5222,全訊,96.232,0.0,220.628,316.86
2026-08-13,5223,安力-KY,-2.0,-2.0,0.0,-2.0
2026-08-13,5225,東科-KY,-127.71,0.0,-126.856,-254.566
2026-08-13,5227,立凱-KY,180.829,180.829,0.0,180.829
2026-08-13,5228,鈺鎧,35.978,36.022,0.0,36.022
2026-08-13,5230,雷笛克光學,-6.0,-5.831,0.0,-5.831
2026-08-13,5234,達興材料,-19.873,-1.0,-14.573,-35.446
2026-08-13,5236,凌陽創新,9.0,-1.0,7.796,15.796
2026-08-13,5243,乙盛-KY,-52.472,0.0,-52.822,-105.294
2026-08-13,5244,弘凱,21.0,0.0,23.0,44.0
2026-08-13,5245,智晶,-1.0,-1.0,0.0,-1.0
2026-08-13,5251,天鉞電,17.0,16.895,0.0,16.895
2026-08-13,5258,虹堡,-66.984,0.0,-64.628,-131.612
2026-08-13,5263,智崴,-76.0,-76.638,0.0,-76.638
2026-08-13,5269,祥碩,-98.071,-3.212,-2.685,-103.968
2026-08-13,5272,笙科,-1.0,-1.136,0.0,-1.136
2026-08-13,5274,信驊,-20.622,1.018,0.0,1.018
2026-08-13,5278,尚凡*,3.0,3.0,0.0,3.0
2026-08-13,5283,禾聯碩,193.04,0.0,195.04,388.08
2026-08-13,5284,jpp-KY,29.095,0.0,27.817,56.912
2026-08-13,5285,界霖,-189.49,0.0,-170.0,-359.49
2026-08-13,5287,數字,2.99,15.085,0.0,15.085
2026-08-13,5288,豐祥-KY,-41.0,0.0,-31.498,-72.498
2026-08-13,5289,宜鼎,213.797,187.703,0.0,187.703
2026-08-13,5291,邑昇,27.201,33.206,0.0,33.206
2026-08-13,5292,華懋,12.35,0.0,-4.096,8.254
2026-08-13,5299,杰力,-47.923,-49.321,0.0,-49.321
2026-08-13,5302,太欣,28.0,28.196,0.0,28.196
2026-08-13,5306,桂盟,-14.297,0.0,-16.297,-30.594
2026-08-13,5309,系統電,190.338,186.03,0.0,186.03
2026-08-13,5312,寶島科,-4.0,-3.803,0.0,-3.803
2026-08-13,5314,世紀*,-114.001,178.081,0.0,178.081
2026-08-13,5315,光聯,-101.0,-101.079,0.0,-101.079
2026-08-13,5321,美而快,39.0,40.004,0.0,40.004
2026-08-13,5324,士開,2.2,2.2,0.0,2.2
2026-08-13,5328,華容,-1389.0,-1365.644,0.0,-1365.644
2026-08-13,5340,建榮,-455.253,-451.083,0.0,-451.083
2026-08-13,5344,立衛,1.0,1.0,0.0,1.0
2026-08-13,5345,馥鴻,4.0,4.021,0.0,4.021
2026-08-13,5347,世界,5841.399,6624.235,0.0,6624.235
2026-08-13,5351,鈺創,1901.176,1906.176,0.0,1906.176
2026-08-13,5353,台林,3.0,3.093,0.0,3.093
2026-08-13,5356,協益,2.0,2.677,0.0,2.677
2026-08-13,5364,力麗店,-2.0,-1.985,0.0,-1.985
2026-08-13,5371,中光電,-59.299,5.55,0.0,5.55
2026-08-13,5381,光譜,94.0,94.0,0.0,94.0
2026-08-13,5386,青雲,-21.531,-24.918,0.0,-24.918
2026-08-13,5388,中磊,-4804.279,-372.0,-4359.421,-9535.7
2026-08-13,5392,能率,303.0,303.264,0.0,303.264
2026-08-13,5398,慕康生醫,-9.0,-9.02,0.0,-9.02
2026-08-13,5403,中菲,23.112,23.112,0.0,23.112
2026-08-13,5410,國眾,173.0,172.829,0.0,172.829
2026-08-13,5425,台半,-1206.76,-1193.876,0.0,-1193.876
2026-08-13,5426,振發,-194.0,-193.941,0.0,-193.941
2026-08-13,5432,新門,35.0,34.354,0.0,34.354
2026-08-13,5434,崇越,-50.0,1.0,-119.74,-168.74
2026-08-13,5438,東友,19.0,19.0,0.0,19.0
2026-08-13,5439,高技,-734.045,-758.269,0.0,-758.269
2026-08-13,5443,均豪,-960.058,-1096.975,0.0,-1096.975
2026-08-13,5450,南良,-17.0,-17.0,0.0,-17.0
2026-08-13,5452,佶優,95.29,94.29,0.0,94.29
2026-08-13,5455,昇益,0.0,-0.592,0.0,-0.592
2026-08-13,5457,宣德,-59.0,-62.026,0.0,-62.026
2026-08-13,5460,同協,-5.0,-4.873,0.0,-4.873
2026-08-13,5464,霖宏,-130.0,-129.369,0.0,-129.369
2026-08-13,5465,富驊,-93.0,-92.871,0.0,-92.871
2026-08-13,5468,凱鈺,133.0,140.734,0.0,140.734
2026-08-13,5469,瀚宇博,0.578,0.0,14.568,15.146
2026-08-13,5471,松翰,-1077.506,0.0,-999.05,-2076.556
2026-08-13,5474,聰泰,68.0,64.55,0.0,64.55
2026-08-13,5475,德宏,-2356.433,-2287.037,0.0,-2287.037
2026-08-13,5478,智冠,-87.94,-87.94,0.0,-87.94
2026-08-13,5481,新華,14.0,13.858,0.0,13.858
2026-08-13,5483,中美晶,-11361.053,-10884.133,0.0,-10884.133
2026-08-13,5484,慧友,50.0,0.0,56.0,106.0
2026-08-13,5487,通泰,-10.0,-10.0,0.0,-10.0
2026-08-13,5488,松普,-178.0,-177.822,0.0,-177.822
2026-08-13,5489,彩富,7.0,7.0,0.0,7.0
2026-08-13,5490,同亨,90.294,91.526,0.0,91.526
2026-08-13,5493,三聯,-7.0,-6.5,0.0,-6.5
2026-08-13,5498,凱崴,-1170.315,-1180.076,0.0,-1180.076
2026-08-13,5508,永信建,-101.0,-101.423,0.0,-101.423
2026-08-13,5511,德昌,-159.952,-160.799,0.0,-160.799
2026-08-13,5512,力麒,-668.0,-670.699,0.0,-670.699
2026-08-13,5514,三豐,0.0,0.0,0.0,0.0
2026-08-13,5515,建國,1212.063,0.0,1265.505,2477.568
2026-08-13,5516,雙喜,-1.0,-0.445,0.0,-0.445
2026-08-13,5519,隆大,21.0,0.0,-165.148,-144.148
2026-08-13,5521,工信,2143.206,0.0,2155.206,4298.412
2026-08-13,5522,遠雄,-807.368,-440.998,-785.368,-2033.734
2026-08-13,5523,豐謙,3.0,3.0,0.0,3.0
2026-08-13,5525,順天,18.0,0.0,20.0,38.0
2026-08-13,5529,鉅陞,6.0,6.0,0.0,6.0
2026-08-13,5530,龍巖,206.0,206.0,0.0,206.0
2026-08-13,5531,鄉林,-1.0,0.0,19.0,18.0
2026-08-13,5533,皇鼎,-155.0,0.0,-153.0,-308.0
2026-08-13,5534,長虹,110.09,0.0,146.036,256.126
2026-08-13,5536,聖暉*,-294.878,-317.859,0.0,-317.859
2026-08-13,5538,東明-KY,29.0,0.0,33.0,62.0
2026-08-13,5546,永固-KY,-10.0,0.0,-8.0,-18.0
2026-08-13,5547,久舜,-3.0,-3.0,0.0,-3.0
2026-08-13,5548,安倉,13.0,13.191,0.0,13.191
2026-08-13,5603,陸海,6.0,5.517,0.0,5.517
2026-08-13,5604,中連,-11.0,-11.0,0.0,-11.0
2026-08-13,5607,遠雄港,663.086,0.0,707.086,1370.172
2026-08-13,5608,四維航,-165.369,0.0,-163.369,-328.738
2026-08-13,5609,中菲行,-40.0,-40.388,0.0,-40.388
2026-08-13,5704,老爺知,1.0,1.0,0.0,1.0
2026-08-13,5706,鳳凰,-31.0,0.0,-26.6,-57.6
2026-08-13,5864,致和證,-676.482,-676.482,0.0,-676.482
2026-08-13,5871,中租-KY,-51.85,766.578,-36.716,678.012
2026-08-13,5876,上海商銀,-2423.96,118.0,-2708.694,-5014.654
2026-08-13,5880,合庫金,-4541.426,4998.031,-4067.636,-3611.031
2026-08-13,5902,德記,0.0,-0.03,0.0,-0.03
2026-08-13,5903,全家,2.1,12.1,0.0,12.1
2026-08-13,5904,寶雅*,-6128.813,-5934.152,0.0,-5934.152
2026-08-13,5905,南仁湖,-172.0,-172.263,0.0,-172.263
2026-08-13,5906,台南-KY,0.0,0.0,0.0,0.0
2026-08-13,5907,大洋-KY,40.0,0.0,40.0,80.0
2026-08-13,6005,群益證,-2864.202,0.0,-2864.202,-5728.404
2026-08-13,6015,宏遠證,-279.262,-279.262,0.0,-279.262
2026-08-13,6016,康和證,-238.568,-238.568,0.0,-238.568
2026-08-13,6020,大展證,-12.0,-12.0,0.0,-12.0
2026-08-13,6021,美好證,-158.0,-158.0,0.0,-158.0
2026-08-13,6023,元大期,-192.0,-192.0,0.0,-192.0
2026-08-13,6024,群益期,-60.142,-1.0,-60.142,-121.284
2026-08-13,6026,福邦證,12.0,3.733,0.0,3.733
2026-08-13,6028,公勝保經,-67.0,-67.0,0.0,-67.0
2026-08-13,6101,寬魚國際,50.0,47.419,0.0,47.419
2026-08-13,6103,合邦,1.0,1.0,0.0,1.0
2026-08-13,6104,創惟,138.29,129.392,0.0,129.392
2026-08-13,6108,競國,1477.331,0.0,1519.375,2996.706
2026-08-13,6109,亞元,-13.0,-12.977,0.0,-12.977
2026-08-13,6111,光聚晶電,-2.482,-3.725,0.0,-3.725
2026-08-13,6112,邁達特,291.845,0.0,299.819,591.664
2026-08-13,6113,亞矽,176.0,180.115,0.0,180.115
2026-08-13,6114,久威,6.0,6.0,0.0,6.0
2026-08-13,6115,鎰勝,20.0,0.0,22.0,42.0
2026-08-13,6116,彩晶,-3949.51,0.0,-4033.05,-7982.56
2026-08-13,6117,迎廣,-95.0,0.0,-94.926,-189.926
2026-08-13,6118,建達,-56.0,-56.375,0.0,-56.375
2026-08-13,6120,達運,-342.0,0.0,-23.594,-365.594
2026-08-13,6121,新普,177.274,199.11,0.0,199.11
2026-08-13,6122,擎邦,129.0,10.728,0.0,10.728
2026-08-13,6123,上奇,-22.0,-21.595,0.0,-21.595
2026-08-13,6124,業強,5.0,5.0,0.0,5.0
2026-08-13,6125,廣運,47.453,47.319,0.0,47.319
2026-08-13,6126,信音,-163.978,-159.45,0.0,-159.45
2026-08-13,6127,九豪,-557.52,-564.516,0.0,-564.516
2026-08-13,6128,上福,33.0,0.0,36.666,69.666
2026-08-13,6129,普誠,-10.0,-9.981,0.0,-9.981
2026-08-13,6130,上亞科技,203.0,198.0,0.0,198.0
2026-08-13,6133,金橋,172.249,0.0,174.249,346.498
2026-08-13,6134,萬旭,-73.53,-68.407,0.0,-68.407
2026-08-13,6136,富爾特,25.0,0.0,25.0,50.0
2026-08-13,6138,茂達,-129.83,-114.358,0.0,-114.358
2026-08-13,6139,亞翔,-607.1,6.0,-615.02,-1216.12
2026-08-13,6140,訊達,-10.0,-10.0,0.0,-10.0
2026-08-13,6141,柏承,-253.78,0.0,-253.78,-507.56
2026-08-13,6142,友勁,24.0,0.0,26.0,50.0
2026-08-13,6143,振曜,-124.0,-101.742,0.0,-101.742
2026-08-13,6144,得利影,5.0,5.702,0.0,5.702
2026-08-13,6146,耕興,-60.0,-63.093,0.0,-63.093
2026-08-13,6147,頎邦,3166.959,3399.624,0.0,3399.624
2026-08-13,6148,驊宏資,12.0,11.908,0.0,11.908
2026-08-13,6150,撼訊,29.044,29.197,0.0,29.197
2026-08-13,6151,晉倫,-45.0,-44.317,0.0,-44.317
2026-08-13,6152,百一,-393.5,0.0,-408.538,-802.038
2026-08-13,6153,嘉聯益,610.0,0.0,1098.144,1708.144
2026-08-13,6154,順發,-3.0,-3.0,0.0,-3.0
2026-08-13,6155,鈞寶,-1214.0,0.0,-1162.21,-2376.21
2026-08-13,6156,松上,103.348,103.775,0.0,103.775
2026-08-13,6158,禾昌,-0.9,-0.9,0.0,-0.9
2026-08-13,6160,欣技,0.0,-0.004,0.0,-0.004
2026-08-13,6161,捷波,-52.759,-50.759,0.0,-50.759
2026-08-13,6163,華電網,-11.08,-27.116,0.0,-27.116
2026-08-13,6164,華興,8.093,0.0,8.093,16.186
2026-08-13,6165,浪凡,-61.0,0.0,-63.0,-124.0
2026-08-13,6166,凌華,-17.744,0.0,-8.032,-25.776
2026-08-13,6167,久正,56.0,56.146,0.0,56.146
2026-08-13,6168,宏齊,441.732,0.0,447.114,888.846
2026-08-13,6170,統振,-54.0,-53.957,0.0,-53.957
2026-08-13,6173,信昌電,-4303.521,-3167.032,0.0,-3167.032
2026-08-13,6174,安碁,-165.43,-164.858,0.0,-164.858
2026-08-13,6175,立敦,-96.822,-89.881,0.0,-89.881
2026-08-13,6177,達麗,-930.0,-6.963,-803.512,-1740.475
2026-08-13,6179,亞通,685.1,678.413,0.0,678.413
2026-08-13,6180,橘子,-22.933,-22.623,0.0,-22.623
2026-08-13,6182,合晶,-472.168,-517.526,0.0,-517.526
2026-08-13,6183,關貿,-4.0,0.0,2.0,-2.0
2026-08-13,6184,大豐電,-13.0,0.0,-13.0,-26.0
2026-08-13,6185,幃翔,5.0,4.757,0.0,4.757
2026-08-13,6186,新潤,-233.0,-232.341,0.0,-232.341
2026-08-13,6187,萬潤,873.256,1671.803,0.0,1671.803
2026-08-13,6188,廣明,-34.0,-25.827,0.0,-25.827
2026-08-13,6189,豐藝,238.25,-3.0,241.566,476.816
2026-08-13,6190,萬泰科,190.39,190.432,0.0,190.432
2026-08-13,6191,精成科,75.064,0.0,65.056,140.12
2026-08-13,6192,巨路,-142.0,0.0,-140.022,-282.022
2026-08-13,6194,育富,15.0,15.075,0.0,15.075
2026-08-13,6195,詩肯,-6.0,-6.051,0.0,-6.051
2026-08-13,6196,帆宣,834.896,-1.0,885.762,1719.658
2026-08-13,6197,佳必琪,279.589,0.0,370.665,650.254
2026-08-13,6198,瑞築,6.0,6.0,0.0,6.0
2026-08-13,6199,天品,-98.163,-102.853,0.0,-102.853
2026-08-13,6201,亞弘電,-8.0,0.0,-8.0,-16.0
2026-08-13,6202,盛群,-86.848,-5.0,-90.328,-182.176
2026-08-13,6203,海韻電,-43.107,-43.302,0.0,-43.302
2026-08-13,6204,艾華,-7.868,-7.868,0.0,-7.868
2026-08-13,6205,詮欣,43.485,0.0,46.031,89.51599999999999
2026-08-13,6206,飛捷,1280.357,-1.0,1383.291,2662.648
2026-08-13,6207,雷科,-131.07,-147.2,0.0,-147.2
2026-08-13,6208,日揚,83.0,83.943,0.0,83.943
2026-08-13,6209,今國光,-1606.552,0.0,-1826.238,-3432.79
2026-08-13,6210,慶生,1.0,1.03,0.0,1.03
2026-08-13,6213,聯茂,2125.74,2.0,1950.296,4078.036
2026-08-13,6214,精誠,-13.944,-2.409,10.032,-6.3210000000000015
2026-08-13,6215,和椿,670.088,0.0,714.824,1384.9119999999998
2026-08-13,6216,居易,-20.0,0.0,-16.0,-36.0
2026-08-13,6217,中探針,80.0,85.0,0.0,85.0
2026-08-13,6218,豪勉,159.969,165.969,0.0,165.969
2026-08-13,6219,富旺,-5.0,-5.012,0.0,-5.012
2026-08-13,6220,岳豐,87.0,86.884,0.0,86.884
2026-08-13,6221,晉泰,-97.0,-97.872,0.0,-97.872
2026-08-13,6222,立軒,0.0,-0.001,0.0,-0.001
2026-08-13,6223,旺矽,31.657,-20.572,0.0,-20.572
2026-08-13,6224,聚鼎,8.272,0.0,10.272,18.544
2026-08-13,6225,天瀚,0.0,0.0,58.0,58.0
2026-08-13,6226,光鼎,-1230.419,0.0,-1168.419,-2398.838
2026-08-13,6227,茂綸,161.758,149.949,0.0,149.949
2026-08-13,6229,研通,-11.0,-11.0,0.0,-11.0
2026-08-13,6230,尼得科超眾,-19.517,0.0,-15.383,-34.9
2026-08-13,6231,系微,31.651,30.563,0.0,30.563
2026-08-13,6233,旺玖,-34.0,-34.1,0.0,-34.1
2026-08-13,6234,高僑,37.011,29.861,0.0,29.861
2026-08-13,6235,華孚,84.0,0.0,85.13,169.13
2026-08-13,6237,驊訊,17.0,17.95,0.0,17.95
2026-08-13,6239,力成,-1106.736,346.0,-1035.51,-1796.246
2026-08-13,6240,松崗,1.0,1.0,0.0,1.0
2026-08-13,6241,鑫永洋,1.07,1.063,0.0,1.063
2026-08-13,6243,迅杰,-2.463,0.0,-3.445,-5.908
2026-08-13,6244,茂迪,2475.321,2589.708,0.0,2589.708
2026-08-13,6245,立端,37.05,30.032,0.0,30.032
2026-08-13,6246,臺龍,16.0,16.0,0.0,16.0
2026-08-13,6248,沛波,11.0,10.995,0.0,10.995
2026-08-13,6257,矽格,-389.813,-4.0,-249.909,-643.722
2026-08-13,6259,百徽,221.0,221.0,0.0,221.0
2026-08-13,6261,久元,124.0,118.172,0.0,118.172
2026-08-13,6263,普萊德,89.836,89.836,0.0,89.836
2026-08-13,6265,方土昶,3124.26,3181.966,0.0,3181.966
2026-08-13,6266,泰詠,66.0,66.778,0.0,66.778
2026-08-13,6269,台郡,-994.935,0.0,-1208.321,-2203.256
2026-08-13,6270,倍微,91.308,91.465,0.0,91.465
2026-08-13,6271,同欣電,70.047,0.0,-13.305,56.742
2026-08-13,6272,驊陞,2.0,0.0,6.0,8.0
2026-08-13,6274,台燿,-484.325,-500.211,0.0,-500.211
2026-08-13,6275,元山,-9.911,-9.291,0.0,-9.291
2026-08-13,6276,安鈦克,-3.0,-3.105,0.0,-3.105
2026-08-13,6277,宏正,1113.0,0.0,1142.104,2255.1040000000003
2026-08-13,6278,台表科,-1046.53,-453.0,-915.08,-2414.61
2026-08-13,6279,胡連,185.805,184.149,0.0,184.149
2026-08-13,6281,全國電,-10.0,0.0,-10.0,-20.0
2026-08-13,6282,康舒,5918.288,-4.0,6409.398,12323.686
2026-08-13,6283,淳安,16.0,0.0,14.0,30.0
2026-08-13,6284,佳邦,549.506,550.572,0.0,550.572
2026-08-13,6285,啟碁,-1701.613,-21.0,-1895.333,-3617.946
2026-08-13,6290,良維,80.851,101.333,0.0,101.333
2026-08-13,6291,沛亨,-275.17,-282.401,0.0,-282.401
2026-08-13,6292,迅德,168.725,168.67,0.0,168.67
2026-08-13,6294,智基,20.0,20.935,0.0,20.935
2026-08-13,6405,悅城,-12.0,0.0,-9.01,-21.01
2026-08-13,6409,旭隼,-75.096,37.902,-91.312,-128.506
2026-08-13,6411,晶焱,-9.19,-8.775,0.0,-8.775
2026-08-13,6412,群電,72.264,0.0,80.94,153.204
2026-08-13,6414,樺漢,-209.12,-20.0,-176.512,-405.632
2026-08-13,6415,矽力*-KY,1245.538,-158.0,1340.294,2427.8320000000003
2026-08-13,6416,瑞祺電通,-38.165,0.0,-20.165,-58.33
2026-08-13,6417,韋僑,-18.0,-17.639,0.0,-17.639
2026-08-13,6418,詠昇,-25.0,-25.0,0.0,-25.0
2026-08-13,6419,京晨科,202.961,203.637,0.0,203.637
2026-08-13,6423,億而得,10.0,10.0,0.0,10.0
2026-08-13,6425,易發,-1.0,-0.478,0.0,-0.478
2026-08-13,6426,統新,57.05,0.0,61.05,118.1
2026-08-13,6431,光麗-KY,-10.0,0.0,-10.0,-20.0
2026-08-13,6432,今展科,983.042,983.042,0.0,983.042
2026-08-13,6435,大中,-325.555,-312.966,0.0,-312.966
2026-08-13,6438,迅得,48.293,0.0,42.389,90.682
2026-08-13,6441,廣錠,-20.0,-20.464,0.0,-20.464
2026-08-13,6442,光聖,-584.787,332.0,-585.181,-837.9680000000001
2026-08-13,6443,元晶,1480.899,0.0,1626.899,3107.798
2026-08-13,6446,藥華藥,-262.356,2.59,-228.992,-488.758
2026-08-13,6449,鈺邦,-512.481,0.0,-447.097,-959.578
2026-08-13,6451,訊芯-KY,-136.891,0.0,-156.813,-293.70399999999995
2026-08-13,6456,GIS-KY,14.0,0.0,-109.348,-95.348
2026-08-13,6461,益得,-6.0,-6.0,0.0,-6.0
2026-08-13,6462,神盾,-16.827,-20.375,0.0,-20.375
2026-08-13,6464,台數科,-1.0,0.0,1.0,0.0
2026-08-13,6465,威潤,48.0,48.84,0.0,48.84
2026-08-13,6469,大樹,-102.0,-100.712,0.0,-100.712
2026-08-13,6470,宇智,-11.0,-13.46,0.0,-13.46
2026-08-13,6472,保瑞,0.76,0.0,-24.478,-23.718
2026-08-13,6474,華豫寧,-11.0,-11.0,0.0,-11.0
2026-08-13,6477,安集,428.984,0.0,437.464,866.448
2026-08-13,6485,點序,-2.937,-3.726,0.0,-3.726
2026-08-13,6486,互動,-3.0,-2.694,0.0,-2.694
2026-08-13,6488,環球晶,807.682,825.651,0.0,825.651
2026-08-13,6491,晶碩,75.841,0.0,84.779,160.62
2026-08-13,6492,生華科,-5.0,-5.0,0.0,-5.0
2026-08-13,6494,九齊,-18.216,-12.688,0.0,-12.688
2026-08-13,6498,久禾光,21.0,21.0,0.0,21.0
2026-08-13,6499,益安,-35.869,-35.186,0.0,-35.186
2026-08-13,6504,南六,-6.0,0.0,-4.0,-10.0
2026-08-13,6505,台塑化,-1387.988,-1.21,-1411.532,-2800.73
2026-08-13,6506,雙邦,-23.0,-23.016,0.0,-23.016
2026-08-13,6508,惠光,-1.99,-1.99,0.0,-1.99
2026-08-13,6509,聚和,464.56,456.914,0.0,456.914
2026-08-13,6510,精測,0.029,-37.138,0.0,-37.138
2026-08-13,6512,啟發電,0.0,-0.307,0.0,-0.307
2026-08-13,6515,穎崴,76.565,-309.347,90.073,-142.709
2026-08-13,6516,勤崴國際,-16.0,-16.386,0.0,-16.386
2026-08-13,6517,保勝光學,178.03,177.957,0.0,177.957
2026-08-13,6523,達爾膚,-5.0,-5.211,0.0,-5.211
2026-08-13,6525,捷敏-KY,-565.683,191.0,-371.281,-745.9639999999999
2026-08-13,6526,達發,106.694,-1.0,123.604,229.298
2026-08-13,6527,明達醫,6.0,6.0,0.0,6.0
2026-08-13,6530,創威,-150.0,-150.934,0.0,-150.934
2026-08-13,6531,愛普*,18.825,33.0,-15.055,36.77
2026-08-13,6532,瑞耘,-2.0,0.222,0.0,0.222
2026-08-13,6533,晶心科,-77.96,0.0,-65.5,-143.45999999999998
2026-08-13,6534,正瀚-創,-26.0,0.0,-26.0,-52.0
2026-08-13,6535,順藥,-7.0,-37.077,0.0,-37.077
2026-08-13,6538,倉和,264.0,228.425,0.0,228.425
2026-08-13,6541,泰福-KY,-15.0,0.0,-9.0,-24.0
2026-08-13,6542,隆中,1.0,1.0,0.0,1.0
2026-08-13,6546,正基,-623.06,-637.281,0.0,-637.281
2026-08-13,6547,高端疫苗,1292.962,1128.837,0.0,1128.837
2026-08-13,6548,長科*,292.957,186.297,0.0,186.297
2026-08-13,6550,北極星藥業-KY,165.65,0.0,169.65,335.3
2026-08-13,6552,易華電,-5.0,0.0,5.0,0.0
2026-08-13,6558,興能高,-41.601,0.0,-41.601,-83.202
2026-08-13,6560,欣普羅,-23.0,-23.0,0.0,-23.0
2026-08-13,6561,是方,-27.0,-27.86,0.0,-27.86
2026-08-13,6568,宏觀,-8.0,-12.402,0.0,-12.402
2026-08-13,6569,醫揚,-23.0,-22.69,0.0,-22.69
2026-08-13,6570,維田,5.642,4.763,0.0,4.763
2026-08-13,6573,虹揚-KY,24.35,0.0,20.35,44.7
2026-08-13,6574,霈方,-13.271,-12.367,0.0,-12.367
2026-08-13,6576,逸達,26.0,26.023,0.0,26.023
2026-08-13,6577,勁豐,-40.0,-40.265,0.0,-40.265
2026-08-13,6578,達邦蛋白,-3.0,-3.0,0.0,-3.0
2026-08-13,6579,研揚,-112.0,0.0,-107.682,-219.682
2026-08-13,6581,鋼聯,-3.0,0.0,-5.0,-8.0
2026-08-13,6582,申豐,-22.066,0.0,-22.066,-44.132
2026-08-13,6584,南俊國際,15.0,41.608,0.0,41.608
2026-08-13,6585,鼎基,69.004,0.0,67.5,136.50400000000002
2026-08-13,6588,東典光電,-317.86,-324.023,0.0,-324.023
2026-08-13,6589,台康生技,190.6,0.0,198.6,389.2
2026-08-13,6591,動力-KY,1.0,0.0,-0.382,0.618
2026-08-13,6592,和潤企業,172.131,0.0,180.677,352.808
2026-08-13,6593,台灣銘板,-1.0,-1.0,0.0,-1.0
2026-08-13,6596,寬宏藝術,-38.0,-37.852,0.0,-37.852
2026-08-13,6598,ABC-KY,-36.955,0.0,-34.955,-71.91
2026-08-13,6603,富強鑫,1265.0,1119.184,0.0,1119.184
2026-08-13,6605,帝寶,-10.0,0.0,-9.158,-19.158
2026-08-13,6606,建德工業,35.029,0.0,39.029,74.058
2026-08-13,6609,瀧澤科,57.324,57.324,0.0,57.324
2026-08-13,6612,奈米醫材,-4.0,-4.65,0.0,-4.65
2026-08-13,6613,朋億*,-61.09,-140.129,0.0,-140.129
2026-08-13,6614,資拓宏宇,-3.0,0.0,-3.0,-6.0
2026-08-13,6615,慧智,-1.0,-1.0,0.0,-1.0
2026-08-13,6617,共信-KY,2.0,1.743,0.0,1.743
2026-08-13,6620,漢達,-13.1,-13.103,0.0,-13.103
2026-08-13,6624,萬年清,-4.0,-4.0,0.0,-4.0
2026-08-13,6625,必應,-11.0,0.0,-11.0,-22.0
2026-08-13,6629,泰金-KY,-10.0,-10.215,0.0,-10.215
2026-08-13,6637,醫影,-4.0,-4.549,0.0,-4.549
2026-08-13,6640,均華,5.947,9.03,0.0,9.03
2026-08-13,6641,基士德-KY,-629.632,0.0,-629.952,-1259.5839999999998
2026-08-13,6642,富致,259.0,282.161,0.0,282.161
2026-08-13,6643,M31,74.107,57.85,0.0,57.85
2026-08-13,6645,金萬林-創,-5.0,0.0,-16.36,-21.36
2026-08-13,6649,台生材,-4.0,-4.0,0.0,-4.0
2026-08-13,6651,全宇昕,78.865,100.415,0.0,100.415
2026-08-13,6654,天正國際,-3.0,-3.125,0.0,-3.125
2026-08-13,6655,科定,-3.0,0.0,-3.0,-6.0
2026-08-13,6657,華安,46.0,0.0,46.0,92.0
2026-08-13,6658,聯策,-48.479,0.0,-48.473,-96.952
2026-08-13,6664,群翊,0.083,10.039,0.0,10.039
2026-08-13,6666,羅麗芬-KY,0.0,0.0,0.0,0.0
2026-08-13,6667,信紘科,-19.0,-18.909,0.0,-18.909
2026-08-13,6668,中揚光,-128.93,0.0,-126.93,-255.86
2026-08-13,6669,緯穎,23.196,-183.319,67.84,-92.283
2026-08-13,6670,復盛應用,2.001,-1.0,80.001,81.00200000000001
2026-08-13,6671,三能-KY,0.0,0.0,0.0,0.0
2026-08-13,6672,騰輝電子-KY,-791.05,0.0,-856.48,-1647.53
2026-08-13,6674,鋐寶科技,-2.0,0.0,-2.0,-4.0
2026-08-13,6679,鈺太,-2.65,-2.645,0.0,-2.645
2026-08-13,6683,雍智科技,-68.2,-82.793,0.0,-82.793
2026-08-13,6684,安格,26.06,26.291,0.0,26.291
2026-08-13,6689,伊雲谷,21.161,0.0,23.161,44.322
2026-08-13,6690,安碁資訊,24.007,25.145,0.0,25.145
2026-08-13,6691,洋基工程,-85.026,0.0,-82.492,-167.518
2026-08-13,6692,進能服,18.0,18.0,0.0,18.0
2026-08-13,6693,廣閎科,-207.305,-13.793,0.0,-13.793
2026-08-13,6695,芯鼎,102.065,0.0,102.315,204.38
2026-08-13,6697,東捷資訊,-3.0,-3.0,0.0,-3.0
2026-08-13,6698,旭暉應材,-35.0,0.0,-33.0,-68.0
2026-08-13,6703,軒郁,-12.0,-13.438,0.0,-13.438
2026-08-13,6706,惠特,106.595,0.0,24.403,130.998
2026-08-13,6708,天擎,0.0,0.0,0.0,0.0
2026-08-13,6712,長聖,-62.199,-63.275,0.0,-63.275
2026-08-13,6715,嘉基,4.22,0.0,28.73,32.95
2026-08-13,6716,應廣,419.216,421.864,0.0,421.864
2026-08-13,6719,力智,94.699,0.0,83.857,178.55599999999998
2026-08-13,6720,久昌,2.0,2.775,0.0,2.775
2026-08-13,6722,輝創,-4.0,0.0,-2.0,-6.0
2026-08-13,6725,矽科宏晟,-45.18,-45.702,0.0,-45.702
2026-08-13,6727,亞泰金屬,-89.974,-85.125,0.0,-85.125
2026-08-13,6728,上洋,-4.0,-4.0,0.0,-4.0
2026-08-13,6730,常廣,-1.0,-1.0,0.0,-1.0
2026-08-13,6732,昇佳電子,18.0,18.216,0.0,18.216
2026-08-13,6733,博晟生醫,-36.0,-36.329,0.0,-36.329
2026-08-13,6735,美達科技,27.0,26.827,0.0,26.827
2026-08-13,6739,竹陞科技,17.048,8.096,0.0,8.096
2026-08-13,6741,91APP*-KY,195.0,195.283,0.0,195.283
2026-08-13,6742,澤米,74.006,0.0,74.006,148.012
2026-08-13,6743,安普新,-97.0,-1.89,-97.0,-195.89
2026-08-13,6751,智聯服務,1.0,0.9,0.0,0.9
2026-08-13,6752,叡揚,-3.0,-3.0,0.0,-3.0
2026-08-13,6753,龍德造船,210.0,0.0,161.126,371.126
2026-08-13,6754,匯僑設計,1.0,0.0,3.0,4.0
2026-08-13,6756,威鋒電子,94.0,0.0,98.018,192.018
2026-08-13,6757,台灣虎航,-594.763,0.0,-666.763,-1261.526
2026-08-13,6761,穩得,-251.792,-269.07,0.0,-269.07
2026-08-13,6763,綠界科技*,-29.1,-29.85,0.0,-29.85
2026-08-13,6768,志強-KY,5.0,-2.0,4.192,7.192
2026-08-13,6770,力積電,57184.307,87.0,67289.831,124561.138
2026-08-13,6771,平和環保-創,1.0,0.0,-10.758,-9.758
2026-08-13,6776,展碁國際,63.04,0.0,65.04,128.08
2026-08-13,6781,AES-KY,9.415,-0.14,-18.965,-9.69
2026-08-13,6782,視陽,-6.025,-73.0,0.683,-78.342
2026-08-13,6785,昱展新藥,16.0,15.656,0.0,15.656
2026-08-13,6788,華景電,25.151,31.374,0.0,31.374
2026-08-13,6789,采鈺,-56.462,0.0,-76.128,-132.59
2026-08-13,6790,永豐實,-168.0,0.0,-178.774,-346.774
2026-08-13,6791,虎門科技,-1.0,-1.0,0.0,-1.0
2026-08-13,6792,詠業,22.0,0.0,22.0,44.0
2026-08-13,6794,向榮生技,-52.0,0.0,-52.0,-104.0
2026-08-13,6796,晉弘,-22.0,0.0,-22.0,-44.0
2026-08-13,6799,來頡,-3.107,0.0,-4.235,-7.342
2026-08-13,6803,崑鼎,-30.0,-30.65,0.0,-30.65
2026-08-13,6804,明係,4.0,4.0,0.0,4.0
2026-08-13,6805,富世達,-306.772,219.0,-321.146,-408.918
2026-08-13,6807,峰源-KY,-3.0,0.0,-3.0,-6.0
2026-08-13,6811,宏碁資訊,98.002,100.731,0.0,100.731
2026-08-13,6821,聯寶,-1.0,-0.993,0.0,-0.993
2026-08-13,6823,濾能,9.0,9.153,0.0,9.153
2026-08-13,6829,千附精密,308.071,328.466,0.0,328.466
2026-08-13,6830,汎銓,-341.807,0.0,-356.861,-698.668
2026-08-13,6831,邁科,-99.866,280.0,-169.894,10.240000000000007
2026-08-13,6834,天二科技,-737.98,0.0,-738.312,-1476.292
2026-08-13,6835,圓裕,-6.0,0.0,-4.0,-10.0
2026-08-13,6838,台新藥,-11.0,0.0,-9.0,-20.0
2026-08-13,6840,東研信超,47.0,59.406,0.0,59.406
2026-08-13,6841,長佳智能,-56.0,-56.135,0.0,-56.135
2026-08-13,6843,進典,0.0,-0.202,0.0,-0.202
2026-08-13,6854,錼創科技-KY創,-2.883,0.0,3.175,0.2919999999999998
2026-08-13,6855,數泓科,-1.0,-1.0,0.0,-1.0
2026-08-13,6859,伯特光,11.0,9.832,0.0,9.832
2026-08-13,6861,睿生光電,36.88,0.0,40.556,77.436
2026-08-13,6862,三集瑞-KY,4.5,0.0,-5.946,-1.4459999999999995
2026-08-13,6863,永道-KY,-111.0,0.0,-112.016,-223.016
2026-08-13,6865,偉康科技,-1.0,-1.0,0.0,-1.0
2026-08-13,6869,雲豹能源,-90.0,0.0,-131.37,-221.37
2026-08-13,6870,騰雲,-3.0,0.763,0.0,0.763
2026-08-13,6872,浩宇生醫,0.0,-0.05,0.0,-0.05
2026-08-13,6873,泓德能源,-397.885,0.0,-397.885,-795.77
2026-08-13,6874,倍力,-17.0,-17.214,0.0,-17.214
2026-08-13,6875,國邑*,9.0,8.99,0.0,8.99
2026-08-13,6877,鏵友益,7.0,6.0,0.0,6.0
2026-08-13,6884,海柏特,1.0,1.0,0.0,1.0
2026-08-13,6885,全福生技,19.396,0.0,19.396,38.792
2026-08-13,6887,寶綠特-KY,1.0,0.0,1.0,2.0
2026-08-13,6890,來億-KY,-3.378,0.0,1.45,-1.928
2026-08-13,6894,衛司特,18.0,19.055,0.0,19.055
2026-08-13,6895,宏碩系統,-6.1,-6.205,0.0,-6.205
2026-08-13,6899,創為精密,1.0,1.0,0.0,1.0
2026-08-13,6901,鑽石投資,1121.0,0.0,1131.0,2252.0
2026-08-13,6902,GOGOLOOK,-25.44,0.0,-21.44,-46.88
2026-08-13,6903,巨漢,-70.86,-67.143,0.0,-67.143
2026-08-13,6906,現觀科,-12.0,0.0,-11.2,-23.2
2026-08-13,6907,雅特力-KY,52.4,58.848,0.0,58.848
2026-08-13,6908,宏碁遊戲-創,1.0,0.0,3.0,4.0
2026-08-13,6909,創控,2.0,0.0,4.0,6.0
2026-08-13,6910,德鴻,-2.0,-2.0,0.0,-2.0
2026-08-13,6913,鴻呈,403.393,421.546,0.0,421.546
2026-08-13,6914,阜爾運通,9.047,0.0,9.047,18.094
2026-08-13,6916,華凌,-11.0,0.0,-8.978,-19.978
2026-08-13,6918,愛派司,2.0,0.0,2.0,4.0
2026-08-13,6919,康霈*,-2966.124,0.0,-3023.74,-5989.864
2026-08-13,6921,嘉雨思-創,17.0,0.0,-1.002,15.998
2026-08-13,6922,宸曜,59.85,75.846,0.0,75.846
2026-08-13,6923,中台,-6.0,0.0,-7.412,-13.412
2026-08-13,6924,榮惠-KY創,-1.0,0.0,1.8,0.8
2026-08-13,6925,意藍,-6.0,-6.0,0.0,-6.0
2026-08-13,6928,攸泰科技,41.0,0.0,39.0,80.0
2026-08-13,6929,佑全,-1.0,-1.0,0.0,-1.0
2026-08-13,6931,青松健康,65.0,0.0,92.76,157.76
2026-08-13,6933,AMAX-KY,150.156,0.0,166.312,316.468
2026-08-13,6934,心誠鎂,2.0,0.0,2.0,4.0
2026-08-13,6936,永鴻生技,-3.0,0.0,-3.0,-6.0
2026-08-13,6937,天虹,217.89,-20.0,247.402,445.292
2026-08-13,6944,兆聯實業,-11.218,-0.46,14.68,3.001999999999999
2026-08-13,6945,圓祥生技,-44.0,-44.0,0.0,-44.0
2026-08-13,6947,台鎔科技,-11.731,0.0,-11.731,-23.462
2026-08-13,6949,沛爾生醫-創,19.813,0.0,29.813,49.626
2026-08-13,6951,青新-創,-3.0,0.0,-3.0,-6.0
2026-08-13,6952,大武山,-5.0,0.0,-7.0,-12.0
2026-08-13,6953,家碩,-4.0,-3.588,0.0,-3.588
2026-08-13,6955,邦睿生技-創,0.0,0.0,6.27,6.27
2026-08-13,6957,裕慶-KY,-34.0,0.0,-32.0,-66.0
2026-08-13,6958,日盛台駿,-16.0,0.0,-4.0,-20.0
2026-08-13,6961,旅天下,-4.0,-4.0,0.0,-4.0
2026-08-13,6962,奕力-KY,-355.0,-5.0,-363.964,-723.9639999999999
2026-08-13,6965,中傑-KY,0.0,0.0,2.0,2.0
2026-08-13,6967,汎瑋材料,-1.0,-1.0,0.0,-1.0
2026-08-13,6968,萬達寵物,0.0,0.908,0.0,0.908
2026-08-13,6969,成信實業*-創,-8.0,0.0,-9.292,-17.292
2026-08-13,6971,惠民實業,-1.0,-1.0,0.0,-1.0
2026-08-13,6982,大井泵浦,3.0,3.0,0.0,3.0
2026-08-13,6983,華洋精機,4.0,5.07,0.0,5.07
2026-08-13,6986,和迅,5.0,-2.0,0.0,-2.0
2026-08-13,6988,威力暘-創,-21.0,0.0,-9.156,-30.156
2026-08-13,6994,富威電力,-126.0,0.0,-122.0,-248.0
2026-08-13,6996,力領科技,3.0,3.179,0.0,3.179
2026-08-13,7402,邑錡,87.9,88.938,0.0,88.938
2026-08-13,7547,碩網,1.0,1.0,0.0,1.0
2026-08-13,7556,意德士,8.0,8.682,0.0,8.682
2026-08-13,7584,樂意,-1.0,-1.0,0.0,-1.0
2026-08-13,7610,聯友金屬-創,-4.0,0.0,-4.056,-8.056000000000001
2026-08-13,7631,聚賢研發-創,22.01,0.0,-5.994,16.016000000000002
2026-08-13,7642,昶瑞機電,0.0,0.0,0.0,0.0
2026-08-13,7689,大鵬科CLMX,-16.0,0.0,-16.0,-32.0
2026-08-13,7703,銳澤,-17.0,-17.119,0.0,-17.119
2026-08-13,7704,明遠精密,0.0,2.0,0.0,2.0
2026-08-13,7705,三商餐飲,-3.0,0.0,-3.0,-6.0
2026-08-13,7708,全家餐飲,0.0,0.0,0.0,0.0
2026-08-13,7709,榮田,2.0,2.767,0.0,2.767
2026-08-13,7711,永擎,99.9,0.0,-36.962,62.938
2026-08-13,7712,博盛半導體,-37.584,-31.619,0.0,-31.619
2026-08-13,7713,威力德生醫,1.0,1.0,0.0,1.0
2026-08-13,7714,創泓科技,69.0,69.696,0.0,69.696
2026-08-13,7715,裕山,30.0,30.0,0.0,30.0
2026-08-13,7717,萊德光電-KY,6.0,4.297,0.0,4.297
2026-08-13,7721,微程式,29.0,0.0,29.0,58.0
2026-08-13,7722,LINEPAY,-20.771,0.0,-18.515,-39.286
2026-08-13,7723,築間,-41.0,-41.0,0.0,-41.0
2026-08-13,7728,光焱科技,2.0,1.95,0.0,1.95
2026-08-13,7730,暉盛-創,58.0,0.0,56.228,114.228
2026-08-13,7732,金興精密,-7.0,0.0,-19.0,-26.0
2026-08-13,7734,印能科技,-29.968,-89.696,0.0,-89.696
2026-08-13,7736,虎山,10.0,0.0,10.0,20.0
2026-08-13,7738,東聯互動,-2.0,-2.0,0.0,-2.0
2026-08-13,7740,熙特爾-創,-107.0,0.0,-106.466,-213.466
2026-08-13,7744,崴寶,5.425,10.71,0.0,10.71
2026-08-13,7749,意騰-KY,4.0,0.0,-0.356,3.644
2026-08-13,7750,新代,-40.44,0.0,-41.174,-81.614
2026-08-13,7751,竑騰,37.008,-3.573,0.0,-3.573
2026-08-13,7753,星亞,-1.0,-1.0,0.0,-1.0
2026-08-13,7757,金色三麥,2.0,2.0,0.0,2.0
2026-08-13,7760,享溫馨,2.0,0.0,2.0,4.0
2026-08-13,7765,中華資安,-16.0,0.0,-16.0,-32.0
2026-08-13,7767,仁大資訊,-14.0,-14.0,0.0,-14.0
2026-08-13,7768,頌勝科技,-27.0,0.0,-27.0,-54.0
2026-08-13,7769,鴻勁,134.828,43.99,179.964,358.78200000000004
2026-08-13,7770,君曜,0.0,-1.0,0.0,-1.0
2026-08-13,7772,耀穎,21.0,21.082,0.0,21.082
2026-08-13,7777,能率亞洲,-51.0,-29.111,0.0,-29.111
2026-08-13,7780,大研生醫*,127.0,0.0,144.648,271.648
2026-08-13,7786,東方風能,-46.0,0.0,-42.0,-88.0
2026-08-13,7788,松川精密,911.953,0.0,971.937,1883.89
2026-08-13,7791,皇家可口,-124.0,0.0,-122.0,-246.0
2026-08-13,7792,安葆,-622.0,-608.323,0.0,-608.323
2026-08-13,7794,宏碁智新,1.0,1.0,0.0,1.0
2026-08-13,7795,長廣,251.966,0.0,530.932,782.898
2026-08-13,7799,禾榮科,12.987,0.0,14.987,27.974
2026-08-13,7803,雲象科技-創,3.0,0.0,0.32,3.32
2026-08-13,7805,威聯通,16.0,19.82,0.0,19.82
2026-08-13,7810,捷創科技,38.0,39.71,0.0,39.71
2026-08-13,7814,海昌生技,0.0,0.0,0.0,0.0
2026-08-13,7818,溢泰實業,-10.0,0.0,4.0,-6.0
2026-08-13,7820,立盈,-1.0,-2.0,0.0,-2.0
2026-08-13,7821,神數,-16.0,0.0,-20.0,-36.0
2026-08-13,7822,倍利科,49.0,0.0,64.304,113.304
2026-08-13,7823,奧義賽博-KY創,-1.0,0.0,-1.09,-2.09
2026-08-13,7827,漢康-KY創,-5.84,0.0,-1.586,-7.426
2026-08-13,7828,創新服務,65.232,62.232,0.0,62.232
2026-08-13,7835,永悅健康-創,0.0,0.0,0.0,0.0
2026-08-13,7839,達人網,11.0,11.0,0.0,11.0
2026-08-13,7842,天能綠電,-49.0,-49.0,0.0,-49.0
2026-08-13,7855,和運租車,-26.0,0.0,-26.0,-52.0
2026-08-13,8011,台通,7.0,0.0,7.0,14.0
2026-08-13,8016,矽創,376.812,-1.0,353.206,729.018
2026-08-13,8021,尖點,-69.45,0.0,-106.986,-176.436
2026-08-13,8024,佑華,10.0,9.62,0.0,9.62
2026-08-13,8027,鈦昇,90.095,85.495,0.0,85.495
2026-08-13,8028,昇陽半導體,-169.128,-80.0,-77.52,-326.648
2026-08-13,8032,光菱,-21.0,-21.058,0.0,-21.058
2026-08-13,8033,雷虎,343.802,0.0,733.502,1077.304
2026-08-13,8034,榮群,10.0,10.0,0.0,10.0
2026-08-13,8038,長園科,38.0,38.0,0.0,38.0
2026-08-13,8039,台虹,3590.257,0.0,3639.041,7229.298000000001
2026-08-13,8040,九暘,68.244,67.231,0.0,67.231
2026-08-13,8042,金山電,371.801,415.501,0.0,415.501
2026-08-13,8043,蜜望實,-519.381,-466.596,0.0,-466.596
2026-08-13,8044,網家,-45.0,-47.097,0.0,-47.097
2026-08-13,8045,達運光電,-6.0,0.0,-0.82,-6.82
2026-08-13,8046,南電,-2551.993,702.961,-2676.829,-4525.861
2026-08-13,8047,星雲,0.0,0.049,0.0,0.049
2026-08-13,8048,德勝,15.0,14.162,0.0,14.162
2026-08-13,8049,晶采,-122.218,-122.299,0.0,-122.299
2026-08-13,8050,廣積,-514.984,-543.179,0.0,-543.179
2026-08-13,8054,安國,57.107,45.813,0.0,45.813
2026-08-13,8059,凱碩,-2.0,-2.825,0.0,-2.825
2026-08-13,8064,東捷,-159.002,-108.174,0.0,-108.174
2026-08-13,8068,全達,-67.0,-69.001,0.0,-69.001
2026-08-13,8069,元太,-1246.285,-1026.257,0.0,-1026.257
2026-08-13,8070,長華*,139.577,-3.0,191.747,328.324
2026-08-13,8071,能率網通,-727.0,-734.639,0.0,-734.639
2026-08-13,8072,陞泰,14.0,0.0,14.0,28.0
2026-08-13,8074,鉅橡,12.055,10.718,0.0,10.718
2026-08-13,8076,伍豐,-116.755,-116.806,0.0,-116.806
2026-08-13,8080,泰霖,6.0,6.265,0.0,6.265
2026-08-13,8081,致新,64.184,-4.0,56.27,116.454
2026-08-13,8083,瑞穎,2.0,1.997,0.0,1.997
2026-08-13,8084,巨虹,-117.0,-115.773,0.0,-115.773
2026-08-13,8085,福華,-22.0,-21.55,0.0,-21.55
2026-08-13,8086,宏捷科,-367.697,-371.318,0.0,-371.318
2026-08-13,8087,麗升能源,7.0,6.751,0.0,6.751
2026-08-13,8088,品安,260.0,259.697,0.0,259.697
2026-08-13,8089,康全電訊,-34.0,-34.0,0.0,-34.0
2026-08-13,8091,翔名,46.02,48.164,0.0,48.164
2026-08-13,8092,建暐,0.0,-0.205,0.0,-0.205
2026-08-13,8096,擎亞,-13.3,-6.219,0.0,-6.219
2026-08-13,8097,常珵,-3.0,-2.873,0.0,-2.873
2026-08-13,8099,大世科,-7.0,-7.0,0.0,-7.0
2026-08-13,8102,傑霖科技,1.0,1.0,0.0,1.0
2026-08-13,8103,瀚荃,-51.15,0.0,-51.15,-102.3
2026-08-13,8104,錸寶,38.0,0.0,40.0,78.0
2026-08-13,8105,凌巨,105.706,0.0,115.706,221.412
2026-08-13,8107,大億金茂,42.0,42.0,0.0,42.0
2026-08-13,8109,博大,10.937,8.627,0.0,8.627
2026-08-13,8110,華東,562.112,0.0,551.184,1113.2959999999998
2026-08-13,8111,立碁,12.32,-13.997,0.0,-13.997
2026-08-13,8112,至上,5837.522,0.0,5698.624,11536.146
2026-08-13,8114,振樺電,-12.828,20.0,-12.972,-5.799999999999999
2026-08-13,8121,越峰,-164.054,-159.898,0.0,-159.898
2026-08-13,8131,福懋科,846.643,0.0,833.971,1680.614
2026-08-13,8147,正淩,-71.81,-74.237,0.0,-74.237
2026-08-13,8150,南茂,11741.16,-8298.0,13129.56,16572.72
2026-08-13,8155,博智,-22.49,-11.556,0.0,-11.556
2026-08-13,8162,微矽電子-創,-14.93,0.0,21.35,6.420000000000002
2026-08-13,8163,達方,263.049,0.0,267.207,530.256
2026-08-13,8171,天宇,-16.0,-16.0,0.0,-16.0
2026-08-13,8176,智捷,54.0,54.799,0.0,54.799
2026-08-13,8182,加高,-175.0,-171.232,0.0,-171.232
2026-08-13,8183,精星,-23.0,-23.027,0.0,-23.027
2026-08-13,8201,無敵,-2.0,0.0,-2.0,-4.0
2026-08-13,8210,勤誠,327.099,-547.0,338.273,118.372
2026-08-13,8213,志超,-49.9,0.0,-43.316,-93.216
2026-08-13,8215,明基材,9.072,-5.0,-84.944,-80.872
2026-08-13,8222,寶一,156.058,0.0,168.058,324.116
2026-08-13,8227,巨有科技,-107.0,-106.467,0.0,-106.467
2026-08-13,8234,新漢,77.0,87.965,0.0,87.965
2026-08-13,8240,華宏,14.05,14.995,0.0,14.995
2026-08-13,8249,菱光,158.084,0.0,160.084,318.168
2026-08-13,8255,朋程,86.738,116.991,0.0,116.991
2026-08-13,8261,富鼎,160.688,-5.0,309.756,465.444
2026-08-13,8271,宇瞻,-720.664,0.0,-716.314,-1436.978
2026-08-13,8277,商丞,3.0,3.0,0.0,3.0
2026-08-13,8284,三竹,8.0,7.0,0.0,7.0
2026-08-13,8289,泰藝,-398.0,-400.006,0.0,-400.006
2026-08-13,8291,尚茂,9.0,9.0,0.0,9.0
2026-08-13,8299,群聯,-331.919,-124.277,0.0,-124.277
2026-08-13,8341,日友,-93.0,0.0,-90.256,-183.256
2026-08-13,8349,恒耀,-39.0,-39.0,0.0,-39.0
2026-08-13,8354,冠好,-36.0,-35.9,0.0,-35.9
2026-08-13,8358,金居,-3836.386,-3881.817,0.0,-3881.817
2026-08-13,8367,建新國際,-7.0,0.0,-7.0,-14.0
2026-08-13,8374,羅昇,-294.986,0.0,-283.542,-578.528
2026-08-13,8383,千附,58.365,96.376,0.0,96.376
2026-08-13,8390,金益鼎,39.001,25.84,0.0,25.84
2026-08-13,8401,白紗科,4.0,4.0,0.0,4.0
2026-08-13,8403,盛弘,-7.0,-7.0,0.0,-7.0
2026-08-13,8404,百和興業-KY,-10.0,0.0,4.0,-6.0
2026-08-13,8409,商之器,0.0,-0.003,0.0,-0.003
2026-08-13,8410,森田,-8.0,-7.287,0.0,-7.287
2026-08-13,8411,福貞-KY,18.0,0.0,18.0,36.0
2026-08-13,8415,大國鋼,333.02,333.02,0.0,333.02
2026-08-13,8421,旭源,98.18,115.589,0.0,115.589
2026-08-13,8422,可寧衛*,-175.0,0.0,-138.584,-313.584
2026-08-13,8423,保綠-KY,1.0,1.0,0.0,1.0
2026-08-13,8424,惠普,1.0,0.985,0.0,0.985
2026-08-13,8426,紅木-KY,-2.0,-2.05,0.0,-2.05
2026-08-13,8429,金麗-KY,23.0,0.0,27.0,50.0
2026-08-13,8431,匯鑽科,-7.0,-7.132,0.0,-7.132
2026-08-13,8432,東生華,0.0,0.0,0.0,0.0
2026-08-13,8433,弘帆,9.0,9.0,0.0,9.0
2026-08-13,8435,鉅邁,-6.0,-6.0,0.0,-6.0
2026-08-13,8436,大江,-215.0,-192.108,0.0,-192.108
2026-08-13,8437,大地-KY,0.0,-0.003,0.0,-0.003
2026-08-13,8438,昶昕,-10.372,0.0,-39.15,-49.522
2026-08-13,8440,綠電,-8.0,-8.243,0.0,-8.243
2026-08-13,8442,威宏-KY,51.0,-0.606,51.0,101.394
2026-08-13,8443,阿瘦,14.0,0.0,16.0,30.0
2026-08-13,8444,綠河-KY,2.0,2.0,0.0,2.0
2026-08-13,8446,華研,-1.0,-1.007,0.0,-1.007
2026-08-13,8450,霹靂,-2.0,-2.199,0.0,-2.199
2026-08-13,8454,富邦媒,46.6,-1.533,51.66,96.727
2026-08-13,8462,柏文,47.003,0.0,49.003,96.006
2026-08-13,8463,潤泰材,-9.0,0.0,-9.0,-18.0
2026-08-13,8464,億豐,-388.84,58.994,-403.798,-733.644
2026-08-13,8466,美吉吉-KY,-10.0,0.0,-12.0,-22.0
2026-08-13,8467,波力-KY,1.0,0.0,1.0,2.0
2026-08-13,8473,山林水,79.52,0.0,63.712,143.232
2026-08-13,8476,台境*,-48.0,0.0,-46.0,-94.0
2026-08-13,8477,創業家,0.0,0.182,0.0,0.182
2026-08-13,8478,東哥遊艇,-5.84,0.0,-6.79,-12.63
2026-08-13,8481,政伸,-2.0,0.0,-2.0,-4.0
2026-08-13,8482,商億-KY,-3.0,0.0,-3.0,-6.0
2026-08-13,8487,愛爾達-創,-3.0,0.0,-2.904,-5.904
2026-08-13,8488,吉源-KY,-4.0,0.0,-2.0,-6.0
2026-08-13,8489,三貝德,1.0,0.947,0.0,0.947
2026-08-13,8499,鼎炫-KY,-4.0,0.0,-4.212,-8.212
2026-08-13,8905,裕國,-1.0,-1.058,0.0,-1.058
2026-08-13,8906,花王,1.0,1.0,0.0,1.0
2026-08-13,8908,欣雄,5.0,5.0,0.0,5.0
2026-08-13,8916,光隆,-23.998,-24.506,0.0,-24.506
2026-08-13,8924,大田,-3.0,-3.581,0.0,-3.581
2026-08-13,8926,台汽電,-635.562,-8.723,-556.248,-1200.533
2026-08-13,8927,北基,-2.0,-2.0,0.0,-2.0
2026-08-13,8928,鉅明,8.0,8.301,0.0,8.301
2026-08-13,8929,富堡,1.0,0.568,0.0,0.568
2026-08-13,8930,青鋼,-1.0,-1.0,0.0,-1.0
2026-08-13,8931,大汽電,-7.0,-7.234,0.0,-7.234
2026-08-13,8932,智通*,-36.584,-236.093,0.0,-236.093
2026-08-13,8933,愛地雅,1.0,1.0,0.0,1.0
2026-08-13,8935,邦泰,-25.0,-25.011,0.0,-25.011
2026-08-13,8936,國統,-1396.0,-1276.05,0.0,-1276.05
2026-08-13,8937,合騏*,2.0,2.01,0.0,2.01
2026-08-13,8938,明安,-15.0,-16.773,0.0,-16.773
2026-08-13,8940,新天地,3.0,0.0,5.0,8.0
2026-08-13,8941,關中,3.0,3.0,0.0,3.0
2026-08-13,8942,森鉅,566.0,575.289,0.0,575.289
2026-08-13,8996,高力,-688.146,418.0,-664.104,-934.25
2026-08-13,9103,美德醫療-DR,-335.0,0.0,-335.644,-670.644
2026-08-13,9105,泰金寶-DR,-1206.41,0.0,-1205.39,-2411.8
2026-08-13,9136,巨騰-DR,21.0,0.0,19.598,40.598
2026-08-13,9802,鈺齊-KY,89.02,0.0,71.776,160.796
2026-08-13,9902,台火,13.0,0.0,15.0,28.0
2026-08-13,9904,寶成,-3485.0,280.0,-3721.856,-6926.856
2026-08-13,9905,大華,-3.0,0.0,-5.0,-8.0
2026-08-13,9906,欣巴巴,-11.0,0.0,-9.0,-20.0
2026-08-13,9907,統一實,865.79,-25.769,893.79,1733.811
2026-08-13,9908,大台北,-8.0,0.0,4.0,-4.0
2026-08-13,9910,豐泰,-64.326,116.186,-107.018,-55.15799999999999
2026-08-13,9911,櫻花,-50.0,0.0,-44.0,-94.0
2026-08-13,9912,偉聯,3.0,0.0,3.0,6.0
2026-08-13,9914,美利達,-1939.559,0.0,-2278.077,-4217.636
2026-08-13,9917,中保科,-26.56,0.0,-20.56,-47.12
2026-08-13,9918,欣天然,-24.883,0.0,-24.883,-49.766
2026-08-13,9919,康那香,0.0,0.0,6.0,6.0
2026-08-13,9921,巨大,1385.292,0.0,1270.93,2656.222
2026-08-13,9924,福興,-55.0,0.0,-53.0,-108.0
2026-08-13,9925,新保,-229.999,0.0,-224.333,-454.332
2026-08-13,9926,新海,-5.0,0.0,-3.0,-8.0
2026-08-13,9927,泰銘,13.0,0.0,29.0,42.0
2026-08-13,9928,中視,0.0,0.0,2.0,2.0
2026-08-13,9929,秋雨,-2.0,0.0,-2.0,-4.0
2026-08-13,9930,中聯資源,3.0,0.0,13.0,16.0
2026-08-13,9931,欣高,3.0,0.0,2.97,5.970000000000001
2026-08-13,9933,中鼎,1001.937,-5.6,813.937,1810.274
2026-08-13,9934,成霖,-1745.623,0.0,-1785.623,-3531.246
2026-08-13,9935,慶豐富,116.0,-2.154,120.0,233.846
2026-08-13,9937,全國,-16.0,0.0,-14.0,-30.0
2026-08-13,9938,百和,-213.632,-278.49,-207.236,-699.358
2026-08-13,9939,宏全,1165.687,-1.0,1209.553,2374.24
2026-08-13,9940,信義,-135.017,0.0,-117.485,-252.502
2026-08-13,9941,裕融,41.52,-1.0,56.328,96.848
2026-08-13,9942,茂順,-23.948,0.0,-37.948,-61.896
2026-08-13,9943,好樂迪,-7.0,0.0,-5.0,-12.0
2026-08-13,9944,新麗,-3.98,0.0,-5.98,-9.96
2026-08-13,9945,潤泰新,-2218.224,0.0,-2045.988,-4264.212
2026-08-13,9946,三發地產,13.0,0.0,5.0,18.0
2026-08-13,9949,琉園,0.0,0.222,0.0,0.222
2026-08-13,9950,萬國通,0.0,0.001,0.0,0.001
2026-08-13,9951,皇田,-3.0,-2.863,0.0,-2.863
2026-08-13,9955,佳龍,5.0,0.0,5.0,10.0
2026-08-13,9958,世紀鋼,-974.48,0.0,-1044.766,-2019.246
2026-08-13,9960,邁達康,-1.0,-1.0,0.0,-1.0
2026-08-13,9962,有益,-1.0,-1.0,0.0,-1.0
2026-08-14,1101,台泥,5804.732,-29.0,5675.734,11451.466
2026-08-14,1102,亞泥,15414.529,-13.468,15240.763,30641.824
2026-08-14,1103,嘉泥,-2.165,0.0,-2.165,-4.33
2026-08-14,1104,環泥,-467.778,0.0,-461.036,-928.814
2026-08-14,1108,幸福,47.0,0.0,47.0,94.0
2026-08-14,1109,信大,-13.662,0.0,-11.806,-25.468
2026-08-14,1110,東泥,-119.0,0.0,-117.0,-236.0
2026-08-14,1201,味全,-59.0,0.0,-109.0,-168.0
2026-08-14,1203,味王,-5.13,0.0,-9.13,-14.260000000000002
2026-08-14,1210,大成,-1322.849,0.0,-1363.217,-2686.066
2026-08-14,1213,大飲,1.0,0.0,1.0,2.0
2026-08-14,1215,卜蜂,-161.601,0.0,-154.525,-316.126
2026-08-14,1216,統一,856.514,87.561,132.366,1076.441
2026-08-14,1217,愛之味,412.001,0.0,534.001,946.002
2026-08-14,1218,泰山,-291.78,0.0,-177.154,-468.934
2026-08-14,1219,福壽,19.278,0.0,15.278,34.556
2026-08-14,1220,台榮,-24.0,0.0,-24.0,-48.0
2026-08-14,1225,福懋油,-21.057,0.0,-23.057,-44.114
2026-08-14,1227,佳格,-786.834,0.0,-861.796,-1648.63
2026-08-14,1229,聯華,-466.993,2.0,-460.957,-925.95
2026-08-14,1231,聯華食,-174.0,0.0,-174.982,-348.982
2026-08-14,1232,大統益,-41.969,0.0,-41.969,-83.938
2026-08-14,1233,天仁,-5.0,0.0,-1.0,-6.0
2026-08-14,1234,黑松,-16.66,0.0,-0.66,-17.32
2026-08-14,1235,興泰,1.0,0.0,1.0,2.0
2026-08-14,1236,宏亞,8.633,0.0,8.633,17.266
2026-08-14,1240,茂生農經,5.0,5.0,0.0,5.0
2026-08-14,1256,鮮活果汁-KY,-0.8,0.0,1.2,0.3999999999999999
2026-08-14,1259,安心,-3.0,-7.0,0.0,-7.0
2026-08-14,1264,德麥,0.012,-9.496,0.0,-9.496
2026-08-14,1268,漢來美食,-8.529,-8.529,0.0,-8.529
2026-08-14,1294,漢田生技,0.0,0.914,0.0,0.914
2026-08-14,1295,生合,3.067,3.067,0.0,3.067
2026-08-14,1301,台塑,12527.005,0.0,13813.487,26340.492
2026-08-14,1303,南亞,10619.328,-1592.904,17083.454,26109.878
2026-08-14,1304,台聚,236.605,0.0,238.603,475.208
2026-08-14,1305,華夏,-199.071,0.0,-269.071,-468.14200000000005
2026-08-14,1307,三芳,-346.0,0.0,-341.494,-687.494
2026-08-14,1308,亞聚,-42.067,0.0,-136.971,-179.038
2026-08-14,1309,台達化,-100.129,0.0,-105.517,-205.646
2026-08-14,1310,台苯,640.712,0.0,640.712,1281.424
2026-08-14,1312,國喬,886.034,0.0,383.686,1269.72
2026-08-14,1313,聯成,-124.104,0.0,-162.302,-286.406
2026-08-14,1314,中石化,130.3,0.0,88.3,218.6
2026-08-14,1315,達新,26.0,0.0,30.0,56.0
2026-08-14,1316,上曜,73.0,0.0,72.766,145.76600000000002
2026-08-14,1319,東陽,5437.383,108.0,5628.863,11174.246
2026-08-14,1321,大洋,-89.0,0.0,-109.0,-198.0
2026-08-14,1323,永裕,-6.582,0.0,-6.582,-13.164
2026-08-14,1324,地球,-4.0,0.0,-4.0,-8.0
2026-08-14,1325,恆大,-8.872,0.0,-8.872,-17.744
2026-08-14,1326,台化,1076.256,0.0,1389.91,2466.166
2026-08-14,1336,台翰,386.097,388.898,0.0,388.898
2026-08-14,1337,再生-KY,24.822,0.0,24.822,49.644
2026-08-14,1338,廣華-KY,-66.0,0.0,-66.0,-132.0
2026-08-14,1339,昭輝,102.154,0.0,76.154,178.308
2026-08-14,1340,勝悅-KY,-23.0,0.0,-23.0,-46.0
2026-08-14,1341,富林-KY,0.0,0.0,0.0,0.0
2026-08-14,1342,八貫,55.183,-120.0,57.089,-7.728000000000009
2026-08-14,1402,遠東新,-1013.919,114.563,-1046.135,-1945.491
2026-08-14,1409,新纖,-731.934,0.0,-253.906,-985.84
2026-08-14,1410,南染,-3.0,0.0,-1.0,-4.0
2026-08-14,1413,宏洲,2.0,0.0,-8.0,-6.0
2026-08-14,1414,東和,16.991,0.0,18.991,35.982
2026-08-14,1416,廣豐,228.544,0.0,254.544,483.088
2026-08-14,1417,嘉裕,-17.0,0.0,-17.0,-34.0
2026-08-14,1418,東華,-3.0,0.0,-3.0,-6.0
2026-08-14,1419,新紡,-28.889,0.0,-32.889,-61.778000000000006
2026-08-14,1423,利華,3.0,0.0,3.0,6.0
2026-08-14,1432,大魯閣,-8.0,0.0,-8.0,-16.0
2026-08-14,1434,福懋,-332.138,0.0,-331.552,-663.69
2026-08-14,1435,中福,-1.0,0.0,-1.0,-2.0
2026-08-14,1436,華友聯,-57.461,0.0,-57.461,-114.922
2026-08-14,1437,勤益控,-105.013,0.0,-75.013,-180.026
2026-08-14,1438,三地開發,-2.0,0.0,-6.0,-8.0
2026-08-14,1439,雋揚,-4.0,0.0,-6.0,-10.0
2026-08-14,1440,南紡,771.677,0.0,735.823,1507.5
2026-08-14,1441,大東,-4.0,0.0,-4.0,-8.0
2026-08-14,1442,名軒,-54.32,0.0,-56.32,-110.64
2026-08-14,1443,立益物流,-4.0,0.0,-4.0,-8.0
2026-08-14,1444,力麗,247.012,0.0,247.012,494.024
2026-08-14,1445,大宇,-9.0,0.0,-11.0,-20.0
2026-08-14,1446,宏和,78.181,0.0,78.181,156.362
2026-08-14,1447,力鵬,36.923,0.0,36.923,73.846
2026-08-14,1449,佳和,-61.0,0.0,-61.02,-122.02
2026-08-14,1451,年興,-13.0,0.0,11.0,-2.0
2026-08-14,1452,宏益,16.0,0.0,6.0,22.0
2026-08-14,1453,大將,-9.0,0.0,-9.0,-18.0
2026-08-14,1454,台富,-1.0,0.0,-1.0,-2.0
2026-08-14,1455,集盛,-4.609,0.0,-50.887,-55.496
2026-08-14,1456,怡華,-18.0,0.0,-28.0,-46.0
2026-08-14,1457,宜進,-40.174,0.0,-14.174,-54.348
2026-08-14,1459,聯發,-8.634,0.0,-8.634,-17.268
2026-08-14,1460,宏遠,-48.0,0.0,-48.0,-96.0
2026-08-14,1463,強盛新,98.0,0.0,98.0,196.0
2026-08-14,1464,得力,-121.0,0.0,-181.0,-302.0
2026-08-14,1465,偉全,-24.0,0.0,-24.0,-48.0
2026-08-14,1466,聚隆,347.643,0.0,349.643,697.286
2026-08-14,1467,南緯,-1.0,0.0,-0.358,-1.358
2026-08-14,1468,昶和,-7.0,0.0,-5.0,-12.0
2026-08-14,1470,大統新創,1.0,0.0,1.0,2.0
2026-08-14,1471,首利,49.0,0.0,49.0,98.0
2026-08-14,1472,三洋實業,2.0,0.0,2.0,4.0
2026-08-14,1473,台南,5.0,0.0,-17.0,-12.0
2026-08-14,1474,弘裕,-3.0,0.0,-3.0,-6.0
2026-08-14,1475,業旺,-25.0,0.0,-17.0,-42.0
2026-08-14,1476,儒鴻,-386.865,7.841,-499.603,-878.627
2026-08-14,1477,聚陽,-2008.308,14.0,-2000.504,-3994.812
2026-08-14,1503,士電,136.797,2.0,94.879,233.676
2026-08-14,1504,東元,3611.832,0.0,3729.222,7341.054
2026-08-14,1506,正道,-32.0,0.0,-32.0,-64.0
2026-08-14,1512,瑞利,-9.0,0.0,-9.0,-18.0
2026-08-14,1513,中興電,1324.809,0.0,419.395,1744.204
2026-08-14,1514,亞力,-52.444,1.0,-59.172,-110.616
2026-08-14,1515,力山,205.436,0.0,104.03,309.466
2026-08-14,1516,川飛,-13.0,0.0,-13.0,-26.0
2026-08-14,1517,利奇,-46.726,0.0,-47.128,-93.854
2026-08-14,1519,華城,-415.63,41.407,-478.842,-853.065
2026-08-14,1521,大億,20.0,0.0,20.0,40.0
2026-08-14,1522,堤維西,14.215,0.0,26.215,40.43
2026-08-14,1524,耿鼎,162.0,0.0,162.0,324.0
2026-08-14,1525,江申,-5.0,0.0,-1.0,-6.0
2026-08-14,1526,日馳,123.005,0.0,123.005,246.01
2026-08-14,1527,鑽全,-11.93,0.0,-11.93,-23.86
2026-08-14,1528,恩德,301.409,0.0,301.497,602.906
2026-08-14,1529,樂事綠能,119.832,0.0,119.832,239.664
2026-08-14,1530,亞崴,-3.0,0.0,-2.98,-5.98
2026-08-14,1531,高林股,3.0,0.0,3.0,6.0
2026-08-14,1532,勤美,-111.0,0.0,-111.4,-222.4
2026-08-14,1533,車王電,-39.0,0.0,-57.0,-96.0
2026-08-14,1535,中宇,-9.0,0.0,-7.0,-16.0
2026-08-14,1536,和大,709.72,0.0,685.952,1395.672
2026-08-14,1537,廣隆,-68.959,0.0,-68.959,-137.918
2026-08-14,1539,巨庭,-11.0,0.0,-13.0,-24.0
2026-08-14,1540,喬福,17.0,0.0,5.0,22.0
2026-08-14,1541,錩泰,-2.0,0.0,-2.0,-4.0
2026-08-14,1558,伸興,-21.547,0.0,-21.547,-43.094
2026-08-14,1560,中砂,569.6,211.0,532.356,1312.956
2026-08-14,1563,巧新,255.304,0.0,255.0,510.304
2026-08-14,1565,精華,-45.0,-45.673,0.0,-45.673
2026-08-14,1568,倉佑,-97.457,0.0,-95.457,-192.914
2026-08-14,1569,濱川,78.0,79.001,0.0,79.001
2026-08-14,1570,力肯,-11.0,-11.0,0.0,-11.0
2026-08-14,1580,新麥,-18.8,-19.105,0.0,-19.105
2026-08-14,1582,信錦,-29.208,0.0,-33.268,-62.476
2026-08-14,1583,程泰,0.0,0.0,0.0,0.0
2026-08-14,1584,精剛,109.746,112.558,0.0,112.558
2026-08-14,1586,和勤,-9.788,-9.816,0.0,-9.816
2026-08-14,1587,吉茂,-24.0,0.0,-24.05,-48.05
2026-08-14,1590,亞德客-KY,93.548,-120.0,85.344,58.892
2026-08-14,1591,駿吉-KY,-30.0,-30.0,0.0,-30.0
2026-08-14,1593,祺驊,-2.0,-2.0,0.0,-2.0
2026-08-14,1595,川寶,-31.0,-31.003,0.0,-31.003
2026-08-14,1597,直得,21.089,0.0,-46.647,-25.558
2026-08-14,1598,岱宇,207.643,0.0,173.643,381.286
2026-08-14,1599,宏佳騰,-1.0,-0.863,0.0,-0.863
2026-08-14,1603,華電,501.614,0.0,557.614,1059.228
2026-08-14,1604,聲寶,-55.0,0.0,-61.0,-116.0
2026-08-14,1605,華新,3904.527,-19.263,3256.939,7142.203
2026-08-14,1608,華榮,569.061,8.522,503.897,1081.48
2026-08-14,1609,大亞,1316.629,0.0,1296.171,2612.8
2026-08-14,1611,中電,174.964,0.0,184.962,359.926
2026-08-14,1612,宏泰,458.111,0.0,456.111,914.222
2026-08-14,1614,三洋電,-17.0,0.0,-17.0,-34.0
2026-08-14,1615,大山,-56.0,0.0,-34.0,-90.0
2026-08-14,1616,億泰,-84.014,0.0,-84.014,-168.028
2026-08-14,1617,榮星,172.476,0.0,181.338,353.814
2026-08-14,1618,合機,1162.129,0.0,1143.729,2305.858
2026-08-14,1623,大東電,-23.0,0.0,-23.532,-46.532
2026-08-14,1626,艾美特-KY,-32.0,0.0,-32.0,-64.0
2026-08-14,1702,南僑,-161.0,0.0,-163.836,-324.836
2026-08-14,1707,葡萄王,-13.589,0.0,-15.589,-29.178
2026-08-14,1708,東鹼,-295.266,0.0,-298.912,-594.178
2026-08-14,1709,和益,1077.667,0.0,1086.513,2164.18
2026-08-14,1710,東聯,1487.851,0.0,1452.843,2940.6940000000004
2026-08-14,1711,永光,-1055.937,0.0,-1082.767,-2138.704
2026-08-14,1712,興農,-405.861,0.0,-262.899,-668.76
2026-08-14,1713,國化,-80.03,0.0,-80.03,-160.06
2026-08-14,1714,和桐,878.625,0.0,1011.077,1889.702
2026-08-14,1717,長興,-8986.209,0.0,-12125.485,-21111.694000000003
2026-08-14,1718,中纖,2683.934,0.0,2764.016,5447.950000000001
2026-08-14,1720,生達,-245.0,0.0,-235.17,-480.17
2026-08-14,1721,三晃,57.117,0.0,59.117,116.234
2026-08-14,1722,台肥,-1356.806,0.0,-1356.244,-2713.05
2026-08-14,1723,中碳,-213.932,-2.0,-230.47,-446.402
2026-08-14,1725,元禎,-1.0,0.0,3.0,2.0
2026-08-14,1726,永記,-13.0,0.0,-9.0,-22.0
2026-08-14,1727,中華化,-120.852,0.0,-114.554,-235.406
2026-08-14,1730,花仙子,-8.0,0.0,-4.0,-12.0
2026-08-14,1731,美吾華,-4.0,0.0,-4.0,-8.0
2026-08-14,1732,毛寶,-27.0,0.0,-27.0,-54.0
2026-08-14,1733,五鼎,-40.284,0.0,-58.284,-98.568
2026-08-14,1734,杏輝,-136.152,0.0,-64.152,-200.304
2026-08-14,1735,日勝化,8.0,0.0,8.34,16.34
2026-08-14,1736,喬山,48.999,0.0,46.491,95.49
2026-08-14,1737,臺鹽,-18.426,0.0,-6.426,-24.852
2026-08-14,1752,南光,-4.0,0.0,-4.0,-8.0
2026-08-14,1760,寶齡富錦,-50.0,0.0,-52.0,-102.0
2026-08-14,1762,中化生,11.933,0.0,-6.067,5.866
2026-08-14,1773,勝一,-39.067,-144.0,-114.865,-297.932
2026-08-14,1776,展宇,9.0,0.0,-19.0,-10.0
2026-08-14,1777,生泰,-1.0,-1.0,0.0,-1.0
2026-08-14,1780,立弘,38.0,38.0,0.0,38.0
2026-08-14,1781,合世,0.0,-0.003,0.0,-0.003
2026-08-14,1783,和康生,-39.0,0.0,-31.0,-70.0
2026-08-14,1784,訊聯,-1.0,-1.337,0.0,-1.337
2026-08-14,1785,光洋科,-795.936,-799.931,0.0,-799.931
2026-08-14,1786,科妍,-71.929,0.0,-78.303,-150.232
2026-08-14,1788,杏昌,1.0,1.0,0.0,1.0
2026-08-14,1789,神隆,-321.009,0.0,-312.571,-633.58
2026-08-14,1795,美時,-822.843,0.0,-918.967,-1741.81
2026-08-14,1796,金穎生技,-1.0,-1.003,0.0,-1.003
2026-08-14,1799,易威,-39.638,-39.834,0.0,-39.834
2026-08-14,1802,台玻,1777.009,0.0,4008.227,5785.236
2026-08-14,1805,寶徠,-20.0,0.0,-20.0,-40.0
2026-08-14,1806,冠軍,-3.0,0.0,-9.0,-12.0
2026-08-14,1808,潤隆,-77.845,0.0,-77.845,-155.69
2026-08-14,1809,中釉,53.07,0.0,52.548,105.618
2026-08-14,1810,和成,892.792,14.266,822.81,1729.868
2026-08-14,1813,寶利徠,0.0,-0.426,0.0,-0.426
2026-08-14,1815,富喬,3244.015,3272.329,0.0,3272.329
2026-08-14,1817,凱撒衛,18.0,0.0,18.0,36.0
2026-08-14,1903,士紙,-34.0,0.0,-32.692,-66.69200000000001
2026-08-14,1904,正隆,570.285,0.0,676.129,1246.414
2026-08-14,1905,華紙,322.0,0.0,284.9,606.9
2026-08-14,1906,寶隆,9.0,0.0,27.0,36.0
2026-08-14,1907,永豐餘,-806.499,11.364,-814.499,-1609.634
2026-08-14,1909,榮成,2775.001,0.0,2756.823,5531.8240000000005
2026-08-14,2002,中鋼,-18956.289,-52.0,-19466.827,-38475.116
2026-08-14,2006,東和鋼鐵,-394.465,3.279,-428.345,-819.531
2026-08-14,2007,燁興,-105.0,0.0,-105.0,-210.0
2026-08-14,2008,高興昌,-1.0,0.0,-1.0,-2.0
2026-08-14,2009,第一銅,24.955,0.0,8.311,33.266
2026-08-14,2010,春源,-706.692,0.0,-693.494,-1400.186
2026-08-14,2012,春雨,-6.0,0.0,-6.0,-12.0
2026-08-14,2013,中鋼構,-25.0,0.0,-23.67,-48.67
2026-08-14,2014,中鴻,-2157.0,0.0,-2155.0,-4312.0
2026-08-14,2015,豐興,-267.868,0.0,-268.138,-536.006
2026-08-14,2017,官田鋼,-93.0,0.0,-93.0,-186.0
2026-08-14,2020,美亞,117.0,0.0,147.0,264.0
2026-08-14,2022,聚亨,-485.544,0.0,-485.544,-971.088
2026-08-14,2023,燁輝,-195.125,0.0,-281.125,-476.25
2026-08-14,2025,千興,-82.388,0.0,-150.388,-232.776
2026-08-14,2027,大成鋼,-6583.749,-5000.0,-8154.303,-19738.052
2026-08-14,2028,威致,-13.0,0.0,-9.0,-22.0
2026-08-14,2029,盛餘,-87.24,0.0,-117.24,-204.48
2026-08-14,2030,彰源,-454.204,0.0,-549.316,-1003.52
2026-08-14,2031,新光鋼,-1478.131,0.0,-1481.773,-2959.904
2026-08-14,2032,新鋼,-184.0,0.0,-223.89,-407.89
2026-08-14,2033,佳大,288.2,0.0,290.994,579.194
2026-08-14,2034,允強,-59.897,0.0,-61.833,-121.73
2026-08-14,2038,海光,6.011,0.0,-43.989,-37.978
2026-08-14,2049,上銀,460.807,0.0,-0.727,460.08
2026-08-14,2059,川湖,-4.953,-9.119,-13.923,-27.995
2026-08-14,2061,風青,-83.982,-82.635,0.0,-82.635
2026-08-14,2062,橋椿,0.0,0.0,14.0,14.0
2026-08-14,2063,世鎧,-8.0,-8.01,0.0,-8.01
2026-08-14,2064,晉椿,9.0,8.967,0.0,8.967
2026-08-14,2065,世豐,-7.0,-23.38,0.0,-23.38
2026-08-14,2066,世德,14.0,8.219,0.0,8.219
2026-08-14,2069,運錩,-59.972,0.0,-93.972,-153.944
2026-08-14,2070,精湛,-67.95,-68.524,0.0,-68.524
2026-08-14,2072,世紀風電,-53.04,0.0,-51.04,-104.08
2026-08-14,2101,南港,-5110.152,0.0,-5201.964,-10312.116
2026-08-14,2102,泰豐,-19.0,0.0,-19.0,-38.0
2026-08-14,2103,台橡,-2826.461,0.0,-2794.677,-5621.138
2026-08-14,2104,國際中橡,-80.102,0.0,-226.706,-306.808
2026-08-14,2105,正新,-4133.828,115.561,-4570.93,-8589.197
2026-08-14,2106,建大,-409.0,0.0,-379.028,-788.028
2026-08-14,2107,厚生,-13.129,0.0,-13.129,-26.258
2026-08-14,2108,南帝,-419.093,0.0,-427.229,-846.322
2026-08-14,2109,華豐,-9.0,0.0,-11.0,-20.0
2026-08-14,2114,鑫永銓,2.0,0.0,4.0,6.0
2026-08-14,2115,六暉-KY,3.0,0.0,3.0,6.0
2026-08-14,2201,裕隆,873.198,3.0,1091.922,1968.12
2026-08-14,2204,中華,750.798,0.0,790.106,1540.904
2026-08-14,2206,三陽工業,-141.838,0.0,-145.542,-287.38
2026-08-14,2207,和泰車,-67.304,5.636,-67.128,-128.796
2026-08-14,2208,台船,-4016.38,0.0,-4016.33,-8032.71
2026-08-14,2211,長榮鋼,242.398,0.0,223.556,465.954
2026-08-14,2221,大甲,-5.392,-7.992,0.0,-7.992
2026-08-14,2227,裕日車,-9.5,0.0,-9.5,-19.0
2026-08-14,2228,劍麟,26.862,0.0,26.572,53.434
2026-08-14,2230,泰茂,6.0,3.942,0.0,3.942
2026-08-14,2231,為升,-81.461,0.0,-73.877,-155.338
2026-08-14,2233,宇隆,-101.342,0.0,-206.98,-308.322
2026-08-14,2235,謚源,3.0,3.0,0.0,3.0
2026-08-14,2236,百達-KY,62.0,0.0,107.24,169.24
2026-08-14,2237,華德動能-創,-34.0,0.0,-34.0,-68.0
2026-08-14,2239,英利-KY,-4.0,0.0,-4.062,-8.062000000000001
2026-08-14,2241,艾姆勒,-83.711,0.0,-84.993,-168.704
2026-08-14,2243,宏旭-KY,9.45,0.0,10.754,20.204
2026-08-14,2247,汎德永業,-38.984,0.0,-38.984,-77.968
2026-08-14,2248,華勝-KY,3.0,0.0,3.0,6.0
2026-08-14,2250,IKKA-KY,12.0,0.0,12.0,24.0
2026-08-14,2254,巨鎧精密-創,-3.0,0.0,5.0,2.0
2026-08-14,2258,鴻華先進-創,-53.0,0.0,-47.0,-100.0
2026-08-14,2301,光寶科,-1381.174,-19.663,-1793.032,-3193.869
2026-08-14,2302,麗正,335.478,0.0,334.988,670.466
2026-08-14,2303,聯電,-4510.131,-8593.921,-2427.641,-15531.693
2026-08-14,2305,全友,-1793.131,0.0,-1795.847,-3588.978
2026-08-14,2308,台達電,-992.09,155.391,-1336.792,-2173.491
2026-08-14,2312,金寶,1699.091,4.0,2146.307,3849.398
2026-08-14,2313,華通,2523.325,-598.0,1977.843,3903.168
2026-08-14,2314,台揚,-14.0,0.0,-14.0,-28.0
2026-08-14,2316,楠梓電,-342.251,0.0,-409.013,-751.2639999999999
2026-08-14,2317,鴻海,3071.895,-2552.481,1432.583,1951.997
2026-08-14,2323,中環,470.0,0.0,674.374,1144.374
2026-08-14,2324,仁寶,47849.797,-46.924,55667.841,103470.714
2026-08-14,2327,國巨*,-22289.25,1473.516,-23403.434,-44219.168000000005
2026-08-14,2328,廣宇,206.085,0.0,147.507,353.592
2026-08-14,2329,華泰,-1565.289,0.0,-1613.171,-3178.46
2026-08-14,2330,台積電,-3024.347,-380.548,-3770.089,-7174.984
2026-08-14,2331,精英,736.016,0.0,828.49,1564.506
2026-08-14,2332,友訊,1663.035,0.0,1761.849,3424.884
2026-08-14,2337,旺宏,7707.343,-15.0,7415.977,15108.32
2026-08-14,2338,光罩,-390.34,0.0,-401.962,-792.3019999999999
2026-08-14,2340,台亞,-760.942,0.0,-772.168,-1533.11
2026-08-14,2342,茂矽,287.733,0.0,279.285,567.018
2026-08-14,2344,華邦電,55890.918,3770.315,60469.056,120130.289
2026-08-14,2345,智邦,447.019,-168.969,523.685,801.7349999999999
2026-08-14,2347,聯強,539.548,233.0,262.16,1034.708
2026-08-14,2348,海悅,-64.0,0.0,-77.856,-141.856
2026-08-14,2349,錸德,-1865.58,0.0,-1845.58,-3711.16
2026-08-14,2351,順德,122.055,0.0,18.977,141.032
2026-08-14,2352,佳世達,-3659.647,-9.0,-3539.723,-7208.37
2026-08-14,2353,宏碁,11128.449,-335.809,15749.219,26541.859
2026-08-14,2354,鴻準,3305.991,-8.0,2626.207,5924.198
2026-08-14,2355,敬鵬,-810.097,0.0,-856.945,-1667.042
2026-08-14,2356,英業達,15237.019,-308.227,16444.305,31373.097
2026-08-14,2357,華碩,8240.599,-217.917,8368.623,16391.305
2026-08-14,2359,所羅門,3199.233,0.0,3184.769,6384.002
2026-08-14,2360,致茂,156.093,10.881,90.663,257.637
2026-08-14,2362,藍天,1404.0,0.0,1400.002,2804.002
2026-08-14,2363,矽統,105.142,0.0,-55.962,49.17999999999999
2026-08-14,2364,倫飛,197.272,0.0,205.272,402.544
2026-08-14,2365,昆盈,-279.853,0.0,-271.853,-551.706
2026-08-14,2367,燿華,592.963,0.0,603.831,1196.794
2026-08-14,2368,金像電,-1313.743,1359.915,-1264.059,-1217.887
2026-08-14,2369,菱生,833.074,0.0,893.242,1726.3159999999998
2026-08-14,2371,大同,1431.396,-15.0,1631.396,3047.792
2026-08-14,2373,震旦行,-7.0,0.0,3.0,-4.0
2026-08-14,2374,佳能,448.0,0.0,407.634,855.634
2026-08-14,2375,凱美,-2960.0,0.0,-3092.836,-6052.835999999999
2026-08-14,2376,技嘉,5115.635,-4.299,5210.803,10322.139
2026-08-14,2377,微星,-4855.686,-4.0,-7763.11,-12622.795999999998
2026-08-14,2379,瑞昱,-371.985,-6.046,-538.881,-916.912
2026-08-14,2382,廣達,6634.021,147.606,5547.441,12329.068
2026-08-14,2383,台光電,595.129,169.94,536.313,1301.382
2026-08-14,2385,群光,1020.296,19.844,925.702,1965.842
2026-08-14,2387,精元,-235.0,0.0,-234.502,-469.502
2026-08-14,2388,威盛,-819.215,0.0,-592.453,-1411.668
2026-08-14,2390,云辰,72.0,0.0,14.0,86.0
2026-08-14,2392,正崴,1720.402,0.0,1687.788,3408.19
2026-08-14,2393,億光,-1168.837,0.0,-1074.279,-2243.116
2026-08-14,2395,研華,530.97,-4.085,87.7,614.585
2026-08-14,2397,友通,-42.0,0.0,-18.0,-60.0
2026-08-14,2399,映泰,2464.733,0.0,2390.603,4855.336
2026-08-14,2401,凌陽,-134.984,0.0,-288.85,-423.83400000000006
2026-08-14,2402,毅嘉,231.85,0.0,235.844,467.694
2026-08-14,2404,漢唐,601.482,-414.0,637.552,825.034
2026-08-14,2405,輔信,-64.0,0.0,-68.0,-132.0
2026-08-14,2406,國碩,-3674.329,0.0,-3840.543,-7514.872
2026-08-14,2408,南亞科,-10026.27,330.665,-11018.368,-20713.973
2026-08-14,2409,友達,4298.497,-49.89,8002.571,12251.178
2026-08-14,2412,中華電,-4262.279,1508.867,-4248.255,-7001.667
2026-08-14,2413,環科,18.246,0.0,18.366,36.612
2026-08-14,2414,精技,100.585,0.0,64.585,165.17
2026-08-14,2415,錩新,-7.7,0.0,-7.968,-15.668
2026-08-14,2417,圓剛,302.136,0.0,302.136,604.272
2026-08-14,2419,仲琦,23.3,0.0,23.302,46.602
2026-08-14,2420,新巨,545.932,0.0,589.654,1135.586
2026-08-14,2421,建準,-229.477,2.0,-396.331,-623.808
2026-08-14,2423,固緯,-46.836,0.0,-38.836,-85.672
2026-08-14,2424,隴華,-2.0,0.0,-2.0,-4.0
2026-08-14,2425,承啟,-185.794,0.0,-177.794,-363.588
2026-08-14,2426,鼎元,-1549.295,0.0,-1558.361,-3107.656
2026-08-14,2427,三商電,523.617,0.0,537.617,1061.234
2026-08-14,2428,興勤,-534.943,20.0,-562.077,-1077.02
2026-08-14,2429,銘旺科,209.983,0.0,225.023,435.006
2026-08-14,2430,燦坤,3.0,0.0,13.0,16.0
2026-08-14,2431,聯昌,18.0,0.0,-40.0,-22.0
2026-08-14,2432,倚天酷碁-創,-7.0,0.0,-1.0,-8.0
2026-08-14,2433,互盛電,-1.0,0.0,7.0,6.0
2026-08-14,2434,統懋,-123.002,0.0,-121.968,-244.97
2026-08-14,2436,偉詮電,275.737,0.0,-745.165,-469.428
2026-08-14,2438,翔耀,-14.0,0.0,-12.0,-26.0
2026-08-14,2439,美律,-476.914,1.0,-518.918,-994.832
2026-08-14,2440,太空梭,-320.265,0.0,-344.265,-664.53
2026-08-14,2441,超豐,-64.944,-1.0,-248.542,-314.486
2026-08-14,2442,新美齊,-274.0,0.0,-274.0,-548.0
2026-08-14,2444,兆勁,-32.0,0.0,-34.0,-66.0
2026-08-14,2449,京元電子,-6205.401,-79.385,-6644.533,-12929.319
2026-08-14,2450,神腦,-60.0,0.0,-60.0,-120.0
2026-08-14,2451,創見,-1344.522,-4.0,-1575.622,-2924.144
2026-08-14,2453,凌群,88.0,0.0,88.0,176.0
2026-08-14,2454,聯發科,1494.967,-514.292,234.583,1215.258
2026-08-14,2455,全新,-19.833,-18.0,-141.961,-179.794
2026-08-14,2457,飛宏,375.554,0.0,313.118,688.672
2026-08-14,2458,義隆,-774.71,-148.0,-785.256,-1707.966
2026-08-14,2459,敦吉,-21.0,0.0,-7.0,-28.0
2026-08-14,2460,建通,-24.227,0.0,-20.227,-44.454
2026-08-14,2461,光群雷,-41.451,0.0,-75.471,-116.922
2026-08-14,2462,良得電,26.0,0.0,27.032,53.032
2026-08-14,2464,盟立,1778.395,0.0,1654.593,3432.9880000000003
2026-08-14,2465,麗臺,-1303.877,0.0,-1463.567,-2767.444
2026-08-14,2466,冠西電,-113.978,0.0,-106.978,-220.956
2026-08-14,2467,志聖,-142.52,-1.0,-161.294,-304.814
2026-08-14,2468,華經,-158.471,0.0,-160.471,-318.942
2026-08-14,2471,資通,35.0,0.0,39.0,74.0
2026-08-14,2472,立隆電,-27.948,-61.0,-102.482,-191.43
2026-08-14,2474,可成,-14.229,22.0,-178.137,-170.366
2026-08-14,2476,鉅祥,-710.883,0.0,-493.455,-1204.338
2026-08-14,2477,美隆電,-59.099,0.0,-57.099,-116.198
2026-08-14,2478,大毅,397.846,0.0,342.098,739.944
2026-08-14,2480,敦陽科,17.157,0.0,2.963,20.12
2026-08-14,2481,強茂,-1575.783,0.0,-1958.155,-3533.938
2026-08-14,2482,連宇,-70.0,0.0,-70.936,-140.936
2026-08-14,2483,百容,-1315.963,0.0,-1325.957,-2641.92
2026-08-14,2484,希華,-621.239,0.0,-657.459,-1278.698
2026-08-14,2485,兆赫,763.777,0.0,779.165,1542.942
2026-08-14,2486,一詮,135.194,0.0,112.742,247.936
2026-08-14,2488,漢平,-43.124,0.0,-49.124,-92.248
2026-08-14,2489,瑞軒,1382.088,0.0,1316.022,2698.11
2026-08-14,2491,吉祥全,-24.0,0.0,-24.0,-48.0
2026-08-14,2492,華新科,-8577.048,414.0,-10975.984,-19139.032
2026-08-14,2493,揚博,-261.756,0.0,-293.512,-555.268
2026-08-14,2495,普安,36.0,1.0,27.914,64.914
2026-08-14,2496,卓越,3.0,0.0,3.0,6.0
2026-08-14,2497,怡利電,-31.0,0.0,-35.34,-66.34
2026-08-14,2498,宏達電,868.36,0.0,835.264,1703.624
2026-08-14,2501,國建,-32.781,0.0,-38.781,-71.562
2026-08-14,2504,國產,-1725.0,0.0,-1724.8,-3449.8
2026-08-14,2505,國揚,64.154,0.0,64.154,128.308
2026-08-14,2506,太設,-37.177,0.0,-19.177,-56.354
2026-08-14,2509,全坤建,-2.0,0.0,0.0,-2.0
2026-08-14,2511,太子,-1260.0,0.0,-1244.0,-2504.0
2026-08-14,2514,龍邦,-62.0,0.0,-66.0,-128.0
2026-08-14,2515,中工,-3239.0,0.0,-3183.0,-6422.0
2026-08-14,2516,新建,20.959,0.0,20.959,41.918
2026-08-14,2520,冠德,-125.373,0.0,-159.947,-285.32
2026-08-14,2524,京城,-11.0,0.0,-11.0,-22.0
2026-08-14,2527,宏璟,145.33,0.0,130.982,276.312
2026-08-14,2528,皇普,-63.807,0.0,-63.807,-127.614
2026-08-14,2530,華建,-192.0,0.0,-192.0,-384.0
2026-08-14,2534,宏盛,-42.353,0.0,-76.149,-118.502
2026-08-14,2535,達欣工,14.811,0.0,14.811,29.622
2026-08-14,2536,宏普,-2166.0,0.0,-2178.0,-4344.0
2026-08-14,2537,聯上發,-206.192,0.0,-261.742,-467.934
2026-08-14,2538,基泰,-138.0,0.0,-138.0,-276.0
2026-08-14,2539,櫻花建,-534.915,0.0,-514.113,-1049.028
2026-08-14,2540,愛山林,243.665,0.0,191.665,435.33
2026-08-14,2542,興富發,-1661.516,451.0,-1545.716,-2756.232
2026-08-14,2543,皇昌,-54.899,0.0,-50.855,-105.754
2026-08-14,2545,皇翔,-168.887,0.0,-174.889,-343.776
2026-08-14,2546,根基,-30.0,0.0,-30.0,-60.0
2026-08-14,2547,日勝生,-1280.0,0.0,-1248.0,-2528.0
2026-08-14,2548,華固,-416.293,0.0,-433.015,-849.308
2026-08-14,2596,綠意,0.0,0.0,0.0,0.0
2026-08-14,2597,潤弘,-38.951,1.539,-69.281,-106.693
2026-08-14,2601,益航,556.0,0.0,556.0,1112.0
2026-08-14,2603,長榮,7906.374,7.781,8217.338,16131.493
2026-08-14,2605,新興,2594.254,0.0,3244.936,5839.1900000000005
2026-08-14,2606,裕民,735.533,-7.0,736.169,1464.702
2026-08-14,2607,榮運,-264.89,0.0,-264.89,-529.78
2026-08-14,2608,嘉里大榮,-140.0,0.0,-124.0,-264.0
2026-08-14,2609,陽明,1716.323,19.559,1469.889,3205.771
2026-08-14,2610,華航,-16369.908,426.0,-16699.69,-32643.598
2026-08-14,2611,志信,-114.0,0.0,-116.0,-230.0
2026-08-14,2612,中航,-70.933,0.0,-35.933,-106.866
2026-08-14,2613,中櫃,-18.0,0.0,-10.0,-28.0
2026-08-14,2614,東森,-63.61,0.0,-95.61,-159.22
2026-08-14,2615,萬海,14818.809,-28.676,16055.761,30845.894
2026-08-14,2616,山隆,-37.0,0.0,-37.394,-74.394
2026-08-14,2617,台航,-134.843,0.0,-134.941,-269.784
2026-08-14,2618,長榮航,-16123.677,451.289,-18065.065,-33737.452999999994
2026-08-14,2630,亞航,244.322,0.0,435.608,679.9300000000001
2026-08-14,2633,台灣高鐵,-2780.966,430.0,-2764.174,-5115.139999999999
2026-08-14,2634,漢翔,6343.082,0.0,9124.486,15467.568
2026-08-14,2636,台驊控股,228.09,0.0,264.08,492.17
2026-08-14,2637,慧洋-KY,674.846,-5.0,658.218,1328.064
2026-08-14,2640,大車隊,16.0,16.38,0.0,16.38
2026-08-14,2641,正德,103.0,102.6,0.0,102.6
2026-08-14,2642,宅配通,6.0,0.0,6.0,12.0
2026-08-14,2643,捷迅,6.0,5.0,0.0,5.0
2026-08-14,2645,長榮航太,-3022.3,-1.0,-2890.904,-5914.204
2026-08-14,2646,星宇航空,-971.5,0.0,-990.47,-1961.97
2026-08-14,2701,萬企,0.0,0.0,4.0,4.0
2026-08-14,2702,華園,8.0,0.0,12.0,20.0
2026-08-14,2704,國賓,-70.0,0.0,-70.0,-140.0
2026-08-14,2705,六福,-45.053,0.0,-45.053,-90.106
2026-08-14,2706,第一店,-6.0,0.0,-6.0,-12.0
2026-08-14,2707,晶華,-49.962,0.0,-50.456,-100.418
2026-08-14,2718,全心投控,3.0,3.0,0.0,3.0
2026-08-14,2719,燦星旅,-1.0,-1.025,0.0,-1.025
2026-08-14,2722,夏都,-4.0,0.0,-4.0,-8.0
2026-08-14,2723,美食-KY,-99.792,0.0,-99.892,-199.684
2026-08-14,2727,王品,-78.964,0.0,-85.98,-164.94400000000002
2026-08-14,2729,瓦城,1.0,1.0,0.0,1.0
2026-08-14,2731,雄獅,-187.963,-45.071,-185.963,-418.997
2026-08-14,2732,六角,2.0,1.871,0.0,1.871
2026-08-14,2734,易飛網,2.0,2.0,0.0,2.0
2026-08-14,2736,富野,3.0,2.904,0.0,2.904
2026-08-14,2739,寒舍,38.0,0.0,38.0,76.0
2026-08-14,2743,山富,22.3,22.173,0.0,22.173
2026-08-14,2745,五福,-3.0,-2.316,0.0,-2.316
2026-08-14,2748,雲品,0.0,0.0,-34.0,-34.0
2026-08-14,2752,豆府,-1.0,-1.0,0.0,-1.0
2026-08-14,2753,八方雲集,-70.98,0.0,-73.194,-144.174
2026-08-14,2754,亞洲藏壽司,-2.0,-1.998,0.0,-1.998
2026-08-14,2755,揚秦,-2.0,-2.254,0.0,-2.254
2026-08-14,2756,聯發國際,1.0,0.748,0.0,0.748
2026-08-14,2762,世界健身-KY,-18.0,0.0,-18.0,-36.0
2026-08-14,2801,彰銀,1679.927,-12.0,1429.641,3097.568
2026-08-14,2812,台中銀,-126.0,-121.0,-58.0,-305.0
2026-08-14,2816,旺旺保,7.948,0.0,19.948,27.896
2026-08-14,2820,華票,-1228.0,0.0,-1124.0,-2352.0
2026-08-14,2832,台產,-8.4,0.0,-8.4,-16.8
2026-08-14,2834,臺企銀,-16414.53,-282.0,-16212.53,-32909.06
2026-08-14,2836,高雄銀,-1063.0,0.0,-951.006,-2014.006
2026-08-14,2838,聯邦銀,-1304.0,0.0,-1115.736,-2419.736
2026-08-14,2845,遠東銀,595.8,-3.0,687.8,1280.6
2026-08-14,2849,安泰銀,-48.0,0.0,-56.2,-104.2
2026-08-14,2850,新產,-50.977,0.0,-40.889,-91.866
2026-08-14,2851,中再保,1860.551,0.0,1537.275,3397.826
2026-08-14,2852,第一保,32.0,0.0,36.0,68.0
2026-08-14,2855,統一證,-636.658,602.0,-636.658,-671.316
2026-08-14,2867,三商壽,5024.0,0.0,4986.0,10010.0
2026-08-14,2880,華南金,-6850.303,11674.296,-14851.165,-10027.172
2026-08-14,2881,富邦金,1416.525,0.055,951.013,2367.5930000000003
2026-08-14,2882,國泰金,7837.903,-31.112,7950.739,15757.53
2026-08-14,2883,凱基金,-4054.502,25023.853,-5037.018,15932.333
2026-08-14,2884,玉山金,-17361.306,18352.271,-17704.976,-16714.011
2026-08-14,2885,元大金,-9277.473,5100.912,-9394.495,-13571.056
2026-08-14,2886,兆豐金,11358.753,15554.335,6974.609,33887.697
2026-08-14,2887,台新新光金,17660.523,25041.136,16411.791,59113.45
2026-08-14,2889,國票金,2886.0,0.0,2961.8,5847.8
2026-08-14,2890,永豐金,-2997.634,14420.641,-5795.122,5627.884999999999
2026-08-14,2891,中信金,1792.051,224.674,786.959,2803.684
2026-08-14,2892,第一金,-3851.813,14618.712,-3245.097,7521.802
2026-08-14,2897,王道銀行,-1851.0,0.0,-1847.0,-3698.0
2026-08-14,2901,欣欣,-3.0,0.0,-1.0,-4.0
2026-08-14,2903,遠百,-1379.676,0.0,-1325.676,-2705.352
2026-08-14,2904,匯僑,-6.0,0.0,-2.0,-8.0
2026-08-14,2905,三商,1253.984,0.0,1139.984,2393.968
2026-08-14,2906,高林,7.0,0.0,33.0,40.0
2026-08-14,2908,特力,-5.0,0.0,-9.0,-14.0
2026-08-14,2910,統領,-4.0,0.0,-4.0,-8.0
2026-08-14,2911,麗嬰房,9.0,0.0,19.0,28.0
2026-08-14,2912,統一超,-915.755,1.157,-919.755,-1834.353
2026-08-14,2913,農林,-110.0,0.0,-136.0,-246.0
2026-08-14,2915,潤泰全,4436.636,-2.0,4543.036,8977.672
2026-08-14,2916,滿心,-12.0,-12.0,0.0,-12.0
2026-08-14,2923,鼎固-KY,-110.0,0.0,-118.0,-228.0
2026-08-14,2926,誠品生活,-1.0,-1.0,0.0,-1.0
2026-08-14,2929,淘帝-KY,-33.0,0.0,-29.862,-62.862
2026-08-14,2937,集雅社,-0.008,-0.008,0.0,-0.008
2026-08-14,2939,永邑-KY,-2.0,0.0,-2.0,-4.0
2026-08-14,2945,三商家購,-2.0,0.0,-2.0,-4.0
2026-08-14,2947,振宇五金,-0.8,-0.8,0.0,-0.8
2026-08-14,3002,歐格,35.0,0.0,35.0,70.0
2026-08-14,3003,健和興,-182.91,0.0,-200.04,-382.95
2026-08-14,3004,豐達科,-21.305,-60.0,-73.789,-155.094
2026-08-14,3005,神基,1321.587,-4.0,1393.293,2710.88
2026-08-14,3006,晶豪科,412.118,0.0,441.21,853.328
2026-08-14,3008,大立光,-71.481,85.268,-218.281,-204.494
2026-08-14,3010,華立,-296.146,0.0,-288.544,-584.69
2026-08-14,3011,今皓,-136.0,0.0,-136.0,-272.0
2026-08-14,3013,晟銘電,-137.842,0.0,-101.156,-238.998
2026-08-14,3014,聯陽,-57.952,-2.0,-58.02,-117.972
2026-08-14,3015,全漢,24.22,-4.0,20.788,41.008
2026-08-14,3016,嘉晶,452.53,0.0,399.266,851.796
2026-08-14,3017,奇鋐,1107.981,784.941,714.421,2607.343
2026-08-14,3018,隆銘綠能,-20.0,0.0,-34.04,-54.04
2026-08-14,3019,亞光,-19.405,0.0,-76.247,-95.652
2026-08-14,3021,鴻名,-8.0,0.0,-8.0,-16.0
2026-08-14,3022,威強電,-1249.354,0.0,-1220.548,-2469.902
2026-08-14,3023,信邦,75.642,-1.0,35.218,109.86
2026-08-14,3024,憶聲,255.037,0.0,265.037,520.074
2026-08-14,3025,星通,-10.578,0.0,-10.062,-20.64
2026-08-14,3026,禾伸堂,141.246,-15.0,215.006,341.252
2026-08-14,3027,盛達,22.0,0.0,-13.034,8.966
2026-08-14,3028,增你強,-292.236,0.0,-333.022,-625.258
2026-08-14,3029,零壹,866.054,0.0,850.434,1716.4879999999998
2026-08-14,3030,德律,-171.692,-1.0,-295.634,-468.326
2026-08-14,3031,佰鴻,17.454,0.0,20.748,38.202
2026-08-14,3032,偉訓,188.12,0.0,186.12,374.24
2026-08-14,3033,威健,-93.783,0.0,-189.683,-283.466
2026-08-14,3034,聯詠,-599.836,-53.078,-788.314,-1441.228
2026-08-14,3035,智原,-51.121,0.0,-188.427,-239.548
2026-08-14,3036,文曄,-395.058,-36.78,-712.704,-1144.542
2026-08-14,3037,欣興,3480.0,-85.242,4263.102,7657.86
2026-08-14,3038,全台,32.0,0.0,32.0,64.0
2026-08-14,3040,遠見,3.0,0.0,3.0,6.0
2026-08-14,3041,揚智,-0.88,0.0,1.12,0.2400000000000001
2026-08-14,3042,晶技,-658.833,0.0,-1909.679,-2568.512
2026-08-14,3043,科風,61.0,0.0,39.0,100.0
2026-08-14,3044,健鼎,-394.036,108.971,-484.758,-769.823
2026-08-14,3045,台灣大,-1948.626,-257.05,-2114.258,-4319.933999999999
2026-08-14,3046,建碁,62.148,0.0,64.148,126.296
2026-08-14,3047,訊舟,424.17,0.0,382.024,806.194
2026-08-14,3048,益登,-970.881,0.0,-1078.117,-2048.998
2026-08-14,3049,精金,-443.821,0.0,-442.649,-886.47
2026-08-14,3050,鈺德,84.001,0.0,162.001,246.002
2026-08-14,3051,力特,201.145,0.0,231.145,432.29
2026-08-14,3052,夆典,114.0,0.0,122.0,236.0
2026-08-14,3054,立萬利,-3.0,0.0,-5.0,-8.0
2026-08-14,3055,蔚華科,-266.98,0.0,-267.978,-534.9580000000001
2026-08-14,3056,富華新,383.667,0.0,378.143,761.81
2026-08-14,3057,喬鼎,-35.0,0.0,-35.0,-70.0
2026-08-14,3058,立德,-1.0,0.0,-75.0,-76.0
2026-08-14,3059,華晶科,318.615,2.0,285.873,606.488
2026-08-14,3060,銘異,231.26,0.0,221.642,452.902
2026-08-14,3062,建漢,276.868,0.0,230.49,507.358
2026-08-14,3066,李洲,-116.928,-127.114,0.0,-127.114
2026-08-14,3071,協禧,-65.0,-65.148,0.0,-65.148
2026-08-14,3073,天方能源,-1.0,-1.0,0.0,-1.0
2026-08-14,3078,僑威,23.3,30.083,0.0,30.083
2026-08-14,3081,聯亞,-33.028,-24.032,0.0,-24.032
2026-08-14,3083,網龍,-39.875,-39.604,0.0,-39.604
2026-08-14,3086,華義*,-16.0,-18.612,0.0,-18.612
2026-08-14,3088,艾訊,-632.61,-698.906,0.0,-698.906
2026-08-14,3090,日電貿,-1171.752,0.0,-1298.154,-2469.906
2026-08-14,3092,鴻碩,10.264,0.0,8.342,18.606
2026-08-14,3093,港建*,1.0,-0.892,0.0,-0.892
2026-08-14,3094,聯傑,-1698.411,0.0,-1700.021,-3398.432
2026-08-14,3095,及成,-1.0,-1.001,0.0,-1.001
2026-08-14,3105,穩懋,-1286.754,-1369.826,0.0,-1369.826
2026-08-14,3114,好德,144.259,144.306,0.0,144.306
2026-08-14,3118,進階,-1.0,1.918,0.0,1.918
2026-08-14,3122,笙泉,22.061,22.034,0.0,22.034
2026-08-14,3128,昇銳,0.0,0.534,0.0,0.534
2026-08-14,3130,一零四,-12.0,0.0,-12.0,-24.0
2026-08-14,3131,弘塑,-148.674,-140.349,0.0,-140.349
2026-08-14,3135,凌航,-246.376,0.0,-259.308,-505.684
2026-08-14,3138,耀登,-3.0,0.0,-8.962,-11.962
2026-08-14,3141,晶宏,-124.554,-154.051,0.0,-154.051
2026-08-14,3147,大綜,69.666,72.72,0.0,72.72
2026-08-14,3149,正達,-595.61,0.0,-596.606,-1192.216
2026-08-14,3150,鈺寶-創,-10.0,0.0,20.0,10.0
2026-08-14,3152,璟德,6.0,4.953,0.0,4.953
2026-08-14,3162,精確,-225.0,-254.128,0.0,-254.128
2026-08-14,3163,波若威,-100.638,-98.238,0.0,-98.238
2026-08-14,3164,景岳,-3.0,0.0,-3.0,-6.0
2026-08-14,3167,大量,29.0,0.0,40.818,69.818
2026-08-14,3168,眾福科,-2.0,0.0,-2.0,-4.0
2026-08-14,3169,亞信,-15.94,-14.863,0.0,-14.863
2026-08-14,3176,基亞,-183.08,-183.08,0.0,-183.08
2026-08-14,3178,公準,-12.0,-11.52,0.0,-11.52
2026-08-14,3188,鑫龍騰,-3.0,-15.996,0.0,-15.996
2026-08-14,3189,景碩,681.571,-961.0,969.191,689.7620000000001
2026-08-14,3191,雲嘉南,-1.0,-1.0,0.0,-1.0
2026-08-14,3205,佰研,4.0,4.0,0.0,4.0
2026-08-14,3206,志豐,3.0,3.0,0.0,3.0
2026-08-14,3207,耀勝,-167.652,-170.822,0.0,-170.822
2026-08-14,3209,全科,-1252.849,0.0,-1346.159,-2599.008
2026-08-14,3211,順達,248.345,-22.332,0.0,-22.332
2026-08-14,3213,茂訊,92.726,87.242,0.0,87.242
2026-08-14,3217,優群,-456.0,-615.583,0.0,-615.583
2026-08-14,3218,大學光,-419.0,-416.597,0.0,-416.597
2026-08-14,3219,倚強科,36.0,34.38,0.0,34.38
2026-08-14,3221,台嘉碩,-617.601,-647.984,0.0,-647.984
2026-08-14,3224,三顧,-2.0,-2.055,0.0,-2.055
2026-08-14,3226,龍鋒,0.0,-1.0,0.0,-1.0
2026-08-14,3227,原相,-195.472,-198.613,0.0,-198.613
2026-08-14,3228,金麗科,13.15,13.147,0.0,13.147
2026-08-14,3229,晟鈦,-36.032,0.0,-36.032,-72.064
2026-08-14,3230,錦明,270.0,274.403,0.0,274.403
2026-08-14,3231,緯創,-555.762,-2862.731,-1018.91,-4437.403
2026-08-14,3232,昱捷,-3.0,-3.0,0.0,-3.0
2026-08-14,3234,光環,756.386,531.974,0.0,531.974
2026-08-14,3236,千如,-419.375,-437.428,0.0,-437.428
2026-08-14,3252,海灣,4.0,4.0,0.0,4.0
2026-08-14,3257,虹冠電,-34.0,0.0,-32.0,-66.0
2026-08-14,3259,鑫創,2.0,1.99,0.0,1.99
2026-08-14,3260,威剛,-43.407,-96.78,0.0,-96.78
2026-08-14,3264,欣銓,-903.432,-1055.696,0.0,-1055.696
2026-08-14,3265,台星科,221.479,190.921,0.0,190.921
2026-08-14,3266,昇陽,4.0,0.0,4.0,8.0
2026-08-14,3268,海德威,-6.0,-6.0,0.0,-6.0
2026-08-14,3272,東碩,3.0,3.16,0.0,3.16
2026-08-14,3276,宇環,-27.714,-27.7,0.0,-27.7
2026-08-14,3284,太普高,-121.81,-122.564,0.0,-122.564
2026-08-14,3285,微端,-19.0,-17.0,0.0,-17.0
2026-08-14,3287,廣寰科,-65.0,-65.178,0.0,-65.178
2026-08-14,3288,點晶,0.0,0.0,0.0,0.0
2026-08-14,3289,宜特,-338.0,-368.359,0.0,-368.359
2026-08-14,3290,東浦,-401.97,-481.911,0.0,-481.911
2026-08-14,3293,鈊象,-320.897,-300.495,0.0,-300.495
2026-08-14,3294,英濟,74.098,74.098,0.0,74.098
2026-08-14,3296,勝德,-3.0,0.0,-5.0,-8.0
2026-08-14,3297,杭特,-6.0,-6.149,0.0,-6.149
2026-08-14,3303,岱稜,-39.0,-38.416,0.0,-38.416
2026-08-14,3305,昇貿,-674.685,0.0,-804.777,-1479.462
2026-08-14,3306,鼎天,-10.0,-9.997,0.0,-9.997
2026-08-14,3308,聯德,-2.0,0.0,-2.0,-4.0
2026-08-14,3310,佳穎,-2.0,-2.0,0.0,-2.0
2026-08-14,3311,閎暉,-53.0,0.0,-51.0,-104.0
2026-08-14,3312,弘憶股,-1536.009,0.0,-1460.547,-2996.556
2026-08-14,3313,斐成,-45.0,-44.895,0.0,-44.895
2026-08-14,3317,尼克森,-64.951,-68.162,0.0,-68.162
2026-08-14,3321,同泰,-16.0,0.0,-14.0,-30.0
2026-08-14,3322,建舜電,10.0,10.178,0.0,10.178
2026-08-14,3323,加百裕,36.0,36.821,0.0,36.821
2026-08-14,3324,雙鴻,348.67,289.81,0.0,289.81
2026-08-14,3325,旭品,-33.0,-32.749,0.0,-32.749
2026-08-14,3338,泰碩,-7.0,0.0,-5.0,-12.0
2026-08-14,3339,泰谷,-121.548,-121.775,0.0,-121.775
2026-08-14,3346,麗清,-120.0,0.0,-119.37,-239.37
2026-08-14,3349,寶德,-14.0,-14.152,0.0,-14.152
2026-08-14,3354,律勝,19.0,18.338,0.0,18.338
2026-08-14,3356,奇偶,909.041,0.0,925.171,1834.212
2026-08-14,3357,臺慶科,-1021.806,-1209.371,0.0,-1209.371
2026-08-14,3360,尚立,-90.0,-90.599,0.0,-90.599
2026-08-14,3362,先進光,-571.796,-579.912,0.0,-579.912
2026-08-14,3363,上詮,-140.41,-179.357,0.0,-179.357
2026-08-14,3372,典範,45.0,14.945,0.0,14.945
2026-08-14,3373,熱映,55.0,55.064,0.0,55.064
2026-08-14,3374,精材,-634.416,-814.825,0.0,-814.825
2026-08-14,3376,新日興,65.107,0.0,90.805,155.912
2026-08-14,3379,彬台,28.0,28.55,0.0,28.55
2026-08-14,3380,明泰,-688.35,0.0,-752.792,-1441.142
2026-08-14,3388,崇越電,141.0,103.588,0.0,103.588
2026-08-14,3390,旭軟,-37.04,-37.04,0.0,-37.04
2026-08-14,3402,漢科,-135.0,-139.139,0.0,-139.139
2026-08-14,3406,玉晶光,232.716,0.0,371.73,604.446
2026-08-14,3413,京鼎,-801.886,0.0,-884.592,-1686.478
2026-08-14,3416,融程電,-101.285,0.0,-106.143,-207.428
2026-08-14,3419,譁裕,0.0,0.0,0.0,0.0
2026-08-14,3430,奇鈦科,-167.0,-165.064,0.0,-165.064
2026-08-14,3432,台端,-10.0,0.0,-10.0,-20.0
2026-08-14,3434,哲固,25.0,25.503,0.0,25.503
2026-08-14,3437,榮創,26.0,0.0,32.0,58.0
2026-08-14,3438,類比科,-5.928,-6.591,0.0,-6.591
2026-08-14,3441,聯一光,-677.8,-678.124,0.0,-678.124
2026-08-14,3443,創意,207.076,6.726,311.024,524.826
2026-08-14,3444,利機,-45.877,-46.207,0.0,-46.207
2026-08-14,3447,展達,25.0,0.0,25.0,50.0
2026-08-14,3450,聯鈞,156.631,0.0,365.383,522.014
2026-08-14,3455,由田,23.164,73.084,0.0,73.084
2026-08-14,3465,進泰電子,-8.0,-8.0,0.0,-8.0
2026-08-14,3466,德晉,28.0,28.174,0.0,28.174
2026-08-14,3467,台灣精材,1.0,1.0,0.0,1.0
2026-08-14,3479,安勤,-903.0,-897.107,0.0,-897.107
2026-08-14,3481,群創,39637.694,-73.779,45016.112,84580.027
2026-08-14,3483,力致,29.0,27.961,0.0,27.961
2026-08-14,3484,崧騰,94.001,92.787,0.0,92.787
2026-08-14,3485,敘豐,49.08,48.601,0.0,48.601
2026-08-14,3489,森寶,164.0,164.0,0.0,164.0
2026-08-14,3490,單井,1115.178,1091.743,0.0,1091.743
2026-08-14,3491,昇達科,-236.987,-196.476,0.0,-196.476
2026-08-14,3492,長盛,-47.0,-48.014,0.0,-48.014
2026-08-14,3494,誠研,-8.0,0.0,-8.0,-16.0
2026-08-14,3498,陽程,2496.688,2388.571,0.0,2388.571
2026-08-14,3499,環天科,-12.0,-12.01,0.0,-12.01
2026-08-14,3501,維熹,72.0,0.0,96.0,168.0
2026-08-14,3504,揚明光,-103.22,0.0,-97.548,-200.768
2026-08-14,3508,位速,76.0,76.0,0.0,76.0
2026-08-14,3511,矽瑪,-1.382,-1.382,0.0,-1.382
2026-08-14,3512,皇龍,-2.0,-2.0,0.0,-2.0
2026-08-14,3515,華擎,-58.89,0.0,-134.656,-193.546
2026-08-14,3516,亞帝歐,-6.0,-5.9,0.0,-5.9
2026-08-14,3518,柏騰,21.0,0.0,-3.0,18.0
2026-08-14,3520,華盈,47.0,47.0,0.0,47.0
2026-08-14,3521,台鋼建設,-3.0,-3.0,0.0,-3.0
2026-08-14,3522,御嵿,-12.0,-11.751,0.0,-11.751
2026-08-14,3523,迎輝,0.0,0.0,0.0,0.0
2026-08-14,3526,凡甲,-60.727,-53.584,0.0,-53.584
2026-08-14,3527,聚積,-9.0,-14.474,0.0,-14.474
2026-08-14,3528,安馳,47.106,0.0,12.554,59.66
2026-08-14,3529,力旺,-257.476,-214.289,0.0,-214.289
2026-08-14,3530,晶相光,-1.0,0.0,-1.0,-2.0
2026-08-14,3532,台勝科,-1435.526,1474.0,-1591.154,-1552.68
2026-08-14,3533,嘉澤,-932.588,-281.0,-672.344,-1885.932
2026-08-14,3535,晶彩科,69.0,0.0,69.626,138.626
2026-08-14,3537,堡達,-99.29,-99.554,0.0,-99.554
2026-08-14,3540,曜越,53.0,53.542,0.0,53.542
2026-08-14,3541,西柏,0.0,-0.049,0.0,-0.049
2026-08-14,3543,州巧,-99.987,0.0,-117.987,-217.974
2026-08-14,3545,敦泰,-468.0,0.0,-493.494,-961.494
2026-08-14,3546,宇峻,12.22,17.22,0.0,17.22
2026-08-14,3548,兆利,8.216,7.436,0.0,7.436
2026-08-14,3550,聯穎,137.0,0.0,131.504,268.504
2026-08-14,3551,世禾,-114.65,-167.074,0.0,-167.074
2026-08-14,3552,同致,3.0,3.0,0.0,3.0
2026-08-14,3555,博士旺,-28.0,-28.681,0.0,-28.681
2026-08-14,3556,禾瑞亞,73.975,74.975,0.0,74.975
2026-08-14,3557,嘉威,-10.0,0.0,-34.0,-44.0
2026-08-14,3558,神準,-2.861,-2.749,0.0,-2.749
2026-08-14,3563,牧德,-32.207,0.0,-91.683,-123.89
2026-08-14,3564,其陽,-38.0,-38.057,0.0,-38.057
2026-08-14,3567,逸昌,-6.0,-6.0,0.0,-6.0
2026-08-14,3570,大塚,1.0,0.876,0.0,0.876
2026-08-14,3576,聯合再生,1647.432,0.0,1601.432,3248.864
2026-08-14,3577,泓格,-45.993,-55.292,0.0,-55.292
2026-08-14,3580,友威科,180.0,179.681,0.0,179.681
2026-08-14,3581,博磊,-10.95,-14.83,0.0,-14.83
2026-08-14,3583,辛耘,155.108,-184.0,105.978,77.086
2026-08-14,3587,閎康,163.627,155.017,0.0,155.017
2026-08-14,3588,通嘉,-54.983,0.0,-44.399,-99.382
2026-08-14,3591,艾笛森,-75.959,0.0,-65.959,-141.918
2026-08-14,3592,瑞鼎,-81.1,-1.0,-68.558,-150.65800000000002
2026-08-14,3593,力銘,1.0,0.0,1.0,2.0
2026-08-14,3594,磐儀,-350.462,-575.592,0.0,-575.592
2026-08-14,3596,智易,-831.297,0.0,-835.667,-1666.964
2026-08-14,3597,映興,-1.0,-1.0,0.0,-1.0
2026-08-14,3605,宏致,2674.84,0.0,2161.814,4836.654
2026-08-14,3607,谷崧,67.0,0.0,67.0,134.0
2026-08-14,3609,三一東林,-4.0,-3.999,0.0,-3.999
2026-08-14,3611,鼎翰,-6.206,-6.326,0.0,-6.326
2026-08-14,3615,安可,-18.914,-18.902,0.0,-18.902
2026-08-14,3617,碩天,800.615,0.0,950.765,1751.38
2026-08-14,3622,洋華,-440.0,0.0,-296.67,-736.6700000000001
2026-08-14,3623,富晶通,19.0,19.428,0.0,19.428
2026-08-14,3624,光頡,-1716.363,-1805.425,0.0,-1805.425
2026-08-14,3625,西勝,-236.99,-237.324,0.0,-237.324
2026-08-14,3628,盈正,57.0,57.254,0.0,57.254
2026-08-14,3630,新鉅科,-162.0,-168.449,0.0,-168.449
2026-08-14,3631,晟楠,-20.0,-20.0,0.0,-20.0
2026-08-14,3645,達邁,-54.998,0.0,-33.01,-88.008
2026-08-14,3646,艾恩特,1.0,1.0,0.0,1.0
2026-08-14,3652,精聯,-29.45,0.0,-29.45,-58.9
2026-08-14,3653,健策,-24.493,69.984,-14.647,30.844
2026-08-14,3661,世芯-KY,745.987,-277.014,886.229,1355.202
2026-08-14,3663,鑫科,135.15,131.985,0.0,131.985
2026-08-14,3665,貿聯-KY,14.34,-171.041,-7.32,-164.021
2026-08-14,3666,光耀,-2.0,-1.986,0.0,-1.986
2026-08-14,3669,圓展,-12.0,0.0,-10.0,-22.0
2026-08-14,3672,康聯訊,0.0,0.001,0.0,0.001
2026-08-14,3673,TPK-KY,479.218,0.0,437.114,916.332
2026-08-14,3675,德微,136.097,101.628,0.0,101.628
2026-08-14,3679,新至陞,16.2,0.0,18.2,34.4
2026-08-14,3680,家登,-28.967,-98.689,0.0,-98.689
2026-08-14,3684,榮昌,-1.0,-0.725,0.0,-0.725
2026-08-14,3685,元創精密,-168.7,-168.738,0.0,-168.738
2026-08-14,3686,達能,-64.0,0.0,-66.0,-130.0
2026-08-14,3687,歐買尬,-10.0,-10.514,0.0,-10.514
2026-08-14,3689,湧德,-66.247,-94.879,0.0,-94.879
2026-08-14,3691,碩禾,-218.0,-189.528,0.0,-189.528
2026-08-14,3693,營邦,87.622,3.875,0.0,3.875
2026-08-14,3694,海華,-195.783,0.0,-199.287,-395.07
2026-08-14,3701,大眾控,190.0,0.0,190.198,380.198
2026-08-14,3702,大聯大,-4690.162,101.0,-4967.628,-9556.79
2026-08-14,3703,欣陸,-1345.0,0.0,-1330.632,-2675.632
2026-08-14,3704,合勤控,874.945,0.0,900.513,1775.458
2026-08-14,3705,永信,-59.892,0.0,-41.892,-101.784
2026-08-14,3706,神達,9690.32,1.0,10440.712,20132.032
2026-08-14,3707,漢磊,-773.61,-779.239,0.0,-779.239
2026-08-14,3708,上緯投控,-105.16,-2.0,-129.368,-236.528
2026-08-14,3709,鑫聯大投控,-254.0,-281.527,0.0,-281.527
2026-08-14,3710,連展投控,6.0,6.0,0.0,6.0
2026-08-14,3711,日月光投控,3018.131,-3770.456,2970.431,2218.106
2026-08-14,3712,永崴投控,-839.42,0.0,-871.42,-1710.84
2026-08-14,3713,新晶投控,16.0,15.853,0.0,15.853
2026-08-14,3714,富采,-983.189,0.0,-1097.557,-2080.746
2026-08-14,3715,定穎投控,316.085,0.0,127.393,443.478
2026-08-14,3716,中化控股,9.009,0.0,-2.991,6.018000000000001
2026-08-14,3717,聯嘉投控,469.897,0.0,515.259,985.156
2026-08-14,4102,永日,-5.0,-5.0,0.0,-5.0
2026-08-14,4104,佳醫,-5.664,0.0,18.336,12.672
2026-08-14,4105,東洋,-506.0,-496.843,0.0,-496.843
2026-08-14,4106,雃博,-11.0,0.0,-11.0,-22.0
2026-08-14,4107,邦特,8.0,8.019,0.0,8.019
2026-08-14,4108,懷特,-3.0,0.0,-5.0,-8.0
2026-08-14,4109,加捷生醫,-22.0,-21.275,0.0,-21.275
2026-08-14,4111,濟生,6.0,5.952,0.0,5.952
2026-08-14,4113,聯上,4.0,4.0,0.0,4.0
2026-08-14,4114,健喬,100.29,140.807,0.0,140.807
2026-08-14,4116,明基醫,-3.0,-3.0,0.0,-3.0
2026-08-14,4119,旭富,-156.0,0.0,-154.0,-310.0
2026-08-14,4120,友華,-1.0,-0.995,0.0,-0.995
2026-08-14,4121,優盛,-5.0,-5.012,0.0,-5.012
2026-08-14,4123,晟德,-1351.9,-1221.122,0.0,-1221.122
2026-08-14,4126,太醫,-8.0,-8.419,0.0,-8.419
2026-08-14,4127,天良,178.0,179.848,0.0,179.848
2026-08-14,4128,中天,-332.0,-330.231,0.0,-330.231
2026-08-14,4129,聯合,-85.302,-85.701,0.0,-85.701
2026-08-14,4133,亞諾法,-26.0,0.0,-26.0,-52.0
2026-08-14,4137,麗豐-KY,-68.0,0.0,-100.434,-168.434
2026-08-14,4138,曜亞,2.0,1.946,0.0,1.946
2026-08-14,4139,馬光-KY,-5.0,-5.0,0.0,-5.0
2026-08-14,4142,國光生,-189.0,0.0,-189.672,-378.672
2026-08-14,4147,中裕,-140.2,-140.904,0.0,-140.904
2026-08-14,4148,全宇生技-KY,-9.0,0.0,-9.0,-18.0
2026-08-14,4153,鈺緯,-4.0,-4.0,0.0,-4.0
2026-08-14,4154,樂威科-KY,2.0,2.0,0.0,2.0
2026-08-14,4155,訊映,72.0,0.0,50.0,122.0
2026-08-14,4157,太景*-KY,-442.304,-442.696,0.0,-442.696
2026-08-14,4160,訊聯基因,-1.0,-1.15,0.0,-1.15
2026-08-14,4161,聿新科,0.0,0.0,0.0,0.0
2026-08-14,4162,智擎,-65.712,-70.207,0.0,-70.207
2026-08-14,4163,鐿鈦,5.0,5.119,0.0,5.119
2026-08-14,4164,承業醫,-89.0,0.0,-89.56,-178.56
2026-08-14,4166,友霖,-149.0,-149.0,0.0,-149.0
2026-08-14,4167,松瑞藥,365.0,404.736,0.0,404.736
2026-08-14,4168,醣聯,-4.0,-3.303,0.0,-3.303
2026-08-14,4169,泰宗,-10.04,0.0,-10.04,-20.08
2026-08-14,4171,瑞基,-5.0,-5.0,0.0,-5.0
2026-08-14,4173,久裕,-16.0,-15.62,0.0,-15.62
2026-08-14,4174,浩鼎,-16.097,-16.097,0.0,-16.097
2026-08-14,4175,杏一,1.0,1.0,0.0,1.0
2026-08-14,4178,永笙-KY,3.0,0.0,3.0,6.0
2026-08-14,4188,安克,4.0,3.998,0.0,3.998
2026-08-14,4190,佐登-KY,-3.0,0.0,-7.0,-10.0
2026-08-14,4195,基米-創,-40.0,0.0,-60.548,-100.548
2026-08-14,4205,中華食,0.0,0.0,0.0,0.0
2026-08-14,4207,環泰,-20.0,-19.984,0.0,-19.984
2026-08-14,4303,信立,-264.8,-268.41,0.0,-268.41
2026-08-14,4306,炎洲,1956.461,0.0,2038.461,3994.922
2026-08-14,4401,東隆興,0.0,0.0,0.0,0.0
2026-08-14,4402,郡都開發,0.0,-0.015,0.0,-0.015
2026-08-14,4413,飛寶企業,-21.0,-21.056,0.0,-21.056
2026-08-14,4414,如興,-5.0,0.0,-7.0,-12.0
2026-08-14,4416,三圓,-11.0,-11.0,0.0,-11.0
2026-08-14,4417,金洲,-29.0,-29.16,0.0,-29.16
2026-08-14,4420,光明,-2.0,-1.0,0.0,-1.0
2026-08-14,4426,利勤,17.0,0.0,17.0,34.0
2026-08-14,4430,耀億,3.0,3.0,0.0,3.0
2026-08-14,4432,銘旺實,-4.0,-3.733,0.0,-3.733
2026-08-14,4433,興采,-1.0,-1.0,0.0,-1.0
2026-08-14,4438,廣越,9.0,0.0,8.594,17.594
2026-08-14,4439,冠星-KY,-2.0,0.0,-2.0,-4.0
2026-08-14,4440,宜新實業,-8.0,0.0,4.0,-4.0
2026-08-14,4441,振大環球,-52.0,0.0,-50.0,-102.0
2026-08-14,4442,竣邦-KY,-19.0,-19.26,0.0,-19.26
2026-08-14,4503,金雨,-263.948,-271.318,0.0,-271.318
2026-08-14,4506,崇友,22.265,22.132,0.0,22.132
2026-08-14,4510,高鋒,-882.0,-876.483,0.0,-876.483
2026-08-14,4513,福裕,167.473,153.413,0.0,153.413
2026-08-14,4523,永彰,-14.0,-14.009,0.0,-14.009
2026-08-14,4526,東台,90.0,0.0,97.464,187.464
2026-08-14,4527,方土霖,2.0,2.011,0.0,2.011
2026-08-14,4528,江興鍛,-2.0,-1.533,0.0,-1.533
2026-08-14,4530,宏易,3.0,3.0,0.0,3.0
2026-08-14,4532,瑞智,-134.798,0.0,-138.798,-273.596
2026-08-14,4533,協易機,-23.0,-24.892,0.0,-24.892
2026-08-14,4534,慶騰,125.0,125.072,0.0,125.072
2026-08-14,4535,至興,-4.0,-4.0,0.0,-4.0
2026-08-14,4536,拓凱,-65.77,0.0,-64.278,-130.048
2026-08-14,4538,大詠城,-2.0,-2.0,0.0,-2.0
2026-08-14,4540,全球傳動,306.018,0.0,305.608,611.626
2026-08-14,4541,晟田,-4036.07,-3877.979,0.0,-3877.979
2026-08-14,4542,科嶠,-26.952,-26.664,0.0,-26.664
2026-08-14,4543,萬在,-5.0,-15.0,0.0,-15.0
2026-08-14,4545,銘鈺,-13.07,0.0,-13.07,-26.14
2026-08-14,4549,桓達,-25.0,-24.985,0.0,-24.985
2026-08-14,4551,智伸科,-343.081,0.0,-257.121,-600.202
2026-08-14,4552,力達-KY,-7.0,0.0,3.0,-4.0
2026-08-14,4554,橙的,-4.0,-4.0,0.0,-4.0
2026-08-14,4555,氣立,-104.045,0.0,-98.045,-202.09
2026-08-14,4556,旭然,-57.0,-57.579,0.0,-57.579
2026-08-14,4557,永新-KY,126.464,0.0,126.466,252.93
2026-08-14,4558,寶緯,-1.0,-1.22,0.0,-1.22
2026-08-14,4560,強信-KY,-50.0,0.0,-36.0,-86.0
2026-08-14,4561,健椿,69.0,69.256,0.0,69.256
2026-08-14,4562,穎漢,75.014,0.0,75.014,150.028
2026-08-14,4563,百德,18.002,17.733,0.0,17.733
2026-08-14,4564,元翎,-906.384,0.0,-960.296,-1866.68
2026-08-14,4566,時碩工業,-790.25,0.0,-789.932,-1580.182
2026-08-14,4569,六方科-KY,3.0,0.0,5.0,8.0
2026-08-14,4571,鈞興-KY,-3.0,0.0,-29.0,-32.0
2026-08-14,4572,駐龍,3.0,0.0,-1.0,2.0
2026-08-14,4576,大銀微系統,331.101,0.0,197.633,528.734
2026-08-14,4577,達航科技,22.994,20.425,0.0,20.425
2026-08-14,4580,捷流閥業,-2.0,1.285,0.0,1.285
2026-08-14,4581,光隆精密-KY,9.0,0.0,9.0,18.0
2026-08-14,4582,聚恆-創,-62.0,0.0,-55.596,-117.596
2026-08-14,4583,台灣精銳,-46.992,0.0,-46.992,-93.984
2026-08-14,4585,達明,-4.0,0.0,-9.466,-13.466
2026-08-14,4588,玖鼎電力,-14.0,0.0,-16.0,-30.0
2026-08-14,4590,富田-創,235.0,0.0,229.238,464.238
2026-08-14,4702,中美實,21.0,21.0,0.0,21.0
2026-08-14,4707,磐亞,-351.068,-369.15,0.0,-369.15
2026-08-14,4711,永純,2.0,2.0,0.0,2.0
2026-08-14,4714,永捷,133.0,103.779,0.0,103.779
2026-08-14,4716,大立,256.0,237.911,0.0,237.911
2026-08-14,4720,德淵,-114.0,0.0,-111.26,-225.26
2026-08-14,4721,美琪瑪,-59.003,-64.079,0.0,-64.079
2026-08-14,4722,國精化,-36.786,0.0,-87.816,-124.602
2026-08-14,4726,永昕,-39.0,-39.319,0.0,-39.319
2026-08-14,4728,雙美,0.0,0.0,0.0,0.0
2026-08-14,4729,熒茂,2.0,1.825,0.0,1.825
2026-08-14,4735,豪展,23.0,17.084,0.0,17.084
2026-08-14,4736,泰博,21.954,0.0,57.954,79.908
2026-08-14,4737,華廣,-24.0,0.0,-24.0,-48.0
2026-08-14,4739,康普,54.047,0.0,79.897,133.94400000000002
2026-08-14,4741,泓瀚,27.0,26.726,0.0,26.726
2026-08-14,4743,合一,-288.793,-284.033,0.0,-284.033
2026-08-14,4744,皇將,-18.0,-18.0,0.0,-18.0
2026-08-14,4745,合富-KY,2.0,2.0,0.0,2.0
2026-08-14,4746,台耀,-693.765,0.0,-721.645,-1415.41
2026-08-14,4747,強生,-5.0,-5.039,0.0,-5.039
2026-08-14,4749,新應材,-0.405,-14.205,0.0,-14.205
2026-08-14,4754,國碳科,-11.0,-11.0,0.0,-11.0
2026-08-14,4755,三福化,-65.0,0.0,-73.16,-138.16
2026-08-14,4760,勤凱,-362.404,-332.759,0.0,-332.759
2026-08-14,4763,材料*-KY,444.499,6.597,267.833,718.9290000000001
2026-08-14,4764,雙鍵,-408.768,520.0,-424.862,-313.63
2026-08-14,4766,南寶,-65.628,0.0,-65.628,-131.256
2026-08-14,4767,誠泰科技,1.0,1.0,0.0,1.0
2026-08-14,4768,晶呈科技,-156.568,-157.918,0.0,-157.918
2026-08-14,4770,上品,-71.988,0.0,-77.882,-149.87
2026-08-14,4771,望隼,-35.392,0.0,-33.916,-69.30799999999999
2026-08-14,4772,台特化,12.13,10.214,0.0,10.214
2026-08-14,4807,日成-KY,41.0,0.0,37.0,78.0
2026-08-14,4903,聯光通,-54.0,-54.0,0.0,-54.0
2026-08-14,4904,遠傳,1463.127,-559.417,1223.037,2126.747
2026-08-14,4906,正文,186.151,0.0,210.953,397.104
2026-08-14,4907,富宇,-1.0,-0.858,0.0,-0.858
2026-08-14,4908,前鼎,-28.89,-34.953,0.0,-34.953
2026-08-14,4909,新復興,49.0,48.456,0.0,48.456
2026-08-14,4911,德英,-5.0,-2.931,0.0,-2.931
2026-08-14,4912,聯德控股-KY,-32.0,0.0,-30.0,-62.0
2026-08-14,4915,致伸,-520.172,0.0,-509.744,-1029.9160000000002
2026-08-14,4916,事欣科,814.378,0.0,916.976,1731.354
2026-08-14,4919,新唐,-352.425,-3.0,-476.455,-831.88
2026-08-14,4923,力士,51.0,97.279,0.0,97.279
2026-08-14,4924,欣厚-KY,2.0,1.998,0.0,1.998
2026-08-14,4927,泰鼎-KY,303.0,0.0,313.992,616.992
2026-08-14,4930,燦星網,3.0,0.0,3.0,6.0
2026-08-14,4931,新盛力,281.01,239.107,0.0,239.107
2026-08-14,4933,友輝,-18.0,-17.202,0.0,-17.202
2026-08-14,4934,太極,-106.004,0.0,-104.004,-210.008
2026-08-14,4935,茂林-KY,-25.0,0.0,-25.0,-50.0
2026-08-14,4938,和碩,-47.907,2422.0,-1568.873,805.2199999999998
2026-08-14,4939,亞電,-2168.13,-2242.175,0.0,-2242.175
2026-08-14,4942,嘉彰,-15.0,0.0,-15.0,-30.0
2026-08-14,4946,辣椒,13.0,12.914,0.0,12.914
2026-08-14,4949,有成精密,158.0,0.0,202.0,360.0
2026-08-14,4951,精拓科,-47.0,-46.66,0.0,-46.66
2026-08-14,4952,凌通,-81.615,0.0,-87.599,-169.214
2026-08-14,4953,緯致,26.061,24.694,0.0,24.694
2026-08-14,4956,光鋐,-59.909,0.0,-54.341,-114.25
2026-08-14,4958,臻鼎-KY,6383.97,648.803,7207.824,14240.597
2026-08-14,4960,誠美材,509.781,0.0,520.277,1030.058
2026-08-14,4961,天鈺,-54.077,0.0,-79.871,-133.94799999999998
2026-08-14,4966,譜瑞-KY,65.356,51.7,0.0,51.7
2026-08-14,4967,十銓,-1108.967,0.0,-1208.461,-2317.428
2026-08-14,4968,立積,-45.111,0.0,-61.307,-106.418
2026-08-14,4971,IET-KY,-29.782,-27.782,0.0,-27.782
2026-08-14,4972,湯石照明,-2.0,-2.0,0.0,-2.0
2026-08-14,4973,廣穎,-530.0,-528.443,0.0,-528.443
2026-08-14,4974,亞泰,10.39,10.976,0.0,10.976
2026-08-14,4976,佳凌,560.561,0.0,560.873,1121.4340000000002
2026-08-14,4977,眾達-KY,89.829,0.0,-16.785,73.044
2026-08-14,4979,華星光,114.425,-331.061,0.0,-331.061
2026-08-14,4989,榮科,-45.425,0.0,-25.155,-70.58
2026-08-14,4991,環宇-KY,205.004,215.004,0.0,215.004
2026-08-14,4994,傳奇,-1.0,0.0,-1.0,-2.0
2026-08-14,4995,晶達,8.0,4.0,0.0,4.0
2026-08-14,4999,鑫禾,-9.0,0.0,-7.864,-16.864
2026-08-14,5007,三星,-11.0,0.0,-5.0,-16.0
2026-08-14,5009,榮剛,-324.994,-451.215,0.0,-451.215
2026-08-14,5011,久陽,-95.952,-112.443,0.0,-112.443
2026-08-14,5013,強新,8.0,8.0,0.0,8.0
2026-08-14,5014,建錩,-129.0,-158.052,0.0,-158.052
2026-08-14,5015,華祺,-4.0,-4.0,0.0,-4.0
2026-08-14,5201,凱衛,0.0,0.0,0.0,0.0
2026-08-14,5202,力新,53.0,53.0,0.0,53.0
2026-08-14,5203,訊連,-48.0,0.0,-58.912,-106.912
2026-08-14,5206,坤悅,-15.0,-15.237,0.0,-15.237
2026-08-14,5209,新鼎,0.0,1.0,0.0,1.0
2026-08-14,5210,寶碩,32.0,32.0,0.0,32.0
2026-08-14,5211,蒙恬,7.0,7.0,0.0,7.0
2026-08-14,5213,亞昕,22.0,21.873,0.0,21.873
2026-08-14,5215,科嘉-KY,4.0,0.0,6.0,10.0
2026-08-14,5220,萬達光電,1.0,1.0,0.0,1.0
2026-08-14,5222,全訊,25.097,0.0,109.551,134.648
2026-08-14,5223,安力-KY,3.0,3.0,0.0,3.0
2026-08-14,5225,東科-KY,-120.0,0.0,-119.076,-239.076
2026-08-14,5227,立凱-KY,-89.04,-89.041,0.0,-89.041
2026-08-14,5228,鈺鎧,-25.955,-15.935,0.0,-15.935
2026-08-14,5230,雷笛克光學,5.0,5.0,0.0,5.0
2026-08-14,5234,達興材料,-51.0,0.0,-57.226,-108.226
2026-08-14,5236,凌陽創新,-134.39,0.0,-144.962,-279.352
2026-08-14,5243,乙盛-KY,-150.0,0.0,-164.77,-314.77
2026-08-14,5244,弘凱,-6.98,0.0,-6.98,-13.96
2026-08-14,5245,智晶,-1.0,-1.292,0.0,-1.292
2026-08-14,5251,天鉞電,-4.0,-4.376,0.0,-4.376
2026-08-14,5258,虹堡,-509.0,0.0,-508.1,-1017.1
2026-08-14,5263,智崴,-35.0,-35.403,0.0,-35.403
2026-08-14,5269,祥碩,-219.032,-8.0,-238.134,-465.166
2026-08-14,5272,笙科,-11.0,-11.128,0.0,-11.128
2026-08-14,5274,信驊,26.641,55.436,0.0,55.436
2026-08-14,5276,達輝-KY,-1.0,-1.0,0.0,-1.0
2026-08-14,5278,尚凡*,-6.0,-7.0,0.0,-7.0
2026-08-14,5283,禾聯碩,66.0,0.0,82.0,148.0
2026-08-14,5284,jpp-KY,-5.998,0.0,-42.668,-48.666
2026-08-14,5285,界霖,-221.0,0.0,-206.248,-427.248
2026-08-14,5287,數字,-28.0,-25.816,0.0,-25.816
2026-08-14,5288,豐祥-KY,54.0,5.0,44.412,103.412
2026-08-14,5289,宜鼎,-455.041,-487.902,0.0,-487.902
2026-08-14,5291,邑昇,99.0,98.516,0.0,98.516
2026-08-14,5292,華懋,21.915,0.0,45.909,67.824
2026-08-14,5299,杰力,-41.825,-44.191,0.0,-44.191
2026-08-14,5302,太欣,-98.0,-98.0,0.0,-98.0
2026-08-14,5306,桂盟,-58.659,0.0,-50.659,-109.318
2026-08-14,5309,系統電,274.105,97.885,0.0,97.885
2026-08-14,5310,天剛,0.0,0.0,0.0,0.0
2026-08-14,5312,寶島科,-5.0,-5.008,0.0,-5.008
2026-08-14,5314,世紀*,-118.0,-127.0,0.0,-127.0
2026-08-14,5315,光聯,-190.0,-189.128,0.0,-189.128
2026-08-14,5321,美而快,3.134,3.009,0.0,3.009
2026-08-14,5324,士開,-4.0,-4.0,0.0,-4.0
2026-08-14,5328,華容,-375.549,-400.62,0.0,-400.62
2026-08-14,5340,建榮,230.142,255.168,0.0,255.168
2026-08-14,5344,立衛,-6.0,-5.816,0.0,-5.816
2026-08-14,5345,馥鴻,4.0,4.453,0.0,4.453
2026-08-14,5347,世界,185.844,-826.798,0.0,-826.798
2026-08-14,5351,鈺創,2039.176,1768.176,0.0,1768.176
2026-08-14,5353,台林,-12.0,-12.0,0.0,-12.0
2026-08-14,5356,協益,-8.0,-7.98,0.0,-7.98
2026-08-14,5364,力麗店,-2.0,-1.939,0.0,-1.939
2026-08-14,5371,中光電,587.787,1102.777,0.0,1102.777
2026-08-14,5381,光譜,-20.93,-20.93,0.0,-20.93
2026-08-14,5386,青雲,-122.0,-130.415,0.0,-130.415
2026-08-14,5388,中磊,-5640.927,0.0,-5491.909,-11132.836
2026-08-14,5392,能率,59.315,61.931,0.0,61.931
2026-08-14,5398,慕康生醫,-16.0,-16.007,0.0,-16.007
2026-08-14,5403,中菲,-40.451,-40.451,0.0,-40.451
2026-08-14,5410,國眾,-33.0,-32.889,0.0,-32.889
2026-08-14,5425,台半,-268.175,-554.756,0.0,-554.756
2026-08-14,5426,振發,61.001,48.172,0.0,48.172
2026-08-14,5432,新門,-80.995,-81.765,0.0,-81.765
2026-08-14,5434,崇越,-80.588,-24.0,-69.942,-174.52999999999997
2026-08-14,5438,東友,-5.0,-5.012,0.0,-5.012
2026-08-14,5439,高技,-828.451,-787.6,0.0,-787.6
2026-08-14,5443,均豪,-47.84,-147.58,0.0,-147.58
2026-08-14,5450,南良,30.0,29.633,0.0,29.633
2026-08-14,5452,佶優,125.01,124.973,0.0,124.973
2026-08-14,5457,宣德,-47.0,-50.685,0.0,-50.685
2026-08-14,5460,同協,2.0,2.001,0.0,2.001
2026-08-14,5464,霖宏,-236.5,-237.993,0.0,-237.993
2026-08-14,5465,富驊,63.0,62.652,0.0,62.652
2026-08-14,5468,凱鈺,1.0,-1.136,0.0,-1.136
2026-08-14,5469,瀚宇博,-1119.256,0.0,-1111.376,-2230.632
2026-08-14,5471,松翰,-655.454,0.0,-643.884,-1299.338
2026-08-14,5474,聰泰,43.0,40.48,0.0,40.48
2026-08-14,5475,德宏,-2506.075,-2456.768,0.0,-2456.768
2026-08-14,5478,智冠,-25.187,-24.88,0.0,-24.88
2026-08-14,5481,新華,-14.0,-14.0,0.0,-14.0
2026-08-14,5483,中美晶,-77.111,-197.27,0.0,-197.27
2026-08-14,5484,慧友,-17.0,0.0,-1.0,-18.0
2026-08-14,5487,通泰,-3.0,-3.0,0.0,-3.0
2026-08-14,5488,松普,-37.042,-37.658,0.0,-37.658
2026-08-14,5489,彩富,0.0,-1.0,0.0,-1.0
2026-08-14,5490,同亨,163.447,163.743,0.0,163.743
2026-08-14,5493,三聯,12.0,12.493,0.0,12.493
2026-08-14,5498,凱崴,170.07,162.476,0.0,162.476
2026-08-14,5508,永信建,35.456,35.656,0.0,35.656
2026-08-14,5511,德昌,-29.494,-29.494,0.0,-29.494
2026-08-14,5512,力麒,-44.909,-44.909,0.0,-44.909
2026-08-14,5514,三豐,-1.0,-1.0,0.0,-1.0
2026-08-14,5515,建國,-218.203,0.0,-274.895,-493.098
2026-08-14,5516,雙喜,-3.0,-3.59,0.0,-3.59
2026-08-14,5519,隆大,-30.11,0.0,-29.372,-59.482
2026-08-14,5521,工信,303.06,0.0,345.06,648.12
2026-08-14,5522,遠雄,-114.578,-45.0,-118.882,-278.46000000000004
2026-08-14,5525,順天,-8.0,0.0,-8.0,-16.0
2026-08-14,5529,鉅陞,5.0,5.0,0.0,5.0
2026-08-14,5530,龍巖,384.0,384.68,0.0,384.68
2026-08-14,5531,鄉林,136.0,0.0,136.0,272.0
2026-08-14,5533,皇鼎,-8.0,0.0,10.0,2.0
2026-08-14,5534,長虹,362.125,0.0,363.909,726.034
2026-08-14,5536,聖暉*,182.605,60.192,0.0,60.192
2026-08-14,5538,東明-KY,1.0,0.0,1.0,2.0
2026-08-14,5543,桓鼎-KY,-2.0,-2.004,0.0,-2.004
2026-08-14,5546,永固-KY,-1.0,0.0,-3.0,-4.0
2026-08-14,5547,久舜,-7.0,-7.0,0.0,-7.0
2026-08-14,5548,安倉,-10.0,-10.0,0.0,-10.0
2026-08-14,5601,台聯櫃,1.0,1.0,0.0,1.0
2026-08-14,5603,陸海,-3.0,-2.586,0.0,-2.586
2026-08-14,5607,遠雄港,218.094,0.0,228.094,446.188
2026-08-14,5608,四維航,33.521,0.0,175.521,209.042
2026-08-14,5609,中菲行,-63.422,-64.604,0.0,-64.604
2026-08-14,5704,老爺知,0.0,0.0,0.0,0.0
2026-08-14,5706,鳳凰,11.0,0.0,10.984,21.984
2026-08-14,5864,致和證,-78.45,-78.45,0.0,-78.45
2026-08-14,5871,中租-KY,-3414.861,44.461,-3423.623,-6794.023
2026-08-14,5876,上海商銀,-821.283,282.0,-1498.665,-2037.948
2026-08-14,5880,合庫金,-1801.065,-10.97,-1947.431,-3759.466
2026-08-14,5903,全家,0.376,1.376,0.0,1.376
2026-08-14,5904,寶雅*,-5769.592,-5587.736,0.0,-5587.736
2026-08-14,5905,南仁湖,-296.0,-295.739,0.0,-295.739
2026-08-14,5907,大洋-KY,6.0,0.0,6.0,12.0
2026-08-14,6005,群益證,303.287,-8.0,303.287,598.574
2026-08-14,6015,宏遠證,588.953,588.953,0.0,588.953
2026-08-14,6016,康和證,1196.35,1196.35,0.0,1196.35
2026-08-14,6020,大展證,20.0,20.0,0.0,20.0
2026-08-14,6021,美好證,-25.0,-25.0,0.0,-25.0
2026-08-14,6023,元大期,-238.633,-238.633,0.0,-238.633
2026-08-14,6024,群益期,72.5,0.0,72.5,145.0
2026-08-14,6026,福邦證,348.0,348.0,0.0,348.0
2026-08-14,6028,公勝保經,-23.0,-23.0,0.0,-23.0
2026-08-14,6101,寬魚國際,-69.0,-69.0,0.0,-69.0
2026-08-14,6104,創惟,22.03,18.627,0.0,18.627
2026-08-14,6108,競國,563.007,0.0,630.999,1194.006
2026-08-14,6109,亞元,-33.0,-33.0,0.0,-33.0
2026-08-14,6111,光聚晶電,-1.0,-0.7,0.0,-0.7
2026-08-14,6112,邁達特,343.28,0.0,356.428,699.708
2026-08-14,6113,亞矽,18.0,25.001,0.0,25.001
2026-08-14,6114,久威,4.0,4.001,0.0,4.001
2026-08-14,6115,鎰勝,-5.0,0.0,-5.0,-10.0
2026-08-14,6116,彩晶,493.0,0.0,443.3,936.3
2026-08-14,6117,迎廣,-81.0,0.0,-92.164,-173.164
2026-08-14,6118,建達,3.0,2.655,0.0,2.655
2026-08-14,6120,達運,349.123,0.0,353.833,702.956
2026-08-14,6121,新普,476.391,506.936,0.0,506.936
2026-08-14,6122,擎邦,41.07,44.063,0.0,44.063
2026-08-14,6123,上奇,-20.0,-20.1,0.0,-20.1
2026-08-14,6124,業強,3.0,2.997,0.0,2.997
2026-08-14,6125,廣運,201.0,205.645,0.0,205.645
2026-08-14,6126,信音,-237.022,-230.293,0.0,-230.293
2026-08-14,6127,九豪,297.22,203.21,0.0,203.21
2026-08-14,6128,上福,-9.0,0.0,5.0,-4.0
2026-08-14,6129,普誠,-35.0,-35.496,0.0,-35.496
2026-08-14,6130,上亞科技,-22.0,-22.0,0.0,-22.0
2026-08-14,6133,金橋,29.011,0.0,35.011,64.022
2026-08-14,6134,萬旭,-346.0,-281.054,0.0,-281.054
2026-08-14,6136,富爾特,17.0,0.0,17.0,34.0
2026-08-14,6138,茂達,-220.047,-222.805,0.0,-222.805
2026-08-14,6139,亞翔,-370.744,0.0,-451.574,-822.318
2026-08-14,6140,訊達,-10.0,-10.0,0.0,-10.0
2026-08-14,6141,柏承,-220.0,0.0,-216.0,-436.0
2026-08-14,6142,友勁,47.001,0.0,55.001,102.002
2026-08-14,6143,振曜,242.056,225.974,0.0,225.974
2026-08-14,6144,得利影,-1.0,-1.0,0.0,-1.0
2026-08-14,6146,耕興,-36.0,-36.484,0.0,-36.484
2026-08-14,6147,頎邦,-4441.297,-4556.889,0.0,-4556.889
2026-08-14,6148,驊宏資,-133.0,-132.907,0.0,-132.907
2026-08-14,6150,撼訊,5.45,4.625,0.0,4.625
2026-08-14,6151,晉倫,7.0,6.998,0.0,6.998
2026-08-14,6152,百一,568.0,0.0,604.0,1172.0
2026-08-14,6153,嘉聯益,66.2,0.0,72.842,139.042
2026-08-14,6154,順發,-1.0,-1.0,0.0,-1.0
2026-08-14,6155,鈞寶,-1142.629,0.0,-1130.277,-2272.906
2026-08-14,6156,松上,96.4,96.819,0.0,96.819
2026-08-14,6158,禾昌,-15.0,-15.0,0.0,-15.0
2026-08-14,6160,欣技,0.0,0.498,0.0,0.498
2026-08-14,6161,捷波,-39.0,-39.0,0.0,-39.0
2026-08-14,6163,華電網,196.0,183.0,0.0,183.0
2026-08-14,6164,華興,-44.27,0.0,-38.27,-82.54
2026-08-14,6165,浪凡,73.0,0.0,81.0,154.0
2026-08-14,6166,凌華,-343.732,0.0,-835.75,-1179.482
2026-08-14,6167,久正,67.0,67.0,0.0,67.0
2026-08-14,6168,宏齊,-16.571,0.0,-4.571,-21.142000000000003
2026-08-14,6170,統振,-54.745,-54.675,0.0,-54.675
2026-08-14,6171,大城地產,-1.0,-1.0,0.0,-1.0
2026-08-14,6173,信昌電,-715.774,-362.999,0.0,-362.999
2026-08-14,6174,安碁,-504.909,-505.774,0.0,-505.774
2026-08-14,6175,立敦,-419.55,-457.221,0.0,-457.221
2026-08-14,6177,達麗,-1077.845,0.0,-946.503,-2024.348
2026-08-14,6179,亞通,-235.51,-251.711,0.0,-251.711
2026-08-14,6180,橘子,-9.431,-17.854,0.0,-17.854
2026-08-14,6182,合晶,-11751.956,-11890.238,0.0,-11890.238
2026-08-14,6183,關貿,-3.0,0.0,-7.0,-10.0
2026-08-14,6184,大豐電,-9.0,0.0,-9.0,-18.0
2026-08-14,6185,幃翔,-56.0,-56.344,0.0,-56.344
2026-08-14,6186,新潤,-253.0,-573.18,0.0,-573.18
2026-08-14,6187,萬潤,241.016,391.689,0.0,391.689
2026-08-14,6188,廣明,-93.0,-98.565,0.0,-98.565
2026-08-14,6189,豐藝,-78.786,0.0,-74.964,-153.75
2026-08-14,6190,萬泰科,-124.0,-162.491,0.0,-162.491
2026-08-14,6191,精成科,-91.136,0.0,-121.122,-212.258
2026-08-14,6192,巨路,-124.0,0.0,-122.854,-246.854
2026-08-14,6194,育富,-33.0,-35.636,0.0,-35.636
2026-08-14,6195,詩肯,4.0,4.0,0.0,4.0
2026-08-14,6196,帆宣,-73.693,-2.0,-79.771,-155.464
2026-08-14,6197,佳必琪,-112.038,0.0,-178.212,-290.25
2026-08-14,6199,天品,7.607,6.356,0.0,6.356
2026-08-14,6201,亞弘電,-8.0,0.0,-6.0,-14.0
2026-08-14,6202,盛群,179.049,0.0,159.577,338.626
2026-08-14,6203,海韻電,-26.0,-26.002,0.0,-26.002
2026-08-14,6204,艾華,-90.0,-89.993,0.0,-89.993
2026-08-14,6205,詮欣,-36.815,0.0,-21.527,-58.342
2026-08-14,6206,飛捷,-990.879,0.0,-1316.201,-2307.08
2026-08-14,6207,雷科,608.105,590.561,0.0,590.561
2026-08-14,6208,日揚,97.501,97.501,0.0,97.501
2026-08-14,6209,今國光,-261.94,0.0,-369.692,-631.6320000000001
2026-08-14,6213,聯茂,1788.019,-2.0,2143.229,3929.248
2026-08-14,6214,精誠,-23.0,0.0,-81.006,-104.006
2026-08-14,6215,和椿,-15.388,0.0,-53.36,-68.748
2026-08-14,6216,居易,68.702,0.0,64.702,133.404
2026-08-14,6217,中探針,21.0,24.0,0.0,24.0
2026-08-14,6218,豪勉,124.95,128.95,0.0,128.95
2026-08-14,6219,富旺,-2.0,-27.974,0.0,-27.974
2026-08-14,6220,岳豐,-20.0,-36.002,0.0,-36.002
2026-08-14,6221,晉泰,31.0,30.1,0.0,30.1
2026-08-14,6222,立軒,1.0,1.0,0.0,1.0
2026-08-14,6223,旺矽,-28.844,-12.263,0.0,-12.263
2026-08-14,6224,聚鼎,9.05,0.0,11.05,20.1
2026-08-14,6225,天瀚,0.0,0.0,-74.0,-74.0
2026-08-14,6226,光鼎,1033.9,0.0,1057.9,2091.8
2026-08-14,6227,茂綸,-5.085,-39.021,0.0,-39.021
2026-08-14,6229,研通,-10.0,-10.0,0.0,-10.0
2026-08-14,6230,尼得科超眾,-27.0,0.0,-27.186,-54.186
2026-08-14,6231,系微,-20.519,-22.167,0.0,-22.167
2026-08-14,6233,旺玖,-23.0,-22.494,0.0,-22.494
2026-08-14,6234,高僑,102.0,101.454,0.0,101.454
2026-08-14,6235,華孚,213.712,0.0,208.898,422.61
2026-08-14,6237,驊訊,42.0,41.571,0.0,41.571
2026-08-14,6239,力成,-1384.227,-490.0,-1682.181,-3556.4080000000004
2026-08-14,6241,鑫永洋,-39.867,-40.185,0.0,-40.185
2026-08-14,6242,立康,-1.0,-1.0,0.0,-1.0
2026-08-14,6243,迅杰,959.023,0.0,959.949,1918.972
2026-08-14,6244,茂迪,47.509,-22.606,0.0,-22.606
2026-08-14,6245,立端,35.072,17.472,0.0,17.472
2026-08-14,6246,臺龍,-2.0,-2.054,0.0,-2.054
2026-08-14,6248,沛波,-2.0,-2.0,0.0,-2.0
2026-08-14,6257,矽格,-481.033,-7.0,-476.039,-964.072
2026-08-14,6259,百徽,11.0,11.51,0.0,11.51
2026-08-14,6261,久元,-30.056,-40.631,0.0,-40.631
2026-08-14,6263,普萊德,17.126,17.126,0.0,17.126
2026-08-14,6265,方土昶,4102.0,4076.503,0.0,4076.503
2026-08-14,6266,泰詠,24.0,24.0,0.0,24.0
2026-08-14,6269,台郡,1098.791,0.0,1029.943,2128.734
2026-08-14,6270,倍微,28.0,37.0,0.0,37.0
2026-08-14,6271,同欣電,20.68,0.0,-156.464,-135.784
2026-08-14,6272,驊陞,41.0,0.0,41.0,82.0
2026-08-14,6274,台燿,208.7,275.429,0.0,275.429
2026-08-14,6275,元山,0.943,0.235,0.0,0.235
2026-08-14,6276,安鈦克,4.0,4.535,0.0,4.535
2026-08-14,6277,宏正,81.571,0.0,91.571,173.142
2026-08-14,6278,台表科,2477.042,193.0,2940.242,5610.284
2026-08-14,6279,胡連,168.064,136.318,0.0,136.318
2026-08-14,6281,全國電,-2.0,0.0,-2.0,-4.0
2026-08-14,6282,康舒,-1143.989,-7.0,-1378.705,-2529.694
2026-08-14,6283,淳安,-25.0,0.0,-27.0,-52.0
2026-08-14,6284,佳邦,-363.0,-384.61,0.0,-384.61
2026-08-14,6285,啟碁,422.121,-33.0,296.499,685.62
2026-08-14,6290,良維,-327.0,-299.612,0.0,-299.612
2026-08-14,6291,沛亨,-45.0,-50.674,0.0,-50.674
2026-08-14,6292,迅德,1.998,2.047,0.0,2.047
2026-08-14,6294,智基,-2.0,-2.0,0.0,-2.0
2026-08-14,6405,悅城,14.101,0.0,13.463,27.564
2026-08-14,6409,旭隼,215.839,-1.032,278.041,492.848
2026-08-14,6411,晶焱,-193.0,-200.037,0.0,-200.037
2026-08-14,6412,群電,-151.316,1.0,-152.418,-302.73400000000004
2026-08-14,6414,樺漢,-2356.168,0.0,-2838.786,-5194.954
2026-08-14,6415,矽力*-KY,680.027,3.0,736.615,1419.642
2026-08-14,6416,瑞祺電通,-181.0,0.0,-165.0,-346.0
2026-08-14,6417,韋僑,-7.0,-7.612,0.0,-7.612
2026-08-14,6418,詠昇,3.0,5.0,0.0,5.0
2026-08-14,6419,京晨科,45.025,44.756,0.0,44.756
2026-08-14,6423,億而得,16.0,18.0,0.0,18.0
2026-08-14,6425,易發,6.15,6.179,0.0,6.179
2026-08-14,6426,統新,-2.16,0.0,-28.16,-30.32
2026-08-14,6431,光麗-KY,-3.0,0.0,-3.0,-6.0
2026-08-14,6432,今展科,-1249.414,-1249.414,0.0,-1249.414
2026-08-14,6435,大中,-245.85,-250.91,0.0,-250.91
2026-08-14,6438,迅得,20.099,0.0,-3.467,16.632
2026-08-14,6441,廣錠,45.0,45.0,0.0,45.0
2026-08-14,6442,光聖,-94.295,125.0,-112.951,-82.246
2026-08-14,6443,元晶,521.751,0.0,621.751,1143.502
2026-08-14,6446,藥華藥,448.037,12.343,458.713,919.093
2026-08-14,6449,鈺邦,-28.244,0.0,-108.156,-136.4
2026-08-14,6451,訊芯-KY,93.524,0.0,60.75,154.274
2026-08-14,6456,GIS-KY,-25.998,0.0,-110.748,-136.746
2026-08-14,6461,益得,-2.0,-1.999,0.0,-1.999
2026-08-14,6462,神盾,-78.62,-70.244,0.0,-70.244
2026-08-14,6464,台數科,-14.0,0.0,-12.0,-26.0
2026-08-14,6465,威潤,-37.0,-37.571,0.0,-37.571
2026-08-14,6469,大樹,-88.0,-90.483,0.0,-90.483
2026-08-14,6470,宇智,-1.0,-4.116,0.0,-4.116
2026-08-14,6472,保瑞,-142.265,0.0,-234.851,-377.116
2026-08-14,6474,華豫寧,-10.0,-10.0,0.0,-10.0
2026-08-14,6477,安集,958.933,0.0,967.355,1926.288
2026-08-14,6482,弘煜科,-2.0,-2.0,0.0,-2.0
2026-08-14,6485,點序,-110.978,-112.148,0.0,-112.148
2026-08-14,6486,互動,22.0,22.161,0.0,22.161
2026-08-14,6488,環球晶,1131.541,1030.068,0.0,1030.068
2026-08-14,6491,晶碩,79.038,0.0,50.436,129.474
2026-08-14,6492,生華科,11.0,11.0,0.0,11.0
2026-08-14,6494,九齊,-12.635,-13.796,0.0,-13.796
2026-08-14,6496,科懋,1.0,1.0,0.0,1.0
2026-08-14,6498,久禾光,8.0,8.065,0.0,8.065
2026-08-14,6499,益安,-50.865,-51.382,0.0,-51.382
2026-08-14,6504,南六,3.0,0.0,5.0,8.0
2026-08-14,6505,台塑化,1483.813,-0.211,1307.495,2791.097
2026-08-14,6506,雙邦,-16.0,-33.0,0.0,-33.0
2026-08-14,6508,惠光,-2.0,-1.977,0.0,-1.977
2026-08-14,6509,聚和,-461.349,-470.298,0.0,-470.298
2026-08-14,6510,精測,99.697,73.228,0.0,73.228
2026-08-14,6512,啟發電,0.0,-0.053,0.0,-0.053
2026-08-14,6515,穎崴,329.342,-310.63,329.672,348.384
2026-08-14,6516,勤崴國際,-4.0,-4.485,0.0,-4.485
2026-08-14,6517,保勝光學,70.0,70.334,0.0,70.334
2026-08-14,6523,達爾膚,1.0,1.759,0.0,1.759
2026-08-14,6525,捷敏-KY,-211.0,0.0,-211.718,-422.718
2026-08-14,6526,達發,-43.48,-3.0,-61.318,-107.798
2026-08-14,6527,明達醫,1.0,1.0,0.0,1.0
2026-08-14,6530,創威,-307.118,-307.236,0.0,-307.236
2026-08-14,6531,愛普*,385.723,-30.0,369.881,725.604
2026-08-14,6532,瑞耘,-46.877,-46.494,0.0,-46.494
2026-08-14,6533,晶心科,-124.46,0.0,-126.58,-251.04
2026-08-14,6534,正瀚-創,-81.0,0.0,-83.0,-164.0
2026-08-14,6535,順藥,-26.0,-56.479,0.0,-56.479
2026-08-14,6538,倉和,697.784,613.828,0.0,613.828
2026-08-14,6541,泰福-KY,-154.0,0.0,-152.0,-306.0
2026-08-14,6542,隆中,-0.725,-0.725,0.0,-0.725
2026-08-14,6546,正基,-111.85,-116.566,0.0,-116.566
2026-08-14,6547,高端疫苗,-649.97,-700.894,0.0,-700.894
2026-08-14,6548,長科*,779.598,577.451,0.0,577.451
2026-08-14,6550,北極星藥業-KY,-260.38,0.0,-260.38,-520.76
2026-08-14,6552,易華電,-28.0,0.0,-48.0,-76.0
2026-08-14,6558,興能高,38.0,0.0,38.0,76.0
2026-08-14,6560,欣普羅,-6.0,-6.0,0.0,-6.0
2026-08-14,6561,是方,-32.0,-36.571,0.0,-36.571
2026-08-14,6568,宏觀,28.03,25.41,0.0,25.41
2026-08-14,6569,醫揚,-22.0,-22.293,0.0,-22.293
2026-08-14,6570,維田,-30.879,-29.879,0.0,-29.879
2026-08-14,6573,虹揚-KY,-14.0,0.0,-14.0,-28.0
2026-08-14,6574,霈方,-12.001,-12.668,0.0,-12.668
2026-08-14,6576,逸達,-84.0,-84.0,0.0,-84.0
2026-08-14,6577,勁豐,-11.0,-11.609,0.0,-11.609
2026-08-14,6578,達邦蛋白,7.0,7.0,0.0,7.0
2026-08-14,6579,研揚,-308.0,0.0,-373.9,-681.9
2026-08-14,6581,鋼聯,0.0,0.0,2.0,2.0
2026-08-14,6582,申豐,14.0,0.0,8.0,22.0
2026-08-14,6584,南俊國際,-814.876,-822.688,0.0,-822.688
2026-08-14,6585,鼎基,-103.0,0.0,-101.348,-204.348
2026-08-14,6588,東典光電,-112.0,-113.119,0.0,-113.119
2026-08-14,6589,台康生技,278.22,0.0,280.232,558.452
2026-08-14,6591,動力-KY,-71.969,0.0,-71.973,-143.942
2026-08-14,6592,和潤企業,10.011,0.0,-2.819,7.191999999999999
2026-08-14,6593,台灣銘板,2.0,2.0,0.0,2.0
2026-08-14,6596,寬宏藝術,5.297,5.33,0.0,5.33
2026-08-14,6598,ABC-KY,52.0,0.0,48.0,100.0
2026-08-14,6603,富強鑫,-635.9,-669.465,0.0,-669.465
2026-08-14,6605,帝寶,74.455,0.0,112.849,187.304
2026-08-14,6606,建德工業,54.0,0.0,88.0,142.0
2026-08-14,6609,瀧澤科,-9.0,-9.0,0.0,-9.0
2026-08-14,6612,奈米醫材,0.0,0.028,0.0,0.028
2026-08-14,6613,朋億*,-21.945,-17.971,0.0,-17.971
2026-08-14,6614,資拓宏宇,-4.0,0.0,-12.0,-16.0
2026-08-14,6615,慧智,1.0,1.0,0.0,1.0
2026-08-14,6617,共信-KY,-46.681,-46.053,0.0,-46.053
2026-08-14,6620,漢達,-109.8,-121.693,0.0,-121.693
2026-08-14,6624,萬年清,-1.0,-1.0,0.0,-1.0
2026-08-14,6625,必應,39.0,0.0,55.0,94.0
2026-08-14,6629,泰金-KY,-5.0,-5.21,0.0,-5.21
2026-08-14,6637,醫影,-4.0,-4.0,0.0,-4.0
2026-08-14,6640,均華,26.993,84.081,0.0,84.081
2026-08-14,6641,基士德-KY,1.0,0.0,1.0,2.0
2026-08-14,6642,富致,-27.41,-27.41,0.0,-27.41
2026-08-14,6643,M31,12.3,1.563,0.0,1.563
2026-08-14,6645,金萬林-創,-1.0,0.0,1.002,0.002
2026-08-14,6649,台生材,1.0,0.686,0.0,0.686
2026-08-14,6651,全宇昕,18.92,19.024,0.0,19.024
2026-08-14,6654,天正國際,-14.0,-13.685,0.0,-13.685
2026-08-14,6657,華安,-15.0,0.0,-15.0,-30.0
2026-08-14,6658,聯策,-157.487,0.0,-153.895,-311.382
2026-08-14,6664,群翊,10.04,-13.904,0.0,-13.904
2026-08-14,6666,羅麗芬-KY,-1.0,0.0,-3.0,-4.0
2026-08-14,6667,信紘科,-9.0,-12.239,0.0,-12.239
2026-08-14,6668,中揚光,-77.393,0.0,-77.393,-154.786
2026-08-14,6669,緯穎,23.131,449.957,-88.753,384.335
2026-08-14,6670,復盛應用,-59.969,0.0,-59.969,-119.938
2026-08-14,6671,三能-KY,-5.0,0.0,-5.0,-10.0
2026-08-14,6672,騰輝電子-KY,919.609,0.0,1036.751,1956.36
2026-08-14,6674,鋐寶科技,0.0,0.0,0.0,0.0
2026-08-14,6679,鈺太,-58.201,-70.152,0.0,-70.152
2026-08-14,6683,雍智科技,-202.134,-189.167,0.0,-189.167
2026-08-14,6684,安格,37.0,30.909,0.0,30.909
2026-08-14,6689,伊雲谷,13.02,0.0,21.02,34.04
2026-08-14,6690,安碁資訊,-7.07,-7.07,0.0,-7.07
2026-08-14,6691,洋基工程,-92.749,-2.0,-105.977,-200.726
2026-08-14,6692,進能服,-1.0,-1.0,0.0,-1.0
2026-08-14,6693,廣閎科,78.755,84.486,0.0,84.486
2026-08-14,6695,芯鼎,65.831,0.0,65.863,131.69400000000002
2026-08-14,6697,東捷資訊,1.0,1.0,0.0,1.0
2026-08-14,6698,旭暉應材,-31.0,0.0,-31.0,-62.0
2026-08-14,6703,軒郁,-8.07,-7.07,0.0,-7.07
2026-08-14,6706,惠特,302.948,0.0,272.852,575.8
2026-08-14,6708,天擎,4.0,4.0,0.0,4.0
2026-08-14,6712,長聖,-12.0,-11.634,0.0,-11.634
2026-08-14,6715,嘉基,-12.123,0.0,-12.499,-24.622
2026-08-14,6716,應廣,194.147,194.067,0.0,194.067
2026-08-14,6719,力智,-208.265,0.0,-213.815,-422.08
2026-08-14,6720,久昌,4.0,4.0,0.0,4.0
2026-08-14,6722,輝創,12.0,0.0,12.0,24.0
2026-08-14,6725,矽科宏晟,-14.28,-14.277,0.0,-14.277
2026-08-14,6727,亞泰金屬,150.7,163.729,0.0,163.729
2026-08-14,6728,上洋,-6.0,-6.0,0.0,-6.0
2026-08-14,6730,常廣,-4.0,-4.0,0.0,-4.0
2026-08-14,6732,昇佳電子,-22.0,-22.423,0.0,-22.423
2026-08-14,6733,博晟生醫,-23.0,-22.433,0.0,-22.433
2026-08-14,6735,美達科技,-37.0,-37.009,0.0,-37.009
2026-08-14,6739,竹陞科技,3.0,-2.208,0.0,-2.208
2026-08-14,6741,91APP*-KY,-241.334,-240.581,0.0,-240.581
2026-08-14,6742,澤米,41.0,0.0,42.634,83.634
2026-08-14,6743,安普新,-80.0,0.0,-80.0,-160.0
2026-08-14,6751,智聯服務,-1.0,-1.0,0.0,-1.0
2026-08-14,6752,叡揚,0.0,-0.2,0.0,-0.2
2026-08-14,6753,龍德造船,1451.193,0.0,2372.249,3823.442
2026-08-14,6754,匯僑設計,-2.0,0.0,-2.0,-4.0
2026-08-14,6756,威鋒電子,8.0,0.0,14.0,22.0
2026-08-14,6757,台灣虎航,233.199,0.0,211.199,444.398
2026-08-14,6761,穩得,-204.0,-200.849,0.0,-200.849
2026-08-14,6763,綠界科技*,-28.0,-27.332,0.0,-27.332
2026-08-14,6768,志強-KY,100.19,0.0,100.19,200.38
2026-08-14,6770,力積電,144966.464,-27.0,148061.608,293001.07200000004
2026-08-14,6771,平和環保-創,-16.0,0.0,-20.0,-36.0
2026-08-14,6776,展碁國際,9.0,0.0,33.0,42.0
2026-08-14,6781,AES-KY,15.054,0.0,3.07,18.124
2026-08-14,6782,視陽,-4.961,-78.0,-69.803,-152.764
2026-08-14,6785,昱展新藥,-5.08,-4.714,0.0,-4.714
2026-08-14,6788,華景電,54.578,54.614,0.0,54.614
2026-08-14,6789,采鈺,98.693,-1.0,72.631,170.324
2026-08-14,6790,永豐實,-127.37,0.0,-113.37,-240.74
2026-08-14,6791,虎門科技,3.0,3.882,0.0,3.882
2026-08-14,6792,詠業,-11.0,0.0,1.0,-10.0
2026-08-14,6794,向榮生技,-9.0,0.0,-9.0,-18.0
2026-08-14,6796,晉弘,-7.0,0.0,-7.0,-14.0
2026-08-14,6799,來頡,-37.95,0.0,-34.008,-71.958
2026-08-14,6803,崑鼎,-9.06,-9.06,0.0,-9.06
2026-08-14,6804,明係,-1.0,-1.0,0.0,-1.0
2026-08-14,6805,富世達,122.712,75.0,78.188,275.9
2026-08-14,6807,峰源-KY,-3.0,0.0,-3.0,-6.0
2026-08-14,6811,宏碁資訊,9.362,11.166,0.0,11.166
2026-08-14,6821,聯寶,-33.0,-33.163,0.0,-33.163
2026-08-14,6823,濾能,-7.0,-7.4,0.0,-7.4
2026-08-14,6829,千附精密,187.003,296.864,0.0,296.864
2026-08-14,6830,汎銓,27.808,0.0,12.184,39.992
2026-08-14,6831,邁科,60.655,0.0,62.375,123.03
2026-08-14,6834,天二科技,170.951,0.0,185.135,356.086
2026-08-14,6835,圓裕,-8.0,0.0,-8.0,-16.0
2026-08-14,6838,台新藥,-11.0,0.0,-11.0,-22.0
2026-08-14,6840,東研信超,256.0,297.415,0.0,297.415
2026-08-14,6841,長佳智能,0.0,-0.445,0.0,-0.445
2026-08-14,6843,進典,-7.0,-7.0,0.0,-7.0
2026-08-14,6854,錼創科技-KY創,-15.96,0.0,-4.554,-20.514000000000003
2026-08-14,6856,鑫傳,8.0,8.0,0.0,8.0
2026-08-14,6859,伯特光,36.0,35.895,0.0,35.895
2026-08-14,6861,睿生光電,-8.095,0.0,-9.499,-17.594
2026-08-14,6862,三集瑞-KY,-36.0,0.0,-47.498,-83.49799999999999
2026-08-14,6863,永道-KY,-59.0,0.0,-79.77,-138.76999999999998
2026-08-14,6865,偉康科技,10.0,10.0,0.0,10.0
2026-08-14,6869,雲豹能源,-143.03,0.0,-234.278,-377.308
2026-08-14,6870,騰雲,4.0,-2.934,0.0,-2.934
2026-08-14,6873,泓德能源,-31.86,0.0,-33.86,-65.72
2026-08-14,6874,倍力,-2.0,-1.487,0.0,-1.487
2026-08-14,6875,國邑*,11.0,11.005,0.0,11.005
2026-08-14,6877,鏵友益,-5.0,-7.895,0.0,-7.895
2026-08-14,6885,全福生技,-161.908,0.0,-163.908,-325.816
2026-08-14,6887,寶綠特-KY,-1.0,0.0,-3.0,-4.0
2026-08-14,6890,來億-KY,-194.901,0.0,-194.139,-389.04
2026-08-14,6894,衛司特,-6.0,-6.378,0.0,-6.378
2026-08-14,6895,宏碩系統,-3.0,-3.366,0.0,-3.366
2026-08-14,6899,創為精密,1.0,1.0,0.0,1.0
2026-08-14,6901,鑽石投資,-1536.0,0.0,-1512.0,-3048.0
2026-08-14,6902,GOGOLOOK,48.0,0.0,47.692,95.692
2026-08-14,6903,巨漢,-85.0,-94.883,0.0,-94.883
2026-08-14,6906,現觀科,-25.0,0.0,-25.0,-50.0
2026-08-14,6907,雅特力-KY,-161.341,-152.121,0.0,-152.121
2026-08-14,6908,宏碁遊戲-創,0.0,0.0,-2.4,-2.4
2026-08-14,6909,創控,72.0,0.0,72.0,144.0
2026-08-14,6910,德鴻,0.0,0.0,0.0,0.0
2026-08-14,6913,鴻呈,173.029,145.685,0.0,145.685
2026-08-14,6914,阜爾運通,6.403,0.0,14.403,20.806
2026-08-14,6916,華凌,-12.0,0.0,-6.0,-18.0
2026-08-14,6918,愛派司,29.0,0.0,29.0,58.0
2026-08-14,6919,康霈*,997.436,0.0,1022.866,2020.302
2026-08-14,6921,嘉雨思-創,17.0,0.0,22.082,39.082
2026-08-14,6922,宸曜,68.11,22.569,0.0,22.569
2026-08-14,6923,中台,6.25,0.0,-2.664,3.586
2026-08-14,6924,榮惠-KY創,-5.0,0.0,-5.0,-10.0
2026-08-14,6925,意藍,-11.0,-11.0,0.0,-11.0
2026-08-14,6928,攸泰科技,-74.0,0.0,-74.0,-148.0
2026-08-14,6929,佑全,2.0,2.0,0.0,2.0
2026-08-14,6931,青松健康,-84.0,0.0,-99.76,-183.76
2026-08-14,6933,AMAX-KY,-73.35,0.0,-81.232,-154.582
2026-08-14,6934,心誠鎂,5.0,0.0,5.0,10.0
2026-08-14,6936,永鴻生技,1.0,0.0,1.0,2.0
2026-08-14,6937,天虹,-84.271,0.0,-129.627,-213.898
2026-08-14,6944,兆聯實業,-67.054,0.385,-47.086,-113.755
2026-08-14,6945,圓祥生技,-232.937,-232.937,0.0,-232.937
2026-08-14,6947,台鎔科技,-105.05,0.0,-105.05,-210.1
2026-08-14,6949,沛爾生醫-創,89.841,0.0,54.399,144.24
2026-08-14,6951,青新-創,-4.0,0.0,-4.814,-8.814
2026-08-14,6952,大武山,-3.0,0.0,-3.0,-6.0
2026-08-14,6953,家碩,-2.0,0.051,0.0,0.051
2026-08-14,6955,邦睿生技-創,-3.0,0.0,2.932,-0.068
2026-08-14,6957,裕慶-KY,-9.0,0.0,-9.0,-18.0
2026-08-14,6958,日盛台駿,-7.0,0.0,-7.0,-14.0
2026-08-14,6961,旅天下,-1.0,-1.0,0.0,-1.0
2026-08-14,6962,奕力-KY,-1600.901,0.0,-1706.935,-3307.836
2026-08-14,6965,中傑-KY,-2.0,0.0,-2.0,-4.0
2026-08-14,6967,汎瑋材料,44.0,44.0,0.0,44.0
2026-08-14,6968,萬達寵物,5.0,4.954,0.0,4.954
2026-08-14,6969,成信實業*-創,-16.0,0.0,-18.432,-34.432
2026-08-14,6971,惠民實業,7.0,7.0,0.0,7.0
2026-08-14,6982,大井泵浦,-3.0,-3.0,0.0,-3.0
2026-08-14,6983,華洋精機,-4.0,-3.935,0.0,-3.935
2026-08-14,6986,和迅,-19.0,-21.0,0.0,-21.0
2026-08-14,6988,威力暘-創,-14.0,0.0,-18.0,-32.0
2026-08-14,6994,富威電力,72.0,0.0,74.0,146.0
2026-08-14,6996,力領科技,-55.0,-57.765,0.0,-57.765
2026-08-14,7402,邑錡,-34.01,-17.776,0.0,-17.776
2026-08-14,7547,碩網,1.0,1.0,0.0,1.0
2026-08-14,7556,意德士,8.0,10.015,0.0,10.015
2026-08-14,7584,樂意,1011.928,1011.928,0.0,1011.928
2026-08-14,7610,聯友金屬-創,66.004,0.0,67.616,133.62
2026-08-14,7631,聚賢研發-創,26.14,0.0,43.062,69.202
2026-08-14,7642,昶瑞機電,11.0,11.0,0.0,11.0
2026-08-14,7689,大鵬科CLMX,-14.0,0.0,-14.0,-28.0
2026-08-14,7703,銳澤,-1.0,-0.986,0.0,-0.986
2026-08-14,7704,明遠精密,-1.0,-0.952,0.0,-0.952
2026-08-14,7705,三商餐飲,2.0,0.0,-4.0,-2.0
2026-08-14,7708,全家餐飲,-1.0,-1.0,0.0,-1.0
2026-08-14,7709,榮田,1.0,1.027,0.0,1.027
2026-08-14,7711,永擎,75.9,0.0,74.464,150.364
2026-08-14,7712,博盛半導體,2.533,-1.335,0.0,-1.335
2026-08-14,7714,創泓科技,-21.953,-18.925,0.0,-18.925
2026-08-14,7715,裕山,9.0,9.0,0.0,9.0
2026-08-14,7717,萊德光電-KY,39.482,38.046,0.0,38.046
2026-08-14,7718,友鋮,4.0,3.997,0.0,3.997
2026-08-14,7721,微程式,-14.904,0.0,-10.904,-25.808
2026-08-14,7722,LINEPAY,-39.977,0.0,-41.025,-81.002
2026-08-14,7723,築間,-14.0,-14.0,0.0,-14.0
2026-08-14,7728,光焱科技,0.0,0.0,0.0,0.0
2026-08-14,7730,暉盛-創,-42.06,0.0,-40.968,-83.028
2026-08-14,7732,金興精密,-6.0,0.0,-28.0,-34.0
2026-08-14,7734,印能科技,20.005,-53.495,0.0,-53.495
2026-08-14,7736,虎山,2.0,0.0,2.0,4.0
2026-08-14,7738,東聯互動,-18.0,-18.0,0.0,-18.0
2026-08-14,7740,熙特爾-創,-113.91,0.0,-111.008,-224.918
2026-08-14,7744,崴寶,-18.0,-21.806,0.0,-21.806
2026-08-14,7749,意騰-KY,-18.0,0.0,-24.146,-42.146
2026-08-14,7750,新代,4.53,0.0,0.376,4.906000000000001
2026-08-14,7751,竑騰,25.0,51.573,0.0,51.573
2026-08-14,7753,星亞,2.0,2.0,0.0,2.0
2026-08-14,7757,金色三麥,-6.0,-6.0,0.0,-6.0
2026-08-14,7760,享溫馨,-14.0,0.0,-36.0,-50.0
2026-08-14,7765,中華資安,-8.0,0.0,-8.0,-16.0
2026-08-14,7767,仁大資訊,-2.0,-2.0,0.0,-2.0
2026-08-14,7768,頌勝科技,-14.0,0.0,-14.0,-28.0
2026-08-14,7769,鴻勁,-88.352,37.99,-99.832,-150.194
2026-08-14,7770,君曜,0.0,-1.0,0.0,-1.0
2026-08-14,7772,耀穎,-46.0,-46.11,0.0,-46.11
2026-08-14,7777,能率亞洲,30.0,4.051,0.0,4.051
2026-08-14,7780,大研生醫*,-307.6,0.0,-309.026,-616.626
2026-08-14,7782,光速火箭,8.082,8.082,0.0,8.082
2026-08-14,7786,東方風能,-32.06,0.0,-30.06,-62.120000000000005
2026-08-14,7788,松川精密,68.0,0.0,-14.146,53.854
2026-08-14,7791,皇家可口,-16.0,0.0,-16.0,-32.0
2026-08-14,7792,安葆,-25.0,-19.461,0.0,-19.461
2026-08-14,7794,宏碁智新,1.0,1.0,0.0,1.0
2026-08-14,7795,長廣,183.005,0.0,152.203,335.208
2026-08-14,7799,禾榮科,43.012,0.0,39.372,82.384
2026-08-14,7803,雲象科技-創,-5.0,0.0,-5.18,-10.18
2026-08-14,7805,威聯通,1136.317,1133.564,0.0,1133.564
2026-08-14,7810,捷創科技,-10.0,-9.903,0.0,-9.903
2026-08-14,7814,海昌生技,0.0,0.0,0.0,0.0
2026-08-14,7818,溢泰實業,-30.0,0.0,-28.0,-58.0
2026-08-14,7819,精誠金融,-72.0,-72.0,0.0,-72.0
2026-08-14,7820,立盈,-17.0,-17.0,0.0,-17.0
2026-08-14,7821,神數,-16.12,0.0,-16.12,-32.24
2026-08-14,7822,倍利科,-2.0,0.0,-0.11,-2.11
2026-08-14,7823,奧義賽博-KY創,-1.0,0.0,-1.214,-2.214
2026-08-14,7827,漢康-KY創,21.013,0.0,29.433,50.446
2026-08-14,7828,創新服務,-51.262,-51.859,0.0,-51.859
2026-08-14,7835,永悅健康-創,-3.0,0.0,-3.0,-6.0
2026-08-14,7839,達人網,2.0,2.0,0.0,2.0
2026-08-14,7842,天能綠電,-21.0,-21.0,0.0,-21.0
2026-08-14,7855,和運租車,-37.0,0.0,-37.0,-74.0
2026-08-14,8011,台通,54.0,0.0,54.0,108.0
2026-08-14,8016,矽創,-197.248,-21.0,-258.146,-476.394
2026-08-14,8021,尖點,-105.99,0.0,-79.402,-185.392
2026-08-14,8024,佑華,-8.0,-8.151,0.0,-8.151
2026-08-14,8027,鈦昇,180.789,178.036,0.0,178.036
2026-08-14,8028,昇陽半導體,486.632,-1544.0,514.362,-543.006
2026-08-14,8032,光菱,-25.0,-25.368,0.0,-25.368
2026-08-14,8033,雷虎,-1611.31,0.0,-1232.422,-2843.732
2026-08-14,8034,榮群,-9.0,-9.0,0.0,-9.0
2026-08-14,8038,長園科,29.0,29.437,0.0,29.437
2026-08-14,8039,台虹,5117.916,0.0,5460.136,10578.052
2026-08-14,8040,九暘,95.89,100.866,0.0,100.866
2026-08-14,8042,金山電,-180.594,-180.631,0.0,-180.631
2026-08-14,8043,蜜望實,119.919,78.942,0.0,78.942
2026-08-14,8044,網家,-9.93,-22.009,0.0,-22.009
2026-08-14,8045,達運光電,-44.0,0.0,-45.618,-89.618
2026-08-14,8046,南電,-927.267,2466.961,-1316.983,222.71099999999976
2026-08-14,8048,德勝,-5.0,-6.669,0.0,-6.669
2026-08-14,8049,晶采,-153.464,-153.438,0.0,-153.438
2026-08-14,8050,廣積,-86.245,-88.585,0.0,-88.585
2026-08-14,8054,安國,-183.0,-190.626,0.0,-190.626
2026-08-14,8059,凱碩,-10.0,-13.17,0.0,-13.17
2026-08-14,8064,東捷,190.224,157.743,0.0,157.743
2026-08-14,8066,來思達,-6.0,-5.39,0.0,-5.39
2026-08-14,8068,全達,-10.0,-10.0,0.0,-10.0
2026-08-14,8069,元太,-2556.425,-3184.461,0.0,-3184.461
2026-08-14,8070,長華*,791.565,0.0,840.887,1632.452
2026-08-14,8071,能率網通,-119.0,-119.698,0.0,-119.698
2026-08-14,8072,陞泰,12.0,0.0,16.0,28.0
2026-08-14,8074,鉅橡,124.538,134.757,0.0,134.757
2026-08-14,8076,伍豐,-100.072,-107.07,0.0,-107.07
2026-08-14,8080,泰霖,0.0,0.001,0.0,0.001
2026-08-14,8081,致新,-169.327,-2.0,-393.105,-564.432
2026-08-14,8083,瑞穎,-15.08,-15.095,0.0,-15.095
2026-08-14,8084,巨虹,-233.0,-234.46,0.0,-234.46
2026-08-14,8085,福華,-7.0,-7.231,0.0,-7.231
2026-08-14,8086,宏捷科,-491.485,-501.476,0.0,-501.476
2026-08-14,8087,麗升能源,-1.0,-0.489,0.0,-0.489
2026-08-14,8088,品安,-163.0,-161.732,0.0,-161.732
2026-08-14,8089,康全電訊,-1.0,-1.0,0.0,-1.0
2026-08-14,8091,翔名,-26.33,-34.065,0.0,-34.065
2026-08-14,8092,建暐,2.0,1.994,0.0,1.994
2026-08-14,8096,擎亞,1268.853,1180.696,0.0,1180.696
2026-08-14,8097,常珵,-2.0,-3.0,0.0,-3.0
2026-08-14,8099,大世科,-4.0,-1.999,0.0,-1.999
2026-08-14,8102,傑霖科技,15.0,15.0,0.0,15.0
2026-08-14,8103,瀚荃,-85.95,0.0,-83.95,-169.9
2026-08-14,8104,錸寶,69.11,0.0,69.11,138.22
2026-08-14,8105,凌巨,76.0,0.0,46.0,122.0
2026-08-14,8107,大億金茂,15.0,15.0,0.0,15.0
2026-08-14,8109,博大,-7.656,-12.195,0.0,-12.195
2026-08-14,8110,華東,288.903,0.0,323.613,612.5160000000001
2026-08-14,8111,立碁,234.254,149.156,0.0,149.156
2026-08-14,8112,至上,-4579.585,390.0,-5266.329,-9455.914
2026-08-14,8114,振樺電,-230.384,0.0,-240.566,-470.95
2026-08-14,8121,越峰,-247.422,-247.453,0.0,-247.453
2026-08-14,8131,福懋科,-414.278,0.0,-431.946,-846.224
2026-08-14,8147,正淩,-36.073,-37.489,0.0,-37.489
2026-08-14,8150,南茂,-5589.612,4.0,-7288.484,-12874.096
2026-08-14,8155,博智,75.644,92.39,0.0,92.39
2026-08-14,8162,微矽電子-創,-43.02,0.0,-59.56,-102.58
2026-08-14,8163,達方,-19.2,0.0,-11.19,-30.39
2026-08-14,8171,天宇,-33.0,-49.197,0.0,-49.197
2026-08-14,8176,智捷,-16.0,-16.272,0.0,-16.272
2026-08-14,8182,加高,-196.9,-200.329,0.0,-200.329
2026-08-14,8183,精星,-8.0,-8.637,0.0,-8.637
2026-08-14,8210,勤誠,566.907,-864.0,553.855,256.76200000000006
2026-08-14,8213,志超,-22.714,0.0,-21.488,-44.202
2026-08-14,8215,明基材,-19.0,-6.0,-22.822,-47.822
2026-08-14,8222,寶一,-679.47,0.0,-687.47,-1366.94
2026-08-14,8227,巨有科技,-21.09,-24.583,0.0,-24.583
2026-08-14,8234,新漢,10.98,9.846,0.0,9.846
2026-08-14,8240,華宏,38.0,37.919,0.0,37.919
2026-08-14,8249,菱光,-40.998,0.0,-40.998,-81.996
2026-08-14,8255,朋程,55.2,11.772,0.0,11.772
2026-08-14,8261,富鼎,-3955.133,0.0,-4093.189,-8048.322
2026-08-14,8271,宇瞻,-1245.55,0.0,-1368.008,-2613.558
2026-08-14,8277,商丞,2.0,2.0,0.0,2.0
2026-08-14,8284,三竹,10.0,6.0,0.0,6.0
2026-08-14,8289,泰藝,-159.191,-156.152,0.0,-156.152
2026-08-14,8291,尚茂,-4.0,-4.0,0.0,-4.0
2026-08-14,8299,群聯,-2576.028,-4294.913,0.0,-4294.913
2026-08-14,8341,日友,-51.02,0.0,-38.086,-89.106
2026-08-14,8349,恒耀,-10.0,-10.0,0.0,-10.0
2026-08-14,8354,冠好,5.0,5.27,0.0,5.27
2026-08-14,8358,金居,-1104.517,-1039.14,0.0,-1039.14
2026-08-14,8367,建新國際,-12.0,0.0,-4.0,-16.0
2026-08-14,8374,羅昇,21.2,0.0,11.886,33.086
2026-08-14,8383,千附,-1085.13,-1085.705,0.0,-1085.705
2026-08-14,8390,金益鼎,-41.0,-53.825,0.0,-53.825
2026-08-14,8403,盛弘,4.0,4.0,0.0,4.0
2026-08-14,8404,百和興業-KY,-49.0,0.0,-57.0,-106.0
2026-08-14,8410,森田,0.0,0.0,0.0,0.0
2026-08-14,8411,福貞-KY,3.0,0.0,3.0,6.0
2026-08-14,8415,大國鋼,194.0,201.942,0.0,201.942
2026-08-14,8421,旭源,-17.601,-17.129,0.0,-17.129
2026-08-14,8422,可寧衛*,1089.92,-2.0,1077.92,2165.84
2026-08-14,8423,保綠-KY,1.0,1.0,0.0,1.0
2026-08-14,8424,惠普,17.0,16.845,0.0,16.845
2026-08-14,8426,紅木-KY,-5.0,-5.0,0.0,-5.0
2026-08-14,8429,金麗-KY,-12.0,0.0,-12.0,-24.0
2026-08-14,8431,匯鑽科,20.071,19.638,0.0,19.638
2026-08-14,8432,東生華,-1.0,-1.058,0.0,-1.058
2026-08-14,8435,鉅邁,0.0,-0.165,0.0,-0.165
2026-08-14,8436,大江,-181.1,-182.574,0.0,-182.574
2026-08-14,8437,大地-KY,-3.0,-2.588,0.0,-2.588
2026-08-14,8438,昶昕,-98.052,0.0,-102.64,-200.692
2026-08-14,8440,綠電,-3.0,-2.973,0.0,-2.973
2026-08-14,8442,威宏-KY,-6.0,0.0,-6.0,-12.0
2026-08-14,8446,華研,-2.0,-2.0,0.0,-2.0
2026-08-14,8450,霹靂,-1.0,-0.5,0.0,-0.5
2026-08-14,8454,富邦媒,10.954,0.641,11.732,23.327
2026-08-14,8455,大拓-KY,-1.0,-1.0,0.0,-1.0
2026-08-14,8462,柏文,-33.084,0.0,-7.084,-40.168000000000006
2026-08-14,8463,潤泰材,17.0,0.0,27.0,44.0
2026-08-14,8464,億豐,45.381,10.842,45.323,101.546
2026-08-14,8466,美吉吉-KY,-21.0,0.0,-19.0,-40.0
2026-08-14,8467,波力-KY,1.0,0.0,1.0,2.0
2026-08-14,8472,夠麻吉,2.0,2.0,0.0,2.0
2026-08-14,8473,山林水,-141.2,0.0,-205.206,-346.40599999999995
2026-08-14,8476,台境*,-4.0,0.0,-4.0,-8.0
2026-08-14,8477,創業家,0.0,0.046,0.0,0.046
2026-08-14,8478,東哥遊艇,-145.0,0.0,-143.46,-288.46000000000004
2026-08-14,8481,政伸,-1.0,0.0,-1.0,-2.0
2026-08-14,8482,商億-KY,2.0,0.0,0.0,2.0
2026-08-14,8487,愛爾達-創,1.0,0.0,-3.406,-2.406
2026-08-14,8488,吉源-KY,-2.0,0.0,-2.0,-4.0
2026-08-14,8489,三貝德,-1.0,-1.445,0.0,-1.445
2026-08-14,8499,鼎炫-KY,7.0,0.0,6.74,13.74
2026-08-14,8906,花王,4.0,4.0,0.0,4.0
2026-08-14,8908,欣雄,-4.0,-4.381,0.0,-4.381
2026-08-14,8916,光隆,-34.0,-34.131,0.0,-34.131
2026-08-14,8924,大田,-1.0,4.066,0.0,4.066
2026-08-14,8926,台汽電,670.209,-1.05,599.521,1268.6799999999998
2026-08-14,8927,北基,-3.0,-3.0,0.0,-3.0
2026-08-14,8928,鉅明,2.0,2.0,0.0,2.0
2026-08-14,8929,富堡,-1.0,-0.642,0.0,-0.642
2026-08-14,8930,青鋼,-7.0,-7.0,0.0,-7.0
2026-08-14,8931,大汽電,1.0,0.927,0.0,0.927
2026-08-14,8932,智通*,888.916,1031.898,0.0,1031.898
2026-08-14,8933,愛地雅,-2.0,-2.0,0.0,-2.0
2026-08-14,8935,邦泰,-27.0,-27.002,0.0,-27.002
2026-08-14,8936,國統,-705.079,-627.066,0.0,-627.066
2026-08-14,8937,合騏*,-28.0,-27.9,0.0,-27.9
2026-08-14,8938,明安,-35.85,-34.188,0.0,-34.188
2026-08-14,8940,新天地,-3.0,0.0,-7.0,-10.0
2026-08-14,8941,關中,2.0,2.0,0.0,2.0
2026-08-14,8942,森鉅,334.0,326.359,0.0,326.359
2026-08-14,8996,高力,-1474.791,2204.0,-1616.107,-886.8979999999999
2026-08-14,9103,美德醫療-DR,174.0,0.0,173.316,347.31600000000003
2026-08-14,9105,泰金寶-DR,11171.31,0.0,11031.724,22203.034
2026-08-14,9136,巨騰-DR,34.0,0.0,34.0,68.0
2026-08-14,9802,鈺齊-KY,-142.947,0.0,-213.893,-356.84000000000003
2026-08-14,9902,台火,13.0,0.0,13.0,26.0
2026-08-14,9904,寶成,21199.135,119.0,22067.545,43385.67999999999
2026-08-14,9905,大華,-40.0,0.0,-22.0,-62.0
2026-08-14,9906,欣巴巴,-14.0,0.0,-12.0,-26.0
2026-08-14,9907,統一實,-815.626,0.0,-859.626,-1675.252
2026-08-14,9908,大台北,-16.0,0.0,-16.0,-32.0
2026-08-14,9910,豐泰,199.599,53.19,170.769,423.558
2026-08-14,9911,櫻花,-134.932,0.0,-134.932,-269.864
2026-08-14,9912,偉聯,-3.0,0.0,3.0,0.0
2026-08-14,9914,美利達,-667.847,0.0,-796.669,-1464.516
2026-08-14,9917,中保科,-30.378,0.0,-22.378,-52.756
2026-08-14,9918,欣天然,-12.0,0.0,-12.0,-24.0
2026-08-14,9919,康那香,-47.0,0.0,-89.0,-136.0
2026-08-14,9921,巨大,-441.389,0.0,-515.905,-957.294
2026-08-14,9924,福興,-31.0,0.0,-29.0,-60.0
2026-08-14,9925,新保,-239.0,0.0,-193.0,-432.0
2026-08-14,9926,新海,-11.0,0.0,-11.0,-22.0
2026-08-14,9927,泰銘,-4.0,0.0,0.0,-4.0
2026-08-14,9929,秋雨,-1.0,0.0,-1.0,-2.0
2026-08-14,9930,中聯資源,-1.807,0.0,12.193,10.386
2026-08-14,9931,欣高,-14.0,0.0,-14.04,-28.04
2026-08-14,9933,中鼎,2079.034,-8.5,1977.054,4047.588
2026-08-14,9934,成霖,-6.0,0.0,-58.0,-64.0
2026-08-14,9935,慶豐富,92.804,0.0,92.804,185.608
2026-08-14,9937,全國,-13.0,0.0,-7.0,-20.0
2026-08-14,9938,百和,-7.583,0.0,41.165,33.582
2026-08-14,9939,宏全,-280.93,0.0,-267.816,-548.746
2026-08-14,9940,信義,-159.54,0.0,-170.956,-330.496
2026-08-14,9941,裕融,-374.34,0.0,-376.004,-750.344
2026-08-14,9942,茂順,-28.276,0.0,-28.276,-56.552
2026-08-14,9943,好樂迪,22.0,0.0,8.0,30.0
2026-08-14,9944,新麗,-12.0,0.0,-18.0,-30.0
2026-08-14,9945,潤泰新,15244.75,0.0,16148.74,31393.49
2026-08-14,9946,三發地產,123.0,0.0,89.0,212.0
2026-08-14,9949,琉園,7.0,7.0,0.0,7.0
2026-08-14,9951,皇田,3.0,3.0,0.0,3.0
2026-08-14,9955,佳龍,-54.891,0.0,-54.891,-109.782
2026-08-14,9958,世紀鋼,-1147.892,0.0,-1197.002,-2344.894
2026-08-14,9960,邁達康,-1.0,-0.995,0.0,-0.995
2026-08-14,9962,有益,-1.0,-1.02,0.0,-1.02
2026-08-17,1101,台泥,-1987.186,0.0,-1730.324,-3717.51
2026-08-17,1102,亞泥,52.348,517.924,52.572,622.8439999999999
2026-08-17,1103,嘉泥,102.853,0.0,112.853,215.706
2026-08-17,1104,環泥,-3.0,0.0,5.0,2.0
2026-08-17,1108,幸福,90.0,0.0,94.0,184.0
2026-08-17,1109,信大,-19.832,0.0,-15.832,-35.664
2026-08-17,1110,東泥,-4.997,0.0,1.003,-3.994
2026-08-17,1201,味全,31.0,0.0,37.0,68.0
2026-08-17,1203,味王,2.0,0.0,6.0,8.0
2026-08-17,1210,大成,-659.408,0.0,-1040.172,-1699.58
2026-08-17,1213,大飲,1.0,0.0,1.0,2.0
2026-08-17,1215,卜蜂,125.784,0.0,123.784,249.568
2026-08-17,1216,統一,3896.568,-3159.0,3808.248,4545.816000000001
2026-08-17,1217,愛之味,48.0,0.0,54.0,102.0
2026-08-17,1218,泰山,-442.0,0.0,-434.0,-876.0
2026-08-17,1219,福壽,104.008,0.0,106.008,210.016
2026-08-17,1220,台榮,-4.0,0.0,-2.0,-6.0
2026-08-17,1225,福懋油,2.027,0.0,-7.973,-5.946
2026-08-17,1227,佳格,158.037,0.0,168.037,326.074
2026-08-17,1229,聯華,858.918,0.0,877.246,1736.164
2026-08-17,1231,聯華食,88.0,0.0,92.0,180.0
2026-08-17,1232,大統益,-17.444,0.0,-15.444,-32.888
2026-08-17,1233,天仁,1.0,0.0,3.0,4.0
2026-08-17,1234,黑松,-16.0,0.0,-14.0,-30.0
2026-08-17,1235,興泰,-1.0,0.0,3.0,2.0
2026-08-17,1236,宏亞,10.981,0.0,12.981,23.962
2026-08-17,1240,茂生農經,0.0,0.0,0.0,0.0
2026-08-17,1256,鮮活果汁-KY,23.41,0.0,23.41,46.82
2026-08-17,1259,安心,1.0,5.0,0.0,5.0
2026-08-17,1264,德麥,-0.93,-2.151,0.0,-2.151
2026-08-17,1268,漢來美食,-1.0,-1.0,0.0,-1.0
2026-08-17,1294,漢田生技,-1.0,-1.0,0.0,-1.0
2026-08-17,1295,生合,-6.0,-6.0,0.0,-6.0
2026-08-17,1301,台塑,-4661.929,0.0,-4908.495,-9570.424
2026-08-17,1303,南亞,-7473.404,2573.0,-6508.254,-11408.658
2026-08-17,1304,台聚,217.677,0.0,295.559,513.236
2026-08-17,1305,華夏,392.628,0.0,290.628,683.256
2026-08-17,1307,三芳,-52.0,0.0,-65.002,-117.002
2026-08-17,1308,亞聚,131.172,0.0,130.47,261.642
2026-08-17,1309,台達化,-181.142,0.0,-140.806,-321.948
2026-08-17,1310,台苯,-1377.401,0.0,-1371.401,-2748.802
2026-08-17,1312,國喬,-24.994,0.0,-183.9,-208.894
2026-08-17,1313,聯成,740.879,0.0,757.437,1498.316
2026-08-17,1314,中石化,1032.839,0.0,1034.839,2067.678
2026-08-17,1315,達新,-6.0,0.0,-2.0,-8.0
2026-08-17,1316,上曜,1216.0,0.0,1244.0,2460.0
2026-08-17,1319,東陽,741.365,0.0,1064.739,1806.104
2026-08-17,1321,大洋,2.0,0.0,5.55,7.55
2026-08-17,1323,永裕,0.0,0.0,6.0,6.0
2026-08-17,1324,地球,-1.0,0.0,1.0,0.0
2026-08-17,1325,恆大,4.872,0.0,4.872,9.744
2026-08-17,1326,台化,-5008.764,0.0,-5492.748,-10501.512
2026-08-17,1336,台翰,-314.907,-309.358,0.0,-309.358
2026-08-17,1337,再生-KY,61.175,0.0,65.175,126.35
2026-08-17,1338,廣華-KY,-8.0,0.0,-6.0,-14.0
2026-08-17,1339,昭輝,-42.496,0.0,-48.496,-90.992
2026-08-17,1340,勝悅-KY,-5.0,0.0,-5.0,-10.0
2026-08-17,1341,富林-KY,2.0,0.0,4.0,6.0
2026-08-17,1342,八貫,44.923,-120.999,48.859,-27.21699999999999
2026-08-17,1402,遠東新,6225.323,553.615,6352.839,13131.777
2026-08-17,1409,新纖,-5566.635,0.0,-5093.293,-10659.928
2026-08-17,1410,南染,-1.0,0.0,1.0,0.0
2026-08-17,1413,宏洲,1.0,0.0,1.0,2.0
2026-08-17,1414,東和,90.883,0.0,80.883,171.766
2026-08-17,1416,廣豐,5.07,0.0,5.07,10.14
2026-08-17,1417,嘉裕,57.0,0.0,59.0,116.0
2026-08-17,1418,東華,1.0,0.0,1.0,2.0
2026-08-17,1419,新紡,-76.0,0.0,-72.0,-148.0
2026-08-17,1423,利華,4.0,0.0,6.0,10.0
2026-08-17,1432,大魯閣,15.0,0.0,15.0,30.0
2026-08-17,1434,福懋,329.527,0.0,347.527,677.054
2026-08-17,1435,中福,4.0,0.0,4.0,8.0
2026-08-17,1436,華友聯,112.0,0.0,110.0,222.0
2026-08-17,1437,勤益控,66.0,0.0,68.0,134.0
2026-08-17,1438,三地開發,1.0,0.0,5.0,6.0
2026-08-17,1439,雋揚,-5.0,0.0,-5.0,-10.0
2026-08-17,1440,南紡,84.081,0.0,78.491,162.572
2026-08-17,1441,大東,-1.0,0.0,1.0,0.0
2026-08-17,1442,名軒,68.119,0.0,72.119,140.238
2026-08-17,1443,立益物流,-1.0,0.0,-1.0,-2.0
2026-08-17,1444,力麗,329.11,0.0,339.11,668.22
2026-08-17,1445,大宇,17.0,0.0,15.0,32.0
2026-08-17,1446,宏和,-114.181,0.0,-110.181,-224.362
2026-08-17,1447,力鵬,-511.3,0.0,-501.3,-1012.6
2026-08-17,1449,佳和,32.198,0.0,32.198,64.396
2026-08-17,1451,年興,8.0,0.0,10.0,18.0
2026-08-17,1452,宏益,0.0,0.0,4.0,4.0
2026-08-17,1453,大將,22.0,0.0,22.0,44.0
2026-08-17,1454,台富,2.0,0.0,2.0,4.0
2026-08-17,1455,集盛,103.923,0.0,109.923,213.846
2026-08-17,1456,怡華,1.0,0.0,-1.0,0.0
2026-08-17,1457,宜進,4.098,0.0,8.098,12.196000000000002
2026-08-17,1459,聯發,0.001,0.0,4.001,4.002000000000001
2026-08-17,1460,宏遠,-48.0,0.0,-42.0,-90.0
2026-08-17,1463,強盛新,-2.0,0.0,0.0,-2.0
2026-08-17,1464,得力,95.0,0.0,99.0,194.0
2026-08-17,1465,偉全,17.0,0.0,17.0,34.0
2026-08-17,1466,聚隆,-241.885,0.0,-239.885,-481.77
2026-08-17,1467,南緯,-25.507,0.0,-23.507,-49.014
2026-08-17,1468,昶和,2.0,0.0,0.0,2.0
2026-08-17,1470,大統新創,1.0,0.0,3.0,4.0
2026-08-17,1471,首利,-7.0,0.0,-7.0,-14.0
2026-08-17,1472,三洋實業,0.0,0.0,2.0,2.0
2026-08-17,1473,台南,-5.0,0.0,-3.0,-8.0
2026-08-17,1474,弘裕,0.0,0.0,2.0,2.0
2026-08-17,1475,業旺,-1.0,0.0,-1.0,-2.0
2026-08-17,1476,儒鴻,-828.738,39.793,-1474.646,-2263.591
2026-08-17,1477,聚陽,-1877.86,123.0,-2323.936,-4078.796
2026-08-17,1503,士電,636.352,0.0,642.606,1278.958
2026-08-17,1504,東元,3562.242,0.0,3888.818,7451.06
2026-08-17,1506,正道,-11.0,0.0,1.0,-10.0
2026-08-17,1512,瑞利,-2.0,0.0,0.0,-2.0
2026-08-17,1513,中興電,1237.315,0.0,1405.613,2642.928
2026-08-17,1514,亞力,117.564,0.0,98.994,216.558
2026-08-17,1515,力山,-2719.666,0.0,-2728.618,-5448.284
2026-08-17,1516,川飛,4.0,0.0,6.0,10.0
2026-08-17,1517,利奇,-12.529,0.0,-7.351,-19.88
2026-08-17,1519,華城,81.549,0.0,87.457,169.006
2026-08-17,1521,大億,2.0,0.0,4.0,6.0
2026-08-17,1522,堤維西,181.255,0.0,177.255,358.51
2026-08-17,1524,耿鼎,99.0,0.0,103.0,202.0
2026-08-17,1525,江申,4.0,0.0,6.0,10.0
2026-08-17,1526,日馳,-76.005,0.0,-74.005,-150.01
2026-08-17,1527,鑽全,96.975,0.0,98.975,195.95
2026-08-17,1528,恩德,-30.237,0.0,-26.699,-56.936
2026-08-17,1529,樂事綠能,97.469,0.0,99.469,196.938
2026-08-17,1530,亞崴,-1.0,0.0,1.0,0.0
2026-08-17,1531,高林股,21.0,0.0,23.0,44.0
2026-08-17,1532,勤美,287.324,0.0,292.316,579.64
2026-08-17,1533,車王電,-62.0,0.0,-56.0,-118.0
2026-08-17,1535,中宇,1.0,0.0,7.0,8.0
2026-08-17,1536,和大,573.051,0.0,578.847,1151.898
2026-08-17,1537,廣隆,-73.0,25.0,-73.0,-121.0
2026-08-17,1539,巨庭,2.0,0.0,2.0,4.0
2026-08-17,1540,喬福,7.0,0.0,11.0,18.0
2026-08-17,1541,錩泰,0.0,0.0,2.0,2.0
2026-08-17,1558,伸興,39.204,0.0,43.404,82.608
2026-08-17,1560,中砂,390.519,0.0,402.127,792.646
2026-08-17,1563,巧新,-147.393,0.0,-105.651,-253.044
2026-08-17,1565,精華,-1.0,-0.62,0.0,-0.62
2026-08-17,1568,倉佑,17.0,0.0,29.0,46.0
2026-08-17,1569,濱川,47.03,53.051,0.0,53.051
2026-08-17,1570,力肯,-15.0,-15.0,0.0,-15.0
2026-08-17,1580,新麥,-0.845,-1.144,0.0,-1.144
2026-08-17,1582,信錦,91.417,0.0,91.933,183.35
2026-08-17,1583,程泰,0.0,0.0,2.0,2.0
2026-08-17,1584,精剛,-67.671,-67.808,0.0,-67.808
2026-08-17,1586,和勤,-86.115,-86.115,0.0,-86.115
2026-08-17,1587,吉茂,-27.928,0.0,-27.928,-55.856
2026-08-17,1590,亞德客-KY,-36.482,0.0,-1.246,-37.728
2026-08-17,1591,駿吉-KY,-7.0,-7.0,0.0,-7.0
2026-08-17,1593,祺驊,-2.0,-2.0,0.0,-2.0
2026-08-17,1595,川寶,-3.55,-2.377,0.0,-2.377
2026-08-17,1597,直得,-6.578,0.0,0.156,-6.422000000000001
2026-08-17,1598,岱宇,-195.573,0.0,-193.573,-389.146
2026-08-17,1599,宏佳騰,-2.0,-2.149,0.0,-2.149
2026-08-17,1603,華電,-22.624,0.0,-20.624,-43.248
2026-08-17,1604,聲寶,-3.0,0.0,3.0,0.0
2026-08-17,1605,華新,812.006,-0.344,914.882,1726.544
2026-08-17,1608,華榮,-720.173,0.0,-712.155,-1432.328
2026-08-17,1609,大亞,-1457.172,0.0,-1425.496,-2882.668
2026-08-17,1611,中電,45.711,0.0,49.711,95.422
2026-08-17,1612,宏泰,-193.28,0.0,-190.324,-383.604
2026-08-17,1614,三洋電,1.0,0.0,5.0,6.0
2026-08-17,1615,大山,6.556,0.0,10.556,17.112
2026-08-17,1616,億泰,-32.016,0.0,-28.242,-60.258
2026-08-17,1617,榮星,43.465,0.0,45.483,88.94800000000001
2026-08-17,1618,合機,-661.911,0.0,-974.701,-1636.612
2026-08-17,1623,大東電,-30.0,0.0,-30.0,-60.0
2026-08-17,1626,艾美特-KY,23.0,0.0,23.0,46.0
2026-08-17,1702,南僑,13.0,0.0,17.668,30.668
2026-08-17,1707,葡萄王,101.96,0.0,81.96,183.92
2026-08-17,1708,東鹼,214.239,0.0,226.031,440.27
2026-08-17,1709,和益,3780.397,0.0,3834.049,7614.446
2026-08-17,1710,東聯,-167.39,0.0,-186.006,-353.396
2026-08-17,1711,永光,1003.034,0.0,1019.324,2022.358
2026-08-17,1712,興農,-56.0,0.0,-22.0,-78.0
2026-08-17,1713,國化,-149.0,0.0,-447.0,-596.0
2026-08-17,1714,和桐,6158.774,0.0,6390.704,12549.478
2026-08-17,1717,長興,-707.793,0.0,-1061.903,-1769.696
2026-08-17,1718,中纖,-4320.738,0.0,-3758.338,-8079.076000000001
2026-08-17,1720,生達,-75.0,0.0,-74.296,-149.296
2026-08-17,1721,三晃,-72.96,0.0,-76.96,-149.92
2026-08-17,1722,台肥,-476.056,0.0,-481.926,-957.982
2026-08-17,1723,中碳,642.762,0.0,679.01,1321.772
2026-08-17,1725,元禎,10.0,0.0,8.0,18.0
2026-08-17,1726,永記,1.0,0.0,3.0,4.0
2026-08-17,1727,中華化,1225.732,0.0,1275.98,2501.712
2026-08-17,1730,花仙子,-1.0,0.0,1.0,0.0
2026-08-17,1731,美吾華,24.0,0.0,28.0,52.0
2026-08-17,1732,毛寶,-18.0,0.0,-18.0,-36.0
2026-08-17,1733,五鼎,-38.618,0.0,-38.618,-77.236
2026-08-17,1734,杏輝,-4.348,0.0,-0.348,-4.696
2026-08-17,1735,日勝化,-5.0,0.0,-3.0,-8.0
2026-08-17,1736,喬山,118.001,-180.0,144.001,82.00200000000001
2026-08-17,1737,臺鹽,54.0,0.0,54.0,108.0
2026-08-17,1752,南光,3.0,0.0,3.0,6.0
2026-08-17,1760,寶齡富錦,1.9,0.0,1.9,3.8
2026-08-17,1762,中化生,29.03,0.0,31.03,60.06
2026-08-17,1773,勝一,108.0,-145.0,111.726,74.726
2026-08-17,1776,展宇,17.0,0.0,17.0,34.0
2026-08-17,1777,生泰,1.0,0.983,0.0,0.983
2026-08-17,1780,立弘,0.962,0.962,0.0,0.962
2026-08-17,1781,合世,-1.0,-1.043,0.0,-1.043
2026-08-17,1783,和康生,-21.0,0.0,-13.0,-34.0
2026-08-17,1784,訊聯,38.998,38.944,0.0,38.944
2026-08-17,1785,光洋科,837.004,793.562,0.0,793.562
2026-08-17,1786,科妍,34.0,0.0,35.69,69.69
2026-08-17,1788,杏昌,-3.176,-3.421,0.0,-3.421
2026-08-17,1789,神隆,307.569,0.0,313.569,621.138
2026-08-17,1795,美時,349.178,0.0,349.632,698.81
2026-08-17,1796,金穎生技,-1.0,-1.0,0.0,-1.0
2026-08-17,1799,易威,-6.7,-6.7,0.0,-6.7
2026-08-17,1802,台玻,2807.472,0.0,3852.83,6660.302
2026-08-17,1805,寶徠,-13.0,0.0,-9.0,-22.0
2026-08-17,1806,冠軍,-47.0,0.0,-39.0,-86.0
2026-08-17,1808,潤隆,404.366,0.0,414.366,818.732
2026-08-17,1809,中釉,40.101,0.0,41.891,81.99199999999999
2026-08-17,1810,和成,-4666.322,0.0,-4651.724,-9318.046
2026-08-17,1813,寶利徠,1.0,1.105,0.0,1.105
2026-08-17,1815,富喬,3766.552,4072.963,0.0,4072.963
2026-08-17,1817,凱撒衛,34.0,0.0,34.0,68.0
2026-08-17,1903,士紙,12.01,0.0,15.32,27.33
2026-08-17,1904,正隆,673.342,0.0,729.342,1402.684
2026-08-17,1905,華紙,158.0,0.0,129.13,287.13
2026-08-17,1906,寶隆,46.0,0.0,48.0,94.0
2026-08-17,1907,永豐餘,313.765,0.0,313.765,627.53
2026-08-17,1909,榮成,6050.495,0.0,6204.495,12254.99
2026-08-17,2002,中鋼,-12779.303,0.0,-12247.009,-25026.312
2026-08-17,2006,東和鋼鐵,-41.65,-17.0,-49.52,-108.17
2026-08-17,2007,燁興,25.0,0.0,33.0,58.0
2026-08-17,2008,高興昌,-1.0,0.0,3.0,2.0
2026-08-17,2009,第一銅,-65.901,0.0,-61.901,-127.802
2026-08-17,2010,春源,285.0,0.0,292.834,577.8340000000001
2026-08-17,2012,春雨,4.0,0.0,4.0,8.0
2026-08-17,2013,中鋼構,-6.0,0.0,-2.0,-8.0
2026-08-17,2014,中鴻,147.018,0.0,165.018,312.036
2026-08-17,2015,豐興,-48.0,0.0,-42.0,-90.0
2026-08-17,2017,官田鋼,7.0,0.0,13.0,20.0
2026-08-17,2020,美亞,137.459,0.0,141.459,278.918
2026-08-17,2022,聚亨,37.699,0.0,41.699,79.398
2026-08-17,2023,燁輝,206.0,0.0,150.0,356.0
2026-08-17,2024,志聯,1.0,0.0,3.0,4.0
2026-08-17,2025,千興,201.856,0.0,201.856,403.712
2026-08-17,2027,大成鋼,20769.85,-6583.0,21579.73,35766.58
2026-08-17,2028,威致,-8.0,0.0,-16.0,-24.0
2026-08-17,2029,盛餘,230.517,0.0,232.517,463.034
2026-08-17,2030,彰源,472.879,0.0,546.879,1019.758
2026-08-17,2031,新光鋼,472.35,0.0,482.624,954.974
2026-08-17,2032,新鋼,-56.473,0.0,-54.687,-111.16
2026-08-17,2033,佳大,-225.346,0.0,-228.294,-453.64
2026-08-17,2034,允強,360.364,0.0,362.064,722.428
2026-08-17,2038,海光,-2.098,0.0,1.902,-0.1959999999999999
2026-08-17,2049,上銀,1481.757,185.0,1761.329,3428.086
2026-08-17,2059,川湖,-27.919,-51.012,-11.787,-90.718
2026-08-17,2061,風青,-122.578,-72.763,0.0,-72.763
2026-08-17,2062,橋椿,8.0,0.0,11.978,19.978
2026-08-17,2063,世鎧,-3.0,-2.275,0.0,-2.275
2026-08-17,2064,晉椿,-2.0,-5.0,0.0,-5.0
2026-08-17,2065,世豐,8.0,8.0,0.0,8.0
2026-08-17,2066,世德,8.0,7.99,0.0,7.99
2026-08-17,2067,嘉鋼,0.0,0.364,0.0,0.364
2026-08-17,2069,運錩,156.432,0.0,158.432,314.864
2026-08-17,2070,精湛,14.125,14.564,0.0,14.564
2026-08-17,2072,世紀風電,-59.722,0.0,-57.722,-117.444
2026-08-17,2101,南港,603.756,0.0,597.264,1201.02
2026-08-17,2102,泰豐,13.02,0.0,21.02,34.04
2026-08-17,2103,台橡,1302.082,0.0,1337.492,2639.574
2026-08-17,2104,國際中橡,1198.961,0.0,1208.961,2407.922
2026-08-17,2105,正新,-910.916,575.0,-946.712,-1282.6280000000002
2026-08-17,2106,建大,-135.0,0.0,-125.0,-260.0
2026-08-17,2107,厚生,24.623,0.0,30.623,55.246
2026-08-17,2108,南帝,317.251,0.0,319.159,636.41
2026-08-17,2109,華豐,36.0,0.0,40.0,76.0
2026-08-17,2114,鑫永銓,1.0,0.0,1.0,2.0
2026-08-17,2115,六暉-KY,5.0,0.0,1.0,6.0
2026-08-17,2201,裕隆,230.848,0.0,255.546,486.394
2026-08-17,2204,中華,675.375,0.0,686.875,1362.25
2026-08-17,2206,三陽工業,332.406,0.0,334.406,666.812
2026-08-17,2207,和泰車,-26.412,28.0,-30.422,-28.834
2026-08-17,2208,台船,-864.14,0.0,-852.19,-1716.33
2026-08-17,2211,長榮鋼,-231.68,0.0,-193.536,-425.216
2026-08-17,2221,大甲,196.545,196.617,0.0,196.617
2026-08-17,2227,裕日車,-2.04,0.0,1.96,-0.08
2026-08-17,2228,劍麟,30.0,0.0,30.0,60.0
2026-08-17,2230,泰茂,5.0,4.793,0.0,4.793
2026-08-17,2231,為升,-44.039,0.0,-25.051,-69.09
2026-08-17,2233,宇隆,-8.99,0.0,-62.232,-71.222
2026-08-17,2236,百達-KY,-282.28,0.0,-290.28,-572.56
2026-08-17,2237,華德動能-創,-27.0,0.0,-28.4,-55.4
2026-08-17,2239,英利-KY,10.0,0.0,10.0,20.0
2026-08-17,2241,艾姆勒,112.0,0.0,112.01,224.01
2026-08-17,2243,宏旭-KY,-121.413,0.0,-123.413,-244.826
2026-08-17,2247,汎德永業,21.337,0.0,23.337,44.674
2026-08-17,2248,華勝-KY,19.0,0.0,15.0,34.0
2026-08-17,2250,IKKA-KY,-3.0,0.0,-3.0,-6.0
2026-08-17,2254,巨鎧精密-創,-2.0,0.0,0.006,-1.994
2026-08-17,2258,鴻華先進-創,15.999,0.0,32.079,48.078
2026-08-17,2301,光寶科,-1151.055,-362.223,-1646.509,-3159.7870000000003
2026-08-17,2302,麗正,192.742,0.0,206.24,398.982
2026-08-17,2303,聯電,13526.431,-10402.375,15213.593,18337.649
2026-08-17,2305,全友,-328.02,0.0,-316.056,-644.076
2026-08-17,2308,台達電,1368.396,-810.703,1584.168,2141.861
2026-08-17,2312,金寶,-360.449,-15.0,-1170.857,-1546.306
2026-08-17,2313,華通,-970.756,-132.0,214.528,-888.2279999999998
2026-08-17,2314,台揚,-15.0,0.0,-15.0,-30.0
2026-08-17,2316,楠梓電,642.491,0.0,782.549,1425.04
2026-08-17,2317,鴻海,-9036.51,-1681.106,-8070.666,-18788.282
2026-08-17,2323,中環,15130.967,-30.0,17816.155,32917.122
2026-08-17,2324,仁寶,10763.824,-24.118,11157.016,21896.722
2026-08-17,2327,國巨*,-2334.016,-425.255,-1491.724,-4250.995
2026-08-17,2328,廣宇,-53.721,0.0,-44.879,-98.6
2026-08-17,2329,華泰,-494.842,0.0,-550.632,-1045.474
2026-08-17,2330,台積電,4441.659,-2058.006,4725.821,7109.474
2026-08-17,2331,精英,-746.988,0.0,-796.796,-1543.784
2026-08-17,2332,友訊,-6231.932,0.0,-6342.736,-12574.668
2026-08-17,2337,旺宏,-16511.519,-9252.0,-16744.315,-42507.834
2026-08-17,2338,光罩,-209.987,0.0,-186.881,-396.868
2026-08-17,2340,台亞,1280.509,0.0,1270.017,2550.526
2026-08-17,2342,茂矽,346.665,0.0,356.953,703.6179999999999
2026-08-17,2344,華邦電,-8586.487,302.847,-9522.761,-17806.400999999998
2026-08-17,2345,智邦,-211.895,-338.0,-218.977,-768.872
2026-08-17,2347,聯強,-717.973,1147.0,-684.067,-255.04
2026-08-17,2348,海悅,139.906,0.0,139.814,279.72
2026-08-17,2349,錸德,693.934,0.0,695.934,1389.868
2026-08-17,2351,順德,287.691,0.0,281.269,568.96
2026-08-17,2352,佳世達,-2252.001,328.0,-2506.227,-4430.228
2026-08-17,2353,宏碁,-13548.255,549.335,-15500.205,-28499.125
2026-08-17,2354,鴻準,-337.899,-5.0,-548.999,-891.898
2026-08-17,2355,敬鵬,71.228,0.0,230.518,301.746
2026-08-17,2356,英業達,-11293.749,-1503.297,-11428.689,-24225.735
2026-08-17,2357,華碩,-880.231,420.487,-962.471,-1422.215
2026-08-17,2359,所羅門,2611.129,0.0,2746.063,5357.192
2026-08-17,2360,致茂,104.447,-129.984,234.445,208.908
2026-08-17,2362,藍天,-758.8,0.0,-676.814,-1435.614
2026-08-17,2363,矽統,-28.305,0.0,-155.773,-184.078
2026-08-17,2364,倫飛,719.749,0.0,728.985,1448.734
2026-08-17,2365,昆盈,143.256,0.0,151.256,294.512
2026-08-17,2367,燿華,1035.579,0.0,1031.355,2066.934
2026-08-17,2368,金像電,370.611,-245.029,507.029,632.611
2026-08-17,2369,菱生,-487.98,0.0,-463.12,-951.1
2026-08-17,2371,大同,4071.05,0.0,4725.522,8796.572
2026-08-17,2373,震旦行,1.0,0.0,5.0,6.0
2026-08-17,2374,佳能,155.738,0.0,141.004,296.742
2026-08-17,2375,凱美,-126.773,0.0,-144.431,-271.204
2026-08-17,2376,技嘉,-7887.588,75.61,-8254.278,-16066.256
2026-08-17,2377,微星,-7647.182,121.0,-8554.36,-16080.542
2026-08-17,2379,瑞昱,-109.904,-106.06,109.884,-106.08
2026-08-17,2382,廣達,5525.001,-568.872,5599.243,10555.372
2026-08-17,2383,台光電,141.054,1.988,356.63,499.672
2026-08-17,2385,群光,-482.779,139.797,-788.923,-1131.905
2026-08-17,2387,精元,-211.254,0.0,-226.492,-437.746
2026-08-17,2388,威盛,650.512,0.0,1407.126,2057.638
2026-08-17,2390,云辰,147.295,0.0,149.295,296.59
2026-08-17,2392,正崴,4554.037,0.0,5516.447,10070.484
2026-08-17,2393,億光,212.062,-2.0,182.062,392.124
2026-08-17,2395,研華,1103.782,-15.5,1035.122,2123.404
2026-08-17,2397,友通,-33.45,0.0,-21.45,-54.900000000000006
2026-08-17,2399,映泰,-2758.036,0.0,-2731.948,-5489.984
2026-08-17,2401,凌陽,-125.873,0.0,14.477,-111.396
2026-08-17,2402,毅嘉,-78.191,0.0,-93.921,-172.11200000000002
2026-08-17,2404,漢唐,295.265,21.0,360.083,676.348
2026-08-17,2405,輔信,-300.346,0.0,-278.346,-578.692
2026-08-17,2406,國碩,-69.345,0.0,-69.937,-139.28199999999998
2026-08-17,2408,南亞科,11963.374,-159.6,12147.864,23951.638
2026-08-17,2409,友達,49446.837,-29.161,64494.957,113912.633
2026-08-17,2412,中華電,-1486.853,2113.261,-1394.853,-768.4450000000002
2026-08-17,2413,環科,75.4,0.0,77.4,152.8
2026-08-17,2414,精技,32.0,0.0,30.0,62.0
2026-08-17,2415,錩新,22.088,0.0,18.542,40.63
2026-08-17,2417,圓剛,204.657,0.0,212.657,417.314
2026-08-17,2419,仲琦,57.291,0.0,59.291,116.582
2026-08-17,2420,新巨,362.15,0.0,468.488,830.6379999999999
2026-08-17,2421,建準,-25.518,0.0,35.278,9.759999999999998
2026-08-17,2423,固緯,21.0,0.0,27.0,48.0
2026-08-17,2424,隴華,-6.0,0.0,-6.0,-12.0
2026-08-17,2425,承啟,444.794,0.0,442.424,887.218
2026-08-17,2426,鼎元,8343.101,0.0,8601.931,16945.032
2026-08-17,2427,三商電,25.0,0.0,27.0,52.0
2026-08-17,2428,興勤,-324.307,0.0,-318.529,-642.836
2026-08-17,2429,銘旺科,-560.43,0.0,-575.47,-1135.9
2026-08-17,2430,燦坤,11.0,0.0,11.0,22.0
2026-08-17,2431,聯昌,84.0,0.0,84.0,168.0
2026-08-17,2432,倚天酷碁-創,-3.0,0.0,-3.0,-6.0
2026-08-17,2433,互盛電,0.0,0.0,2.0,2.0
2026-08-17,2434,統懋,25.66,0.0,25.66,51.32
2026-08-17,2436,偉詮電,-273.002,0.0,-548.3,-821.3019999999999
2026-08-17,2438,翔耀,0.0,0.0,0.0,0.0
2026-08-17,2439,美律,-1131.564,0.0,-1207.518,-2339.0820000000003
2026-08-17,2440,太空梭,-5.097,0.0,-7.097,-12.194
2026-08-17,2441,超豐,-525.75,0.0,-543.126,-1068.876
2026-08-17,2442,新美齊,-578.0,0.0,-574.0,-1152.0
2026-08-17,2444,兆勁,43.0,0.0,43.0,86.0
2026-08-17,2449,京元電子,1647.123,-1627.836,1940.083,1959.37
2026-08-17,2450,神腦,-49.0,0.0,-45.0,-94.0
2026-08-17,2451,創見,-636.145,-12.0,-682.847,-1330.992
2026-08-17,2453,凌群,0.039,0.0,0.039,0.078
2026-08-17,2454,聯發科,1188.504,-1655.252,1322.152,855.404
2026-08-17,2455,全新,716.991,-179.0,834.813,1372.804
2026-08-17,2457,飛宏,118.103,0.0,145.687,263.79
2026-08-17,2458,義隆,-484.0,129.0,-467.81,-822.81
2026-08-17,2459,敦吉,47.93,0.0,49.93,97.86
2026-08-17,2460,建通,39.973,0.0,43.973,83.946
2026-08-17,2461,光群雷,59.89,0.0,61.89,121.78
2026-08-17,2462,良得電,-8.69,0.0,-9.23,-17.92
2026-08-17,2464,盟立,888.584,580.0,907.63,2376.214
2026-08-17,2465,麗臺,-1213.48,0.0,-1211.38,-2424.86
2026-08-17,2466,冠西電,74.48,0.0,76.48,150.96
2026-08-17,2467,志聖,797.067,0.0,817.129,1614.196
2026-08-17,2468,華經,17.571,0.0,19.571,37.142
2026-08-17,2471,資通,-9.962,0.0,-9.962,-19.924
2026-08-17,2472,立隆電,284.189,-27.0,258.999,516.1880000000001
2026-08-17,2474,可成,-415.306,296.0,-582.996,-702.3019999999999
2026-08-17,2476,鉅祥,17.122,0.0,16.476,33.598
2026-08-17,2477,美隆電,-9.0,0.0,-5.0,-14.0
2026-08-17,2478,大毅,265.475,0.0,280.629,546.104
2026-08-17,2480,敦陽科,41.842,0.0,41.842,83.684
2026-08-17,2481,強茂,1284.435,80.0,3353.579,4718.014
2026-08-17,2482,連宇,29.0,0.0,26.266,55.266
2026-08-17,2483,百容,151.034,0.0,151.034,302.068
2026-08-17,2484,希華,678.626,0.0,674.72,1353.346
2026-08-17,2485,兆赫,210.64,0.0,197.178,407.818
2026-08-17,2486,一詮,2311.235,165.0,2346.675,4822.91
2026-08-17,2488,漢平,-16.101,0.0,-16.101,-32.202
2026-08-17,2489,瑞軒,965.922,-3.0,999.532,1962.454
2026-08-17,2491,吉祥全,-6.0,0.0,0.0,-6.0
2026-08-17,2492,華新科,-4527.434,29.0,-2972.976,-7471.41
2026-08-17,2493,揚博,-421.614,0.0,-887.95,-1309.564
2026-08-17,2495,普安,-186.418,0.0,-208.96,-395.378
2026-08-17,2496,卓越,9.0,0.0,9.0,18.0
2026-08-17,2497,怡利電,3.995,0.0,14.597,18.592
2026-08-17,2498,宏達電,361.591,0.0,408.185,769.7760000000001
2026-08-17,2501,國建,191.0,0.0,203.35,394.35
2026-08-17,2504,國產,92.666,0.0,82.666,175.332
2026-08-17,2505,國揚,55.0,0.0,59.0,114.0
2026-08-17,2506,太設,15.0,0.0,19.0,34.0
2026-08-17,2509,全坤建,26.0,0.0,28.0,54.0
2026-08-17,2511,太子,54.0,0.0,72.0,126.0
2026-08-17,2514,龍邦,-70.0,0.0,-75.732,-145.732
2026-08-17,2515,中工,-2889.834,0.0,-2935.418,-5825.252
2026-08-17,2516,新建,19.997,0.0,23.997,43.994
2026-08-17,2520,冠德,1218.84,0.0,538.958,1757.7979999999998
2026-08-17,2524,京城,14.0,0.0,12.0,26.0
2026-08-17,2527,宏璟,-14.0,0.0,17.388,3.3880000000000017
2026-08-17,2528,皇普,131.0,0.0,139.0,270.0
2026-08-17,2530,華建,275.029,0.0,257.029,532.058
2026-08-17,2534,宏盛,188.021,0.0,196.021,384.042
2026-08-17,2535,達欣工,273.89,0.0,265.89,539.78
2026-08-17,2536,宏普,-543.836,0.0,-539.972,-1083.808
2026-08-17,2537,聯上發,1167.0,0.0,1160.682,2327.682
2026-08-17,2538,基泰,-33.0,0.0,-27.0,-60.0
2026-08-17,2539,櫻花建,260.33,0.0,434.032,694.362
2026-08-17,2540,愛山林,213.0,0.0,177.0,390.0
2026-08-17,2542,興富發,4125.628,2421.0,4223.928,10770.556
2026-08-17,2543,皇昌,226.684,0.0,241.154,467.838
2026-08-17,2545,皇翔,83.343,0.0,160.341,243.68400000000003
2026-08-17,2546,根基,341.973,0.0,337.973,679.946
2026-08-17,2547,日勝生,1641.042,0.0,1577.042,3218.084
2026-08-17,2548,華固,-287.437,0.0,-354.755,-642.192
2026-08-17,2596,綠意,8.0,7.0,0.0,7.0
2026-08-17,2597,潤弘,83.0,0.0,53.014,136.014
2026-08-17,2601,益航,-383.6,0.0,-375.6,-759.2
2026-08-17,2603,長榮,24586.239,122.0,27942.105,52650.344
2026-08-17,2605,新興,12.259,0.0,644.137,656.396
2026-08-17,2606,裕民,2355.542,56.0,3114.256,5525.798
2026-08-17,2607,榮運,-13.78,0.0,-7.78,-21.56
2026-08-17,2608,嘉里大榮,-43.0,0.0,-37.0,-80.0
2026-08-17,2609,陽明,23734.968,289.425,28714.994,52739.387
2026-08-17,2610,華航,-3997.719,2750.0,-3857.423,-5105.142
2026-08-17,2611,志信,10.0,0.0,12.0,22.0
2026-08-17,2612,中航,305.013,0.0,323.013,628.026
2026-08-17,2613,中櫃,-241.0,0.0,-203.0,-444.0
2026-08-17,2614,東森,393.317,0.0,395.317,788.634
2026-08-17,2615,萬海,17941.416,-3.491,20445.888,38383.813
2026-08-17,2616,山隆,10.0,0.0,12.826,22.826
2026-08-17,2617,台航,174.677,0.0,180.209,354.886
2026-08-17,2618,長榮航,23723.624,-343.373,26489.594,49869.845
2026-08-17,2630,亞航,-335.291,0.0,-245.679,-580.97
2026-08-17,2633,台灣高鐵,-488.347,2318.0,-440.291,1389.362
2026-08-17,2634,漢翔,16305.744,0.0,17077.85,33383.594
2026-08-17,2636,台驊控股,446.408,0.0,448.408,894.816
2026-08-17,2637,慧洋-KY,223.415,-12.0,243.477,454.892
2026-08-17,2640,大車隊,21.98,21.369,0.0,21.369
2026-08-17,2641,正德,173.0,140.643,0.0,140.643
2026-08-17,2642,宅配通,10.0,0.0,10.0,20.0
2026-08-17,2643,捷迅,1.0,1.0,0.0,1.0
2026-08-17,2645,長榮航太,-5034.512,0.0,-5085.078,-10119.59
2026-08-17,2646,星宇航空,109.652,0.0,168.788,278.44
2026-08-17,2701,萬企,7.0,0.0,11.0,18.0
2026-08-17,2702,華園,-1.0,0.0,1.0,0.0
2026-08-17,2704,國賓,0.0,0.0,-6.0,-6.0
2026-08-17,2705,六福,2.0,0.0,8.0,10.0
2026-08-17,2706,第一店,-1.0,0.0,5.0,4.0
2026-08-17,2707,晶華,-29.0,0.0,-29.0,-58.0
2026-08-17,2712,遠雄來,-3.0,0.0,-3.0,-6.0
2026-08-17,2718,全心投控,19.0,19.02,0.0,19.02
2026-08-17,2719,燦星旅,-1.0,-1.0,0.0,-1.0
2026-08-17,2722,夏都,3.0,0.0,5.0,8.0
2026-08-17,2723,美食-KY,126.232,0.0,130.232,256.464
2026-08-17,2726,雅茗-KY,0.0,-0.392,0.0,-0.392
2026-08-17,2727,王品,37.928,0.0,39.894,77.822
2026-08-17,2729,瓦城,1.0,1.0,0.0,1.0
2026-08-17,2731,雄獅,-85.0,-50.0,-91.616,-226.616
2026-08-17,2732,六角,-2.0,-2.005,0.0,-2.005
2026-08-17,2734,易飛網,-3.0,-3.608,0.0,-3.608
2026-08-17,2736,富野,10.0,10.05,0.0,10.05
2026-08-17,2739,寒舍,-4.0,0.0,-4.0,-8.0
2026-08-17,2743,山富,46.006,66.889,0.0,66.889
2026-08-17,2745,五福,-1.0,-1.249,0.0,-1.249
2026-08-17,2748,雲品,-12.0,0.0,-12.0,-24.0
2026-08-17,2752,豆府,-1.0,-1.0,0.0,-1.0
2026-08-17,2753,八方雲集,46.15,0.0,48.15,94.3
2026-08-17,2754,亞洲藏壽司,-1.0,-1.0,0.0,-1.0
2026-08-17,2755,揚秦,4.0,3.96,0.0,3.96
2026-08-17,2756,聯發國際,8.0,8.0,0.0,8.0
2026-08-17,2762,世界健身-KY,13.431,0.0,21.431,34.862
2026-08-17,2801,彰銀,2454.816,-196.0,2655.26,4914.076
2026-08-17,2812,台中銀,1118.108,-98.0,1170.108,2190.216
2026-08-17,2816,旺旺保,86.0,0.0,88.0,174.0
2026-08-17,2820,華票,-1169.0,0.0,-1151.0,-2320.0
2026-08-17,2832,台產,22.079,0.0,24.079,46.158
2026-08-17,2834,臺企銀,-6653.68,-161.0,-6527.2,-13341.88
2026-08-17,2836,高雄銀,2001.0,0.0,2025.0,4026.0
2026-08-17,2838,聯邦銀,-245.0,0.0,-10.374,-255.374
2026-08-17,2845,遠東銀,16295.128,-92.0,17747.128,33950.256
2026-08-17,2849,安泰銀,53.0,0.0,9.0,62.0
2026-08-17,2850,新產,155.826,0.0,179.826,335.652
2026-08-17,2851,中再保,-703.772,0.0,-124.494,-828.2660000000001
2026-08-17,2852,第一保,340.618,0.0,342.618,683.236
2026-08-17,2855,統一證,-1247.0,583.0,-1247.0,-1911.0
2026-08-17,2867,三商壽,-1124.487,0.0,-592.487,-1716.9740000000002
2026-08-17,2880,華南金,7157.385,3060.0,7323.861,17541.246
2026-08-17,2881,富邦金,-1578.93,-1293.54,-1346.388,-4218.858
2026-08-17,2882,國泰金,-9528.502,-882.386,-10461.27,-20872.158000000003
2026-08-17,2883,凱基金,-21972.44,20913.04,-23246.214,-24305.614
2026-08-17,2884,玉山金,-28402.929,23753.357,-29769.481,-34419.053
2026-08-17,2885,元大金,-12459.523,1324.878,-13135.807,-24270.452
2026-08-17,2886,兆豐金,13834.318,8108.745,14220.572,36163.635
2026-08-17,2887,台新新光金,-34126.968,22064.962,-34043.26,-46105.266
2026-08-17,2889,國票金,-724.0,0.0,-678.652,-1402.652
2026-08-17,2890,永豐金,-18295.306,15620.756,-18254.988,-20929.538
2026-08-17,2891,中信金,-2096.386,-4747.456,-1908.22,-8752.062
2026-08-17,2892,第一金,2813.256,15415.394,2152.932,20381.582
2026-08-17,2897,王道銀行,1570.0,0.0,1606.0,3176.0
2026-08-17,2901,欣欣,4.0,0.0,4.0,8.0
2026-08-17,2903,遠百,-1172.0,0.0,-1056.146,-2228.146
2026-08-17,2904,匯僑,3.0,0.0,1.0,4.0
2026-08-17,2905,三商,1231.323,0.0,1255.323,2486.646
2026-08-17,2906,高林,40.0,0.0,44.0,84.0
2026-08-17,2908,特力,-6.0,0.0,0.0,-6.0
2026-08-17,2910,統領,3.0,0.0,5.0,8.0
2026-08-17,2911,麗嬰房,-23.0,0.0,-23.0,-46.0
2026-08-17,2912,統一超,53.933,-941.0,67.933,-819.134
2026-08-17,2913,農林,180.596,0.0,144.596,325.192
2026-08-17,2915,潤泰全,1363.851,0.0,1481.895,2845.746
2026-08-17,2916,滿心,-10.0,-10.0,0.0,-10.0
2026-08-17,2923,鼎固-KY,19.0,0.0,15.0,34.0
2026-08-17,2929,淘帝-KY,-30.0,0.0,-26.0,-56.0
2026-08-17,2937,集雅社,2.0,2.0,0.0,2.0
2026-08-17,2939,永邑-KY,-2.0,0.0,0.0,-2.0
2026-08-17,2945,三商家購,-2.0,0.0,2.0,0.0
2026-08-17,3002,歐格,42.0,0.0,48.334,90.334
2026-08-17,3003,健和興,-89.0,0.0,-58.78,-147.78
2026-08-17,3004,豐達科,-45.24,0.0,-41.11,-86.35
2026-08-17,3005,神基,1789.511,-17.0,3093.333,4865.844
2026-08-17,3006,晶豪科,172.699,0.0,79.561,252.26
2026-08-17,3008,大立光,652.342,46.0,854.714,1553.056
2026-08-17,3010,華立,-91.809,0.0,-85.673,-177.482
2026-08-17,3011,今皓,65.0,0.0,67.0,132.0
2026-08-17,3013,晟銘電,152.366,0.0,164.586,316.952
2026-08-17,3014,聯陽,172.0,0.0,175.304,347.304
2026-08-17,3015,全漢,-25.11,0.0,-21.4,-46.51
2026-08-17,3016,嘉晶,529.589,0.0,992.359,1521.948
2026-08-17,3017,奇鋐,391.142,-519.0,457.468,329.61
2026-08-17,3018,隆銘綠能,-12.0,0.0,-12.0,-24.0
2026-08-17,3019,亞光,1469.586,0.0,2115.186,3584.772
2026-08-17,3021,鴻名,13.0,0.0,19.0,32.0
2026-08-17,3022,威強電,-345.0,0.0,-219.074,-564.0740000000001
2026-08-17,3023,信邦,-34.022,76.0,-32.23,9.748000000000005
2026-08-17,3024,憶聲,751.9,0.0,755.9,1507.8
2026-08-17,3025,星通,-14.381,0.0,85.117,70.736
2026-08-17,3026,禾伸堂,573.862,-2.0,618.718,1190.58
2026-08-17,3027,盛達,-17.0,0.0,-19.348,-36.348
2026-08-17,3028,增你強,-180.0,-3.0,-156.818,-339.818
2026-08-17,3029,零壹,-254.792,0.0,-249.088,-503.88
2026-08-17,3030,德律,346.583,-1.0,398.501,744.0840000000001
2026-08-17,3031,佰鴻,46.094,0.0,50.094,96.188
2026-08-17,3032,偉訓,-145.772,0.0,-165.926,-311.698
2026-08-17,3033,威健,-3782.0,-9.0,-4419.094,-8210.094000000001
2026-08-17,3034,聯詠,-169.281,-21.102,-6.055,-196.438
2026-08-17,3035,智原,724.73,0.0,856.07,1580.8000000000002
2026-08-17,3036,文曄,-1720.433,-296.081,-1792.153,-3808.667
2026-08-17,3037,欣興,20705.461,50.0,20919.995,41675.456
2026-08-17,3038,全台,3.0,0.0,7.0,10.0
2026-08-17,3040,遠見,8.0,0.0,10.0,18.0
2026-08-17,3041,揚智,-78.882,0.0,-6.882,-85.76400000000001
2026-08-17,3042,晶技,2896.693,0.0,4866.019,7762.712
2026-08-17,3043,科風,5.0,0.0,7.0,12.0
2026-08-17,3044,健鼎,-760.512,607.962,-800.752,-953.302
2026-08-17,3045,台灣大,9678.518,-877.772,9176.446,17977.192
2026-08-17,3046,建碁,-18.727,0.0,-16.709,-35.436
2026-08-17,3047,訊舟,-19.0,0.0,-17.498,-36.498000000000005
2026-08-17,3048,益登,513.598,0.0,506.952,1020.55
2026-08-17,3049,精金,-426.788,0.0,-408.788,-835.576
2026-08-17,3050,鈺德,-14.0,0.0,-12.0,-26.0
2026-08-17,3051,力特,-74.0,0.0,-52.0,-126.0
2026-08-17,3052,夆典,28.0,0.0,30.0,58.0
2026-08-17,3054,立萬利,2.0,0.0,6.0,8.0
2026-08-17,3055,蔚華科,-29.533,0.0,-16.723,-46.256
2026-08-17,3056,富華新,312.0,0.0,334.0,646.0
2026-08-17,3057,喬鼎,-21.0,0.0,-21.0,-42.0
2026-08-17,3058,立德,55.0,0.0,57.0,112.0
2026-08-17,3059,華晶科,-348.44,0.0,-351.938,-700.3779999999999
2026-08-17,3060,銘異,-128.008,0.0,-116.008,-244.016
2026-08-17,3062,建漢,152.0,0.0,87.438,239.438
2026-08-17,3066,李洲,17.0,22.998,0.0,22.998
2026-08-17,3071,協禧,18.0,18.0,0.0,18.0
2026-08-17,3073,天方能源,3.0,3.158,0.0,3.158
2026-08-17,3078,僑威,217.0,373.629,0.0,373.629
2026-08-17,3081,聯亞,78.488,207.305,0.0,207.305
2026-08-17,3083,網龍,-38.88,-39.255,0.0,-39.255
2026-08-17,3086,華義*,11.0,10.718,0.0,10.718
2026-08-17,3088,艾訊,-219.15,-214.852,0.0,-214.852
2026-08-17,3090,日電貿,-395.444,-528.0,-426.178,-1349.6219999999998
2026-08-17,3092,鴻碩,-5.0,0.0,-1.0,-6.0
2026-08-17,3093,港建*,64.0,64.01,0.0,64.01
2026-08-17,3094,聯傑,-388.286,0.0,-388.714,-777.0
2026-08-17,3095,及成,-2.0,-2.01,0.0,-2.01
2026-08-17,3105,穩懋,4383.386,4549.396,0.0,4549.396
2026-08-17,3114,好德,-33.0,-33.529,0.0,-33.529
2026-08-17,3118,進階,1.0,0.782,0.0,0.782
2026-08-17,3122,笙泉,-31.97,-31.961,0.0,-31.961
2026-08-17,3128,昇銳,24.0,24.171,0.0,24.171
2026-08-17,3130,一零四,-61.967,0.0,-61.967,-123.934
2026-08-17,3131,弘塑,37.005,11.78,0.0,11.78
2026-08-17,3135,凌航,185.214,0.0,185.214,370.428
2026-08-17,3138,耀登,12.0,0.0,18.044,30.044
2026-08-17,3141,晶宏,46.166,15.685,0.0,15.685
2026-08-17,3147,大綜,-25.934,-27.244,0.0,-27.244
2026-08-17,3149,正達,-109.703,0.0,-105.501,-215.204
2026-08-17,3150,鈺寶-創,22.0,0.0,22.0,44.0
2026-08-17,3152,璟德,6.023,9.456,0.0,9.456
2026-08-17,3162,精確,35.0,35.932,0.0,35.932
2026-08-17,3163,波若威,23.005,-1.265,0.0,-1.265
2026-08-17,3164,景岳,9.0,0.0,11.0,20.0
2026-08-17,3167,大量,-18.806,0.0,12.336,-6.470000000000001
2026-08-17,3168,眾福科,0.0,0.0,2.0,2.0
2026-08-17,3169,亞信,13.131,13.386,0.0,13.386
2026-08-17,3171,炎洲流通,3.0,3.0,0.0,3.0
2026-08-17,3176,基亞,208.08,208.08,0.0,208.08
2026-08-17,3178,公準,14.0,13.401,0.0,13.401
2026-08-17,3188,鑫龍騰,36.0,36.762,0.0,36.762
2026-08-17,3189,景碩,-2096.152,2184.0,-1642.434,-1554.586
2026-08-17,3191,雲嘉南,4.0,4.0,0.0,4.0
2026-08-17,3205,佰研,6.0,6.0,0.0,6.0
2026-08-17,3206,志豐,15.0,16.999,0.0,16.999
2026-08-17,3207,耀勝,53.0,53.098,0.0,53.098
2026-08-17,3209,全科,-731.917,0.0,-713.603,-1445.52
2026-08-17,3211,順達,-493.897,-412.562,0.0,-412.562
2026-08-17,3213,茂訊,51.002,51.633,0.0,51.633
2026-08-17,3217,優群,-360.575,-363.187,0.0,-363.187
2026-08-17,3218,大學光,-35.98,-36.206,0.0,-36.206
2026-08-17,3219,倚強科,24.0,43.999,0.0,43.999
2026-08-17,3221,台嘉碩,553.083,586.422,0.0,586.422
2026-08-17,3224,三顧,-1.0,-1.0,0.0,-1.0
2026-08-17,3226,龍鋒,11.0,11.0,0.0,11.0
2026-08-17,3227,原相,-123.823,-59.982,0.0,-59.982
2026-08-17,3228,金麗科,-52.88,-52.932,0.0,-52.932
2026-08-17,3229,晟鈦,45.311,0.0,45.311,90.622
2026-08-17,3230,錦明,-477.939,-482.378,0.0,-482.378
2026-08-17,3231,緯創,-2722.14,-9905.383,-3770.104,-16397.627
2026-08-17,3234,光環,351.056,398.501,0.0,398.501
2026-08-17,3236,千如,256.31,256.999,0.0,256.999
2026-08-17,3252,海灣,-3.0,-3.0,0.0,-3.0
2026-08-17,3257,虹冠電,49.0,0.0,49.0,98.0
2026-08-17,3259,鑫創,-2.0,-2.104,0.0,-2.104
2026-08-17,3260,威剛,-627.435,-603.422,0.0,-603.422
2026-08-17,3264,欣銓,365.062,147.867,0.0,147.867
2026-08-17,3265,台星科,-70.135,-65.64,0.0,-65.64
2026-08-17,3266,昇陽,8.0,0.0,10.0,18.0
2026-08-17,3268,海德威,-23.0,-23.0,0.0,-23.0
2026-08-17,3272,東碩,46.0,45.781,0.0,45.781
2026-08-17,3276,宇環,-20.0,-25.358,0.0,-25.358
2026-08-17,3284,太普高,-251.0,-250.401,0.0,-250.401
2026-08-17,3285,微端,-2.0,-2.0,0.0,-2.0
2026-08-17,3287,廣寰科,64.0,63.752,0.0,63.752
2026-08-17,3288,點晶,1.0,1.0,0.0,1.0
2026-08-17,3289,宜特,185.857,193.459,0.0,193.459
2026-08-17,3290,東浦,32.98,19.214,0.0,19.214
2026-08-17,3293,鈊象,-328.527,-782.24,0.0,-782.24
2026-08-17,3294,英濟,26.814,27.209,0.0,27.209
2026-08-17,3296,勝德,-2.0,0.0,6.0,4.0
2026-08-17,3297,杭特,-3.0,-3.018,0.0,-3.018
2026-08-17,3303,岱稜,9.007,8.956,0.0,8.956
2026-08-17,3305,昇貿,198.001,0.0,123.299,321.3
2026-08-17,3306,鼎天,10.0,10.115,0.0,10.115
2026-08-17,3308,聯德,23.02,0.0,28.31,51.33
2026-08-17,3311,閎暉,-20.724,0.0,-18.724,-39.448
2026-08-17,3312,弘憶股,-152.043,0.0,-149.495,-301.538
2026-08-17,3313,斐成,2.0,1.823,0.0,1.823
2026-08-17,3317,尼克森,46.746,46.74,0.0,46.74
2026-08-17,3321,同泰,-24.92,0.0,-24.92,-49.84
2026-08-17,3322,建舜電,69.999,69.747,0.0,69.747
2026-08-17,3323,加百裕,6.0,5.498,0.0,5.498
2026-08-17,3324,雙鴻,-60.791,-23.586,0.0,-23.586
2026-08-17,3325,旭品,-17.0,-16.748,0.0,-16.748
2026-08-17,3332,幸康,-2.0,-1.989,0.0,-1.989
2026-08-17,3338,泰碩,10.957,0.0,12.995,23.952
2026-08-17,3339,泰谷,826.041,826.551,0.0,826.551
2026-08-17,3346,麗清,71.0,0.0,71.878,142.878
2026-08-17,3349,寶德,-5.0,-5.0,0.0,-5.0
2026-08-17,3354,律勝,10.0,6.967,0.0,6.967
2026-08-17,3356,奇偶,-344.391,0.0,-356.391,-700.782
2026-08-17,3357,臺慶科,-322.211,-339.717,0.0,-339.717
2026-08-17,3360,尚立,-89.243,-89.358,0.0,-89.358
2026-08-17,3362,先進光,6.15,10.948,0.0,10.948
2026-08-17,3363,上詮,-68.875,-64.739,0.0,-64.739
2026-08-17,3372,典範,-73.0,-92.204,0.0,-92.204
2026-08-17,3373,熱映,-1.0,-1.0,0.0,-1.0
2026-08-17,3374,精材,-3396.913,-4078.944,0.0,-4078.944
2026-08-17,3376,新日興,512.332,0.0,1066.286,1578.618
2026-08-17,3379,彬台,-88.998,-89.756,0.0,-89.756
2026-08-17,3380,明泰,23.338,0.0,63.262,86.6
2026-08-17,3388,崇越電,-1785.94,-1757.052,0.0,-1757.052
2026-08-17,3390,旭軟,-25.0,-25.0,0.0,-25.0
2026-08-17,3402,漢科,33.0,33.917,0.0,33.917
2026-08-17,3406,玉晶光,422.875,478.0,364.643,1265.518
2026-08-17,3413,京鼎,45.908,0.0,53.98,99.888
2026-08-17,3416,融程電,67.941,0.0,70.879,138.82
2026-08-17,3419,譁裕,11.0,0.0,13.0,24.0
2026-08-17,3430,奇鈦科,-39.0,-40.195,0.0,-40.195
2026-08-17,3432,台端,6.0,0.0,6.0,12.0
2026-08-17,3434,哲固,31.0,30.437,0.0,30.437
2026-08-17,3437,榮創,88.12,0.0,90.12,178.24
2026-08-17,3438,類比科,3.179,3.535,0.0,3.535
2026-08-17,3441,聯一光,994.871,992.154,0.0,992.154
2026-08-17,3443,創意,-13.485,90.292,-9.211,67.596
2026-08-17,3444,利機,55.198,55.85,0.0,55.85
2026-08-17,3447,展達,8.0,0.0,10.0,18.0
2026-08-17,3450,聯鈞,359.965,0.0,500.075,860.04
2026-08-17,3455,由田,136.714,154.83,0.0,154.83
2026-08-17,3465,進泰電子,-11.0,-11.0,0.0,-11.0
2026-08-17,3466,德晉,55.0,54.692,0.0,54.692
2026-08-17,3467,台灣精材,-12.0,-12.119,0.0,-12.119
2026-08-17,3479,安勤,-85.8,-82.147,0.0,-82.147
2026-08-17,3481,群創,6083.832,-56.278,24120.314,30147.868
2026-08-17,3483,力致,5.85,4.355,0.0,4.355
2026-08-17,3484,崧騰,22.83,24.887,0.0,24.887
2026-08-17,3485,敘豐,15.1,15.925,0.0,15.925
2026-08-17,3489,森寶,241.0,241.0,0.0,241.0
2026-08-17,3490,單井,1971.047,1970.926,0.0,1970.926
2026-08-17,3491,昇達科,52.709,4.707,0.0,4.707
2026-08-17,3492,長盛,-36.0,-35.412,0.0,-35.412
2026-08-17,3494,誠研,9.0,0.0,13.0,22.0
2026-08-17,3498,陽程,1235.085,1186.029,0.0,1186.029
2026-08-17,3499,環天科,-1.0,-1.89,0.0,-1.89
2026-08-17,3501,維熹,-1.835,0.0,0.165,-1.67
2026-08-17,3504,揚明光,394.129,0.0,459.151,853.28
2026-08-17,3508,位速,-4.0,-4.0,0.0,-4.0
2026-08-17,3511,矽瑪,53.0,53.0,0.0,53.0
2026-08-17,3512,皇龍,-1.0,-1.0,0.0,-1.0
2026-08-17,3515,華擎,-25.545,0.0,-119.097,-144.642
2026-08-17,3516,亞帝歐,10.0,10.0,0.0,10.0
2026-08-17,3518,柏騰,13.0,0.0,15.0,28.0
2026-08-17,3520,華盈,-4.0,-4.0,0.0,-4.0
2026-08-17,3521,台鋼建設,-2.0,-1.948,0.0,-1.948
2026-08-17,3522,御嵿,-20.0,-20.435,0.0,-20.435
2026-08-17,3523,迎輝,0.0,-3.0,0.0,-3.0
2026-08-17,3526,凡甲,-41.311,-52.203,0.0,-52.203
2026-08-17,3527,聚積,-2.0,-2.193,0.0,-2.193
2026-08-17,3528,安馳,-79.04,0.0,-79.578,-158.618
2026-08-17,3529,力旺,-50.591,-248.003,0.0,-248.003
2026-08-17,3530,晶相光,6.984,0.0,8.106,15.09
2026-08-17,3531,先益,0.0,0.0,0.0,0.0
2026-08-17,3532,台勝科,-2843.405,2343.0,-2608.311,-3108.7160000000003
2026-08-17,3533,嘉澤,-690.089,-116.0,-565.359,-1371.448
2026-08-17,3535,晶彩科,63.054,0.0,92.66,155.714
2026-08-17,3537,堡達,48.25,45.687,0.0,45.687
2026-08-17,3540,曜越,27.0,26.626,0.0,26.626
2026-08-17,3541,西柏,-7.0,-7.0,0.0,-7.0
2026-08-17,3543,州巧,909.64,0.0,923.074,1832.714
2026-08-17,3545,敦泰,192.898,0.0,187.41,380.308
2026-08-17,3546,宇峻,-83.007,-82.717,0.0,-82.717
2026-08-17,3548,兆利,-2.475,-2.569,0.0,-2.569
2026-08-17,3550,聯穎,-155.869,0.0,-149.829,-305.698
2026-08-17,3551,世禾,84.65,-39.931,0.0,-39.931
2026-08-17,3552,同致,31.0,30.747,0.0,30.747
2026-08-17,3555,博士旺,2.063,2.063,0.0,2.063
2026-08-17,3556,禾瑞亞,54.0,53.844,0.0,53.844
2026-08-17,3557,嘉威,-6.0,0.0,-4.0,-10.0
2026-08-17,3558,神準,41.0,40.716,0.0,40.716
2026-08-17,3563,牧德,72.018,25.0,80.142,177.16
2026-08-17,3564,其陽,7.0,7.0,0.0,7.0
2026-08-17,3567,逸昌,-8.0,-7.999,0.0,-7.999
2026-08-17,3570,大塚,2.0,2.0,0.0,2.0
2026-08-17,3576,聯合再生,-2374.328,0.0,-2352.328,-4726.656
2026-08-17,3577,泓格,-53.331,-52.7,0.0,-52.7
2026-08-17,3580,友威科,-43.888,-44.287,0.0,-44.287
2026-08-17,3581,博磊,47.0,47.535,0.0,47.535
2026-08-17,3583,辛耘,79.518,0.0,133.766,213.284
2026-08-17,3587,閎康,35.383,35.756,0.0,35.756
2026-08-17,3588,通嘉,-11.96,0.0,1.274,-10.686
2026-08-17,3591,艾笛森,42.536,0.0,42.536,85.072
2026-08-17,3592,瑞鼎,21.695,0.0,25.075,46.77
2026-08-17,3593,力銘,0.0,0.0,0.0,0.0
2026-08-17,3594,磐儀,-282.975,-284.57,0.0,-284.57
2026-08-17,3596,智易,-598.0,0.0,-632.288,-1230.288
2026-08-17,3597,映興,0.0,-0.001,0.0,-0.001
2026-08-17,3605,宏致,192.934,0.0,-306.054,-113.11999999999998
2026-08-17,3607,谷崧,11.0,0.0,13.0,24.0
2026-08-17,3609,三一東林,-2.0,-2.023,0.0,-2.023
2026-08-17,3611,鼎翰,-8.0,-8.0,0.0,-8.0
2026-08-17,3615,安可,-270.0,-269.489,0.0,-269.489
2026-08-17,3617,碩天,544.552,0.0,520.886,1065.438
2026-08-17,3622,洋華,-223.748,0.0,-224.68,-448.428
2026-08-17,3623,富晶通,2.0,2.0,0.0,2.0
2026-08-17,3624,光頡,-122.573,-124.807,0.0,-124.807
2026-08-17,3625,西勝,38.0,42.077,0.0,42.077
2026-08-17,3628,盈正,39.999,40.668,0.0,40.668
2026-08-17,3630,新鉅科,113.353,113.16,0.0,113.16
2026-08-17,3631,晟楠,91.0,90.936,0.0,90.936
2026-08-17,3645,達邁,-9.9,0.0,-4.724,-14.624
2026-08-17,3652,精聯,100.0,0.0,102.0,202.0
2026-08-17,3653,健策,-93.204,-62.5,81.854,-73.85000000000001
2026-08-17,3661,世芯-KY,218.754,-233.0,86.7,72.454
2026-08-17,3663,鑫科,-72.875,-71.94,0.0,-71.94
2026-08-17,3665,貿聯-KY,-63.075,-266.011,-37.079,-366.165
2026-08-17,3666,光耀,-4.0,-4.0,0.0,-4.0
2026-08-17,3669,圓展,1.275,0.0,3.275,4.55
2026-08-17,3672,康聯訊,-1.0,-1.377,0.0,-1.377
2026-08-17,3673,TPK-KY,486.637,0.0,542.183,1028.82
2026-08-17,3675,德微,50.799,80.5,0.0,80.5
2026-08-17,3679,新至陞,17.0,0.0,19.0,36.0
2026-08-17,3680,家登,90.809,52.174,0.0,52.174
2026-08-17,3684,榮昌,-1.0,-1.0,0.0,-1.0
2026-08-17,3685,元創精密,7.04,7.049,0.0,7.049
2026-08-17,3686,達能,1.0,0.0,3.0,4.0
2026-08-17,3687,歐買尬,4.0,4.933,0.0,4.933
2026-08-17,3689,湧德,-34.0,-35.237,0.0,-35.237
2026-08-17,3691,碩禾,-10.928,118.537,0.0,118.537
2026-08-17,3693,營邦,25.0,35.751,0.0,35.751
2026-08-17,3694,海華,-350.741,0.0,-348.741,-699.482
2026-08-17,3701,大眾控,65.856,0.0,65.924,131.78
2026-08-17,3702,大聯大,-922.568,-2220.0,-250.696,-3393.264
2026-08-17,3703,欣陸,-1750.0,0.0,-1739.834,-3489.834
2026-08-17,3704,合勤控,-1428.842,0.0,-1416.406,-2845.248
2026-08-17,3705,永信,15.002,0.0,17.002,32.004
2026-08-17,3706,神達,-1994.103,285.0,-1638.575,-3347.678
2026-08-17,3707,漢磊,-29.358,-31.933,0.0,-31.933
2026-08-17,3708,上緯投控,158.018,0.0,167.67,325.688
2026-08-17,3709,鑫聯大投控,-0.779,5.391,0.0,5.391
2026-08-17,3710,連展投控,-153.0,-153.0,0.0,-153.0
2026-08-17,3711,日月光投控,9654.105,-5689.54,10254.835,14219.399999999998
2026-08-17,3712,永崴投控,-6.2,0.0,-56.2,-62.400000000000006
2026-08-17,3713,新晶投控,10.0,10.18,0.0,10.18
2026-08-17,3714,富采,2920.645,0.0,3051.877,5972.522
2026-08-17,3715,定穎投控,707.362,0.0,714.372,1421.734
2026-08-17,3716,中化控股,190.09,0.0,198.09,388.18
2026-08-17,3717,聯嘉投控,209.0,0.0,250.416,459.416
2026-08-17,4102,永日,-2.0,-2.0,0.0,-2.0
2026-08-17,4104,佳醫,38.18,0.0,32.18,70.36
2026-08-17,4105,東洋,-67.0,-66.924,0.0,-66.924
2026-08-17,4106,雃博,-11.96,0.0,-11.96,-23.92
2026-08-17,4107,邦特,-1.0,-1.308,0.0,-1.308
2026-08-17,4108,懷特,-6.0,0.0,-2.0,-8.0
2026-08-17,4109,加捷生醫,-7.0,-7.058,0.0,-7.058
2026-08-17,4111,濟生,2.0,2.0,0.0,2.0
2026-08-17,4113,聯上,-4.0,-4.0,0.0,-4.0
2026-08-17,4114,健喬,587.478,650.727,0.0,650.727
2026-08-17,4116,明基醫,13.0,13.0,0.0,13.0
2026-08-17,4119,旭富,18.0,0.0,24.0,42.0
2026-08-17,4120,友華,-9.0,-9.0,0.0,-9.0
2026-08-17,4121,優盛,1.0,1.477,0.0,1.477
2026-08-17,4123,晟德,-436.953,-515.329,0.0,-515.329
2026-08-17,4126,太醫,0.0,-0.34,0.0,-0.34
2026-08-17,4127,天良,181.0,187.156,0.0,187.156
2026-08-17,4128,中天,-126.742,-124.377,0.0,-124.377
2026-08-17,4129,聯合,17.0,16.103,0.0,16.103
2026-08-17,4133,亞諾法,7.0,0.0,7.0,14.0
2026-08-17,4137,麗豐-KY,-269.0,0.0,-307.866,-576.866
2026-08-17,4138,曜亞,4.0,4.0,0.0,4.0
2026-08-17,4139,馬光-KY,1.0,1.0,0.0,1.0
2026-08-17,4142,國光生,23.0,0.0,29.0,52.0
2026-08-17,4147,中裕,-340.0,-342.181,0.0,-342.181
2026-08-17,4148,全宇生技-KY,-13.0,0.0,-11.0,-24.0
2026-08-17,4153,鈺緯,6.0,6.0,0.0,6.0
2026-08-17,4154,樂威科-KY,1.0,1.0,0.0,1.0
2026-08-17,4155,訊映,37.0,0.0,39.0,76.0
2026-08-17,4157,太景*-KY,-73.0,-73.0,0.0,-73.0
2026-08-17,4160,訊聯基因,-1.0,-1.0,0.0,-1.0
2026-08-17,4161,聿新科,4.0,4.102,0.0,4.102
2026-08-17,4162,智擎,-161.0,-155.278,0.0,-155.278
2026-08-17,4163,鐿鈦,76.047,78.486,0.0,78.486
2026-08-17,4164,承業醫,7.043,0.0,8.813,15.856000000000002
2026-08-17,4166,友霖,0.0,0.0,0.0,0.0
2026-08-17,4167,松瑞藥,-9.0,-6.185,0.0,-6.185
2026-08-17,4168,醣聯,-13.0,-12.717,0.0,-12.717
2026-08-17,4169,泰宗,-42.0,0.0,-42.0,-84.0
2026-08-17,4171,瑞基,12.0,11.995,0.0,11.995
2026-08-17,4173,久裕,-5.0,-5.41,0.0,-5.41
2026-08-17,4174,浩鼎,-100.0,-100.0,0.0,-100.0
2026-08-17,4178,永笙-KY,-26.0,0.0,-20.0,-46.0
2026-08-17,4188,安克,-3.0,-3.003,0.0,-3.003
2026-08-17,4190,佐登-KY,-1.0,0.0,3.0,2.0
2026-08-17,4195,基米-創,11.0,0.0,10.626,21.626
2026-08-17,4205,中華食,-1.0,-1.774,0.0,-1.774
2026-08-17,4207,環泰,-27.0,-27.0,0.0,-27.0
2026-08-17,4303,信立,269.0,269.366,0.0,269.366
2026-08-17,4306,炎洲,580.782,0.0,588.782,1169.564
2026-08-17,4401,東隆興,0.0,0.0,0.0,0.0
2026-08-17,4402,郡都開發,0.0,-0.011,0.0,-0.011
2026-08-17,4413,飛寶企業,6.0,6.328,0.0,6.328
2026-08-17,4414,如興,1.0,0.0,3.0,4.0
2026-08-17,4416,三圓,312.0,312.0,0.0,312.0
2026-08-17,4417,金洲,-15.0,-14.654,0.0,-14.654
2026-08-17,4426,利勤,3.0,0.0,3.0,6.0
2026-08-17,4430,耀億,0.0,0.0,0.0,0.0
2026-08-17,4432,銘旺實,-2.0,-2.0,0.0,-2.0
2026-08-17,4433,興采,0.0,-0.907,0.0,-0.907
2026-08-17,4438,廣越,-19.0,0.0,-19.498,-38.498000000000005
2026-08-17,4439,冠星-KY,11.0,0.0,11.0,22.0
2026-08-17,4440,宜新實業,5.0,0.0,7.0,12.0
2026-08-17,4441,振大環球,-35.0,0.0,-33.0,-68.0
2026-08-17,4442,竣邦-KY,-77.0,-76.0,0.0,-76.0
2026-08-17,4503,金雨,-28.768,-30.066,0.0,-30.066
2026-08-17,4506,崇友,0.0,0.0,0.0,0.0
2026-08-17,4510,高鋒,-242.0,-246.921,0.0,-246.921
2026-08-17,4513,福裕,-64.947,-64.514,0.0,-64.514
2026-08-17,4523,永彰,2.0,2.888,0.0,2.888
2026-08-17,4526,東台,97.486,0.0,115.752,213.238
2026-08-17,4527,方土霖,6.0,2.997,0.0,2.997
2026-08-17,4528,江興鍛,1.0,1.0,0.0,1.0
2026-08-17,4529,淳紳,-1.0,-1.0,0.0,-1.0
2026-08-17,4532,瑞智,163.005,0.0,169.005,332.01
2026-08-17,4533,協易機,-539.66,-540.673,0.0,-540.673
2026-08-17,4534,慶騰,-241.935,-242.113,0.0,-242.113
2026-08-17,4535,至興,-1.0,-1.0,0.0,-1.0
2026-08-17,4536,拓凱,95.498,0.0,98.702,194.2
2026-08-17,4538,大詠城,-2.0,-2.0,0.0,-2.0
2026-08-17,4540,全球傳動,-100.158,0.0,-98.972,-199.13
2026-08-17,4541,晟田,926.357,829.841,0.0,829.841
2026-08-17,4542,科嶠,35.607,33.669,0.0,33.669
2026-08-17,4543,萬在,9.0,9.0,0.0,9.0
2026-08-17,4545,銘鈺,0.0,0.0,2.0,2.0
2026-08-17,4549,桓達,32.0,31.739,0.0,31.739
2026-08-17,4550,長佳,0.0,0.022,0.0,0.022
2026-08-17,4551,智伸科,230.169,200.0,238.465,668.634
2026-08-17,4552,力達-KY,8.0,0.0,8.0,16.0
2026-08-17,4554,橙的,-4.0,-4.0,0.0,-4.0
2026-08-17,4555,氣立,66.0,0.0,64.28,130.28
2026-08-17,4556,旭然,-11.313,-11.151,0.0,-11.151
2026-08-17,4557,永新-KY,-19.0,0.0,-19.002,-38.002
2026-08-17,4558,寶緯,1.0,1.0,0.0,1.0
2026-08-17,4560,強信-KY,0.0,0.0,10.0,10.0
2026-08-17,4561,健椿,249.0,249.778,0.0,249.778
2026-08-17,4562,穎漢,-91.0,0.0,-88.1,-179.1
2026-08-17,4563,百德,11.001,11.893,0.0,11.893
2026-08-17,4564,元翎,-334.0,0.0,-332.782,-666.7819999999999
2026-08-17,4566,時碩工業,-453.825,0.0,-452.307,-906.132
2026-08-17,4568,科際精密,-2.0,-2.0,0.0,-2.0
2026-08-17,4569,六方科-KY,-4.0,0.0,-4.0,-8.0
2026-08-17,4571,鈞興-KY,4.852,0.0,4.84,9.692
2026-08-17,4572,駐龍,11.0,0.0,13.0,24.0
2026-08-17,4576,大銀微系統,106.152,0.0,232.312,338.464
2026-08-17,4577,達航科技,16.052,18.638,0.0,18.638
2026-08-17,4580,捷流閥業,3.0,2.768,0.0,2.768
2026-08-17,4581,光隆精密-KY,3.0,0.0,3.0,6.0
2026-08-17,4582,聚恆-創,-63.0,0.0,-32.002,-95.002
2026-08-17,4583,台灣精銳,-5.0,0.0,-3.0,-8.0
2026-08-17,4584,君帆,-1.0,-1.0,0.0,-1.0
2026-08-17,4585,達明,40.381,0.0,45.331,85.712
2026-08-17,4588,玖鼎電力,1.0,0.0,7.0,8.0
2026-08-17,4590,富田-創,88.0,0.0,87.826,175.826
2026-08-17,4702,中美實,12.0,12.0,0.0,12.0
2026-08-17,4706,大恭,1.0,1.0,0.0,1.0
2026-08-17,4707,磐亞,353.88,357.91,0.0,357.91
2026-08-17,4711,永純,4.0,4.0,0.0,4.0
2026-08-17,4714,永捷,152.0,131.587,0.0,131.587
2026-08-17,4716,大立,7.994,7.994,0.0,7.994
2026-08-17,4720,德淵,-75.904,0.0,-77.79,-153.69400000000002
2026-08-17,4721,美琪瑪,-71.298,-72.93,0.0,-72.93
2026-08-17,4722,國精化,107.945,0.0,212.421,320.366
2026-08-17,4726,永昕,-25.0,-24.593,0.0,-24.593
2026-08-17,4728,雙美,-2.0,-2.0,0.0,-2.0
2026-08-17,4729,熒茂,-8.0,-8.0,0.0,-8.0
2026-08-17,4735,豪展,4.0,3.512,0.0,3.512
2026-08-17,4736,泰博,65.384,0.0,275.384,340.76800000000003
2026-08-17,4737,華廣,18.0,0.0,18.0,36.0
2026-08-17,4739,康普,-200.665,0.0,-216.045,-416.71
2026-08-17,4741,泓瀚,30.0,30.011,0.0,30.011
2026-08-17,4743,合一,204.0,215.575,0.0,215.575
2026-08-17,4744,皇將,5.0,5.0,0.0,5.0
2026-08-17,4745,合富-KY,-2.0,-2.0,0.0,-2.0
2026-08-17,4746,台耀,79.709,0.0,74.787,154.496
2026-08-17,4747,強生,0.0,0.475,0.0,0.475
2026-08-17,4749,新應材,14.407,11.17,0.0,11.17
2026-08-17,4754,國碳科,-2.0,-2.0,0.0,-2.0
2026-08-17,4755,三福化,12.692,0.0,8.692,21.384
2026-08-17,4760,勤凱,-25.865,-19.243,0.0,-19.243
2026-08-17,4763,材料*-KY,-5159.574,0.0,-4803.68,-9963.254
2026-08-17,4764,雙鍵,-72.737,-150.0,-72.217,-294.954
2026-08-17,4766,南寶,-86.121,0.0,-108.009,-194.13
2026-08-17,4767,誠泰科技,0.0,0.0,0.0,0.0
2026-08-17,4768,晶呈科技,274.1,276.127,0.0,276.127
2026-08-17,4770,上品,-13.6,0.0,-10.606,-24.206
2026-08-17,4771,望隼,-9.604,0.0,-9.604,-19.208
2026-08-17,4772,台特化,-70.0,-76.222,0.0,-76.222
2026-08-17,4807,日成-KY,1.0,0.0,3.0,4.0
2026-08-17,4903,聯光通,33.0,33.0,0.0,33.0
2026-08-17,4904,遠傳,2156.405,-1199.119,2111.095,3068.3810000000003
2026-08-17,4905,台聯電,0.0,17.0,0.0,17.0
2026-08-17,4906,正文,-29.769,0.0,16.361,-13.407999999999998
2026-08-17,4907,富宇,66.0,66.0,0.0,66.0
2026-08-17,4908,前鼎,-7.01,4.477,0.0,4.477
2026-08-17,4909,新復興,27.0,26.844,0.0,26.844
2026-08-17,4911,德英,1.0,1.0,0.0,1.0
2026-08-17,4912,聯德控股-KY,61.0,0.0,61.0,122.0
2026-08-17,4915,致伸,-770.688,160.0,-780.552,-1391.24
2026-08-17,4916,事欣科,-1453.866,0.0,-1474.374,-2928.24
2026-08-17,4919,新唐,405.538,-1.0,1320.906,1725.444
2026-08-17,4923,力士,-6.17,-2.43,0.0,-2.43
2026-08-17,4924,欣厚-KY,10.0,9.478,0.0,9.478
2026-08-17,4927,泰鼎-KY,106.103,0.0,113.119,219.222
2026-08-17,4930,燦星網,16.0,0.0,24.0,40.0
2026-08-17,4931,新盛力,416.955,409.399,0.0,409.399
2026-08-17,4933,友輝,-26.0,-26.646,0.0,-26.646
2026-08-17,4934,太極,123.0,0.0,121.0,244.0
2026-08-17,4935,茂林-KY,1.0,0.0,1.0,2.0
2026-08-17,4938,和碩,-9552.523,4374.0,-10449.513,-15628.036
2026-08-17,4939,亞電,351.282,336.787,0.0,336.787
2026-08-17,4942,嘉彰,-7.0,0.0,-5.06,-12.06
2026-08-17,4946,辣椒,4.0,4.123,0.0,4.123
2026-08-17,4949,有成精密,153.08,0.0,153.924,307.004
2026-08-17,4950,金耘國際,-1.0,-1.0,0.0,-1.0
2026-08-17,4951,精拓科,10.0,9.889,0.0,9.889
2026-08-17,4952,凌通,220.0,0.0,222.19,442.19
2026-08-17,4953,緯致,-73.0,-73.123,0.0,-73.123
2026-08-17,4956,光鋐,-91.555,0.0,-88.435,-179.99
2026-08-17,4958,臻鼎-KY,-3504.076,417.999,-2884.276,-5970.353
2026-08-17,4960,誠美材,207.0,0.0,218.11,425.11
2026-08-17,4961,天鈺,-59.299,0.0,-60.533,-119.832
2026-08-17,4966,譜瑞-KY,260.119,289.183,0.0,289.183
2026-08-17,4967,十銓,-1441.3,0.0,-1460.706,-2902.006
2026-08-17,4968,立積,26.365,0.0,13.299,39.664
2026-08-17,4971,IET-KY,60.955,55.055,0.0,55.055
2026-08-17,4972,湯石照明,-1.0,-1.188,0.0,-1.188
2026-08-17,4973,廣穎,-52.02,-59.751,0.0,-59.751
2026-08-17,4974,亞泰,35.0,36.101,0.0,36.101
2026-08-17,4976,佳凌,303.135,0.0,111.555,414.69
2026-08-17,4977,眾達-KY,649.436,0.0,804.81,1454.246
2026-08-17,4979,華星光,48.055,101.255,0.0,101.255
2026-08-17,4989,榮科,-188.124,0.0,-246.124,-434.248
2026-08-17,4991,環宇-KY,203.0,222.0,0.0,222.0
2026-08-17,4994,傳奇,5.0,0.0,7.0,12.0
2026-08-17,4995,晶達,2.0,2.0,0.0,2.0
2026-08-17,4999,鑫禾,1.0,0.0,0.996,1.996
2026-08-17,5007,三星,0.0,0.0,2.0,2.0
2026-08-17,5009,榮剛,422.2,423.42,0.0,423.42
2026-08-17,5011,久陽,-29.0,-29.0,0.0,-29.0
2026-08-17,5013,強新,1.0,1.0,0.0,1.0
2026-08-17,5014,建錩,-2.747,-2.891,0.0,-2.891
2026-08-17,5015,華祺,1.0,0.988,0.0,0.988
2026-08-17,5016,松和,-1.0,-1.0,0.0,-1.0
2026-08-17,5201,凱衛,-14.0,-14.0,0.0,-14.0
2026-08-17,5202,力新,-25.0,-24.569,0.0,-24.569
2026-08-17,5203,訊連,-54.0,0.0,-53.768,-107.768
2026-08-17,5206,坤悅,12.0,11.87,0.0,11.87
2026-08-17,5209,新鼎,-3.0,-7.0,0.0,-7.0
2026-08-17,5210,寶碩,9.0,9.0,0.0,9.0
2026-08-17,5211,蒙恬,-1.0,-1.582,0.0,-1.582
2026-08-17,5213,亞昕,36.0,35.956,0.0,35.956
2026-08-17,5215,科嘉-KY,-18.0,0.0,-16.0,-34.0
2026-08-17,5220,萬達光電,-3.0,-2.159,0.0,-2.159
2026-08-17,5222,全訊,-85.995,0.0,-90.007,-176.002
2026-08-17,5223,安力-KY,15.0,15.0,0.0,15.0
2026-08-17,5225,東科-KY,-24.0,0.0,-21.778,-45.778
2026-08-17,5227,立凱-KY,359.0,359.0,0.0,359.0
2026-08-17,5228,鈺鎧,55.0,55.549,0.0,55.549
2026-08-17,5230,雷笛克光學,2.0,2.0,0.0,2.0
2026-08-17,5234,達興材料,7.0,0.0,-1.324,5.676
2026-08-17,5236,凌陽創新,-16.0,0.0,-21.448,-37.448
2026-08-17,5243,乙盛-KY,141.518,0.0,166.498,308.016
2026-08-17,5244,弘凱,46.003,0.0,46.003,92.006
2026-08-17,5245,智晶,1.0,-0.015,0.0,-0.015
2026-08-17,5251,天鉞電,8.0,8.565,0.0,8.565
2026-08-17,5258,虹堡,-52.97,0.0,-52.054,-105.024
2026-08-17,5263,智崴,-12.493,-11.803,0.0,-11.803
2026-08-17,5269,祥碩,-56.403,10.0,-51.985,-98.388
2026-08-17,5272,笙科,8.0,8.087,0.0,8.087
2026-08-17,5274,信驊,9.243,9.842,0.0,9.842
2026-08-17,5278,尚凡*,9.0,9.0,0.0,9.0
2026-08-17,5283,禾聯碩,11.0,0.0,11.0,22.0
2026-08-17,5284,jpp-KY,30.043,0.0,37.727,67.77
2026-08-17,5285,界霖,134.806,0.0,143.006,277.812
2026-08-17,5287,數字,-47.0,-46.851,0.0,-46.851
2026-08-17,5288,豐祥-KY,22.11,1.0,29.022,52.132
2026-08-17,5289,宜鼎,704.831,740.338,0.0,740.338
2026-08-17,5291,邑昇,1.0,0.82,0.0,0.82
2026-08-17,5292,華懋,-18.189,0.0,-16.815,-35.004000000000005
2026-08-17,5299,杰力,30.843,31.678,0.0,31.678
2026-08-17,5302,太欣,-86.0,-86.319,0.0,-86.319
2026-08-17,5306,桂盟,-36.0,0.0,-30.0,-66.0
2026-08-17,5309,系統電,225.0,204.473,0.0,204.473
2026-08-17,5310,天剛,0.0,0.642,0.0,0.642
2026-08-17,5312,寶島科,-2.0,-2.055,0.0,-2.055
2026-08-17,5314,世紀*,0.0,45.819,0.0,45.819
2026-08-17,5315,光聯,58.0,58.0,0.0,58.0
2026-08-17,5321,美而快,326.0,326.557,0.0,326.557
2026-08-17,5324,士開,28.0,28.0,0.0,28.0
2026-08-17,5328,華容,21.857,26.017,0.0,26.017
2026-08-17,5340,建榮,409.225,391.958,0.0,391.958
2026-08-17,5344,立衛,0.0,-0.063,0.0,-0.063
2026-08-17,5345,馥鴻,-5.0,-6.0,0.0,-6.0
2026-08-17,5347,世界,233.988,-641.465,0.0,-641.465
2026-08-17,5351,鈺創,1073.096,1113.096,0.0,1113.096
2026-08-17,5353,台林,-12.0,-12.0,0.0,-12.0
2026-08-17,5356,協益,0.0,0.0,0.0,0.0
2026-08-17,5364,力麗店,-2.0,-1.78,0.0,-1.78
2026-08-17,5371,中光電,-622.5,-1012.212,0.0,-1012.212
2026-08-17,5381,光譜,92.0,92.0,0.0,92.0
2026-08-17,5386,青雲,-121.607,-291.523,0.0,-291.523
2026-08-17,5388,中磊,-2137.397,0.0,-2182.347,-4319.744000000001
2026-08-17,5392,能率,465.079,524.02,0.0,524.02
2026-08-17,5398,慕康生醫,2.0,1.852,0.0,1.852
2026-08-17,5403,中菲,27.0,27.0,0.0,27.0
2026-08-17,5410,國眾,-13.0,-13.16,0.0,-13.16
2026-08-17,5425,台半,807.529,1464.542,0.0,1464.542
2026-08-17,5426,振發,0.0,3.145,0.0,3.145
2026-08-17,5432,新門,51.0,52.12,0.0,52.12
2026-08-17,5434,崇越,-176.9,50.0,-171.546,-298.446
2026-08-17,5438,東友,34.0,34.0,0.0,34.0
2026-08-17,5439,高技,5.442,-4.616,0.0,-4.616
2026-08-17,5443,均豪,11.036,16.932,0.0,16.932
2026-08-17,5450,南良,19.0,19.269,0.0,19.269
2026-08-17,5452,佶優,195.0,195.005,0.0,195.005
2026-08-17,5455,昇益,0.0,-0.004,0.0,-0.004
2026-08-17,5457,宣德,48.0,45.968,0.0,45.968
2026-08-17,5460,同協,11.0,11.0,0.0,11.0
2026-08-17,5464,霖宏,-103.0,-103.051,0.0,-103.051
2026-08-17,5465,富驊,-10.0,-10.0,0.0,-10.0
2026-08-17,5468,凱鈺,-110.0,-110.884,0.0,-110.884
2026-08-17,5469,瀚宇博,124.594,174.0,118.634,417.228
2026-08-17,5471,松翰,266.0,0.0,256.764,522.764
2026-08-17,5474,聰泰,-59.0,-59.315,0.0,-59.315
2026-08-17,5475,德宏,1.582,-9.203,0.0,-9.203
2026-08-17,5478,智冠,-51.0,-50.652,0.0,-50.652
2026-08-17,5481,新華,-13.0,-13.0,0.0,-13.0
2026-08-17,5483,中美晶,-1700.401,-1443.314,0.0,-1443.314
2026-08-17,5484,慧友,-39.0,0.0,-35.0,-74.0
2026-08-17,5487,通泰,11.0,11.0,0.0,11.0
2026-08-17,5488,松普,-94.0,-93.916,0.0,-93.916
2026-08-17,5489,彩富,-34.0,-34.306,0.0,-34.306
2026-08-17,5490,同亨,-86.701,-87.239,0.0,-87.239
2026-08-17,5493,三聯,-7.0,-7.011,0.0,-7.011
2026-08-17,5498,凱崴,336.166,335.134,0.0,335.134
2026-08-17,5508,永信建,-13.0,-13.0,0.0,-13.0
2026-08-17,5511,德昌,67.735,67.735,0.0,67.735
2026-08-17,5512,力麒,67.643,67.698,0.0,67.698
2026-08-17,5514,三豐,-5.0,-5.0,0.0,-5.0
2026-08-17,5515,建國,627.998,0.0,587.552,1215.5500000000002
2026-08-17,5516,雙喜,-2.0,-1.106,0.0,-1.106
2026-08-17,5519,隆大,15.699,0.0,19.697,35.396
2026-08-17,5520,力泰,5.0,5.0,0.0,5.0
2026-08-17,5521,工信,1240.66,0.0,1246.66,2487.32
2026-08-17,5522,遠雄,119.1,-7.0,129.1,241.2
2026-08-17,5523,豐謙,1.0,1.0,0.0,1.0
2026-08-17,5525,順天,2.0,0.0,6.0,8.0
2026-08-17,5529,鉅陞,-13.0,-13.0,0.0,-13.0
2026-08-17,5530,龍巖,-234.0,-234.0,0.0,-234.0
2026-08-17,5531,鄉林,-8.141,0.0,3.859,-4.282
2026-08-17,5533,皇鼎,-56.0,0.0,-54.0,-110.0
2026-08-17,5534,長虹,38.978,0.0,26.65,65.628
2026-08-17,5536,聖暉*,-10.867,-270.278,0.0,-270.278
2026-08-17,5538,東明-KY,27.0,0.0,31.0,58.0
2026-08-17,5543,桓鼎-KY,-1.0,-1.0,0.0,-1.0
2026-08-17,5546,永固-KY,0.0,0.0,2.0,2.0
2026-08-17,5547,久舜,-3.0,-3.0,0.0,-3.0
2026-08-17,5548,安倉,-3.0,-3.0,0.0,-3.0
2026-08-17,5603,陸海,21.0,21.093,0.0,21.093
2026-08-17,5607,遠雄港,759.565,0.0,1325.565,2085.13
2026-08-17,5608,四維航,922.703,0.0,1252.703,2175.406
2026-08-17,5609,中菲行,5.328,5.233,0.0,5.233
2026-08-17,5704,老爺知,4.0,4.0,0.0,4.0
2026-08-17,5706,鳳凰,13.0,0.0,13.018,26.018
2026-08-17,5864,致和證,-1212.872,-1212.872,0.0,-1212.872
2026-08-17,5871,中租-KY,-4127.128,-1263.0,-4102.48,-9492.608
2026-08-17,5876,上海商銀,365.52,-477.0,494.508,383.028
2026-08-17,5878,台名,2.0,2.0,0.0,2.0
2026-08-17,5880,合庫金,2763.977,12762.0,2499.367,18025.344
2026-08-17,5903,全家,2.0,2.0,0.0,2.0
2026-08-17,5904,寶雅*,-3566.417,-3933.817,0.0,-3933.817
2026-08-17,5905,南仁湖,-34.0,-34.226,0.0,-34.226
2026-08-17,5906,台南-KY,0.0,0.0,0.0,0.0
2026-08-17,5907,大洋-KY,-1.0,0.0,1.0,0.0
2026-08-17,6005,群益證,-3291.778,-17.0,-3291.778,-6600.556
2026-08-17,6015,宏遠證,-915.075,-915.075,0.0,-915.075
2026-08-17,6016,康和證,-667.0,-667.0,0.0,-667.0
2026-08-17,6020,大展證,-2.0,-2.0,0.0,-2.0
2026-08-17,6021,美好證,-33.0,-33.0,0.0,-33.0
2026-08-17,6023,元大期,-379.501,-379.501,0.0,-379.501
2026-08-17,6024,群益期,262.331,0.0,266.331,528.662
2026-08-17,6026,福邦證,-85.288,-85.288,0.0,-85.288
2026-08-17,6028,公勝保經,-9.0,-9.0,0.0,-9.0
2026-08-17,6101,寬魚國際,13.01,13.01,0.0,13.01
2026-08-17,6104,創惟,75.483,71.637,0.0,71.637
2026-08-17,6108,競國,461.33,0.0,553.33,1014.66
2026-08-17,6109,亞元,-9.0,-8.997,0.0,-8.997
2026-08-17,6111,光聚晶電,-27.0,-26.653,0.0,-26.653
2026-08-17,6112,邁達特,-70.0,0.0,-24.024,-94.024
2026-08-17,6113,亞矽,-26.0,-22.0,0.0,-22.0
2026-08-17,6114,久威,2.0,2.0,0.0,2.0
2026-08-17,6115,鎰勝,-107.0,0.0,-103.0,-210.0
2026-08-17,6116,彩晶,1676.2,0.0,2435.748,4111.948
2026-08-17,6117,迎廣,-20.0,0.0,-21.48,-41.48
2026-08-17,6118,建達,32.0,31.903,0.0,31.903
2026-08-17,6120,達運,12.0,-20.0,17.624,9.624
2026-08-17,6121,新普,-17.909,71.841,0.0,71.841
2026-08-17,6122,擎邦,143.0,145.322,0.0,145.322
2026-08-17,6123,上奇,-19.0,-19.48,0.0,-19.48
2026-08-17,6124,業強,6.0,6.634,0.0,6.634
2026-08-17,6125,廣運,-661.0,-653.395,0.0,-653.395
2026-08-17,6126,信音,-47.962,-47.343,0.0,-47.343
2026-08-17,6127,九豪,110.0,85.481,0.0,85.481
2026-08-17,6128,上福,6.0,0.0,6.0,12.0
2026-08-17,6129,普誠,112.011,112.251,0.0,112.251
2026-08-17,6130,上亞科技,82.0,82.0,0.0,82.0
2026-08-17,6133,金橋,127.27,0.0,127.27,254.54
2026-08-17,6134,萬旭,-76.0,-67.808,0.0,-67.808
2026-08-17,6136,富爾特,-14.0,0.0,-14.0,-28.0
2026-08-17,6138,茂達,-96.996,-103.062,0.0,-103.062
2026-08-17,6139,亞翔,335.339,-101.0,387.051,621.39
2026-08-17,6140,訊達,-2.0,-1.972,0.0,-1.972
2026-08-17,6141,柏承,508.1,0.0,557.84,1065.94
2026-08-17,6142,友勁,-116.0,0.0,-120.0,-236.0
2026-08-17,6143,振曜,-274.0,-292.149,0.0,-292.149
2026-08-17,6144,得利影,4.0,3.994,0.0,3.994
2026-08-17,6146,耕興,-124.639,-125.943,0.0,-125.943
2026-08-17,6147,頎邦,5209.154,4970.451,0.0,4970.451
2026-08-17,6148,驊宏資,49.0,48.364,0.0,48.364
2026-08-17,6150,撼訊,11.011,11.52,0.0,11.52
2026-08-17,6151,晉倫,-42.0,-42.873,0.0,-42.873
2026-08-17,6152,百一,-155.0,0.0,-93.0,-248.0
2026-08-17,6153,嘉聯益,-272.788,0.0,-163.508,-436.2960000000001
2026-08-17,6155,鈞寶,-354.72,0.0,-366.346,-721.066
2026-08-17,6156,松上,-9.0,-10.113,0.0,-10.113
2026-08-17,6158,禾昌,7.0,7.0,0.0,7.0
2026-08-17,6160,欣技,-2.0,-2.358,0.0,-2.358
2026-08-17,6161,捷波,-29.0,-29.194,0.0,-29.194
2026-08-17,6163,華電網,1118.008,1145.379,0.0,1145.379
2026-08-17,6164,華興,29.17,0.0,35.17,64.34
2026-08-17,6165,浪凡,-207.0,0.0,-205.0,-412.0
2026-08-17,6166,凌華,-798.7,0.0,-799.476,-1598.176
2026-08-17,6167,久正,23.0,23.0,0.0,23.0
2026-08-17,6168,宏齊,300.087,0.0,304.087,604.174
2026-08-17,6169,昱泉,-1.0,-1.0,0.0,-1.0
2026-08-17,6170,統振,26.0,26.092,0.0,26.092
2026-08-17,6171,大城地產,-6.0,-6.0,0.0,-6.0
2026-08-17,6173,信昌電,-43.563,640.92,0.0,640.92
2026-08-17,6174,安碁,139.039,139.044,0.0,139.044
2026-08-17,6175,立敦,126.0,126.29,0.0,126.29
2026-08-17,6177,達麗,-65.788,0.0,-62.4,-128.188
2026-08-17,6179,亞通,1204.261,1209.71,0.0,1209.71
2026-08-17,6180,橘子,-132.0,-131.542,0.0,-131.542
2026-08-17,6182,合晶,-2831.998,-1548.365,0.0,-1548.365
2026-08-17,6183,關貿,3.0,0.0,9.0,12.0
2026-08-17,6184,大豐電,1.0,0.0,3.0,4.0
2026-08-17,6185,幃翔,-155.0,-155.122,0.0,-155.122
2026-08-17,6186,新潤,-201.0,-200.646,0.0,-200.646
2026-08-17,6187,萬潤,115.671,1424.76,0.0,1424.76
2026-08-17,6188,廣明,-137.83,-109.769,0.0,-109.769
2026-08-17,6189,豐藝,0.25,0.0,4.314,4.564
2026-08-17,6190,萬泰科,7.0,-0.376,0.0,-0.376
2026-08-17,6191,精成科,319.962,195.0,310.962,825.924
2026-08-17,6192,巨路,2.442,0.0,4.442,6.884
2026-08-17,6194,育富,-10.0,-9.921,0.0,-9.921
2026-08-17,6195,詩肯,1.0,0.151,0.0,0.151
2026-08-17,6196,帆宣,604.369,-423.0,648.393,829.7620000000001
2026-08-17,6197,佳必琪,-127.777,0.0,-127.975,-255.752
2026-08-17,6198,瑞築,-1.0,-1.0,0.0,-1.0
2026-08-17,6199,天品,124.0,123.005,0.0,123.005
2026-08-17,6201,亞弘電,20.0,0.0,18.0,38.0
2026-08-17,6202,盛群,-1.3,0.0,22.812,21.512
2026-08-17,6203,海韻電,-23.0,-23.147,0.0,-23.147
2026-08-17,6204,艾華,-10.0,-10.735,0.0,-10.735
2026-08-17,6205,詮欣,47.247,0.0,45.643,92.89
2026-08-17,6206,飛捷,376.158,0.0,431.554,807.712
2026-08-17,6207,雷科,152.964,158.579,0.0,158.579
2026-08-17,6208,日揚,-54.95,-54.742,0.0,-54.742
2026-08-17,6209,今國光,313.029,0.0,305.223,618.252
2026-08-17,6210,慶生,0.0,-0.2,0.0,-0.2
2026-08-17,6212,理銘,1.0,1.0,0.0,1.0
2026-08-17,6213,聯茂,658.176,-1.0,650.892,1308.0680000000002
2026-08-17,6214,精誠,1005.417,0.0,1653.219,2658.636
2026-08-17,6215,和椿,-520.735,0.0,-528.593,-1049.328
2026-08-17,6216,居易,21.0,0.0,26.702,47.702
2026-08-17,6217,中探針,-85.0,-85.0,0.0,-85.0
2026-08-17,6218,豪勉,-251.891,-250.891,0.0,-250.891
2026-08-17,6219,富旺,-7.0,-7.0,0.0,-7.0
2026-08-17,6220,岳豐,97.0,97.894,0.0,97.894
2026-08-17,6221,晉泰,11.0,11.672,0.0,11.672
2026-08-17,6223,旺矽,-87.866,-409.694,0.0,-409.694
2026-08-17,6224,聚鼎,148.579,0.0,150.579,299.158
2026-08-17,6226,光鼎,-428.949,0.0,-408.949,-837.898
2026-08-17,6227,茂綸,-45.589,-33.947,0.0,-33.947
2026-08-17,6229,研通,-11.0,-13.0,0.0,-13.0
2026-08-17,6230,尼得科超眾,-4.915,0.0,-0.953,-5.868
2026-08-17,6231,系微,-50.153,-51.127,0.0,-51.127
2026-08-17,6233,旺玖,9.0,8.753,0.0,8.753
2026-08-17,6234,高僑,-43.881,-43.706,0.0,-43.706
2026-08-17,6235,華孚,46.0,0.0,42.152,88.152
2026-08-17,6237,驊訊,4.0,2.385,0.0,2.385
2026-08-17,6239,力成,-1079.721,-324.0,-46.231,-1449.952
2026-08-17,6240,松崗,-1.0,-1.0,0.0,-1.0
2026-08-17,6241,鑫永洋,21.478,20.811,0.0,20.811
2026-08-17,6243,迅杰,-489.97,0.0,-490.676,-980.646
2026-08-17,6244,茂迪,1647.868,1652.694,0.0,1652.694
2026-08-17,6245,立端,-47.17,-27.59,0.0,-27.59
2026-08-17,6246,臺龍,16.0,16.252,0.0,16.252
2026-08-17,6248,沛波,16.0,16.0,0.0,16.0
2026-08-17,6257,矽格,-97.473,89.0,-348.153,-356.62600000000003
2026-08-17,6259,百徽,-88.0,-85.321,0.0,-85.321
2026-08-17,6261,久元,57.0,53.061,0.0,53.061
2026-08-17,6263,普萊德,59.263,59.543,0.0,59.543
2026-08-17,6265,方土昶,2292.357,2307.783,0.0,2307.783
2026-08-17,6266,泰詠,9.0,8.813,0.0,8.813
2026-08-17,6269,台郡,493.236,0.0,522.912,1016.148
2026-08-17,6270,倍微,60.007,63.007,0.0,63.007
2026-08-17,6271,同欣電,952.266,0.0,1073.132,2025.398
2026-08-17,6272,驊陞,71.0,0.0,71.0,142.0
2026-08-17,6274,台燿,-1150.197,-1207.627,0.0,-1207.627
2026-08-17,6275,元山,-12.0,-12.518,0.0,-12.518
2026-08-17,6276,安鈦克,2.0,1.998,0.0,1.998
2026-08-17,6277,宏正,569.22,0.0,585.22,1154.44
2026-08-17,6278,台表科,1001.941,-613.0,1222.603,1611.544
2026-08-17,6279,胡連,81.378,79.494,0.0,79.494
2026-08-17,6281,全國電,-3.0,0.0,-1.0,-4.0
2026-08-17,6282,康舒,-2071.8,0.0,-1873.21,-3945.01
2026-08-17,6283,淳安,1.0,0.0,-5.0,-4.0
2026-08-17,6284,佳邦,89.009,90.467,0.0,90.467
2026-08-17,6285,啟碁,64.99,0.0,17.58,82.57
2026-08-17,6290,良維,106.632,197.309,0.0,197.309
2026-08-17,6291,沛亨,-123.525,-116.341,0.0,-116.341
2026-08-17,6292,迅德,95.071,95.071,0.0,95.071
2026-08-17,6294,智基,-1.0,-1.355,0.0,-1.355
2026-08-17,6405,悅城,79.001,0.0,79.075,158.07600000000002
2026-08-17,6409,旭隼,-68.392,25.808,-120.764,-163.34799999999998
2026-08-17,6411,晶焱,122.0,121.82,0.0,121.82
2026-08-17,6412,群電,26.0,0.0,3.266,29.266
2026-08-17,6414,樺漢,86.77,0.0,310.448,397.218
2026-08-17,6415,矽力*-KY,-299.259,-615.0,-349.917,-1264.176
2026-08-17,6416,瑞祺電通,27.93,0.0,37.93,65.86
2026-08-17,6417,韋僑,22.0,22.999,0.0,22.999
2026-08-17,6418,詠昇,18.0,17.688,0.0,17.688
2026-08-17,6419,京晨科,-109.207,-108.474,0.0,-108.474
2026-08-17,6423,億而得,22.0,21.807,0.0,21.807
2026-08-17,6425,易發,59.0,65.782,0.0,65.782
2026-08-17,6426,統新,-73.05,0.0,-45.05,-118.1
2026-08-17,6431,光麗-KY,2.0,0.0,2.0,4.0
2026-08-17,6432,今展科,-102.026,-111.026,0.0,-111.026
2026-08-17,6435,大中,-10.685,-10.591,0.0,-10.591
2026-08-17,6438,迅得,137.999,0.0,137.023,275.022
2026-08-17,6441,廣錠,9.0,9.0,0.0,9.0
2026-08-17,6442,光聖,-290.332,25.0,-238.1,-503.432
2026-08-17,6443,元晶,-249.788,0.0,-133.6,-383.388
2026-08-17,6446,藥華藥,-771.979,-100.274,-788.859,-1661.112
2026-08-17,6449,鈺邦,88.696,0.0,90.202,178.898
2026-08-17,6451,訊芯-KY,56.946,0.0,58.514,115.46
2026-08-17,6456,GIS-KY,-85.861,0.0,-123.469,-209.33
2026-08-17,6461,益得,-7.0,-7.0,0.0,-7.0
2026-08-17,6462,神盾,50.727,49.719,0.0,49.719
2026-08-17,6464,台數科,-7.0,0.0,-7.0,-14.0
2026-08-17,6465,威潤,-9.0,-9.61,0.0,-9.61
2026-08-17,6469,大樹,-238.0,-241.893,0.0,-241.893
2026-08-17,6470,宇智,0.0,0.0,0.0,0.0
2026-08-17,6472,保瑞,131.219,0.0,149.457,280.676
2026-08-17,6474,華豫寧,24.0,24.0,0.0,24.0
2026-08-17,6477,安集,-2698.172,0.0,-2709.456,-5407.628000000001
2026-08-17,6482,弘煜科,-1.0,-0.766,0.0,-0.766
2026-08-17,6485,點序,50.214,50.029,0.0,50.029
2026-08-17,6486,互動,19.0,18.875,0.0,18.875
2026-08-17,6488,環球晶,-1960.379,-1847.258,0.0,-1847.258
2026-08-17,6491,晶碩,1.196,0.0,-36.766,-35.57
2026-08-17,6492,生華科,29.899,29.899,0.0,29.899
2026-08-17,6494,九齊,5.0,8.0,0.0,8.0
2026-08-17,6498,久禾光,31.0,30.989,0.0,30.989
2026-08-17,6499,益安,-339.7,-339.911,0.0,-339.911
2026-08-17,6504,南六,-3.0,0.0,-3.0,-6.0
2026-08-17,6505,台塑化,-1105.955,0.0,-1387.371,-2493.326
2026-08-17,6506,雙邦,-3.0,-3.024,0.0,-3.024
2026-08-17,6508,惠光,3.02,3.02,0.0,3.02
2026-08-17,6509,聚和,72.1,66.123,0.0,66.123
2026-08-17,6510,精測,-169.828,-218.051,0.0,-218.051
2026-08-17,6515,穎崴,181.056,-161.9,185.06,204.216
2026-08-17,6516,勤崴國際,1.0,0.866,0.0,0.866
2026-08-17,6517,保勝光學,-40.309,-40.309,0.0,-40.309
2026-08-17,6523,達爾膚,7.0,7.0,0.0,7.0
2026-08-17,6525,捷敏-KY,237.737,0.0,249.309,487.046
2026-08-17,6526,達發,57.101,0.0,57.335,114.436
2026-08-17,6527,明達醫,1.0,1.0,0.0,1.0
2026-08-17,6530,創威,58.0,59.523,0.0,59.523
2026-08-17,6531,愛普*,-322.97,-17.0,-138.372,-478.342
2026-08-17,6532,瑞耘,-113.98,-112.251,0.0,-112.251
2026-08-17,6533,晶心科,-9.922,0.0,-10.084,-20.006
2026-08-17,6534,正瀚-創,-125.0,0.0,-123.562,-248.562
2026-08-17,6535,順藥,-27.0,-57.03,0.0,-57.03
2026-08-17,6538,倉和,-0.751,-3.396,0.0,-3.396
2026-08-17,6541,泰福-KY,2.331,0.0,4.331,6.662000000000001
2026-08-17,6546,正基,-25.895,-28.254,0.0,-28.254
2026-08-17,6547,高端疫苗,-620.9,-646.27,0.0,-646.27
2026-08-17,6548,長科*,128.637,281.734,0.0,281.734
2026-08-17,6550,北極星藥業-KY,-217.0,0.0,-207.0,-424.0
2026-08-17,6552,易華電,19.0,0.0,15.0,34.0
2026-08-17,6556,勝品,-3.0,-2.0,0.0,-2.0
2026-08-17,6558,興能高,-8.0,0.0,-6.0,-14.0
2026-08-17,6560,欣普羅,-22.0,-21.896,0.0,-21.896
2026-08-17,6561,是方,-1.0,-2.05,0.0,-2.05
2026-08-17,6568,宏觀,9.0,9.192,0.0,9.192
2026-08-17,6569,醫揚,-0.95,-1.041,0.0,-1.041
2026-08-17,6570,維田,23.527,24.526,0.0,24.526
2026-08-17,6573,虹揚-KY,34.0,0.0,34.0,68.0
2026-08-17,6574,霈方,-4.95,-5.275,0.0,-5.275
2026-08-17,6576,逸達,-52.0,-52.0,0.0,-52.0
2026-08-17,6577,勁豐,-85.0,-86.757,0.0,-86.757
2026-08-17,6578,達邦蛋白,-6.0,-5.999,0.0,-5.999
2026-08-17,6579,研揚,-124.918,0.0,-123.684,-248.602
2026-08-17,6581,鋼聯,1.0,0.0,5.0,6.0
2026-08-17,6582,申豐,2.0,0.0,0.0,2.0
2026-08-17,6584,南俊國際,-103.3,-99.866,0.0,-99.866
2026-08-17,6585,鼎基,38.0,0.0,38.006,76.006
2026-08-17,6588,東典光電,54.0,54.726,0.0,54.726
2026-08-17,6589,台康生技,-389.0,0.0,-387.0,-776.0
2026-08-17,6591,動力-KY,-15.0,0.0,-12.576,-27.576
2026-08-17,6592,和潤企業,38.0,0.0,47.004,85.00399999999999
2026-08-17,6593,台灣銘板,10.0,10.0,0.0,10.0
2026-08-17,6596,寬宏藝術,0.049,-0.551,0.0,-0.551
2026-08-17,6598,ABC-KY,55.66,0.0,55.66,111.32
2026-08-17,6603,富強鑫,1423.102,1657.482,0.0,1657.482
2026-08-17,6605,帝寶,183.537,0.0,212.663,396.2000000000001
2026-08-17,6606,建德工業,-31.0,0.0,-5.0,-36.0
2026-08-17,6609,瀧澤科,40.0,40.0,0.0,40.0
2026-08-17,6612,奈米醫材,6.83,6.849,0.0,6.849
2026-08-17,6613,朋億*,-42.98,-46.501,0.0,-46.501
2026-08-17,6614,資拓宏宇,-3.0,0.0,-1.0,-4.0
2026-08-17,6615,慧智,1.0,1.0,0.0,1.0
2026-08-17,6617,共信-KY,-52.93,-52.93,0.0,-52.93
2026-08-17,6620,漢達,-6.0,8.846,0.0,8.846
2026-08-17,6625,必應,1.364,0.0,3.364,4.728
2026-08-17,6629,泰金-KY,2.0,1.96,0.0,1.96
2026-08-17,6637,醫影,9.0,8.795,0.0,8.795
2026-08-17,6640,均華,-141.164,-139.39,0.0,-139.39
2026-08-17,6641,基士德-KY,6.0,0.0,4.01,10.01
2026-08-17,6642,富致,24.967,24.976,0.0,24.976
2026-08-17,6643,M31,47.025,29.971,0.0,29.971
2026-08-17,6645,金萬林-創,0.0,0.0,2.0,2.0
2026-08-17,6649,台生材,4.0,3.67,0.0,3.67
2026-08-17,6651,全宇昕,-2.748,-2.003,0.0,-2.003
2026-08-17,6654,天正國際,-1.0,-1.0,0.0,-1.0
2026-08-17,6655,科定,1.0,0.0,1.0,2.0
2026-08-17,6657,華安,-7.0,0.0,-7.0,-14.0
2026-08-17,6658,聯策,20.418,0.0,20.622,41.04
2026-08-17,6664,群翊,27.0,17.473,0.0,17.473
2026-08-17,6666,羅麗芬-KY,-3.0,0.0,-3.0,-6.0
2026-08-17,6667,信紘科,20.785,20.84,0.0,20.84
2026-08-17,6668,中揚光,-13.241,0.0,-11.241,-24.482
2026-08-17,6669,緯穎,-287.031,87.969,-118.641,-317.70300000000003
2026-08-17,6670,復盛應用,48.46,0.0,48.46,96.92
2026-08-17,6671,三能-KY,-2.0,0.0,-2.0,-4.0
2026-08-17,6672,騰輝電子-KY,145.843,0.0,253.963,399.806
2026-08-17,6674,鋐寶科技,2.0,0.0,4.0,6.0
2026-08-17,6679,鈺太,17.0,14.335,0.0,14.335
2026-08-17,6680,鑫創電子,-1.0,-1.0,0.0,-1.0
2026-08-17,6683,雍智科技,56.0,68.088,0.0,68.088
2026-08-17,6684,安格,41.0,40.827,0.0,40.827
2026-08-17,6689,伊雲谷,-8.0,0.0,-4.0,-12.0
2026-08-17,6690,安碁資訊,-3.0,-2.6,0.0,-2.6
2026-08-17,6691,洋基工程,-125.089,31.0,-106.233,-200.322
2026-08-17,6693,廣閎科,4.675,47.041,0.0,47.041
2026-08-17,6695,芯鼎,-49.998,0.0,-47.458,-97.456
2026-08-17,6697,東捷資訊,-3.0,-3.014,0.0,-3.014
2026-08-17,6698,旭暉應材,50.0,0.0,50.0,100.0
2026-08-17,6703,軒郁,-5.0,-5.0,0.0,-5.0
2026-08-17,6706,惠特,165.0,0.0,201.092,366.092
2026-08-17,6708,天擎,13.0,13.0,0.0,13.0
2026-08-17,6712,長聖,-13.0,-13.275,0.0,-13.275
2026-08-17,6715,嘉基,-44.9,0.0,-43.358,-88.258
2026-08-17,6716,應廣,83.012,84.012,0.0,84.012
2026-08-17,6719,力智,5.515,0.0,-35.745,-30.23
2026-08-17,6720,久昌,2.0,2.0,0.0,2.0
2026-08-17,6721,信實,1.0,1.0,0.0,1.0
2026-08-17,6722,輝創,1.0,0.0,3.0,4.0
2026-08-17,6725,矽科宏晟,3.693,3.71,0.0,3.71
2026-08-17,6727,亞泰金屬,-103.05,-16.517,0.0,-16.517
2026-08-17,6728,上洋,0.36,0.36,0.0,0.36
2026-08-17,6730,常廣,-4.0,-4.0,0.0,-4.0
2026-08-17,6732,昇佳電子,-53.816,-53.654,0.0,-53.654
2026-08-17,6733,博晟生醫,-12.0,-12.0,0.0,-12.0
2026-08-17,6735,美達科技,59.0,58.981,0.0,58.981
2026-08-17,6739,竹陞科技,33.561,35.839,0.0,35.839
2026-08-17,6741,91APP*-KY,-2.99,-4.223,0.0,-4.223
2026-08-17,6742,澤米,-23.0,0.0,-24.674,-47.674
2026-08-17,6743,安普新,-57.0,0.0,-51.0,-108.0
2026-08-17,6751,智聯服務,-4.0,-4.025,0.0,-4.025
2026-08-17,6752,叡揚,1.0,1.0,0.0,1.0
2026-08-17,6753,龍德造船,-786.847,0.0,-1451.065,-2237.9120000000003
2026-08-17,6754,匯僑設計,0.0,0.0,0.0,0.0
2026-08-17,6756,威鋒電子,16.0,0.0,16.0,32.0
2026-08-17,6757,台灣虎航,418.316,0.0,420.316,838.632
2026-08-17,6761,穩得,-25.0,-28.3,0.0,-28.3
2026-08-17,6763,綠界科技*,16.0,16.23,0.0,16.23
2026-08-17,6768,志強-KY,-146.0,0.0,-148.0,-294.0
2026-08-17,6770,力積電,-68115.695,-90.0,-73442.357,-141648.05200000005
2026-08-17,6771,平和環保-創,-9.0,0.0,-8.24,-17.240000000000002
2026-08-17,6776,展碁國際,-53.0,0.0,-51.0,-104.0
2026-08-17,6781,AES-KY,10.867,0.0,-1.267,9.6
2026-08-17,6782,視陽,176.25,-202.0,175.8,150.05
2026-08-17,6785,昱展新藥,10.09,9.663,0.0,9.663
2026-08-17,6788,華景電,24.0,24.359,0.0,24.359
2026-08-17,6789,采鈺,14.413,-9.0,33.401,38.81400000000001
2026-08-17,6790,永豐實,3.0,0.0,7.0,10.0
2026-08-17,6791,虎門科技,2.0,1.958,0.0,1.958
2026-08-17,6792,詠業,7.0,0.0,11.0,18.0
2026-08-17,6794,向榮生技,-12.0,0.0,-12.0,-24.0
2026-08-17,6796,晉弘,-13.0,0.0,-13.0,-26.0
2026-08-17,6799,來頡,-30.048,0.0,-30.156,-60.20399999999999
2026-08-17,6803,崑鼎,-3.0,-2.746,0.0,-2.746
2026-08-17,6804,明係,-38.0,-38.0,0.0,-38.0
2026-08-17,6805,富世達,-81.006,827.0,-77.472,668.522
2026-08-17,6807,峰源-KY,1.0,0.0,1.0,2.0
2026-08-17,6811,宏碁資訊,-69.268,-72.161,0.0,-72.161
2026-08-17,6821,聯寶,29.0,28.85,0.0,28.85
2026-08-17,6823,濾能,-1.0,-1.0,0.0,-1.0
2026-08-17,6829,千附精密,553.429,464.156,0.0,464.156
2026-08-17,6830,汎銓,479.938,0.0,503.148,983.086
2026-08-17,6831,邁科,72.025,0.0,65.999,138.024
2026-08-17,6834,天二科技,3.475,0.0,12.819,16.294
2026-08-17,6835,圓裕,-2.0,0.0,-2.0,-4.0
2026-08-17,6838,台新藥,0.0,0.0,6.0,6.0
2026-08-17,6840,東研信超,123.0,130.081,0.0,130.081
2026-08-17,6841,長佳智能,19.0,16.985,0.0,16.985
2026-08-17,6843,進典,-3.0,-3.0,0.0,-3.0
2026-08-17,6854,錼創科技-KY創,12.304,0.0,11.55,23.854
2026-08-17,6856,鑫傳,-1.0,-1.0,0.0,-1.0
2026-08-17,6859,伯特光,-3.0,-1.554,0.0,-1.554
2026-08-17,6861,睿生光電,20.983,0.0,40.751,61.734
2026-08-17,6862,三集瑞-KY,11.0,0.0,6.506,17.506
2026-08-17,6863,永道-KY,-54.0,0.0,-64.004,-118.004
2026-08-17,6869,雲豹能源,-134.95,0.0,-184.792,-319.742
2026-08-17,6870,騰雲,2.0,-0.008,0.0,-0.008
2026-08-17,6872,浩宇生醫,-3.0,-3.0,0.0,-3.0
2026-08-17,6873,泓德能源,-99.807,0.0,-95.807,-195.614
2026-08-17,6874,倍力,2.0,1.913,0.0,1.913
2026-08-17,6875,國邑*,11.0,11.0,0.0,11.0
2026-08-17,6877,鏵友益,11.0,9.83,0.0,9.83
2026-08-17,6881,潤德,1.0,1.0,0.0,1.0
2026-08-17,6884,海柏特,-1.0,-1.0,0.0,-1.0
2026-08-17,6885,全福生技,4.0,0.0,4.0,8.0
2026-08-17,6887,寶綠特-KY,-2.0,0.0,4.0,2.0
2026-08-17,6890,來億-KY,-112.418,0.0,-251.388,-363.806
2026-08-17,6894,衛司特,20.0,19.703,0.0,19.703
2026-08-17,6895,宏碩系統,-5.0,-5.106,0.0,-5.106
2026-08-17,6899,創為精密,-1.0,-1.0,0.0,-1.0
2026-08-17,6901,鑽石投資,493.016,0.0,509.016,1002.032
2026-08-17,6902,GOGOLOOK,13.96,0.0,13.96,27.92
2026-08-17,6903,巨漢,140.0,155.577,0.0,155.577
2026-08-17,6906,現觀科,-14.0,0.0,-14.0,-28.0
2026-08-17,6907,雅特力-KY,46.95,45.042,0.0,45.042
2026-08-17,6908,宏碁遊戲-創,1.0,0.0,1.0,2.0
2026-08-17,6909,創控,79.0,0.0,79.0,158.0
2026-08-17,6910,德鴻,13.0,13.0,0.0,13.0
2026-08-17,6913,鴻呈,-15.634,-15.12,0.0,-15.12
2026-08-17,6914,阜爾運通,15.0,0.0,15.0,30.0
2026-08-17,6916,華凌,-4.0,0.0,-7.942,-11.942
2026-08-17,6918,愛派司,-3.0,0.0,-3.0,-6.0
2026-08-17,6919,康霈*,-980.175,0.0,-953.643,-1933.818
2026-08-17,6921,嘉雨思-創,1.0,0.0,11.492,12.492
2026-08-17,6922,宸曜,-32.0,-32.214,0.0,-32.214
2026-08-17,6923,中台,8.0,0.0,6.0,14.0
2026-08-17,6924,榮惠-KY創,7.0,0.0,9.0,16.0
2026-08-17,6925,意藍,20.0,20.0,0.0,20.0
2026-08-17,6928,攸泰科技,-89.11,0.0,-87.11,-176.22
2026-08-17,6931,青松健康,-29.0,0.0,-29.0,-58.0
2026-08-17,6933,AMAX-KY,74.905,0.0,76.577,151.482
2026-08-17,6934,心誠鎂,0.0,0.0,0.0,0.0
2026-08-17,6936,永鴻生技,3.0,0.0,3.0,6.0
2026-08-17,6937,天虹,-19.105,0.0,-33.111,-52.216
2026-08-17,6944,兆聯實業,64.157,0.0,95.353,159.51
2026-08-17,6945,圓祥生技,-7.0,-7.0,0.0,-7.0
2026-08-17,6947,台鎔科技,56.39,0.0,56.39,112.78
2026-08-17,6949,沛爾生醫-創,5.591,0.0,-374.735,-369.144
2026-08-17,6951,青新-創,-2.09,0.0,-2.09,-4.18
2026-08-17,6952,大武山,0.0,0.0,2.0,2.0
2026-08-17,6953,家碩,4.0,4.0,0.0,4.0
2026-08-17,6955,邦睿生技-創,1.0,0.0,6.8,7.8
2026-08-17,6957,裕慶-KY,-14.0,0.0,-14.0,-28.0
2026-08-17,6958,日盛台駿,14.0,0.0,2.0,16.0
2026-08-17,6961,旅天下,10.0,10.0,0.0,10.0
2026-08-17,6962,奕力-KY,37.0,0.0,23.108,60.108
2026-08-17,6965,中傑-KY,3.0,0.0,5.0,8.0
2026-08-17,6967,汎瑋材料,30.0,30.233,0.0,30.233
2026-08-17,6968,萬達寵物,-4.0,-4.025,0.0,-4.025
2026-08-17,6969,成信實業*-創,52.0,0.0,48.74,100.74
2026-08-17,6971,惠民實業,29.0,29.0,0.0,29.0
2026-08-17,6982,大井泵浦,1.0,1.0,0.0,1.0
2026-08-17,6983,華洋精機,-2.0,-1.8,0.0,-1.8
2026-08-17,6986,和迅,-14.0,-17.0,0.0,-17.0
2026-08-17,6988,威力暘-創,-22.0,0.0,-8.0,-30.0
2026-08-17,6994,富威電力,42.002,0.0,46.19,88.19200000000001
2026-08-17,6996,力領科技,18.05,18.017,0.0,18.017
2026-08-17,7402,邑錡,-93.4,-94.641,0.0,-94.641
2026-08-17,7547,碩網,1.0,1.0,0.0,1.0
2026-08-17,7556,意德士,4.786,8.457,0.0,8.457
2026-08-17,7584,樂意,-1.0,-1.0,0.0,-1.0
2026-08-17,7610,聯友金屬-創,96.755,0.0,94.755,191.51
2026-08-17,7631,聚賢研發-創,11.0,0.0,16.058,27.058
2026-08-17,7642,昶瑞機電,-6.0,-6.0,0.0,-6.0
2026-08-17,7689,大鵬科CLMX,1.0,0.0,1.0,2.0
2026-08-17,7703,銳澤,1.0,1.841,0.0,1.841
2026-08-17,7704,明遠精密,-1.0,-1.0,0.0,-1.0
2026-08-17,7705,三商餐飲,5.0,0.0,5.0,10.0
2026-08-17,7709,榮田,3.0,3.0,0.0,3.0
2026-08-17,7711,永擎,75.359,0.0,81.359,156.718
2026-08-17,7712,博盛半導體,39.0,36.275,0.0,36.275
2026-08-17,7714,創泓科技,-85.0,-82.557,0.0,-82.557
2026-08-17,7715,裕山,-3.0,-4.016,0.0,-4.016
2026-08-17,7716,昱臺國際,-4.0,-4.0,0.0,-4.0
2026-08-17,7717,萊德光電-KY,14.0,14.964,0.0,14.964
2026-08-17,7718,友鋮,-1.0,-1.0,0.0,-1.0
2026-08-17,7721,微程式,0.0,0.0,4.0,4.0
2026-08-17,7722,LINEPAY,-21.0,0.0,-18.812,-39.812
2026-08-17,7723,築間,-2.0,-2.0,0.0,-2.0
2026-08-17,7728,光焱科技,4.0,4.219,0.0,4.219
2026-08-17,7730,暉盛-創,-10.0,0.0,-10.022,-20.022
2026-08-17,7732,金興精密,-3.0,0.0,-7.0,-10.0
2026-08-17,7734,印能科技,26.004,-25.766,0.0,-25.766
2026-08-17,7736,虎山,1.0,0.0,3.0,4.0
2026-08-17,7738,東聯互動,-1.0,-1.0,0.0,-1.0
2026-08-17,7740,熙特爾-創,-12.0,0.0,-12.274,-24.274
2026-08-17,7744,崴寶,39.983,49.63,0.0,49.63
2026-08-17,7747,昕奇雲端,-1.0,-1.0,0.0,-1.0
2026-08-17,7749,意騰-KY,5.452,0.0,3.458,8.91
2026-08-17,7750,新代,29.628,0.0,28.368,57.996
2026-08-17,7751,竑騰,-19.446,-203.601,0.0,-203.601
2026-08-17,7753,星亞,-1.0,-1.0,0.0,-1.0
2026-08-17,7757,金色三麥,2.0,2.0,0.0,2.0
2026-08-17,7760,享溫馨,-25.0,0.0,-25.0,-50.0
2026-08-17,7765,中華資安,-14.0,0.0,-12.0,-26.0
2026-08-17,7767,仁大資訊,-5.0,-5.0,0.0,-5.0
2026-08-17,7768,頌勝科技,13.0,0.0,15.0,28.0
2026-08-17,7769,鴻勁,116.864,-5.0,102.136,214.0
2026-08-17,7770,君曜,0.0,-1.0,0.0,-1.0
2026-08-17,7772,耀穎,15.0,15.619,0.0,15.619
2026-08-17,7777,能率亞洲,-332.0,-348.642,0.0,-348.642
2026-08-17,7780,大研生醫*,397.35,0.0,391.444,788.7940000000001
2026-08-17,7786,東方風能,77.908,0.0,81.908,159.816
2026-08-17,7788,松川精密,235.285,0.0,409.233,644.518
2026-08-17,7791,皇家可口,-23.0,0.0,-23.0,-46.0
2026-08-17,7792,安葆,-19.93,-17.068,0.0,-17.068
2026-08-17,7795,長廣,47.488,0.0,7.488,54.976
2026-08-17,7799,禾榮科,-104.0,0.0,-102.0,-206.0
2026-08-17,7803,雲象科技-創,-11.0,0.0,-3.14,-14.14
2026-08-17,7805,威聯通,26.683,27.237,0.0,27.237
2026-08-17,7810,捷創科技,13.0,14.619,0.0,14.619
2026-08-17,7814,海昌生技,8.0,8.0,0.0,8.0
2026-08-17,7818,溢泰實業,-3.0,0.0,-1.0,-4.0
2026-08-17,7819,精誠金融,-19.0,-19.0,0.0,-19.0
2026-08-17,7821,神數,-14.0,0.0,-12.0,-26.0
2026-08-17,7822,倍利科,43.087,0.0,48.137,91.224
2026-08-17,7823,奧義賽博-KY創,0.0,0.0,-1.1,-1.1
2026-08-17,7827,漢康-KY創,-20.0,0.0,-24.0,-44.0
2026-08-17,7828,創新服務,13.044,15.969,0.0,15.969
2026-08-17,7835,永悅健康-創,-6.0,0.0,-6.0,-12.0
2026-08-17,7842,天能綠電,7.0,7.001,0.0,7.001
2026-08-17,7855,和運租車,82.0,0.0,82.0,164.0
2026-08-17,8011,台通,7.0,0.0,9.0,16.0
2026-08-17,8016,矽創,25.615,-20.0,30.877,36.492
2026-08-17,8021,尖點,-102.136,0.0,84.638,-17.49799999999999
2026-08-17,8024,佑華,-4.0,-4.101,0.0,-4.101
2026-08-17,8027,鈦昇,-136.205,-136.05,0.0,-136.05
2026-08-17,8028,昇陽半導體,676.511,-575.0,630.079,731.5899999999999
2026-08-17,8032,光菱,-17.0,-17.119,0.0,-17.119
2026-08-17,8033,雷虎,-3153.467,0.0,-3940.067,-7093.534
2026-08-17,8034,榮群,4.0,3.999,0.0,3.999
2026-08-17,8038,長園科,25.066,24.601,0.0,24.601
2026-08-17,8039,台虹,-3483.887,0.0,-3802.429,-7286.316000000001
2026-08-17,8040,九暘,16.03,19.722,0.0,19.722
2026-08-17,8042,金山電,388.738,398.418,0.0,398.418
2026-08-17,8043,蜜望實,-70.92,-81.596,0.0,-81.596
2026-08-17,8044,網家,-107.0,-107.232,0.0,-107.232
2026-08-17,8045,達運光電,22.0,0.0,20.666,42.666
2026-08-17,8046,南電,-2488.026,787.0,-3120.58,-4821.606
2026-08-17,8047,星雲,7.0,7.0,0.0,7.0
2026-08-17,8048,德勝,23.0,21.498,0.0,21.498
2026-08-17,8049,晶采,-70.71,-70.268,0.0,-70.268
2026-08-17,8050,廣積,-78.525,-108.233,0.0,-108.233
2026-08-17,8054,安國,119.569,109.665,0.0,109.665
2026-08-17,8059,凱碩,21.0,21.0,0.0,21.0
2026-08-17,8064,東捷,-46.27,-45.653,0.0,-45.653
2026-08-17,8068,全達,27.0,27.0,0.0,27.0
2026-08-17,8069,元太,-1063.296,-982.257,0.0,-982.257
2026-08-17,8070,長華*,-469.243,175.0,-407.565,-701.808
2026-08-17,8071,能率網通,-51.0,-51.178,0.0,-51.178
2026-08-17,8072,陞泰,78.0,0.0,80.0,158.0
2026-08-17,8074,鉅橡,66.07,61.344,0.0,61.344
2026-08-17,8076,伍豐,122.2,121.059,0.0,121.059
2026-08-17,8081,致新,27.0,0.0,28.9,55.9
2026-08-17,8083,瑞穎,65.0,64.985,0.0,64.985
2026-08-17,8084,巨虹,-145.8,-145.892,0.0,-145.892
2026-08-17,8085,福華,21.0,21.0,0.0,21.0
2026-08-17,8086,宏捷科,-271.0,-27.884,0.0,-27.884
2026-08-17,8087,麗升能源,0.0,-0.003,0.0,-0.003
2026-08-17,8088,品安,48.0,47.525,0.0,47.525
2026-08-17,8089,康全電訊,-4.0,-4.0,0.0,-4.0
2026-08-17,8091,翔名,78.42,76.63,0.0,76.63
2026-08-17,8092,建暐,-0.5,-0.508,0.0,-0.508
2026-08-17,8093,保銳,-2.0,-2.0,0.0,-2.0
2026-08-17,8096,擎亞,711.245,682.869,0.0,682.869
2026-08-17,8097,常珵,-27.403,-36.409,0.0,-36.409
2026-08-17,8099,大世科,8.08,8.387,0.0,8.387
2026-08-17,8102,傑霖科技,-15.0,-16.0,0.0,-16.0
2026-08-17,8103,瀚荃,-43.874,0.0,236.126,192.252
2026-08-17,8104,錸寶,33.082,0.0,33.082,66.164
2026-08-17,8105,凌巨,88.0,0.0,34.0,122.0
2026-08-17,8107,大億金茂,-6.0,-5.859,0.0,-5.859
2026-08-17,8109,博大,-16.663,-16.659,0.0,-16.659
2026-08-17,8110,華東,-344.877,0.0,-306.755,-651.6320000000001
2026-08-17,8111,立碁,-37.088,-42.104,0.0,-42.104
2026-08-17,8112,至上,-5790.142,166.0,-5984.63,-11608.772
2026-08-17,8114,振樺電,-52.787,0.0,-53.135,-105.922
2026-08-17,8121,越峰,-173.986,-173.302,0.0,-173.302
2026-08-17,8131,福懋科,-465.51,0.0,-476.866,-942.376
2026-08-17,8147,正淩,-13.0,-14.363,0.0,-14.363
2026-08-17,8150,南茂,2528.085,-2686.0,2758.915,2601.0
2026-08-17,8155,博智,-99.26,-134.343,0.0,-134.343
2026-08-17,8162,微矽電子-創,-2.0,0.0,-0.878,-2.878
2026-08-17,8163,達方,-62.0,0.0,-59.992,-121.992
2026-08-17,8171,天宇,-8.0,-8.0,0.0,-8.0
2026-08-17,8176,智捷,-8.0,-8.349,0.0,-8.349
2026-08-17,8182,加高,190.0,193.147,0.0,193.147
2026-08-17,8183,精星,59.999,60.851,0.0,60.851
2026-08-17,8201,無敵,12.0,0.0,10.0,22.0
2026-08-17,8210,勤誠,-87.111,54.0,-82.961,-116.072
2026-08-17,8213,志超,219.1,0.0,342.204,561.304
2026-08-17,8215,明基材,193.0,0.0,196.92,389.92
2026-08-17,8222,寶一,237.391,0.0,237.391,474.782
2026-08-17,8227,巨有科技,-20.845,-22.682,0.0,-22.682
2026-08-17,8234,新漢,-161.6,-143.479,0.0,-143.479
2026-08-17,8240,華宏,23.412,24.224,0.0,24.224
2026-08-17,8249,菱光,3.0,0.0,11.0,14.0
2026-08-17,8255,朋程,48.2,37.745,0.0,37.745
2026-08-17,8261,富鼎,367.9,0.0,543.504,911.404
2026-08-17,8271,宇瞻,-548.49,0.0,-590.338,-1138.828
2026-08-17,8277,商丞,-2.0,-2.0,0.0,-2.0
2026-08-17,8284,三竹,7.0,5.0,0.0,5.0
2026-08-17,8289,泰藝,25.001,36.506,0.0,36.506
2026-08-17,8291,尚茂,-1.0,-1.0,0.0,-1.0
2026-08-17,8299,群聯,-493.321,-471.383,0.0,-471.383
2026-08-17,8341,日友,49.955,0.0,50.779,100.734
2026-08-17,8342,益張,-1.0,-1.0,0.0,-1.0
2026-08-17,8349,恒耀,-5.0,-4.991,0.0,-4.991
2026-08-17,8354,冠好,1.0,1.219,0.0,1.219
2026-08-17,8358,金居,-4558.644,-4876.429,0.0,-4876.429
2026-08-17,8367,建新國際,0.0,0.0,0.0,0.0
2026-08-17,8374,羅昇,-403.464,0.0,-414.73,-818.194
2026-08-17,8383,千附,-1003.5,-1037.593,0.0,-1037.593
2026-08-17,8390,金益鼎,-20.0,-16.985,0.0,-16.985
2026-08-17,8401,白紗科,-2.0,-2.0,0.0,-2.0
2026-08-17,8403,盛弘,21.0,21.0,0.0,21.0
2026-08-17,8404,百和興業-KY,-52.45,0.0,-46.45,-98.9
2026-08-17,8409,商之器,0.0,0.001,0.0,0.001
2026-08-17,8410,森田,2.0,1.682,0.0,1.682
2026-08-17,8411,福貞-KY,11.0,0.0,13.0,24.0
2026-08-17,8415,大國鋼,318.0,319.888,0.0,319.888
2026-08-17,8421,旭源,23.05,23.341,0.0,23.341
2026-08-17,8422,可寧衛*,435.0,413.0,479.0,1327.0
2026-08-17,8426,紅木-KY,-1.0,-1.0,0.0,-1.0
2026-08-17,8429,金麗-KY,12.0,0.0,12.0,24.0
2026-08-17,8431,匯鑽科,31.0,30.898,0.0,30.898
2026-08-17,8432,東生華,1.0,0.829,0.0,0.829
2026-08-17,8433,弘帆,-3.0,-3.0,0.0,-3.0
2026-08-17,8435,鉅邁,1.0,1.008,0.0,1.008
2026-08-17,8436,大江,-147.0,-112.122,0.0,-112.122
2026-08-17,8437,大地-KY,1.0,0.988,0.0,0.988
2026-08-17,8438,昶昕,-19.066,0.0,-14.222,-33.288
2026-08-17,8440,綠電,25.0,25.248,0.0,25.248
2026-08-17,8442,威宏-KY,38.0,0.0,38.0,76.0
2026-08-17,8443,阿瘦,1.0,0.0,1.0,2.0
2026-08-17,8446,華研,-4.0,-4.278,0.0,-4.278
2026-08-17,8450,霹靂,-1.0,-1.0,0.0,-1.0
2026-08-17,8454,富邦媒,99.17,-0.236,128.16,227.094
2026-08-17,8455,大拓-KY,-1.0,-1.0,0.0,-1.0
2026-08-17,8462,柏文,1.078,0.0,11.078,12.156
2026-08-17,8463,潤泰材,-8.0,0.0,-8.0,-16.0
2026-08-17,8464,億豐,-60.663,-5.0,-60.667,-126.33
2026-08-17,8466,美吉吉-KY,1.0,0.0,1.0,2.0
2026-08-17,8467,波力-KY,6.0,0.0,6.0,12.0
2026-08-17,8472,夠麻吉,-1.0,-1.0,0.0,-1.0
2026-08-17,8473,山林水,-18.0,0.0,-17.974,-35.974000000000004
2026-08-17,8476,台境*,156.94,0.0,158.94,315.88
2026-08-17,8478,東哥遊艇,-53.74,0.0,-53.64,-107.38
2026-08-17,8481,政伸,0.0,0.0,0.0,0.0
2026-08-17,8482,商億-KY,3.0,0.0,3.0,6.0
2026-08-17,8487,愛爾達-創,-1.0,0.0,5.696,4.696
2026-08-17,8488,吉源-KY,-1.0,0.0,-1.0,-2.0
2026-08-17,8489,三貝德,0.0,0.618,0.0,0.618
2026-08-17,8499,鼎炫-KY,1.0,0.0,3.0,4.0
2026-08-17,8905,裕國,0.0,-0.03,0.0,-0.03
2026-08-17,8906,花王,1.0,1.0,0.0,1.0
2026-08-17,8908,欣雄,0.0,0.646,0.0,0.646
2026-08-17,8916,光隆,-17.0,-16.2,0.0,-16.2
2026-08-17,8917,欣泰,1.0,1.0,0.0,1.0
2026-08-17,8924,大田,-7.838,-7.97,0.0,-7.97
2026-08-17,8926,台汽電,-205.028,0.0,-351.028,-556.056
2026-08-17,8927,北基,-11.0,-11.373,0.0,-11.373
2026-08-17,8928,鉅明,7.0,6.965,0.0,6.965
2026-08-17,8929,富堡,7.0,6.576,0.0,6.576
2026-08-17,8930,青鋼,-2.0,-2.437,0.0,-2.437
2026-08-17,8931,大汽電,1.0,1.0,0.0,1.0
2026-08-17,8932,智通*,1111.25,1018.489,0.0,1018.489
2026-08-17,8933,愛地雅,-3.0,-3.0,0.0,-3.0
2026-08-17,8935,邦泰,-90.0,-90.002,0.0,-90.002
2026-08-17,8936,國統,-310.716,-310.419,0.0,-310.419
2026-08-17,8937,合騏*,-13.0,-19.0,0.0,-19.0
2026-08-17,8938,明安,-12.14,-12.14,0.0,-12.14
2026-08-17,8940,新天地,-16.0,0.0,-24.0,-40.0
2026-08-17,8941,關中,-3.0,-3.0,0.0,-3.0
2026-08-17,8942,森鉅,-73.94,-73.649,0.0,-73.649
2026-08-17,8996,高力,-723.549,326.0,-655.779,-1053.328
2026-08-17,9103,美德醫療-DR,31.0,0.0,31.2,62.2
2026-08-17,9105,泰金寶-DR,-2139.7,0.0,-1436.078,-3575.778
2026-08-17,9136,巨騰-DR,9.0,0.0,10.994,19.994
2026-08-17,9802,鈺齊-KY,-112.0,0.0,30.19,-81.81
2026-08-17,9902,台火,20.0,0.0,21.104,41.104
2026-08-17,9904,寶成,-10598.804,507.0,-10412.13,-20503.934
2026-08-17,9905,大華,49.0,0.0,55.0,104.0
2026-08-17,9906,欣巴巴,2.0,0.0,2.0,4.0
2026-08-17,9907,統一實,233.0,0.0,196.84,429.84
2026-08-17,9908,大台北,-11.0,0.0,-3.662,-14.662
2026-08-17,9910,豐泰,476.33,269.0,-105.696,639.6339999999999
2026-08-17,9911,櫻花,28.0,0.0,16.0,44.0
2026-08-17,9912,偉聯,2.0,0.0,4.0,6.0
2026-08-17,9914,美利達,-789.496,0.0,-307.164,-1096.66
2026-08-17,9917,中保科,56.885,-4.0,54.885,107.77
2026-08-17,9918,欣天然,-2.0,0.0,0.0,-2.0
2026-08-17,9919,康那香,10.0,0.0,12.0,22.0
2026-08-17,9921,巨大,-672.9,0.0,-618.778,-1291.678
2026-08-17,9924,福興,80.0,0.0,80.0,160.0
2026-08-17,9925,新保,-82.017,0.0,-78.017,-160.034
2026-08-17,9926,新海,-8.0,0.0,-6.0,-14.0
2026-08-17,9927,泰銘,7.0,0.0,9.0,16.0
2026-08-17,9929,秋雨,3.0,0.0,5.0,8.0
2026-08-17,9930,中聯資源,5.0,0.0,9.0,14.0
2026-08-17,9931,欣高,-3.0,0.0,2.882,-0.1179999999999998
2026-08-17,9933,中鼎,-322.662,0.0,-210.662,-533.324
2026-08-17,9934,成霖,-150.01,0.0,-144.01,-294.02
2026-08-17,9935,慶豐富,219.659,0.0,221.659,441.318
2026-08-17,9937,全國,3.0,0.0,5.0,8.0
2026-08-17,9938,百和,-171.0,0.0,-225.806,-396.806
2026-08-17,9939,宏全,100.075,-6.0,153.257,247.332
2026-08-17,9940,信義,25.0,0.0,34.524,59.524
2026-08-17,9941,裕融,49.02,0.0,52.018,101.038
2026-08-17,9942,茂順,52.096,0.0,-139.904,-87.80799999999999
2026-08-17,9943,好樂迪,-5.0,0.0,-5.0,-10.0
2026-08-17,9944,新麗,1.0,0.0,1.0,2.0
2026-08-17,9945,潤泰新,3211.022,0.0,3507.796,6718.817999999999
2026-08-17,9946,三發地產,37.0,0.0,41.0,78.0
2026-08-17,9949,琉園,12.0,12.0,0.0,12.0
2026-08-17,9951,皇田,0.0,-0.194,0.0,-0.194
2026-08-17,9955,佳龍,55.0,0.0,55.0,110.0
2026-08-17,9958,世紀鋼,-538.298,0.0,-564.9,-1103.198
2026-08-17,9962,有益,0.0,0.0,0.0,0.0
2026-08-18,1101,台泥,-3567.082,-4.0,-2971.088,-6542.17
2026-08-18,1102,亞泥,508.099,218.175,382.487,1108.761
2026-08-18,1103,嘉泥,98.789,0.0,98.789,197.578
2026-08-18,1104,環泥,-856.0,0.0,-856.208,-1712.208
2026-08-18,1108,幸福,8.07,0.0,8.07,16.14
2026-08-18,1109,信大,-32.506,0.0,-36.506,-69.012
2026-08-18,1110,東泥,-66.0,0.0,-66.0,-132.0
2026-08-18,1201,味全,90.0,0.0,90.0,180.0
2026-08-18,1203,味王,-9.0,0.0,-9.0,-18.0
2026-08-18,1210,大成,1195.316,0.0,1069.436,2264.752
2026-08-18,1215,卜蜂,246.483,0.0,246.483,492.966
2026-08-18,1216,統一,5570.73,349.0,5481.364,11401.094
2026-08-18,1217,愛之味,-70.0,0.0,-70.0,-140.0
2026-08-18,1218,泰山,-79.442,0.0,-79.442,-158.884
2026-08-18,1219,福壽,167.723,0.0,161.723,329.446
2026-08-18,1220,台榮,13.649,0.0,14.333,27.982
2026-08-18,1225,福懋油,-19.0,0.0,-43.0,-62.0
2026-08-18,1227,佳格,297.688,0.0,297.688,595.376
2026-08-18,1229,聯華,164.609,0.0,163.219,327.828
2026-08-18,1231,聯華食,208.699,0.0,209.797,418.496
2026-08-18,1232,大統益,63.114,-1.0,63.114,125.228
2026-08-18,1233,天仁,-5.0,0.0,-5.0,-10.0
2026-08-18,1234,黑松,-49.0,0.0,-49.826,-98.826
2026-08-18,1235,興泰,-14.0,0.0,-14.0,-28.0
2026-08-18,1236,宏亞,-1.0,0.0,-1.0,-2.0
2026-08-18,1256,鮮活果汁-KY,1.636,0.0,3.636,5.272
2026-08-18,1301,台塑,-1333.111,-416.0,-2505.159,-4254.27
2026-08-18,1303,南亞,-1787.676,1260.962,-649.4,-1176.114
2026-08-18,1304,台聚,143.558,0.0,135.558,279.116
2026-08-18,1305,華夏,329.517,0.0,323.517,653.034
2026-08-18,1307,三芳,-24.0,-16.0,-25.658,-65.658
2026-08-18,1308,亞聚,375.706,0.0,373.706,749.412
2026-08-18,1309,台達化,87.92,0.0,72.292,160.212
2026-08-18,1310,台苯,1748.098,0.0,1741.278,3489.376
2026-08-18,1312,國喬,761.446,0.0,149.308,910.754
2026-08-18,1313,聯成,291.829,0.0,292.001,583.8299999999999
2026-08-18,1314,中石化,7907.429,0.0,7845.061,15752.49
2026-08-18,1315,達新,-72.0,0.0,-72.0,-144.0
2026-08-18,1316,上曜,-508.0,0.0,-506.3,-1014.3
2026-08-18,1319,東陽,87.676,-6.0,-110.404,-28.727999999999994
2026-08-18,1321,大洋,-1.0,0.0,-1.0,-2.0
2026-08-18,1323,永裕,-6.0,0.0,-6.0,-12.0
2026-08-18,1324,地球,-5.0,0.0,-5.0,-10.0
2026-08-18,1325,恆大,37.0,0.0,37.0,74.0
2026-08-18,1326,台化,1863.757,0.0,1393.481,3257.2380000000003
2026-08-18,1337,再生-KY,4.776,0.0,4.776,9.552
2026-08-18,1338,廣華-KY,-9.0,0.0,-9.0,-18.0
2026-08-18,1339,昭輝,-44.0,0.0,-48.258,-92.258
2026-08-18,1340,勝悅-KY,-10.0,0.0,-10.0,-20.0
2026-08-18,1342,八貫,29.841,-1.0,29.841,58.682
2026-08-18,1402,遠東新,7937.559,209.705,8058.899,16206.163
2026-08-18,1409,新纖,1912.894,-5.0,2433.934,4341.828
2026-08-18,1410,南染,4.0,0.0,4.0,8.0
2026-08-18,1413,宏洲,0.0,0.0,0.0,0.0
2026-08-18,1414,東和,62.625,0.0,62.625,125.25
2026-08-18,1416,廣豐,35.435,0.0,35.435,70.87
2026-08-18,1417,嘉裕,-27.0,0.0,-27.0,-54.0
2026-08-18,1418,東華,6.0,0.0,6.0,12.0
2026-08-18,1419,新紡,-59.0,0.0,-59.0,-118.0
2026-08-18,1423,利華,-3.0,0.0,-3.0,-6.0
2026-08-18,1432,大魯閣,-1.0,0.0,-1.0,-2.0
2026-08-18,1434,福懋,-21.928,0.0,-21.928,-43.856
2026-08-18,1435,中福,1.0,0.0,1.0,2.0
2026-08-18,1436,華友聯,51.181,0.0,51.181,102.362
2026-08-18,1437,勤益控,-11.76,0.0,-11.76,-23.52
2026-08-18,1438,三地開發,-5.0,0.0,-7.0,-12.0
2026-08-18,1439,雋揚,5.0,0.0,3.0,8.0
2026-08-18,1440,南紡,431.521,0.0,306.259,737.78
2026-08-18,1441,大東,-3.0,0.0,-3.0,-6.0
2026-08-18,1442,名軒,-39.319,0.0,-39.495,-78.814
2026-08-18,1443,立益物流,-5.0,0.0,-5.0,-10.0
2026-08-18,1444,力麗,36.421,-19.0,36.421,53.842
2026-08-18,1445,大宇,8.0,0.0,8.0,16.0
2026-08-18,1446,宏和,-27.0,0.0,-27.0,-54.0
2026-08-18,1447,力鵬,127.178,-14.0,127.178,240.356
2026-08-18,1449,佳和,54.001,0.0,52.285,106.286
2026-08-18,1451,年興,-17.0,0.0,-17.0,-34.0
2026-08-18,1452,宏益,-58.0,0.0,-58.0,-116.0
2026-08-18,1453,大將,-2.0,0.0,-2.0,-4.0
2026-08-18,1454,台富,-6.0,0.0,-6.0,-12.0
2026-08-18,1455,集盛,551.391,0.0,564.595,1115.986
2026-08-18,1456,怡華,13.0,0.0,15.0,28.0
2026-08-18,1457,宜進,-4.0,0.0,-4.0,-8.0
2026-08-18,1459,聯發,-15.0,0.0,-19.0,-34.0
2026-08-18,1460,宏遠,-124.7,0.0,-124.7,-249.4
2026-08-18,1463,強盛新,27.0,0.0,27.0,54.0
2026-08-18,1464,得力,75.0,0.0,75.0,150.0
2026-08-18,1465,偉全,2.0,0.0,2.0,4.0
2026-08-18,1466,聚隆,34.482,0.0,34.482,68.964
2026-08-18,1467,南緯,41.507,0.0,57.507,99.014
2026-08-18,1468,昶和,-6.0,0.0,-2.0,-8.0
2026-08-18,1470,大統新創,1.0,0.0,1.0,2.0
2026-08-18,1471,首利,-71.0,0.0,-71.0,-142.0
2026-08-18,1472,三洋實業,-2.0,0.0,-2.0,-4.0
2026-08-18,1473,台南,-11.0,0.0,-11.0,-22.0
2026-08-18,1474,弘裕,-11.0,0.0,-11.0,-22.0
2026-08-18,1475,業旺,-1.0,0.0,-5.0,-6.0
2026-08-18,1476,儒鴻,-664.769,16.842,-663.335,-1311.2620000000002
2026-08-18,1477,聚陽,-1322.507,22.0,-1480.669,-2781.1760000000004
2026-08-18,1503,士電,-101.743,0.0,-235.215,-336.958
2026-08-18,1504,東元,-591.969,1453.0,-1180.861,-319.8300000000001
2026-08-18,1506,正道,-38.977,0.0,-38.977,-77.954
2026-08-18,1512,瑞利,-6.0,0.0,-6.0,-12.0
2026-08-18,1513,中興電,-461.279,-1.0,-770.709,-1232.9879999999998
2026-08-18,1514,亞力,-2.195,0.0,-15.585,-17.78
2026-08-18,1515,力山,-937.432,-4.0,-997.4,-1938.832
2026-08-18,1517,利奇,3.529,0.0,2.853,6.382
2026-08-18,1519,華城,-370.633,0.0,-397.327,-767.96
2026-08-18,1521,大億,-3.0,0.0,-3.0,-6.0
2026-08-18,1522,堤維西,-37.547,0.0,-37.547,-75.094
2026-08-18,1524,耿鼎,76.0,0.0,76.0,152.0
2026-08-18,1525,江申,-7.0,0.0,-7.0,-14.0
2026-08-18,1526,日馳,43.036,0.0,41.036,84.072
2026-08-18,1527,鑽全,129.247,0.0,129.247,258.494
2026-08-18,1528,恩德,203.534,0.0,205.414,408.948
2026-08-18,1529,樂事綠能,-101.31,0.0,-101.31,-202.62
2026-08-18,1530,亞崴,-3.0,0.0,-3.112,-6.112
2026-08-18,1531,高林股,-13.0,0.0,-13.0,-26.0
2026-08-18,1532,勤美,20.71,0.0,20.71,41.42
2026-08-18,1533,車王電,-26.942,0.0,-22.942,-49.884
2026-08-18,1535,中宇,1.0,0.0,1.0,2.0
2026-08-18,1536,和大,-210.241,0.0,-233.943,-444.184
2026-08-18,1537,廣隆,-106.0,26.0,-106.0,-186.0
2026-08-18,1539,巨庭,-8.0,0.0,-8.0,-16.0
2026-08-18,1540,喬福,-89.0,0.0,-89.0,-178.0
2026-08-18,1541,錩泰,-3.0,0.0,-3.0,-6.0
2026-08-18,1558,伸興,-26.0,0.0,-26.0,-52.0
2026-08-18,1560,中砂,182.457,-526.0,100.537,-243.006
2026-08-18,1563,巧新,52.245,0.0,-3.745,48.5
2026-08-18,1568,倉佑,22.426,0.0,30.698,53.124
2026-08-18,1582,信錦,81.585,0.0,69.211,150.796
2026-08-18,1583,程泰,4.0,0.0,4.0,8.0
2026-08-18,1587,吉茂,-98.953,0.0,-98.953,-197.906
2026-08-18,1590,亞德客-KY,-119.612,-17.0,-86.406,-223.018
2026-08-18,1597,直得,23.2,0.0,13.382,36.582
2026-08-18,1598,岱宇,-70.989,0.0,-69.063,-140.05200000000002
2026-08-18,1603,華電,-47.167,0.0,-47.167,-94.334
2026-08-18,1604,聲寶,0.0,0.0,0.0,0.0
2026-08-18,1605,華新,-1809.807,-0.263,-3050.607,-4860.677
2026-08-18,1608,華榮,96.084,-20.0,-70.958,5.126000000000005
2026-08-18,1609,大亞,476.524,0.0,309.034,785.558
2026-08-18,1611,中電,107.177,0.0,107.177,214.354
2026-08-18,1612,宏泰,186.627,-16.0,188.113,358.74
2026-08-18,1614,三洋電,-20.0,0.0,-20.0,-40.0
2026-08-18,1615,大山,12.966,0.0,12.966,25.932
2026-08-18,1616,億泰,-78.0,0.0,-77.256,-155.256
2026-08-18,1617,榮星,99.835,0.0,105.927,205.762
2026-08-18,1618,合機,-47.0,0.0,-64.558,-111.558
2026-08-18,1623,大東電,-21.0,0.0,-22.034,-43.034
2026-08-18,1626,艾美特-KY,-28.0,0.0,-28.0,-56.0
2026-08-18,1702,南僑,38.0,0.0,37.282,75.282
2026-08-18,1707,葡萄王,-135.834,0.0,-131.258,-267.092
2026-08-18,1708,東鹼,485.166,-6.0,495.648,974.814
2026-08-18,1709,和益,-78.817,0.0,-56.097,-134.914
2026-08-18,1710,東聯,-760.425,0.0,-802.629,-1563.054
2026-08-18,1711,永光,-418.402,0.0,-645.092,-1063.494
2026-08-18,1712,興農,87.005,-1.0,158.749,244.754
2026-08-18,1713,國化,-16.958,0.0,-16.958,-33.916
2026-08-18,1714,和桐,-2332.619,-24.0,-2445.691,-4802.31
2026-08-18,1717,長興,-379.512,-2.51,-589.078,-971.1
2026-08-18,1718,中纖,4376.2,-24.0,4065.852,8418.052
2026-08-18,1720,生達,-14.0,-1.0,-14.288,-29.288
2026-08-18,1721,三晃,-153.339,0.0,-153.339,-306.678
2026-08-18,1722,台肥,968.492,0.0,964.524,1933.016
2026-08-18,1723,中碳,161.563,0.0,197.069,358.63199999999995
2026-08-18,1725,元禎,-10.0,0.0,-6.0,-16.0
2026-08-18,1726,永記,-21.0,0.0,-21.0,-42.0
2026-08-18,1727,中華化,18.554,0.0,675.558,694.112
2026-08-18,1730,花仙子,0.0,0.0,0.0,0.0
2026-08-18,1731,美吾華,-25.0,0.0,-25.0,-50.0
2026-08-18,1732,毛寶,10.0,0.0,10.0,20.0
2026-08-18,1733,五鼎,5.072,0.0,5.072,10.144
2026-08-18,1734,杏輝,55.089,0.0,55.089,110.178
2026-08-18,1735,日勝化,2.0,0.0,10.682,12.682
2026-08-18,1736,喬山,-48.0,0.0,-46.0,-94.0
2026-08-18,1737,臺鹽,-28.0,0.0,-28.0,-56.0
2026-08-18,1752,南光,-2.0,0.0,-2.0,-4.0
2026-08-18,1760,寶齡富錦,-22.0,0.0,-24.0,-46.0
2026-08-18,1762,中化生,-2.0,0.0,-2.0,-4.0
2026-08-18,1773,勝一,-32.734,-75.0,-34.446,-142.18
2026-08-18,1776,展宇,3.0,0.0,1.0,4.0
2026-08-18,1783,和康生,-26.0,0.0,-18.0,-44.0
2026-08-18,1786,科妍,89.0,0.0,88.856,177.856
2026-08-18,1789,神隆,-23.809,0.0,-27.809,-51.618
2026-08-18,1795,美時,183.977,0.0,183.139,367.116
2026-08-18,1802,台玻,-4873.795,-37.0,-6101.681,-11012.476
2026-08-18,1805,寶徠,13.0,0.0,13.0,26.0
2026-08-18,1806,冠軍,23.0,0.0,21.0,44.0
2026-08-18,1808,潤隆,85.74,0.0,85.74,171.48
2026-08-18,1809,中釉,163.439,0.0,164.363,327.802
2026-08-18,1810,和成,-790.706,0.0,-793.794,-1584.5
2026-08-18,1817,凱撒衛,-19.0,0.0,-9.0,-28.0
2026-08-18,1903,士紙,8.0,0.0,7.882,15.882
2026-08-18,1904,正隆,-257.368,0.0,-257.774,-515.142
2026-08-18,1905,華紙,-86.5,0.0,-95.25,-181.75
2026-08-18,1906,寶隆,7.692,0.0,7.692,15.384
2026-08-18,1907,永豐餘,-95.079,0.0,-57.079,-152.158
2026-08-18,1909,榮成,-1121.998,0.0,-1231.998,-2353.996
2026-08-18,2002,中鋼,1628.669,0.0,922.645,2551.3140000000003
2026-08-18,2006,東和鋼鐵,127.611,-9.0,149.159,267.77
2026-08-18,2007,燁興,-21.0,0.0,-21.0,-42.0
2026-08-18,2008,高興昌,-4.0,0.0,-4.0,-8.0
2026-08-18,2009,第一銅,-269.0,0.0,-285.52,-554.52
2026-08-18,2010,春源,106.0,-2.0,106.0,210.0
2026-08-18,2012,春雨,-18.0,0.0,-18.0,-36.0
2026-08-18,2013,中鋼構,26.0,0.0,26.758,52.758
2026-08-18,2014,中鴻,14.686,0.0,14.686,29.372
2026-08-18,2015,豐興,1.0,-1.0,1.0,1.0
2026-08-18,2017,官田鋼,117.841,0.0,117.841,235.682
2026-08-18,2020,美亞,-30.0,0.0,-62.0,-92.0
2026-08-18,2022,聚亨,15.997,0.0,15.997,31.994
2026-08-18,2023,燁輝,633.257,0.0,633.257,1266.514
2026-08-18,2024,志聯,0.0,0.0,0.0,0.0
2026-08-18,2025,千興,150.999,0.0,150.999,301.998
2026-08-18,2027,大成鋼,2447.743,-2300.0,1854.347,2002.09
2026-08-18,2028,威致,-27.0,0.0,-27.0,-54.0
2026-08-18,2029,盛餘,48.126,0.0,48.126,96.252
2026-08-18,2030,彰源,-315.075,0.0,-315.075,-630.15
2026-08-18,2031,新光鋼,405.126,-9.0,435.724,831.8499999999999
2026-08-18,2032,新鋼,-35.0,0.0,-35.0,-70.0
2026-08-18,2033,佳大,62.763,0.0,62.763,125.526
2026-08-18,2034,允強,-8.469,0.0,-11.973,-20.442
2026-08-18,2038,海光,-12.573,0.0,-12.573,-25.146
2026-08-18,2049,上銀,-479.58,215.0,-1101.46,-1366.04
2026-08-18,2059,川湖,-76.972,386.491,-75.724,233.795
2026-08-18,2062,橋椿,-23.0,0.0,-22.94,-45.94
2026-08-18,2069,運錩,5.0,0.0,7.0,12.0
2026-08-18,2072,世紀風電,-50.0,0.0,-45.138,-95.138
2026-08-18,2101,南港,523.912,0.0,496.402,1020.314
2026-08-18,2102,泰豐,-34.999,0.0,-34.999,-69.998
2026-08-18,2103,台橡,420.242,0.0,464.174,884.4159999999999
2026-08-18,2104,國際中橡,729.465,0.0,729.465,1458.93
2026-08-18,2105,正新,2803.338,191.0,2890.6,5884.938
2026-08-18,2106,建大,-477.0,0.0,-491.304,-968.304
2026-08-18,2107,厚生,73.75,0.0,73.75,147.5
2026-08-18,2108,南帝,14.72,-1.0,14.718,28.438
2026-08-18,2109,華豐,-11.83,0.0,-11.83,-23.66
2026-08-18,2114,鑫永銓,5.0,0.0,5.0,10.0
2026-08-18,2115,六暉-KY,-3.0,0.0,-3.0,-6.0
2026-08-18,2201,裕隆,623.164,-1.0,647.278,1269.442
2026-08-18,2204,中華,41.009,-8.0,40.803,73.812
2026-08-18,2206,三陽工業,425.015,0.0,419.015,844.03
2026-08-18,2207,和泰車,-35.554,11.0,-39.764,-64.31800000000001
2026-08-18,2208,台船,-13.342,0.0,-13.342,-26.684
2026-08-18,2211,長榮鋼,34.15,-6.0,33.568,61.718
2026-08-18,2227,裕日車,-16.023,0.0,-16.023,-32.046
2026-08-18,2228,劍麟,23.0,0.0,23.0,46.0
2026-08-18,2231,為升,-38.056,0.0,-47.256,-85.312
2026-08-18,2233,宇隆,121.042,0.0,-165.514,-44.47200000000001
2026-08-18,2236,百達-KY,3.03,0.0,3.03,6.06
2026-08-18,2237,華德動能-創,69.0,0.0,69.0,138.0
2026-08-18,2239,英利-KY,-6.0,0.0,-6.0,-12.0
2026-08-18,2241,艾姆勒,-41.9,0.0,-40.646,-82.54599999999999
2026-08-18,2243,宏旭-KY,-17.99,-1.0,-15.99,-34.98
2026-08-18,2247,汎德永業,-1.117,0.0,-1.117,-2.234
2026-08-18,2248,華勝-KY,0.0,0.0,2.0,2.0
2026-08-18,2250,IKKA-KY,24.0,0.0,24.0,48.0
2026-08-18,2258,鴻華先進-創,-99.211,0.0,-91.211,-190.422
2026-08-18,2301,光寶科,9583.775,3150.697,8633.305,21367.777
2026-08-18,2302,麗正,510.049,-2.0,508.055,1016.104
2026-08-18,2303,聯電,-3246.457,1153.128,-4885.315,-6978.643999999999
2026-08-18,2305,全友,-158.647,-2.0,-158.349,-318.996
2026-08-18,2308,台達電,-525.455,-531.541,-931.111,-1988.107
2026-08-18,2312,金寶,-1739.0,0.0,-3194.466,-4933.466
2026-08-18,2313,華通,-1193.499,772.0,-1272.863,-1694.362
2026-08-18,2314,台揚,-16.0,0.0,-16.0,-32.0
2026-08-18,2316,楠梓電,503.745,-1149.0,377.959,-267.296
2026-08-18,2317,鴻海,-7859.901,-4370.881,-9279.303,-21510.085
2026-08-18,2323,中環,-2211.898,0.0,-3091.894,-5303.792
2026-08-18,2324,仁寶,5994.17,-78.923,2014.38,7929.627
2026-08-18,2327,國巨*,-2365.705,-730.195,-3712.387,-6808.287
2026-08-18,2328,廣宇,-393.884,0.0,-617.372,-1011.256
2026-08-18,2329,華泰,-431.081,0.0,-385.723,-816.8040000000001
2026-08-18,2330,台積電,-3245.118,626.106,-3464.956,-6083.968
2026-08-18,2331,精英,-784.312,0.0,-800.312,-1584.624
2026-08-18,2332,友訊,-1432.842,0.0,-2042.76,-3475.602
2026-08-18,2337,旺宏,8135.195,-17860.0,6200.079,-3524.726000000001
2026-08-18,2338,光罩,-317.001,0.0,-355.895,-672.896
2026-08-18,2340,台亞,-821.0,0.0,-984.644,-1805.644
2026-08-18,2342,茂矽,-80.12,0.0,-85.584,-165.704
2026-08-18,2344,華邦電,897.255,-468.88,-582.955,-154.58000000000004
2026-08-18,2345,智邦,-143.174,-286.0,-175.422,-604.596
2026-08-18,2347,聯強,-2000.168,654.0,-2030.476,-3376.644
2026-08-18,2348,海悅,-65.0,0.0,-63.194,-128.19400000000002
2026-08-18,2349,錸德,-22.0,0.0,-22.0,-44.0
2026-08-18,2351,順德,-37.124,-460.0,215.79,-281.33400000000006
2026-08-18,2352,佳世達,-1796.626,412.0,-1907.012,-3291.638
2026-08-18,2353,宏碁,-3571.93,186.191,-3244.562,-6630.301
2026-08-18,2354,鴻準,418.394,-7.0,248.936,660.33
2026-08-18,2355,敬鵬,-735.0,0.0,-769.15,-1504.15
2026-08-18,2356,英業達,-3470.275,-291.227,-5252.369,-9013.871
2026-08-18,2357,華碩,-587.204,488.307,-658.132,-757.0289999999999
2026-08-18,2359,所羅門,44.217,0.0,357.739,401.956
2026-08-18,2360,致茂,51.918,61.592,-27.47,86.03999999999999
2026-08-18,2362,藍天,-263.75,0.0,-263.714,-527.4639999999999
2026-08-18,2363,矽統,430.421,0.0,27.031,457.452
2026-08-18,2364,倫飛,333.0,0.0,335.0,668.0
2026-08-18,2365,昆盈,-139.936,0.0,-145.936,-285.872
2026-08-18,2367,燿華,413.855,0.0,353.383,767.238
2026-08-18,2368,金像電,-1536.054,1102.978,-1792.418,-2225.494
2026-08-18,2369,菱生,-435.939,0.0,-594.467,-1030.406
2026-08-18,2371,大同,-4144.372,-1.0,-4460.872,-8606.244
2026-08-18,2373,震旦行,-17.0,0.0,-17.0,-34.0
2026-08-18,2374,佳能,-382.865,0.0,-503.555,-886.4200000000001
2026-08-18,2375,凱美,215.376,-3.0,157.216,369.592
2026-08-18,2376,技嘉,-2233.931,430.701,-2783.233,-4586.463
2026-08-18,2377,微星,-5228.384,1984.0,-5877.334,-9121.718
2026-08-18,2379,瑞昱,-483.367,124.167,-493.337,-852.537
2026-08-18,2380,虹光,-1.0,0.0,-1.0,-2.0
2026-08-18,2382,廣達,288.816,320.332,-179.182,429.9659999999999
2026-08-18,2383,台光電,428.269,-167.415,456.165,717.019
2026-08-18,2385,群光,-538.914,41.844,-559.582,-1056.652
2026-08-18,2387,精元,-309.0,0.0,-309.408,-618.408
2026-08-18,2388,威盛,-2034.65,0.0,-2784.284,-4818.934
2026-08-18,2390,云辰,-87.0,0.0,-135.0,-222.0
2026-08-18,2392,正崴,-2891.109,0.0,-3214.065,-6105.174
2026-08-18,2393,億光,-152.967,-14.0,-177.189,-344.156
2026-08-18,2395,研華,-1022.327,1251.55,-958.111,-728.888
2026-08-18,2397,友通,-42.924,0.0,-22.924,-65.848
2026-08-18,2399,映泰,-533.931,0.0,-542.879,-1076.81
2026-08-18,2401,凌陽,-1873.679,0.0,-2165.217,-4038.896
2026-08-18,2402,毅嘉,-25.001,0.0,-242.367,-267.368
2026-08-18,2404,漢唐,-285.189,155.0,-409.349,-539.538
2026-08-18,2405,輔信,-230.0,0.0,-212.0,-442.0
2026-08-18,2406,國碩,-1084.784,-8.0,-1132.192,-2224.976
2026-08-18,2408,南亞科,2348.431,742.875,1952.755,5044.061
2026-08-18,2409,友達,-32023.397,-53.89,-40926.833,-73004.12
2026-08-18,2412,中華電,-2004.926,4381.667,-2102.926,273.8150000000005
2026-08-18,2413,環科,-122.656,0.0,-123.77,-246.426
2026-08-18,2414,精技,-117.0,-3.0,-123.0,-243.0
2026-08-18,2415,錩新,23.912,-2.0,23.912,45.824
2026-08-18,2417,圓剛,-40.387,0.0,-40.387,-80.774
2026-08-18,2419,仲琦,-138.699,0.0,-156.699,-295.398
2026-08-18,2420,新巨,107.017,0.0,96.569,203.586
2026-08-18,2421,建準,589.182,-1.0,578.244,1166.426
2026-08-18,2423,固緯,3.022,0.0,11.022,14.044
2026-08-18,2424,隴華,-3.0,0.0,-3.0,-6.0
2026-08-18,2425,承啟,467.482,-2.0,508.838,974.32
2026-08-18,2426,鼎元,-6960.506,0.0,-7193.884,-14154.39
2026-08-18,2427,三商電,-111.803,0.0,-111.803,-223.606
2026-08-18,2428,興勤,-361.99,226.0,-366.1,-502.09
2026-08-18,2429,銘旺科,-113.062,0.0,-113.062,-226.124
2026-08-18,2430,燦坤,-1.0,0.0,-1.0,-2.0
2026-08-18,2431,聯昌,9.0,0.0,31.0,40.0
2026-08-18,2432,倚天酷碁-創,-6.0,0.0,-0.004,-6.004
2026-08-18,2433,互盛電,-4.0,0.0,-4.0,-8.0
2026-08-18,2434,統懋,-56.6,0.0,-66.6,-123.2
2026-08-18,2436,偉詮電,-3401.892,0.0,-3627.946,-7029.838
2026-08-18,2438,翔耀,-6.0,0.0,-6.0,-12.0
2026-08-18,2439,美律,-634.805,0.0,-573.171,-1207.976
2026-08-18,2440,太空梭,-62.201,0.0,-62.201,-124.402
2026-08-18,2441,超豐,-577.344,-7.0,-1078.24,-1662.584
2026-08-18,2442,新美齊,501.0,0.0,473.0,974.0
2026-08-18,2444,兆勁,-4.0,0.0,-4.0,-8.0
2026-08-18,2449,京元電子,-3195.214,-1358.588,-3120.14,-7673.941999999999
2026-08-18,2450,神腦,-46.0,0.0,-46.0,-92.0
2026-08-18,2451,創見,-1031.503,-173.0,-1115.075,-2319.578
2026-08-18,2453,凌群,-76.0,0.0,-76.0,-152.0
2026-08-18,2454,聯發科,-198.092,-1090.744,-644.864,-1933.7
2026-08-18,2455,全新,-483.946,495.0,-434.326,-423.2720000000001
2026-08-18,2457,飛宏,126.629,0.0,-18.141,108.488
2026-08-18,2458,義隆,-1359.779,-153.0,-1367.007,-2879.786
2026-08-18,2459,敦吉,18.0,0.0,18.0,36.0
2026-08-18,2460,建通,-32.011,0.0,-32.011,-64.022
2026-08-18,2461,光群雷,421.55,0.0,417.55,839.1
2026-08-18,2462,良得電,-26.0,0.0,-26.398,-52.398
2026-08-18,2464,盟立,-335.817,-2.0,-721.349,-1059.1660000000002
2026-08-18,2465,麗臺,-581.382,0.0,-581.382,-1162.764
2026-08-18,2466,冠西電,274.529,-3.0,279.247,550.7760000000001
2026-08-18,2467,志聖,-5.233,43.702,-31.195,7.274000000000001
2026-08-18,2468,華經,28.564,0.0,28.564,57.128
2026-08-18,2471,資通,-31.048,0.0,-31.048,-62.096
2026-08-18,2472,立隆電,755.14,-573.0,666.864,849.004
2026-08-18,2474,可成,-562.84,377.0,-690.37,-876.21
2026-08-18,2476,鉅祥,-386.374,481.0,-385.062,-290.43600000000004
2026-08-18,2477,美隆電,-25.0,0.0,-23.0,-48.0
2026-08-18,2478,大毅,382.844,457.0,357.314,1197.158
2026-08-18,2480,敦陽科,4.237,-1.0,4.237,7.474
2026-08-18,2481,強茂,-7305.47,50.0,-7633.954,-14889.424
2026-08-18,2482,連宇,-32.0,0.0,-32.818,-64.818
2026-08-18,2483,百容,-110.348,0.0,-110.348,-220.696
2026-08-18,2484,希華,-163.293,-4.0,-117.293,-284.586
2026-08-18,2485,兆赫,113.414,0.0,105.19,218.604
2026-08-18,2486,一詮,119.55,113.0,172.562,405.112
2026-08-18,2488,漢平,-56.989,0.0,-56.989,-113.978
2026-08-18,2489,瑞軒,-323.141,-6.0,-695.405,-1024.546
2026-08-18,2491,吉祥全,-88.17,-1.0,-85.282,-174.452
2026-08-18,2492,華新科,-2399.414,-15.0,-3503.812,-5918.226000000001
2026-08-18,2493,揚博,-110.757,-2.0,-225.761,-338.51800000000003
2026-08-18,2495,普安,-60.413,0.0,-94.605,-155.018
2026-08-18,2496,卓越,-3.0,0.0,-3.0,-6.0
2026-08-18,2497,怡利電,-107.95,0.0,-112.124,-220.074
2026-08-18,2498,宏達電,-1401.801,-10.0,-1824.783,-3236.584
2026-08-18,2501,國建,39.878,-2.0,39.75,77.628
2026-08-18,2504,國產,13.737,0.0,-14.263,-0.5259999999999998
2026-08-18,2505,國揚,-96.0,0.0,-96.0,-192.0
2026-08-18,2506,太設,-26.0,0.0,-26.0,-52.0
2026-08-18,2509,全坤建,12.0,0.0,12.0,24.0
2026-08-18,2511,太子,-155.0,0.0,-155.0,-310.0
2026-08-18,2514,龍邦,-24.0,0.0,-74.344,-98.344
2026-08-18,2515,中工,-1796.824,0.0,-1672.824,-3469.648
2026-08-18,2516,新建,-12.0,0.0,-12.0,-24.0
2026-08-18,2520,冠德,266.431,0.0,289.645,556.076
2026-08-18,2524,京城,-8.0,0.0,-8.0,-16.0
2026-08-18,2527,宏璟,-237.99,-1.0,80.942,-158.048
2026-08-18,2528,皇普,23.0,0.0,23.0,46.0
2026-08-18,2530,華建,-129.0,0.0,-141.0,-270.0
2026-08-18,2534,宏盛,28.133,0.0,28.133,56.266
2026-08-18,2535,達欣工,-61.231,0.0,-61.235,-122.466
2026-08-18,2536,宏普,-433.815,0.0,-433.815,-867.63
2026-08-18,2537,聯上發,565.0,0.0,566.388,1131.388
2026-08-18,2538,基泰,12.0,0.0,12.0,24.0
2026-08-18,2539,櫻花建,-439.599,0.0,-385.599,-825.198
2026-08-18,2540,愛山林,307.3,0.0,313.3,620.6
2026-08-18,2542,興富發,9866.323,883.0,10184.515,20933.838
2026-08-18,2543,皇昌,8.415,0.0,5.331,13.746
2026-08-18,2545,皇翔,59.0,0.0,88.168,147.168
2026-08-18,2546,根基,205.0,0.0,249.744,454.744
2026-08-18,2547,日勝生,218.0,0.0,218.0,436.0
2026-08-18,2548,華固,-820.069,0.0,-685.605,-1505.674
2026-08-18,2597,潤弘,2.385,-1.0,-4.781,-3.396
2026-08-18,2601,益航,772.0,0.0,795.062,1567.062
2026-08-18,2603,長榮,15066.712,-77.0,14612.584,29602.296
2026-08-18,2605,新興,-60.943,-2.0,4541.085,4478.142
2026-08-18,2606,裕民,2140.785,5.0,2144.385,4290.17
2026-08-18,2607,榮運,196.061,0.0,196.061,392.122
2026-08-18,2608,嘉里大榮,-52.0,0.0,-50.884,-102.884
2026-08-18,2609,陽明,14344.696,121.559,15843.972,30310.227
2026-08-18,2610,華航,-7189.855,-1219.0,-7997.169,-16406.023999999998
2026-08-18,2611,志信,32.149,0.0,32.149,64.298
2026-08-18,2612,中航,381.955,0.0,398.157,780.112
2026-08-18,2613,中櫃,77.0,0.0,77.0,154.0
2026-08-18,2614,東森,118.0,0.0,118.0,236.0
2026-08-18,2615,萬海,-814.467,820.324,949.895,955.752
2026-08-18,2616,山隆,8.0,0.0,7.15,15.15
2026-08-18,2617,台航,778.33,0.0,792.408,1570.738
2026-08-18,2618,長榮航,10175.743,-982.286,9025.299,18218.756
2026-08-18,2630,亞航,-797.241,0.0,-846.899,-1644.14
2026-08-18,2633,台灣高鐵,-1281.87,840.0,-1320.504,-1762.3739999999998
2026-08-18,2634,漢翔,14816.922,-15.0,15765.594,30567.516
2026-08-18,2636,台驊控股,80.41,0.0,80.162,160.572
2026-08-18,2637,慧洋-KY,1005.769,-6.0,1021.141,2020.91
2026-08-18,2642,宅配通,-4.0,0.0,-4.0,-8.0
2026-08-18,2645,長榮航太,-1676.539,0.0,-1711.883,-3388.422
2026-08-18,2646,星宇航空,2977.605,0.0,2981.635,5959.24
2026-08-18,2701,萬企,-32.0,0.0,-32.0,-64.0
2026-08-18,2702,華園,-7.0,0.0,-7.0,-14.0
2026-08-18,2704,國賓,-177.0,0.0,-177.0,-354.0
2026-08-18,2705,六福,-7.0,0.0,-7.0,-14.0
2026-08-18,2706,第一店,-22.0,0.0,-22.0,-44.0
2026-08-18,2707,晶華,20.0,0.0,22.0,42.0
2026-08-18,2712,遠雄來,-1.0,0.0,-1.0,-2.0
2026-08-18,2722,夏都,-4.0,0.0,-4.0,-8.0
2026-08-18,2723,美食-KY,-34.947,0.0,-40.947,-75.894
2026-08-18,2727,王品,76.317,0.0,75.983,152.3
2026-08-18,2731,雄獅,-290.0,-31.0,-287.392,-608.392
2026-08-18,2739,寒舍,-21.0,0.0,-21.0,-42.0
2026-08-18,2748,雲品,12.0,0.0,12.0,24.0
2026-08-18,2753,八方雲集,43.0,-2.0,43.0,84.0
2026-08-18,2762,世界健身-KY,-9.15,0.0,-7.15,-16.3
2026-08-18,2801,彰銀,8235.255,0.0,8133.255,16368.509999999998
2026-08-18,2812,台中銀,8051.766,0.0,7971.766,16023.532
2026-08-18,2816,旺旺保,25.0,0.0,25.0,50.0
2026-08-18,2820,華票,825.0,0.0,825.0,1650.0
2026-08-18,2832,台產,13.0,0.0,13.0,26.0
2026-08-18,2834,臺企銀,7698.103,0.0,7456.103,15154.206
2026-08-18,2836,高雄銀,153.0,0.0,153.0,306.0
2026-08-18,2838,聯邦銀,502.1,0.0,401.554,903.654
2026-08-18,2845,遠東銀,-1240.769,0.0,-890.769,-2131.538
2026-08-18,2849,安泰銀,-132.0,0.0,-160.0,-292.0
2026-08-18,2850,新產,-2.35,0.0,11.65,9.3
2026-08-18,2851,中再保,1250.251,-1.0,1464.729,2713.98
2026-08-18,2852,第一保,169.24,0.0,169.24,338.48
2026-08-18,2855,統一證,65.891,613.0,65.891,744.7819999999999
2026-08-18,2867,三商壽,13409.53,0.0,13142.686,26552.216
2026-08-18,2880,華南金,1505.502,11612.0,888.614,14006.116
2026-08-18,2881,富邦金,10802.898,-1105.681,10394.456,20091.673
2026-08-18,2882,國泰金,558.524,-555.357,791.222,794.389
2026-08-18,2883,凱基金,-27234.113,22147.264,-27463.777,-32550.626
2026-08-18,2884,玉山金,-14426.24,18674.309,-14734.438,-10486.369
2026-08-18,2885,元大金,-21672.909,-2957.061,-21805.805,-46435.775
2026-08-18,2886,兆豐金,10202.794,12352.505,10164.49,32719.789
2026-08-18,2887,台新新光金,-27653.79,25106.438,-27815.836,-30363.188
2026-08-18,2889,國票金,1804.0,0.0,1804.0,3608.0
2026-08-18,2890,永豐金,-8148.892,13974.047,-8134.224,-2309.0689999999995
2026-08-18,2891,中信金,2394.562,-1261.411,2169.852,3303.003
2026-08-18,2892,第一金,-1562.981,13662.769,-1519.611,10580.177
2026-08-18,2897,王道銀行,159.0,0.0,159.0,318.0
2026-08-18,2901,欣欣,-2.0,0.0,-2.0,-4.0
2026-08-18,2903,遠百,-98.261,0.0,-97.687,-195.948
2026-08-18,2904,匯僑,7.0,0.0,7.0,14.0
2026-08-18,2905,三商,18.635,0.0,18.635,37.27
2026-08-18,2906,高林,-0.206,0.0,21.794,21.588
2026-08-18,2908,特力,-50.0,0.0,-50.0,-100.0
2026-08-18,2910,統領,-1.0,0.0,-1.0,-2.0
2026-08-18,2911,麗嬰房,-13.0,0.0,-13.0,-26.0
2026-08-18,2912,統一超,5.836,-2.0,9.836,13.672
2026-08-18,2913,農林,1043.709,0.0,1015.709,2059.418
2026-08-18,2915,潤泰全,1391.048,0.0,1279.576,2670.624
2026-08-18,2923,鼎固-KY,-137.069,0.0,-125.295,-262.364
2026-08-18,2929,淘帝-KY,-19.0,0.0,-19.0,-38.0
2026-08-18,2939,永邑-KY,0.0,0.0,0.0,0.0
2026-08-18,2945,三商家購,-5.0,0.0,-5.0,-10.0
2026-08-18,3002,歐格,-34.0,0.0,-38.0,-72.0
2026-08-18,3003,健和興,295.041,0.0,435.663,730.704
2026-08-18,3004,豐達科,-52.442,0.0,-261.966,-314.408
2026-08-18,3005,神基,-1306.3,-9.0,-2395.67,-3710.97
2026-08-18,3006,晶豪科,-667.531,-1.0,-1874.331,-2542.862
2026-08-18,3008,大立光,-142.772,113.0,175.032,145.26000000000002
2026-08-18,3010,華立,-1.847,0.0,17.959,16.112
2026-08-18,3011,今皓,-118.0,0.0,-114.0,-232.0
2026-08-18,3013,晟銘電,-158.942,0.0,-176.576,-335.51800000000003
2026-08-18,3014,聯陽,4.0,14.0,3.998,21.998
2026-08-18,3015,全漢,-79.35,-3.0,-88.114,-170.464
2026-08-18,3016,嘉晶,-621.477,0.0,-907.279,-1528.756
2026-08-18,3017,奇鋐,828.512,-589.1,736.874,976.286
2026-08-18,3018,隆銘綠能,-20.0,0.0,-20.0,-40.0
2026-08-18,3019,亞光,-350.455,0.0,-621.555,-972.01
2026-08-18,3021,鴻名,-30.0,0.0,-30.0,-60.0
2026-08-18,3022,威強電,-369.222,0.0,-347.21,-716.432
2026-08-18,3023,信邦,-65.324,-19.0,-53.048,-137.372
2026-08-18,3024,憶聲,-996.183,0.0,-996.183,-1992.366
2026-08-18,3025,星通,-106.07,0.0,-45.006,-151.076
2026-08-18,3026,禾伸堂,47.288,136.0,50.194,233.48200000000003
2026-08-18,3027,盛達,-65.0,0.0,-66.222,-131.22199999999998
2026-08-18,3028,增你強,-489.26,-4.0,-509.086,-1002.346
2026-08-18,3029,零壹,-19.713,-5.0,-23.713,-48.426
2026-08-18,3030,德律,-131.853,-1.0,-221.087,-353.94
2026-08-18,3031,佰鴻,-32.897,0.0,-31.441,-64.338
2026-08-18,3032,偉訓,-235.697,0.0,-300.063,-535.76
2026-08-18,3033,威健,-1156.0,-17.0,-1921.436,-3094.436
2026-08-18,3034,聯詠,-334.922,452.954,-375.598,-257.56600000000003
2026-08-18,3035,智原,-399.578,130.0,-463.178,-732.756
2026-08-18,3036,文曄,822.008,-1638.062,508.7,-307.35399999999987
2026-08-18,3037,欣興,10676.502,122.0,9886.706,20685.208
2026-08-18,3038,全台,-40.0,0.0,-40.0,-80.0
2026-08-18,3040,遠見,0.0,0.0,0.0,0.0
2026-08-18,3041,揚智,-171.86,0.0,-171.86,-343.72
2026-08-18,3042,晶技,-6966.019,-1.0,-8913.783,-15880.802
2026-08-18,3043,科風,13.0,0.0,13.0,26.0
2026-08-18,3044,健鼎,-99.164,327.971,-160.906,67.90100000000001
2026-08-18,3045,台灣大,2941.517,200.21,2857.477,5999.204
2026-08-18,3046,建碁,-298.604,0.0,-220.604,-519.208
2026-08-18,3047,訊舟,-49.0,0.0,-48.656,-97.656
2026-08-18,3048,益登,-355.856,0.0,-383.876,-739.732
2026-08-18,3049,精金,-190.189,0.0,-190.059,-380.248
2026-08-18,3050,鈺德,-61.0,0.0,-59.0,-120.0
2026-08-18,3051,力特,-4.0,0.0,-2.204,-6.204000000000001
2026-08-18,3052,夆典,-30.0,0.0,-30.0,-60.0
2026-08-18,3054,立萬利,-81.0,0.0,-72.154,-153.154
2026-08-18,3055,蔚華科,-187.255,0.0,-185.439,-372.694
2026-08-18,3056,富華新,210.218,0.0,210.218,420.436
2026-08-18,3057,喬鼎,-26.0,0.0,-26.0,-52.0
2026-08-18,3058,立德,-30.0,0.0,-30.0,-60.0
2026-08-18,3059,華晶科,-397.825,0.0,-447.839,-845.664
2026-08-18,3060,銘異,-129.669,-4.0,-112.623,-246.29200000000003
2026-08-18,3062,建漢,-148.0,0.0,-213.322,-361.322
2026-08-18,3090,日電貿,1075.069,341.0,1074.177,2490.246
2026-08-18,3092,鴻碩,-11.001,0.0,-11.515,-22.516
2026-08-18,3094,聯傑,-47.0,0.0,-47.908,-94.908
2026-08-18,3130,一零四,-21.0,0.0,-21.0,-42.0
2026-08-18,3135,凌航,-367.666,0.0,-381.672,-749.338
2026-08-18,3138,耀登,-117.482,0.0,-121.746,-239.228
2026-08-18,3149,正達,26.531,0.0,26.387,52.918
2026-08-18,3150,鈺寶-創,-3.0,0.0,3.0,0.0
2026-08-18,3164,景岳,-3.0,0.0,-3.0,-6.0
2026-08-18,3167,大量,121.908,-168.0,184.51,138.418
2026-08-18,3168,眾福科,-3.0,0.0,-3.0,-6.0
2026-08-18,3189,景碩,132.846,50.611,-1240.984,-1057.527
2026-08-18,3209,全科,-953.786,-1.0,-959.622,-1914.408
2026-08-18,3229,晟鈦,151.0,0.0,155.0,306.0
2026-08-18,3231,緯創,-7514.726,-864.06,-8682.426,-17061.212
2026-08-18,3257,虹冠電,-95.0,0.0,-95.0,-190.0
2026-08-18,3266,昇陽,-17.0,0.0,-17.0,-34.0
2026-08-18,3296,勝德,0.0,0.0,-6.0,-6.0
2026-08-18,3305,昇貿,-113.97,0.0,-250.312,-364.282
2026-08-18,3308,聯德,-17.0,0.0,-21.0,-38.0
2026-08-18,3311,閎暉,-68.89,0.0,-68.89,-137.78
2026-08-18,3312,弘憶股,-225.233,0.0,-298.943,-524.1759999999999
2026-08-18,3321,同泰,-25.0,0.0,-27.0,-52.0
2026-08-18,3338,泰碩,-30.001,0.0,-29.699,-59.7
2026-08-18,3346,麗清,75.0,0.0,75.97,150.97
2026-08-18,3356,奇偶,-102.452,0.0,-102.052,-204.504
2026-08-18,3376,新日興,-532.0,0.0,-575.254,-1107.254
2026-08-18,3380,明泰,-1155.9,0.0,-1257.45,-2413.3500000000004
2026-08-18,3406,玉晶光,-1118.32,1499.0,-1625.716,-1245.0359999999998
2026-08-18,3413,京鼎,-376.118,0.0,-433.798,-809.9159999999999
2026-08-18,3416,融程電,-283.0,0.0,-301.924,-584.924
2026-08-18,3419,譁裕,-36.0,0.0,-38.0,-74.0
2026-08-18,3432,台端,-3.0,0.0,-3.0,-6.0
2026-08-18,3437,榮創,-66.0,0.0,-66.0,-132.0
2026-08-18,3443,創意,264.114,-20.289,340.092,583.9169999999999
2026-08-18,3447,展達,-13.0,0.0,-13.0,-26.0
2026-08-18,3450,聯鈞,1572.664,1892.0,1459.354,4924.018
2026-08-18,3481,群創,-29691.966,13592.224,-33347.244,-49446.986
2026-08-18,3494,誠研,-5.0,0.0,-5.0,-10.0
2026-08-18,3501,維熹,13.0,0.0,13.0,26.0
2026-08-18,3504,揚明光,-201.13,0.0,-210.834,-411.964
2026-08-18,3515,華擎,-307.3,0.0,-334.084,-641.384
2026-08-18,3518,柏騰,-111.0,0.0,-121.0,-232.0
2026-08-18,3528,安馳,7.0,0.0,6.002,13.002
2026-08-18,3530,晶相光,-17.486,0.0,-17.506,-34.992000000000004
2026-08-18,3532,台勝科,-2408.879,2131.0,-2855.763,-3133.642
2026-08-18,3533,嘉澤,-306.104,-114.0,-297.456,-717.56
2026-08-18,3535,晶彩科,-47.602,0.0,-18.268,-65.87
2026-08-18,3543,州巧,-476.875,0.0,-489.055,-965.93
2026-08-18,3545,敦泰,-291.031,0.0,-310.503,-601.534
2026-08-18,3550,聯穎,231.0,-2.0,231.82,460.82
2026-08-18,3557,嘉威,-7.0,0.0,-7.0,-14.0
2026-08-18,3563,牧德,-181.649,185.0,-199.763,-196.412
2026-08-18,3576,聯合再生,-1808.289,0.0,-1850.289,-3658.578
2026-08-18,3583,辛耘,-261.661,34.0,-375.163,-602.8240000000001
2026-08-18,3588,通嘉,-16.211,0.0,-16.155,-32.366
2026-08-18,3591,艾笛森,-31.804,0.0,-33.786,-65.59
2026-08-18,3592,瑞鼎,-233.244,-1.0,-231.014,-465.258
2026-08-18,3593,力銘,-3.0,0.0,-3.0,-6.0
2026-08-18,3596,智易,-1262.254,0.0,-1258.51,-2520.764
2026-08-18,3605,宏致,4716.828,0.0,4219.696,8936.524000000001
2026-08-18,3607,谷崧,-45.0,0.0,-43.0,-88.0
2026-08-18,3617,碩天,-106.219,221.0,-109.331,5.450000000000003
2026-08-18,3622,洋華,-217.028,0.0,-228.858,-445.886
2026-08-18,3645,達邁,-168.81,0.0,-158.04,-326.85
2026-08-18,3652,精聯,267.0,0.0,271.0,538.0
2026-08-18,3653,健策,922.55,306.0,679.398,1907.948
2026-08-18,3661,世芯-KY,-325.851,-66.0,-502.441,-894.2919999999999
2026-08-18,3665,貿聯-KY,246.591,-257.008,327.527,317.11
2026-08-18,3669,圓展,-126.0,0.0,-126.0,-252.0
2026-08-18,3673,TPK-KY,-448.099,0.0,-792.699,-1240.798
2026-08-18,3679,新至陞,19.0,0.0,19.0,38.0
2026-08-18,3686,達能,14.0,0.0,14.0,28.0
2026-08-18,3694,海華,-198.0,0.0,-198.666,-396.666
2026-08-18,3701,大眾控,-77.847,0.0,-78.775,-156.622
2026-08-18,3702,大聯大,-3045.902,-1593.0,-2903.036,-7541.938
2026-08-18,3703,欣陸,-1543.977,0.0,-1588.001,-3131.978
2026-08-18,3704,合勤控,-2259.778,0.0,-2261.87,-4521.647999999999
2026-08-18,3705,永信,-25.676,0.0,-37.676,-63.352
2026-08-18,3706,神達,-3305.388,2178.0,-3590.254,-4717.642
2026-08-18,3708,上緯投控,247.23,0.0,229.23,476.46
2026-08-18,3711,日月光投控,363.414,-3895.203,-76.568,-3608.357
2026-08-18,3712,永崴投控,-294.0,0.0,-390.0,-684.0
2026-08-18,3714,富采,-2357.978,0.0,-2464.998,-4822.976000000001
2026-08-18,3715,定穎投控,-478.388,0.0,-663.516,-1141.904
2026-08-18,3716,中化控股,208.0,0.0,208.0,416.0
2026-08-18,3717,聯嘉投控,-284.553,0.0,-289.185,-573.738
2026-08-18,4104,佳醫,33.0,0.0,31.0,64.0
2026-08-18,4106,雃博,-18.0,0.0,-12.0,-30.0
2026-08-18,4108,懷特,-8.0,0.0,-8.0,-16.0
2026-08-18,4119,旭富,28.45,0.0,28.08,56.53
2026-08-18,4133,亞諾法,4.0,0.0,4.0,8.0
2026-08-18,4137,麗豐-KY,-13.0,0.0,-21.446,-34.446
2026-08-18,4142,國光生,49.0,0.0,48.924,97.924
2026-08-18,4148,全宇生技-KY,-15.0,0.0,-11.0,-26.0
2026-08-18,4155,訊映,3.966,0.0,3.966,7.932
2026-08-18,4164,承業醫,81.0,0.0,81.456,162.45600000000002
2026-08-18,4169,泰宗,-23.0,0.0,-23.0,-46.0
2026-08-18,4178,永笙-KY,-35.0,0.0,-35.0,-70.0
2026-08-18,4195,基米-創,-38.0,0.0,-96.232,-134.232
2026-08-18,4306,炎洲,307.162,0.0,291.162,598.324
2026-08-18,4414,如興,-28.0,0.0,-28.0,-56.0
2026-08-18,4426,利勤,-30.0,0.0,-30.0,-60.0
2026-08-18,4438,廣越,-11.0,0.0,-3.216,-14.216
2026-08-18,4439,冠星-KY,-19.0,0.0,-21.0,-40.0
2026-08-18,4440,宜新實業,-2.0,0.0,-2.0,-4.0
2026-08-18,4441,振大環球,-23.0,0.0,-23.0,-46.0
2026-08-18,4526,東台,-60.366,0.0,-72.168,-132.534
2026-08-18,4532,瑞智,337.0,-32.0,336.184,641.184
2026-08-18,4536,拓凱,62.189,-1.0,58.549,119.738
2026-08-18,4540,全球傳動,828.337,0.0,828.337,1656.674
2026-08-18,4545,銘鈺,-2.0,0.0,-2.0,-4.0
2026-08-18,4551,智伸科,-269.841,-2.0,-268.893,-540.7339999999999
2026-08-18,4552,力達-KY,-2.0,0.0,-2.0,-4.0
2026-08-18,4555,氣立,23.0,0.0,28.662,51.662
2026-08-18,4557,永新-KY,-18.0,0.0,-18.0,-36.0
2026-08-18,4560,強信-KY,31.0,0.0,33.0,64.0
2026-08-18,4562,穎漢,4.0,0.0,3.586,7.586
2026-08-18,4564,元翎,-97.0,0.0,-97.116,-194.116
2026-08-18,4566,時碩工業,-22.795,0.0,-24.139,-46.934
2026-08-18,4569,六方科-KY,-5.0,0.0,-5.0,-10.0
2026-08-18,4571,鈞興-KY,30.0,0.0,44.77,74.77000000000001
2026-08-18,4572,駐龍,2.0,0.0,2.0,4.0
2026-08-18,4576,大銀微系統,-90.795,0.0,-251.115,-341.91
2026-08-18,4581,光隆精密-KY,1.0,0.0,1.0,2.0
2026-08-18,4582,聚恆-創,31.0,0.0,31.852,62.852
2026-08-18,4583,台灣精銳,-35.998,0.0,-36.03,-72.02799999999999
2026-08-18,4585,達明,-76.205,0.0,-96.793,-172.998
2026-08-18,4588,玖鼎電力,-11.0,0.0,-11.36,-22.36
2026-08-18,4590,富田-創,114.0,0.0,113.732,227.732
2026-08-18,4720,德淵,-531.0,0.0,-531.87,-1062.87
2026-08-18,4722,國精化,-48.435,0.0,-166.229,-214.664
2026-08-18,4736,泰博,24.732,0.0,32.732,57.464
2026-08-18,4737,華廣,26.0,0.0,26.0,52.0
2026-08-18,4739,康普,-784.592,0.0,-813.094,-1597.686
2026-08-18,4746,台耀,-15.85,0.0,-15.85,-31.7
2026-08-18,4755,三福化,-15.223,0.0,-25.821,-41.044
2026-08-18,4763,材料*-KY,717.224,-2.0,1031.64,1746.864
2026-08-18,4764,雙鍵,305.23,0.0,240.86,546.09
2026-08-18,4766,南寶,0.189,0.0,-12.513,-12.324
2026-08-18,4770,上品,-71.01,0.0,-92.122,-163.132
2026-08-18,4771,望隼,-21.938,0.0,-21.026,-42.964
2026-08-18,4807,日成-KY,-40.0,0.0,-40.0,-80.0
2026-08-18,4904,遠傳,3389.203,-568.091,3378.563,6199.675
2026-08-18,4906,正文,-424.15,0.0,-516.694,-940.844
2026-08-18,4912,聯德控股-KY,29.0,0.0,29.0,58.0
2026-08-18,4915,致伸,-565.0,-9.0,-834.798,-1408.798
2026-08-18,4916,事欣科,-457.1,0.0,-477.316,-934.416
2026-08-18,4919,新唐,-587.062,-1.0,-818.204,-1406.266
2026-08-18,4927,泰鼎-KY,158.616,0.0,160.616,319.232
2026-08-18,4930,燦星網,-2.0,0.0,-2.0,-4.0
2026-08-18,4934,太極,-192.0,0.0,-192.0,-384.0
2026-08-18,4935,茂林-KY,14.0,0.0,12.0,26.0
2026-08-18,4938,和碩,-1787.385,1950.0,-1865.863,-1703.248
2026-08-18,4942,嘉彰,-1.0,0.0,-1.06,-2.06
2026-08-18,4949,有成精密,-222.948,0.0,-223.792,-446.74
2026-08-18,4952,凌通,64.468,0.0,73.83,138.298
2026-08-18,4956,光鋐,-175.0,0.0,-174.706,-349.706
2026-08-18,4958,臻鼎-KY,-8750.877,-433.467,-10119.873,-19304.217
2026-08-18,4960,誠美材,30.0,0.0,-120.452,-90.452
2026-08-18,4961,天鈺,-132.69,0.0,-126.692,-259.382
2026-08-18,4967,十銓,-801.627,0.0,-898.779,-1700.406
2026-08-18,4968,立積,-200.594,0.0,-253.78,-454.374
2026-08-18,4976,佳凌,-268.852,0.0,-272.168,-541.02
2026-08-18,4977,眾達-KY,-548.801,0.0,-652.881,-1201.682
2026-08-18,4989,榮科,-245.825,0.0,-284.799,-530.624
2026-08-18,4994,傳奇,-1.9,0.0,-1.9,-3.8
2026-08-18,4999,鑫禾,-1.0,0.0,-1.06,-2.06
2026-08-18,5007,三星,-17.0,0.0,-17.0,-34.0
2026-08-18,5203,訊連,-123.0,0.0,-123.25,-246.25
2026-08-18,5215,科嘉-KY,-4.0,0.0,-4.0,-8.0
2026-08-18,5222,全訊,110.898,-20.0,-151.866,-60.96800000000002
2026-08-18,5225,東科-KY,-22.355,0.0,-22.395,-44.75
2026-08-18,5234,達興材料,-14.0,-2.0,-99.114,-115.114
2026-08-18,5236,凌陽創新,-34.341,0.0,-38.401,-72.742
2026-08-18,5243,乙盛-KY,-43.893,0.0,-61.029,-104.922
2026-08-18,5244,弘凱,36.0,0.0,36.0,72.0
2026-08-18,5258,虹堡,-95.591,0.0,-93.577,-189.168
2026-08-18,5269,祥碩,-69.722,-5.0,-83.838,-158.56
2026-08-18,5283,禾聯碩,-48.377,0.0,-48.377,-96.754
2026-08-18,5284,jpp-KY,-88.5,0.0,-65.256,-153.756
2026-08-18,5285,界霖,-87.937,0.0,-77.537,-165.474
2026-08-18,5288,豐祥-KY,50.0,0.0,49.798,99.798
2026-08-18,5292,華懋,-108.435,-4.4,-95.569,-208.404
2026-08-18,5306,桂盟,2.0,0.0,2.0,4.0
2026-08-18,5388,中磊,-2550.875,0.0,-2571.783,-5122.657999999999
2026-08-18,5434,崇越,196.26,459.527,193.5,849.287
2026-08-18,5469,瀚宇博,-359.417,0.0,-341.417,-700.834
2026-08-18,5471,松翰,-75.605,0.0,-119.289,-194.894
2026-08-18,5484,慧友,27.0,0.0,17.0,44.0
2026-08-18,5515,建國,143.554,-1.0,91.596,234.15
2026-08-18,5519,隆大,58.05,0.0,58.05,116.1
2026-08-18,5521,工信,-926.0,0.0,-915.45,-1841.45
2026-08-18,5522,遠雄,178.0,0.0,146.0,324.0
2026-08-18,5525,順天,-30.0,0.0,-30.0,-60.0
2026-08-18,5531,鄉林,-21.0,0.0,-21.0,-42.0
2026-08-18,5533,皇鼎,-34.0,0.0,-34.0,-68.0
2026-08-18,5534,長虹,-78.0,0.0,-91.122,-169.122
2026-08-18,5538,東明-KY,31.0,0.0,43.0,74.0
2026-08-18,5546,永固-KY,0.024,0.0,0.024,0.048
2026-08-18,5607,遠雄港,197.5,0.0,575.5,773.0
2026-08-18,5608,四維航,2722.069,0.0,2762.119,5484.188
2026-08-18,5706,鳳凰,49.0,0.0,51.0,100.0
2026-08-18,5871,中租-KY,-416.793,46.0,-459.185,-829.9780000000001
2026-08-18,5876,上海商銀,1666.491,519.0,1621.891,3807.382
2026-08-18,5880,合庫金,-6734.185,12003.0,-6939.913,-1671.098
2026-08-18,5907,大洋-KY,-35.0,0.0,-35.0,-70.0
2026-08-18,6005,群益證,-312.95,-4.0,-312.95,-629.9
2026-08-18,6024,群益期,52.586,0.0,52.586,105.172
2026-08-18,6108,競國,1031.457,0.0,1031.421,2062.878
2026-08-18,6112,邁達特,-181.55,0.0,-185.814,-367.364
2026-08-18,6115,鎰勝,-22.0,0.0,-22.0,-44.0
2026-08-18,6116,彩晶,-2292.868,0.0,-2968.856,-5261.724
2026-08-18,6117,迎廣,-68.0,0.0,-100.22,-168.22
2026-08-18,6120,達運,-216.502,0.0,-225.868,-442.37
2026-08-18,6128,上福,2.0,0.0,2.0,4.0
2026-08-18,6133,金橋,92.058,0.0,94.058,186.116
2026-08-18,6136,富爾特,-40.0,0.0,-40.0,-80.0
2026-08-18,6139,亞翔,-501.113,-180.0,-561.099,-1242.212
2026-08-18,6141,柏承,2372.24,0.0,2488.292,4860.531999999999
2026-08-18,6142,友勁,46.0,0.0,46.0,92.0
2026-08-18,6152,百一,-76.0,0.0,-76.0,-152.0
2026-08-18,6153,嘉聯益,112.917,0.0,158.821,271.738
2026-08-18,6155,鈞寶,83.229,-2.0,81.225,162.454
2026-08-18,6164,華興,-36.731,0.0,-76.731,-113.462
2026-08-18,6165,浪凡,-81.0,0.0,-81.0,-162.0
2026-08-18,6166,凌華,-77.17,0.0,-96.556,-173.726
2026-08-18,6168,宏齊,104.5,0.0,103.84,208.34
2026-08-18,6177,達麗,44.052,0.0,289.984,334.036
2026-08-18,6183,關貿,-15.0,0.0,-15.0,-30.0
2026-08-18,6184,大豐電,-22.0,0.0,-22.0,-44.0
2026-08-18,6189,豐藝,-105.0,-16.0,-116.528,-237.528
2026-08-18,6191,精成科,-10.544,251.0,-38.41,202.046
2026-08-18,6192,巨路,-20.907,0.0,-21.115,-42.022
2026-08-18,6196,帆宣,67.058,153.0,94.166,314.224
2026-08-18,6197,佳必琪,-121.641,0.0,-167.923,-289.564
2026-08-18,6201,亞弘電,-9.0,0.0,-5.0,-14.0
2026-08-18,6202,盛群,-590.349,0.0,-658.335,-1248.6840000000002
2026-08-18,6205,詮欣,-10.59,0.0,-7.18,-17.77
2026-08-18,6206,飛捷,367.265,-5.0,246.033,608.298
2026-08-18,6209,今國光,-435.093,0.0,-596.097,-1031.19
2026-08-18,6213,聯茂,971.561,486.0,1326.561,2784.1220000000003
2026-08-18,6214,精誠,-427.788,1319.0,-465.68,425.532
2026-08-18,6215,和椿,229.859,0.0,221.517,451.376
2026-08-18,6216,居易,-3.0,0.0,-3.0,-6.0
2026-08-18,6224,聚鼎,-14.999,0.0,-14.999,-29.998
2026-08-18,6225,天瀚,12.0,0.0,12.0,24.0
2026-08-18,6226,光鼎,359.75,-3.0,337.76,694.51
2026-08-18,6230,尼得科超眾,-13.0,0.0,-13.058,-26.058
2026-08-18,6235,華孚,-194.95,0.0,-204.044,-398.994
2026-08-18,6239,力成,-1644.682,-35.827,-3140.108,-4820.617
2026-08-18,6243,迅杰,-346.982,0.0,-346.398,-693.3800000000001
2026-08-18,6257,矽格,-740.783,-1037.544,-991.743,-2770.07
2026-08-18,6269,台郡,42.56,0.0,-57.506,-14.945999999999998
2026-08-18,6271,同欣電,325.347,0.0,265.865,591.212
2026-08-18,6272,驊陞,-34.0,0.0,-34.0,-68.0
2026-08-18,6277,宏正,46.036,-1.0,57.028,102.064
2026-08-18,6278,台表科,1541.019,-812.0,1442.957,2171.976
2026-08-18,6281,全國電,17.0,0.0,17.0,34.0
2026-08-18,6282,康舒,406.166,0.0,227.82,633.986
2026-08-18,6283,淳安,-38.0,0.0,-46.0,-84.0
2026-08-18,6285,啟碁,-583.404,17.0,-667.764,-1234.168
2026-08-18,6405,悅城,-20.0,0.0,-17.236,-37.236
2026-08-18,6409,旭隼,222.844,43.968,358.836,625.648
2026-08-18,6412,群電,-346.0,0.0,-525.646,-871.646
2026-08-18,6414,樺漢,-1247.349,0.0,-1516.015,-2763.364
2026-08-18,6415,矽力*-KY,-9.784,-221.0,-42.346,-273.13
2026-08-18,6416,瑞祺電通,-201.247,0.0,-191.247,-392.494
2026-08-18,6426,統新,-33.0,0.0,-47.0,-80.0
2026-08-18,6431,光麗-KY,-12.0,0.0,-14.0,-26.0
2026-08-18,6438,迅得,-86.057,0.0,-105.513,-191.57
2026-08-18,6442,光聖,-406.391,-3.0,-405.931,-815.322
2026-08-18,6443,元晶,-1198.0,0.0,-1080.188,-2278.188
2026-08-18,6446,藥華藥,144.033,310.772,135.067,589.872
2026-08-18,6449,鈺邦,-40.177,0.0,-60.849,-101.026
2026-08-18,6451,訊芯-KY,-1731.397,0.0,-1692.641,-3424.038
2026-08-18,6456,GIS-KY,-159.75,0.0,-163.91,-323.66
2026-08-18,6464,台數科,-10.0,0.0,-10.0,-20.0
2026-08-18,6472,保瑞,-90.608,0.0,-135.506,-226.114
2026-08-18,6477,安集,155.653,0.0,156.781,312.434
2026-08-18,6491,晶碩,47.74,0.0,39.3,87.03999999999999
2026-08-18,6504,南六,-6.0,0.0,-8.0,-14.0
2026-08-18,6505,台塑化,10209.358,-9538.0,11606.594,12277.952
2026-08-18,6515,穎崴,24.494,-101.003,26.574,-49.935
2026-08-18,6525,捷敏-KY,-878.414,-6.0,-800.296,-1684.71
2026-08-18,6526,達發,-31.513,-124.0,-41.939,-197.452
2026-08-18,6531,愛普*,1845.46,-107.287,1697.042,3435.215
2026-08-18,6533,晶心科,-42.232,0.0,-41.14,-83.372
2026-08-18,6534,正瀚-創,-18.0,0.0,-18.258,-36.258
2026-08-18,6541,泰福-KY,-338.0,0.0,-337.782,-675.7819999999999
2026-08-18,6550,北極星藥業-KY,-366.84,0.0,-364.84,-731.68
2026-08-18,6552,易華電,10.0,0.0,10.0,20.0
2026-08-18,6558,興能高,5.0,0.0,5.0,10.0
2026-08-18,6573,虹揚-KY,11.0,0.0,9.0,20.0
2026-08-18,6579,研揚,-185.0,0.0,-235.136,-420.136
2026-08-18,6581,鋼聯,-12.0,0.0,-12.0,-24.0
2026-08-18,6582,申豐,-3.0,0.0,-3.0,-6.0
2026-08-18,6585,鼎基,-159.0,0.0,-125.156,-284.156
2026-08-18,6589,台康生技,47.833,0.0,46.933,94.766
2026-08-18,6591,動力-KY,-38.0,0.0,-38.538,-76.538
2026-08-18,6592,和潤企業,-7.0,0.0,-7.26,-14.26
2026-08-18,6598,ABC-KY,-120.0,0.0,-120.0,-240.0
2026-08-18,6605,帝寶,12.235,-1.0,23.087,34.322
2026-08-18,6606,建德工業,-5.0,0.0,1.0,-4.0
2026-08-18,6614,資拓宏宇,-20.0,0.0,-20.0,-40.0
2026-08-18,6625,必應,-1.0,0.0,-1.264,-2.264
2026-08-18,6641,基士德-KY,11.0,0.0,9.0,20.0
2026-08-18,6645,金萬林-創,-9.0,0.0,-2.842,-11.842
2026-08-18,6655,科定,-4.0,0.0,-4.0,-8.0
2026-08-18,6657,華安,-11.0,0.0,-11.0,-22.0
2026-08-18,6658,聯策,94.0,0.0,94.1,188.1
2026-08-18,6666,羅麗芬-KY,-1.0,0.0,-1.0,-2.0
2026-08-18,6668,中揚光,-56.0,0.0,-56.0,-112.0
2026-08-18,6669,緯穎,175.38,-355.024,168.636,-11.00800000000001
2026-08-18,6670,復盛應用,26.299,-1.0,24.299,49.598
2026-08-18,6671,三能-KY,6.0,0.0,10.0,16.0
2026-08-18,6672,騰輝電子-KY,785.27,202.0,876.976,1864.246
2026-08-18,6674,鋐寶科技,-14.0,0.0,-14.0,-28.0
2026-08-18,6689,伊雲谷,9.0,0.0,9.0,18.0
2026-08-18,6691,洋基工程,-656.958,335.0,-649.36,-971.318
2026-08-18,6695,芯鼎,-136.305,0.0,-136.289,-272.594
2026-08-18,6698,旭暉應材,-13.043,0.0,-13.043,-26.086
2026-08-18,6706,惠特,-54.01,0.0,-89.656,-143.666
2026-08-18,6715,嘉基,-66.869,261.0,-62.645,131.486
2026-08-18,6719,力智,-100.261,0.0,-165.463,-265.724
2026-08-18,6722,輝創,1.0,0.0,1.0,2.0
2026-08-18,6742,澤米,1.0,0.0,1.0,2.0
2026-08-18,6743,安普新,-33.0,0.0,-31.0,-64.0
2026-08-18,6753,龍德造船,-183.527,0.0,-433.561,-617.088
2026-08-18,6754,匯僑設計,-3.0,0.0,-3.0,-6.0
2026-08-18,6756,威鋒電子,-39.0,0.0,-39.0,-78.0
2026-08-18,6757,台灣虎航,1003.433,0.0,997.321,2000.754
2026-08-18,6768,志強-KY,-512.0,-12.0,-512.0,-1036.0
2026-08-18,6770,力積電,-35766.505,-361.0,-40385.747,-76513.25200000001
2026-08-18,6771,平和環保-創,-3.0,0.0,-3.0,-6.0
2026-08-18,6776,展碁國際,3.0,0.0,3.0,6.0
2026-08-18,6781,AES-KY,152.122,0.0,152.024,304.146
2026-08-18,6782,視陽,-26.084,0.0,-26.086,-52.17
2026-08-18,6789,采鈺,-71.422,3.0,-88.998,-157.42000000000002
2026-08-18,6790,永豐實,-19.24,-1.0,-19.452,-39.692
2026-08-18,6792,詠業,1.0,0.0,1.0,2.0
2026-08-18,6794,向榮生技,-3.0,0.0,-3.0,-6.0
2026-08-18,6796,晉弘,-1.0,0.0,-1.0,-2.0
2026-08-18,6799,來頡,-57.0,0.0,-56.892,-113.892
2026-08-18,6805,富世達,-476.969,619.0,-474.045,-332.014
2026-08-18,6807,峰源-KY,-4.0,0.0,-4.0,-8.0
2026-08-18,6830,汎銓,-61.17,16.0,-72.142,-117.312
2026-08-18,6831,邁科,65.308,-59.0,49.276,55.58400000000001
2026-08-18,6834,天二科技,-148.002,-2.0,-157.054,-307.05600000000004
2026-08-18,6835,圓裕,-12.0,0.0,-12.0,-24.0
2026-08-18,6838,台新藥,-36.0,0.0,-36.0,-72.0
2026-08-18,6854,錼創科技-KY創,-8.0,0.0,-1.696,-9.696
2026-08-18,6861,睿生光電,66.863,0.0,69.373,136.236
2026-08-18,6862,三集瑞-KY,1.05,0.0,-4.124,-3.074
2026-08-18,6863,永道-KY,-98.96,0.0,-95.262,-194.222
2026-08-18,6869,雲豹能源,245.0,0.0,303.572,548.572
2026-08-18,6873,泓德能源,168.241,0.0,163.941,332.182
2026-08-18,6885,全福生技,15.0,0.0,15.0,30.0
2026-08-18,6887,寶綠特-KY,-7.0,0.0,-7.0,-14.0
2026-08-18,6890,來億-KY,-103.855,0.0,-110.745,-214.6
2026-08-18,6901,鑽石投資,-289.0,0.0,-283.0,-572.0
2026-08-18,6902,GOGOLOOK,-14.0,0.0,-14.0,-28.0
2026-08-18,6906,現觀科,-6.0,0.0,-6.0,-12.0
2026-08-18,6908,宏碁遊戲-創,-3.0,0.0,1.722,-1.278
2026-08-18,6909,創控,-7.0,0.0,-7.0,-14.0
2026-08-18,6914,阜爾運通,3.3,0.0,3.3,6.6
2026-08-18,6916,華凌,-2.0,0.0,-2.0,-4.0
2026-08-18,6918,愛派司,-2.0,0.0,-2.0,-4.0
2026-08-18,6919,康霈*,880.91,0.0,895.512,1776.422
2026-08-18,6921,嘉雨思-創,-5.0,0.0,-3.196,-8.196
2026-08-18,6923,中台,9.0,0.0,9.0,18.0
2026-08-18,6924,榮惠-KY創,-8.822,0.0,-6.822,-15.643999999999998
2026-08-18,6928,攸泰科技,-7.0,0.0,-7.0,-14.0
2026-08-18,6931,青松健康,-26.0,0.0,-26.0,-52.0
2026-08-18,6933,AMAX-KY,-64.894,0.0,-64.218,-129.11200000000002
2026-08-18,6934,心誠鎂,2.0,0.0,2.0,4.0
2026-08-18,6936,永鴻生技,-4.0,0.0,-4.0,-8.0
2026-08-18,6937,天虹,-59.982,-23.0,-90.766,-173.748
2026-08-18,6944,兆聯實業,-44.611,0.0,-50.101,-94.712
2026-08-18,6947,台鎔科技,-33.0,0.0,-33.0,-66.0
2026-08-18,6949,沛爾生醫-創,75.738,0.0,44.992,120.73
2026-08-18,6951,青新-創,0.0,0.0,1.224,1.224
2026-08-18,6952,大武山,-3.0,0.0,-3.0,-6.0
2026-08-18,6955,邦睿生技-創,0.0,0.0,-0.008,-0.008
2026-08-18,6957,裕慶-KY,-7.9,0.0,-7.9,-15.8
2026-08-18,6958,日盛台駿,-25.0,0.0,-21.0,-46.0
2026-08-18,6962,奕力-KY,-780.0,0.0,-801.136,-1581.136
2026-08-18,6965,中傑-KY,-9.0,0.0,-9.0,-18.0
2026-08-18,6969,成信實業*-創,16.33,0.0,14.33,30.66
2026-08-18,6988,威力暘-創,-15.0,0.0,-19.0,-34.0
2026-08-18,6994,富威電力,-327.0,0.0,-317.188,-644.188
2026-08-18,7610,聯友金屬-創,-45.294,0.0,-46.222,-91.516
2026-08-18,7631,聚賢研發-創,1.0,0.0,4.858,5.858
2026-08-18,7689,大鵬科CLMX,9.0,0.0,9.0,18.0
2026-08-18,7705,三商餐飲,-1.0,0.0,-1.0,-2.0
2026-08-18,7711,永擎,32.391,0.0,39.199,71.59
2026-08-18,7721,微程式,0.779,0.0,2.779,3.558
2026-08-18,7722,LINEPAY,8.306,-1.0,8.158,15.464
2026-08-18,7730,暉盛-創,-3.235,0.0,-3.201,-6.436
2026-08-18,7732,金興精密,-6.0,0.0,-6.0,-12.0
2026-08-18,7736,虎山,0.0,0.0,0.0,0.0
2026-08-18,7740,熙特爾-創,-16.0,0.0,-16.472,-32.472
2026-08-18,7749,意騰-KY,-36.0,0.0,-43.85,-79.85
2026-08-18,7750,新代,85.552,83.0,113.658,282.21000000000004
2026-08-18,7760,享溫馨,-4.0,0.0,-4.0,-8.0
2026-08-18,7765,中華資安,-10.0,0.0,-10.0,-20.0
2026-08-18,7768,頌勝科技,-34.0,0.0,-34.0,-68.0
2026-08-18,7769,鴻勁,-67.435,21.0,-73.127,-119.562
2026-08-18,7780,大研生醫*,136.0,0.0,162.264,298.264
2026-08-18,7786,東方風能,27.961,0.0,27.961,55.922
2026-08-18,7788,松川精密,-86.584,0.0,-21.714,-108.298
2026-08-18,7791,皇家可口,3.0,0.0,3.0,6.0
2026-08-18,7795,長廣,173.992,0.0,193.992,367.984
2026-08-18,7799,禾榮科,-32.0,0.0,-32.0,-64.0
2026-08-18,7803,雲象科技-創,-7.0,0.0,-7.26,-14.26
2026-08-18,7818,溢泰實業,-7.0,0.0,-7.0,-14.0
2026-08-18,7821,神數,-59.0,0.0,-59.0,-118.0
2026-08-18,7822,倍利科,-29.743,0.0,-20.041,-49.784
2026-08-18,7823,奧義賽博-KY創,-1.0,0.0,-1.008,-2.008
2026-08-18,7827,漢康-KY創,49.0,0.0,46.968,95.968
2026-08-18,7835,永悅健康-創,-1.0,0.0,-1.0,-2.0
2026-08-18,7855,和運租車,-4.0,0.0,-10.768,-14.768
2026-08-18,8011,台通,-40.0,0.0,-40.0,-80.0
2026-08-18,8016,矽創,500.333,-777.0,421.865,145.19800000000004
2026-08-18,8021,尖點,-2832.367,-34.0,-3097.381,-5963.748
2026-08-18,8028,昇陽半導體,-1480.174,-451.0,-1653.472,-3584.646
2026-08-18,8033,雷虎,-193.022,-3.0,140.978,-55.04399999999998
2026-08-18,8039,台虹,3273.106,0.0,3631.396,6904.502
2026-08-18,8045,達運光電,-43.0,0.0,-42.716,-85.71600000000001
2026-08-18,8046,南電,-222.255,69.0,36.019,-117.236
2026-08-18,8070,長華*,4589.058,2063.0,4790.982,11443.04
2026-08-18,8072,陞泰,-18.0,0.0,-18.0,-36.0
2026-08-18,8081,致新,-30.228,30.0,-36.43,-36.658
2026-08-18,8103,瀚荃,-240.519,0.0,-159.149,-399.668
2026-08-18,8104,錸寶,-98.977,0.0,-98.977,-197.954
2026-08-18,8105,凌巨,10694.721,-400.0,11610.781,21905.502
2026-08-18,8110,華東,183.32,0.0,125.644,308.964
2026-08-18,8112,至上,-3043.686,55.0,-3285.526,-6274.212
2026-08-18,8114,振樺電,-533.511,0.0,-547.759,-1081.27
2026-08-18,8131,福懋科,-124.693,0.0,-228.067,-352.76
2026-08-18,8150,南茂,-1410.356,-43.0,-2335.91,-3789.266
2026-08-18,8162,微矽電子-創,-74.0,0.0,-56.29,-130.29
2026-08-18,8163,達方,35.202,0.0,44.514,79.71600000000001
2026-08-18,8201,無敵,-2.0,0.0,-2.0,-4.0
2026-08-18,8210,勤誠,-89.062,37.0,-37.16,-89.222
2026-08-18,8213,志超,-67.988,0.0,-55.122,-123.11
2026-08-18,8215,明基材,-23.396,0.0,-31.696,-55.092
2026-08-18,8222,寶一,22.724,0.0,22.724,45.448
2026-08-18,8249,菱光,-93.991,0.0,-93.991,-187.982
2026-08-18,8261,富鼎,-2409.055,-2.0,-2433.355,-4844.41
2026-08-18,8271,宇瞻,-24.082,0.0,68.72,44.638
2026-08-18,8341,日友,29.0,0.0,29.91,58.91
2026-08-18,8367,建新國際,-4.0,0.0,-4.0,-8.0
2026-08-18,8374,羅昇,73.503,0.0,59.899,133.402
2026-08-18,8404,百和興業-KY,-25.0,0.0,-25.0,-50.0
2026-08-18,8411,福貞-KY,-5.0,0.0,-5.0,-10.0
2026-08-18,8422,可寧衛*,3009.503,718.0,3105.989,6833.492
2026-08-18,8429,金麗-KY,-26.0,0.0,-26.0,-52.0
2026-08-18,8438,昶昕,-91.0,0.0,-91.46,-182.46
2026-08-18,8442,威宏-KY,13.0,0.0,13.0,26.0
2026-08-18,8454,富邦媒,23.521,-0.181,22.969,46.309
2026-08-18,8462,柏文,-13.785,0.0,-9.785,-23.57
2026-08-18,8463,潤泰材,-6.0,0.0,-6.0,-12.0
2026-08-18,8464,億豐,36.166,0.0,34.168,70.334
2026-08-18,8466,美吉吉-KY,-14.0,0.0,-14.0,-28.0
2026-08-18,8467,波力-KY,1.0,0.0,1.0,2.0
2026-08-18,8473,山林水,-30.0,0.0,-30.0,-60.0
2026-08-18,8476,台境*,154.245,-3.0,154.245,305.49
2026-08-18,8478,東哥遊艇,-43.288,0.0,-41.964,-85.252
2026-08-18,8481,政伸,1.0,0.0,1.0,2.0
2026-08-18,8482,商億-KY,-1.0,0.0,-1.0,-2.0
2026-08-18,8487,愛爾達-創,-3.0,0.0,1.97,-1.03
2026-08-18,8488,吉源-KY,-17.0,0.0,-13.0,-30.0
2026-08-18,8499,鼎炫-KY,30.0,0.0,30.414,60.414
2026-08-18,8926,台汽電,61.622,0.0,19.956,81.578
2026-08-18,8940,新天地,-8.0,0.0,-8.0,-16.0
2026-08-18,8996,高力,-177.078,106.0,-129.458,-200.536
2026-08-18,9103,美德醫療-DR,607.0,0.0,607.0,1214.0
2026-08-18,9105,泰金寶-DR,-8025.0,0.0,-8410.634,-16435.634
2026-08-18,9136,巨騰-DR,105.0,0.0,105.12,210.12
2026-08-18,9802,鈺齊-KY,-173.0,0.0,-173.752,-346.752
2026-08-18,9902,台火,3.0,0.0,1.0,4.0
2026-08-18,9904,寶成,-4243.134,98.0,-4278.752,-8423.886
2026-08-18,9905,大華,22.761,0.0,22.761,45.522
2026-08-18,9906,欣巴巴,10.0,0.0,6.0,16.0
2026-08-18,9907,統一實,-9.087,-38.0,-9.087,-56.17400000000001
2026-08-18,9908,大台北,-22.0,0.0,-22.0,-44.0
2026-08-18,9910,豐泰,-262.851,99.0,-279.363,-443.214
2026-08-18,9911,櫻花,34.0,0.0,34.0,68.0
2026-08-18,9912,偉聯,-20.0,0.0,-20.0,-40.0
2026-08-18,9914,美利達,-217.965,0.0,-109.531,-327.496
2026-08-18,9917,中保科,40.021,0.0,40.021,80.042
2026-08-18,9918,欣天然,-3.0,0.0,-3.0,-6.0
2026-08-18,9919,康那香,27.0,0.0,27.0,54.0
2026-08-18,9921,巨大,24.89,0.0,63.096,87.98599999999999
2026-08-18,9924,福興,89.8,0.0,89.8,179.6
2026-08-18,9925,新保,-467.0,0.0,-467.0,-934.0
2026-08-18,9926,新海,-15.0,0.0,-15.0,-30.0
2026-08-18,9927,泰銘,7.0,0.0,7.0,14.0
2026-08-18,9929,秋雨,-1.0,0.0,-1.0,-2.0
2026-08-18,9930,中聯資源,-9.0,0.0,-9.0,-18.0
2026-08-18,9931,欣高,2.0,0.0,2.0,4.0
2026-08-18,9933,中鼎,-61.074,0.0,-57.074,-118.148
2026-08-18,9934,成霖,-11.87,0.0,-11.87,-23.74
2026-08-18,9935,慶豐富,-39.871,0.0,-39.871,-79.742
2026-08-18,9937,全國,-28.0,0.0,-28.0,-56.0
2026-08-18,9938,百和,-589.949,-27.0,-609.811,-1226.76
2026-08-18,9939,宏全,-318.525,-5.0,-341.463,-664.988
2026-08-18,9940,信義,-35.073,0.0,-35.115,-70.188
2026-08-18,9941,裕融,159.148,-7.0,158.398,310.546
2026-08-18,9942,茂順,2.55,0.0,2.55,5.1
2026-08-18,9943,好樂迪,-10.0,0.0,-10.0,-20.0
2026-08-18,9944,新麗,-4.0,0.0,-4.0,-8.0
2026-08-18,9945,潤泰新,1982.449,0.0,1612.273,3594.722
2026-08-18,9946,三發地產,23.27,-4.0,11.27,30.54
2026-08-18,9955,佳龍,-48.0,0.0,-44.0,-92.0
2026-08-18,9958,世紀鋼,-1015.378,0.0,-1075.424,-2090.802
